"unix_time","time_utc","time_local","label","frontend_cpu","frontend_memory","productcatalogservice_cpu","productcatalogservice_memory","cartservice_cpu","cartservice_memory","checkoutservice_cpu","checkoutservice_memory","redis_cart_cpu","redis_cart_memory","paymentservice_cpu","paymentservice_memory","currencyservice_cpu","currencyservice_memory","shippingservice_cpu","shippingservice_memory"
"1781206714","2026-06-11 19:38:34","2026-06-12 03:38:34","0","0.00957849553589492","23998464","0.00378079502688176","12800000","0.00569992725950177","63184896","0.000865215761330693","12734464","0.00190924989070013","7491584","0.000397076345787909","129695744","0.00590764089997759","42442752","0.000872922897972746","10645504"
"1781206729","2026-06-11 19:38:49","2026-06-12 03:38:49","0","0.00740867448924981","23998464","0.00382338738056174","12836864","0.00582203437482414","63172608","0.000508435833998395","12734464","0.00175926487798533","7491584","0.0003572975900352","129253376","0.00466457075487524","42442752","0.000679954277749197","10645504"
"1781206744","2026-06-11 19:39:04","2026-06-12 03:39:04","0","0.010289361585181","24219648","0.00385894141974715","12836864","0.00577817520581892","63176704","0.000522524587908957","12738560","0.0017499805508014","7491584","0.00043729969594872","129425408","0.00610784231787148","42086400","0.000855974831263371","10723328"
"1781206759","2026-06-11 19:39:19","2026-06-12 03:39:19","0","0.0094468276624747","24055808","0.0032482985744401","12636160","0.00542999739888116","63176704","0.000482449990652459","12738560","0.00170208347441381","7491584","0.000413389800754846","129638400","0.00569494373812658","42496000","0.000806207404678598","10727424"
"1781206774","2026-06-11 19:39:34","2026-06-12 03:39:34","0","0.00887285432173834","24170496","0.00420860038023552","12419072","0.00535544067582914","63188992","0.000640918947430115","12582912","0.00133582223589981","7491584","0.000414773894583088","129847296","0.00425355430470204","42868736","0.000790436157996234","10473472"
"1781206789","2026-06-11 19:39:49","2026-06-12 03:39:49","0","0.00616999804420514","24170496","0.00354009171806229","12513280","0.00516690942954709","63180800","0.000812821493857077","12587008","0.00175516976702174","7491584","0.000375160676641463","130031616","0.00523158128456678","42721280","0.000733611738149015","10473472"
"1781206804","2026-06-11 19:40:04","2026-06-12 03:40:04","0","0.00858322242827436","23924736","0.00389186436029537","12673024","0.00327444999999997","63180800","0.000768550034036754","12587008","0.00176617552850734","7491584","0.000392728455610072","130281472","0.00484003840802661","43249664","0.00074574152211281","10473472"
"1781206819","2026-06-11 19:40:19","2026-06-12 03:40:19","0","0.00769670440760183","24010752","0.00266789162907751","12673024","0.00406673222573022","63107072","0.000548013141099389","12587008","0.00116607500000008","7491584","0.000380459075013786","129703936","0.00425728854462634","42889216","0.00058921880973621","10473472"
"1781206834","2026-06-11 19:40:34","2026-06-12 03:40:34","0","0.00760564703426422","24100864","0.00340658983931185","12517376","0.00312541401844065","63107072","0.000390759577906618","12619776","0.00177393437995361","7491584","0.000250458405131167","129703936","0.00434740514811222","42561536","0.000583847434965147","10489856"
"1781206849","2026-06-11 19:40:49","2026-06-12 03:40:49","0","0.00760564703426422","24100864","0.0038195083044009","12726272","0.00272033744921814","63328256","0.000391392419113129","12619776","0.00177334033613437","7233536","0.000342432474792332","130064384","0.00486197321136877","43548672","0.000662706951824704","10489856"
"1781206864","2026-06-11 19:41:04","2026-06-12 03:41:04","0","0.00864952044545869","24072192","0.00289891130635544","12726272","0.00389237324071647","63123456","0.000669226970977155","12619776","0.00147472941959937","7233536","0.000347035573122516","130318336","0.0054245067685147","42631168","0.000740681371291763","10489856"
"1781206879","2026-06-11 19:41:19","2026-06-12 03:41:19","0","0.00681473732941736","24072192","0.00413049995591219","12861440","0.00479140312705565","63401984","0.000498111917983818","12619776","0.00180059975706044","7229440","0.000330066524114967","130490368","0.00535073443498583","43122688","0.000794202351163795","10489856"
"1781206894","2026-06-11 19:41:34","2026-06-12 03:41:34","0","0.0101183600832707","23662592","0.00452543314887749","12738560","0.00488873271978132","63168512","0.000428376963350738","12615680","0.00179868274394562","7495680","0.00034637612318409","130719744","0.00566474843801397","43753472","0.000780310272901073","10768384"
"1781206909","2026-06-11 19:41:49","2026-06-12 03:41:49","0","0.00970343653307444","23928832","0.00230960000000001","12738560","0.00503441957601073","63188992","0.000698877536336169","12746752","0.00131650376284094","7495680","0.000386049543676661","130301952","0.00563896745408902","43630592","0.000759306066176501","10772480"
"1781206924","2026-06-11 19:42:04","2026-06-12 03:42:04","0","0.00571617500000059","23928832","0.00468575347561269","12603392","0.00531039451114921","63135744","0.000930072593654813","12746752","0.00184543295296119","7229440","0.000423473290125197","130555904","0.00570183791425844","43847680","0.000753098785526475","10776576"
"1781206939","2026-06-11 19:42:19","2026-06-12 03:42:19","0","0.00933225806451568","23900160","0.00431033525851148","12906496","0.00503201192250375","63135744","0.000920320788754548","12754944","0.00181307785362481","7491584","0.000420649976027196","130789376","0.0053192073675986","43814912","0.000823754789272042","10424320"
"1781206954","2026-06-11 19:42:34","2026-06-12 03:42:34","0","0.00957801987210197","24334336","0.00290639999999982","12906496","0.00471531810556201","63135744","0.000766585555442907","12746752","0.00173457555887492","7229440","0.000381806750050542","130920448","0.0051304172444223","43438080","0.000785448638481583","10948608"
"1781206969","2026-06-11 19:42:49","2026-06-12 03:42:49","0","0.00915551170460128","23945216","0.00434117871366831","12500992","0.00614018730927086","63143936","0.000619845452182338","12746752","0.00174962999044531","7491584","0.000333055239539865","131088384","0.00499103716553629","43892736","0.00075254897189437","10424320"
"1781206984","2026-06-11 19:43:04","2026-06-12 03:43:04","0","0.00977893525652885","24309760","0.00449225203497135","12959744","0.00719414818972769","63164416","0.00067079773793767","12746752","0.00182733130751504","7491584","0.000420478887989722","130744320","0.00351508105349138","43892736","0.000567361614522806","10424320"
"1781206999","2026-06-11 19:43:19","2026-06-12 03:43:19","0","0.0098327975774517","23699456","0.00351436888519144","12959744","0.00801876699114269","63164416","0.0010496459096459","12746752","0.00200253025565127","7491584","0.000335388662492872","130744320","0.00588880586221863","43536384","0.000459158105249563","10424320"
"1781207014","2026-06-11 19:43:34","2026-06-12 03:43:34","0","0.0110597904582865","23990272","0.00497941325574724","12656640","0.00652105153154808","63172608","0.00102125991112657","12746752","0.00201333363062726","7491584","0.000560343351837833","131084288","0.00635944095633387","43536384","0.000914666666666665","10457088"
"1781207029","2026-06-11 19:43:49","2026-06-12 03:43:49","0","0.0101841266776101","23957504","0.00526303388435912","12656640","0.0061635597082952","63434752","0.000997423191278479","12746752","0.00199443838604129","7229440","0.000503997011580104","131350528","0.00582598756093456","44130304","0.000891951435618686","10457088"
"1781207044","2026-06-11 19:44:04","2026-06-12 03:44:04","0","0.0102612136206537","23834624","0.00455360453141091","12509184","0.0058510699137398","63139840","0.000544480344641906","12742656","0.00188510675343334","7229440","0.00035223001753946","131485696","0.00556709344114989","44728320","0.00074070518415081","10219520"
"1781207059","2026-06-11 19:44:19","2026-06-12 03:44:19","0","0.00904066344510322","24035328","0.00442216117216116","12574720","0.00567040030247168","63135744","0.000640024244340819","12746752","0.00187373531146494","7229440","0.0116841782143484","131862528","0.00484572264196906","44040192","0.000718012574508071","10215424"
"1781207074","2026-06-11 19:44:34","2026-06-12 03:44:34","0","0.00946134307855802","23695360","0.00401741651269348","12599296","0.00531166607206581","63135744","0.000852147506580929","13008896","0.00184217367604512","7229440","0.0113617066621201","131272704","0.00488199991890008","44224512","0.000525476935282004","10215424"
"1781207089","2026-06-11 19:44:49","2026-06-12 03:44:49","0","0.00962031495290424","23752704","0.00489489538832292","12644352","0.00356091118626661","63135744","0.000948206376441473","12746752","0.00182524146812615","7749632","0.0106147656049192","131551232","0.00494852334598239","44421120","0.000869403719374225","10293248"
"1781207104","2026-06-11 19:45:04","2026-06-12 03:45:04","0","0.0109411176183509","23904256","0.00508930319669687","12759040","0.00516574671137483","63131648","0.000934599653924809","12775424","0.00179852263041725","7229440","0.000391570021199637","131817472","0.00372774045290024","44421120","0.000951251542043055","10280960"
"1781207119","2026-06-11 19:45:19","2026-06-12 03:45:19","0","0.0101359018340148","23896064","0.0048798562058526","12976128","0.00541944278555298","63131648","0.000632425560141487","12775424","0.00143335229061084","7229440","0.000344928871738765","131964928","0.00554491857974264","44724224","0.000691646871330297","10289152"
"1781207134","2026-06-11 19:45:34","2026-06-12 03:45:34","0","0.00984642905359767","23969792","0.00461408110680369","13176832","0.00590738304317239","63156224","0.000473175965665239","12775424","0.00170621083873805","7229440","0.000309121419153768","131964928","0.00563754187065203","44724224","0.000592015154056912","10289152"
"1781207149","2026-06-11 19:45:49","2026-06-12 03:45:49","0","0.00976821580413458","24436736","0.00335788966109248","13176832","0.00590673913931935","63156224","0.000418562163149729","12787712","0.00175751507230494","7229440","0.000323322586926901","132435968","0.00479608603054591","45424640","0.00073495300732382","10280960"
"1781207164","2026-06-11 19:46:04","2026-06-12 03:46:04","0","0.0102863996273864","24162304","0.00467778606038005","12746752","0.00442542938810723","63156224","0.00034620000000003","12787712","0.00151417092126906","7229440","0.000309623519013456","131801088","0.00592178346924096","45178880","0.000730904235846425","10280960"
"1781207179","2026-06-11 19:46:19","2026-06-12 03:46:19","0","0.00762717395427594","24162304","0.0046607777600934","12406784","0.00629734096903741","63148032","0.000621614617079168","12967936","0.00179125994894131","7491584","0.000263211899712537","132018176","0.00435953345365657","45363200","0.000672597496638025","10293248"
"1781207194","2026-06-11 19:46:34","2026-06-12 03:46:34","0","0.0090947012401343","23883776","0.0029059648111056","12292096","0.00484658307908713","63148032","0.000357503607503576","12972032","0.00175027031798213","7229440","0.000440097296285912","132190208","0.00509910789987829","45903872","0.000672597496638025","10293248"
"1781207209","2026-06-11 19:46:49","2026-06-12 03:46:49","0","0.00877777094731757","23879680","0.00380572489730082","12402688","0.00524193441536931","63246336","0.000112449999999997","12972032","0.00171304057119657","7229440","0.000367849999999992","132190208","0.0051305284717628","46247936","0.000618807909831149","10674176"
"1781207224","2026-06-11 19:47:04","2026-06-12 03:47:04","0","0.00777616672740381","24154112","0.00398093526585149","12648448","0.00521580568762564","63160320","0.0002086049243384","12972032","0.0017089668237236","7491584","0.000500840578317881","132558848","0.00517452297054693","46047232","0.000608603636677775","10682368"
"1781207239","2026-06-11 19:47:19","2026-06-12 03:47:19","0","0.00892113677399902","23875584","0.00394031943761491","12648448","0.00396775805870971","63131648","0.000391583766176601","12967936","0.000929999999999964","7491584","0.000317163513031079","132702208","0.00437156777809602","46047232","0.000452050000000037","10682368"
"1781207254","2026-06-11 19:47:34","2026-06-12 03:47:34","0","0.00988850786043254","23515136","0.00429529278947625","12685312","0.004725262510173","63131648","0.000583388925951501","12984320","0.00176652550691314","7229440","0.000436350086170729","132993024","0.00524672146922159","46702592","0.000726959304159721","10436608"
"1781207269","2026-06-11 19:47:49","2026-06-12 03:47:49","0","0.00946385123917078","23515136","0.00443721237429716","12558336","0.00423052891312147","63131648","0.000806606306356347","12972032","0.00129722233143517","7229440","0.000421533901980611","133144576","0.00559880834160882","46796800","0.000822543422810613","10436608"
"1781207284","2026-06-11 19:48:04","2026-06-12 03:48:04","0","0.0103529918321555","23982080","0.00471401775393137","12455936","0.00436158834907275","63098880","0.00085306033716083","12972032","0.00178127512213211","7229440","0.000637122262898195","132501504","0.00528074685510192","47333376","0.00073587380710328","10428416"
"1781207299","2026-06-11 19:48:19","2026-06-12 03:48:19","0","0.0103815741436708","24354816","0.00433921997125602","12468224","0.00350390607273059","63098880","0.000727590445214296","12972032","0.00199629823439349","7233536","0.000466223024111354","132636672","0.00617785887627138","46866432","0.000476616266438206","10428416"
"1781207314","2026-06-11 19:48:34","2026-06-12 03:48:34","0","0.0105446939837884","24354816","0.00402424728105322","12464128","0.00486225119310922","63127552","0.000919258017413881","12722176","0.00173882624922476","7229440","0.000872870303281226","132083712","0.00622457693855778","47489024","0.000866067119982449","10567680"
"1781207329","2026-06-11 19:48:49","2026-06-12 03:48:49","0","0.0101397915794578","24309760","0.00397946731010147","12840960","0.00546782363977486","63160320","0.000815557856588124","12713984","0.00202440118800893","7491584","0.000710196702965598","132194304","0.00513386690431705","47620096","0.000801426220515628","10567680"
"1781207344","2026-06-11 19:49:04","2026-06-12 03:49:04","0","0.00890496355060072","24322048","0.0043600270358222","12505088","0.00445234415952905","63160320","0.000719652956514417","12713984","0.00126762102634385","7491584","0.000832738148379603","132505600","0.00535336081901152","47767552","0.000572469889026837","10825728"
"1781207359","2026-06-11 19:49:19","2026-06-12 03:49:19","0","0.00892545384318144","23973888","0.00462974154705494","12529664","0.00601396821180298","63156224","0.000605355976112366","12713984","0.00183381025753896","7229440","0.000440172982271714","132804608","0.00518437359676671","47529984","0.000855032822757136","10678272"
"1781207374","2026-06-11 19:49:34","2026-06-12 03:49:34","0","0.00917566065695251","24010752","0.00459436660889905","12677120","0.00632213221322128","63156224","0.000964612581273043","12713984","0.00184023044674764","7229440","0.000531837611570066","132116480","0.00569669231340146","47783936","0.000818333502899586","10674176"
"1781207389","2026-06-11 19:49:49","2026-06-12 03:49:49","0","0.00947428234883443","23756800","0.00440202120281391","12353536","0.00381337500000001","63156224","0.000810617019938375","12709888","0.00147574073352635","7229440","0.000661865619165431","132251648","0.00518123405030964","47247360","0.000793184564917147","10674176"
"1781207404","2026-06-11 19:50:04","2026-06-12 03:50:04","0","0.00866324000854986","23904256","0.00392037856391715","12509184","0.00520127721064667","63111168","0.000390715014269756","12709888","0.00117855777926719","7229440","0.000945020653735627","132509696","0.00447213859398934","47804416","0.000583085410588948","10674176"
"1781207419","2026-06-11 19:50:19","2026-06-12 03:50:19","0","0.0082862567239742","23973888","0.00373432883240655","12509184","0.00323628052882308","63111168","0.000567677766108594","12836864","0.00170004027136705","7491584","0.000855654179175927","132714496","0.00290562911662194","47804416","0.000713201703445612","10678272"
"1781207434","2026-06-11 19:50:34","2026-06-12 03:50:34","0","0.0085626542665722","23781376","0.00396488650334359","12603392","0.00467738744775193","63164416","0.00072313173679702","12840960","0.00171247405635499","7491584","0.000683542185309933","132911104","0.00447488584474896","48295936","0.000779411070737569","10678272"
"1781207449","2026-06-11 19:50:49","2026-06-12 03:50:49","0","0.0069584496566958","23781376","0.00439601588010055","12484608","0.00522457085621515","63127552","0.000789203510514994","12845056","0.00139338196925543","7491584","0.000350173884045556","133083136","0.00499096009975065","47452160","0.000689844800569777","10678272"
"1781207464","2026-06-11 19:51:04","2026-06-12 03:51:04","0","0.00898944556477935","23941120","0.00285222499999982","12484608","0.00518756221512031","63127552","0.000587762898855809","12840960","0.0017546583189591","7229440","0.000374096109839792","133296128","0.00394300195999996","47550464","0.000747158683677022","10678272"
"1781207479","2026-06-11 19:51:19","2026-06-12 03:51:19","0","0.00816976396454258","24207360","0.00387701515069826","12345344","0.00478157807600166","63094784","0.000363929508811382","12840960","0.00123057335549635","7229440","0.000390225068701557","132435968","0.00483427106331477","47632384","0.000669343016306159","10739712"
"1781207494","2026-06-11 19:51:34","2026-06-12 03:51:34","0","0.00658543159289154","23748608","0.00375083621414562","12423168","0.00418511977539303","63098880","0.000261070831009465","12840960","0.00173076732427867","7229440","0.000476700693524524","132771840","0.00465561016949154","47685632","0.000657155797101471","10739712"
"1781207509","2026-06-11 19:51:49","2026-06-12 03:51:49","0","0.00816719072692436","23785472","0.00207940000000022","12423168","0.00438461774733564","63098880","0.000811195530726255","12886016","0.00176702543793587","7491584","0.000527953681925131","132771840","0.00402703595244367","47685632","0.000662906274772843","10739712"
"1781207524","2026-06-11 19:52:04","2026-06-12 03:52:04","0","0.00658929180887324","23785472","0.00412661046935189","12439552","0.00607662814987201","63160320","0.000925757916164389","12886016","0.00146392456445227","7491584","0.00060839272417829","133083136","0.00524518152363541","47960064","0.000636384053902307","10739712"
"1781207539","2026-06-11 19:52:19","2026-06-12 03:52:19","0","0.00949419530006492","24215552","0.00446867214603361","12468224","0.00670714583400115","63156224","0.000686256574433998","12886016","0.00181686720142606","7491584","0.000499955567404253","133300224","0.00507791892726394","48017408","0.000765216626733794","10493952"
"1781207554","2026-06-11 19:52:34","2026-06-12 03:52:34","0","0.0101955881932732","23601152","0.00323198746610956","12468224","0.00482788854541005","63135744","0.000785188323347257","12955648","0.00180768983751158","7749632","0.00136607889717942","132886528","0.00424353126632114","48340992","0.000871739967279359","10485760"
"1781207569","2026-06-11 19:52:49","2026-06-12 03:52:49","0","0.00996481497044666","23728128","0.00419598399023128","12451840","0.00564388293675152","63148032","0.000719911354924966","12955648","0.00186610661688445","7229440","0.000997461453629934","133120000","0.0053710476875723","48615424","0.000875636928923061","10485760"
"1781207584","2026-06-11 19:53:04","2026-06-12 03:53:04","0","0.00974140310990285","23810048","0.00450419488293629","12759040","0.00558391505704295","63148032","0.000735809227356483","12980224","0.00184123600389096","7491584","0.00104353454575824","132407296","0.00534149440098719","48140288","0.000782208052256039","10485760"
"1781207599","2026-06-11 19:53:19","2026-06-12 03:53:19","0","0.0105892283913925","23977984","0.00518353405942235","12718080","0.00571341728936961","63143936","0.000849801007147487","12816384","0.00186387973248482","7229440","0.000474623779893814","132702208","0.00563103056839366","48422912","0.000797936535130314","10485760"
"1781207614","2026-06-11 19:53:34","2026-06-12 03:53:34","0","0.00946785348628278","23879680","0.00474663027148275","12722176","0.00603806884135223","63143936","0.000618244900938431","12816384","0.00176036817604732","7749632","0.000387574494257852","132702208","0.00550971370143164","48422912","0.000733266488413549","10485760"
"1781207629","2026-06-11 19:53:49","2026-06-12 03:53:49","0","0.00934310241022346","24690688","0.0032688248804924","12722176","0.00540572283404376","63184896","0.000685057897174637","12816384","0.00177301714671856","7491584","0.000455516179093393","133079040","0.00500936032684934","48263168","0.000551579634621438","10485760"
"1781207644","2026-06-11 19:54:04","2026-06-12 03:54:04","0","0.00891840288705714","24735744","0.00407783209030426","12410880","0.00571889610730731","63201280","0.000504301387076534","12816384","0.00177016337869012","7229440","0.000408550647507541","133251072","0.0045647822108852","48902144","0.000707203579418364","10563584"
"1781207659","2026-06-11 19:54:19","2026-06-12 03:54:19","0","0.00947831792179995","23580672","0.004341136680151","12566528","0.00391880000000029","63201280","0.000656666501511185","12816384","0.00183769454421071","7229440","0.000336868489942646","132849664","0.00422343514428692","49086464","0.000790942201795094","10563584"
"1781207674","2026-06-11 19:54:34","2026-06-12 03:54:34","0","0.00957426982204724","23609344","0.00381276789712347","13041664","0.00602442470730741","63143936","0.000756082871597211","12816384","0.00181761737553186","7229440","0.000362427868446227","132984832","0.00496728746143274","49164288","0.000645665197559811","10563584"
"1781207689","2026-06-11 19:54:49","2026-06-12 03:54:49","0","0.00917994274166254","23609344","0.0034597234128144","13041664","0.00536376266753839","63143936","0.000614973262032057","12816384","0.00133550356512097","7229440","0.000345483005366725","133201920","0.00458762493647292","49270784","0.000719032516768759","10563584"
"1781207704","2026-06-11 19:55:04","2026-06-12 03:55:04","0","0.00961056480080775","23875584","0.00479086683392671","12709888","0.00690910480071319","63201280","0.000451218959579464","13082624","0.00174694496951634","7229440","0.000349167618454303","133373952","0.00481173774249","49184768","0.000757140307033204","10563584"
"1781207719","2026-06-11 19:55:19","2026-06-12 03:55:19","0","0.00990154601227088","24240128","0.00496140251967839","12394496","0.00690910480071319","63201280","0.000551484766679518","12881920","0.00178041447685499","7491584","0.000400013457138988","133373952","0.00485362486640533","48959488","0.000777755457345669","10563584"
"1781207734","2026-06-11 19:55:34","2026-06-12 03:55:34","0","0.00341319999999996","24240128","0.00407145847087301","12419072","0.00653254527162964","63070208","0.000490704452687423","12881920","0.00170461366445002","7487488","0.000288629489741132","133373952","0.00431799774489498","48959488","0.000787738877092491","10563584"
"1781207749","2026-06-11 19:55:49","2026-06-12 03:55:49","0","0.00852652947374841","23691264","0.00456851914544842","12230656","0.00451072504335639","63074304","0.000724702760626629","12881920","0.00167990639156671","7487488","0.000380657119530438","134029312","0.00429634178647988","49410048","0.000742429672101748","10629120"
"1781207764","2026-06-11 19:56:04","2026-06-12 03:56:04","0","0.00832163630902008","24006656","0.00405529181184656","12218368","0.00208366666666677","63074304","0.000487532607027743","12881920","0.00166677276295966","7491584","0.000244123058702819","133009408","0.00441670161459409","49631232","0.000692874692874665","10891264"
"1781207779","2026-06-11 19:56:19","2026-06-12 03:56:19","0","0.00782084382734194","23838720","0.00442317146700063","12275712","0.00436945388519016","63131648","0.000404608385428584","12877824","0.00173662305508725","7491584","0.000406001056465872","133328896","0.00408803509286912","49577984","0.000761430209527775","10858496"
"1781207794","2026-06-11 19:56:34","2026-06-12 03:56:34","0","0.00789577652363932","23838720","0.003440432712609","12275712","0.00421463646786502","63094784","0.000755949674094301","13045760","0.0014276137796003","7491584","0.000493062132979732","133328896","0.00492857528186852","50151424","0.000723769455127377","10964992"
"1781207809","2026-06-11 19:56:49","2026-06-12 03:56:49","0","0.00901112004755723","23957504","0.00428541045517785","12697600","0.00438836366100806","63115264","0.00084404959272431","13045760","0.00177349764756192","7233536","0.000435430015341603","133521408","0.00421326216583355","50151424","0.000527518515404649","10964992"
"1781207824","2026-06-11 19:57:04","2026-06-12 03:57:04","0","0.00871093883991367","24190976","0.00402362580542527","12251136","0.00458293557308226","63123456","0.000841829116549175","13049856","0.00175160552355225","7491584","0.000296063430240665","133730304","0.00492871397493757","50270208","0.000779650899510105","10637312"
"1781207839","2026-06-11 19:57:19","2026-06-12 03:57:19","0","0.007187692486565","23814144","0.00378448811946","12521472","0.00491028793834612","63160320","0.000594469762286004","13049856","0.00170364481027667","7229440","0.00305323979591834","7925760","0.00474194562604018","50565120","0.000797561482868014","10637312"
"1781207854","2026-06-11 19:57:34","2026-06-12 03:57:34","0","0.00873447476436553","24059904","0.00445166975881272","12521472","0.00522176126379097","63152128","0.000739459568869519","12869632","0.00172264965652604","7491584","0.00305323979591834","7925760","0.00306597499999981","50565120","0.000577390222467048","10637312"
"1781207869","2026-06-11 19:57:49","2026-06-12 03:57:49","0","0.00822299557082131","23863296","0.00420773687414048","13135872","0.00527701499022353","63160320","0.000594880211356395","12869632","0.0016771554900515","7491584","0.0340578339568278","28184576","0.00522673306950043","50388992","0.000671064387962653","10670080"
"1781207884","2026-06-11 19:58:04","2026-06-12 03:58:04","0","0.00880655759105332","23871488","0.00394923441273689","12763136","0.00562211844618955","63143936","0.000739096972806553","12877824","0.0017210386876678","7491584","0.0342739579710865","28958720","0.0051617528812653","50143232","0.000535662214575047","10670080"
"1781207899","2026-06-11 19:58:19","2026-06-12 03:58:19","0","0.00856434818825563","23871488","0.00255684999999985","12763136","0.00580601035397121","63131648","0.000640605296343018","12877824","0.0017843961113857","7229440","0.00115875569126745","29552640","0.00310959699784057","50143232","0.000643241297958699","10670080"
"1781207914","2026-06-11 19:58:34","2026-06-12 03:58:34","0","0.0103643210864987","23662592","0.00433712508331498","12390400","0.00580512193767023","63131648","0.00093487282136404","12873728","0.00186857513133242","7491584","0.000993926043159289","29700096","0.00562835959221501","51044352","0.000790091930541371","10567680"
"1781207929","2026-06-11 19:58:49","2026-06-12 03:58:49","0","0.00971123334038431","24207360","0.00464443371684527","12505088","0.00559181177566847","63131648","0.000696917379772816","12881920","0.00184487309143829","7229440","0.000615148861646242","29184000","0.00570263250572267","50462720","0.000613561160742592","10567680"
"1781207944","2026-06-11 19:59:04","2026-06-12 03:59:04","0","0.00883673807786653","23953408","0.00322957366207938","12505088","0.0052723512920862","63164416","0.000666352023157769","12881920","0.00175964895499549","7229440","0.000532897884467403","29630464","0.00435807146166642","50372608","0.000717603686635931","10706944"
"1781207959","2026-06-11 19:59:19","2026-06-12 03:59:19","0","0.00868482017150908","24006656","0.00404269293924458","12267520","0.00537732447817819","63180800","0.000781013172140031","12877824","0.00127180766880799","7229440","0.000541806413651097","29863936","0.0034573852009576","50372608","0.000605497454417788","10702848"
"1781207974","2026-06-11 19:59:34","2026-06-12 03:59:34","0","0.0100294320493818","25075712","0.00393982062575604","12554240","0.00413968204129028","63123456","0.000754542399462291","12881920","0.00178677673470412","7491584","0.000546017751831766","29569024","0.00516692314655577","51073024","0.000611564876226758","10641408"
"1781207989","2026-06-11 19:59:49","2026-06-12 03:59:49","0","0.00880869804690922","25075712","0.00406124842952645","12681216","0.00581576154454119","63647744","0.00113663348250982","12881920","0.00189001946558137","7229440","0.000570449537241056","29892608","0.00603043366692324","50610176","0.000834347532116296","10637312"
"1781208004","2026-06-11 20:00:04","2026-06-12 04:00:04","0","0.0114360583712539","24436736","0.00409787102736895","12681216","0.00581646253602324","63152128","0.000810543866582225","12881920","0.00155607649950209","7229440","0.000660110540178741","30265344","0.00533127466930312","50835456","0.00085614443797319","10637312"
"1781208019","2026-06-11 20:00:19","2026-06-12 04:00:19","0","0.0106474672961545","23957504","0.00502703555886262","12693504","0.00679621928968454","63152128","0.0010876291580876","12881920","0.00187859488727144","7487488","0.000575879003347302","30265344","0.00618117259523841","50708480","0.000888888888888905","10444800"
"1781208034","2026-06-11 20:00:34","2026-06-12 04:00:34","0","0.00845952264134615","24154112","0.00327588670154972","12693504","0.0058861977856063","63131648","0.000853591314031138","12881920","0.0017871907630911","7229440","0.000561008712403159","30261248","0.00442022858595009","50708480","0.000832999831690776","10711040"
"1781208049","2026-06-11 20:00:49","2026-06-12 04:00:49","0","0.00947037323535089","23949312","0.00460058796017867","12656640","0.00577662555519533","63356928","0.000328194936048863","12881920","0.0011439750000001","7229440","0.000471216224727644","30261248","0.00512936704827368","51380224","0.000905477089654887","10444800"
"1781208064","2026-06-11 20:01:04","2026-06-12 04:01:04","0","0.0094148491561417","24043520","0.00454397663174847","12681216","0.00467917327226831","63123456","0.00049605532892966","12881920","0.00183900238790133","7233536","0.000492492914529293","30535680","0.0045793759378587","50958336","0.000856831260441789","10457088"
"1781208079","2026-06-11 20:01:19","2026-06-12 04:01:19","0","0.00977365015618072","23904256","0.00468246063931308","12689408","0.00515492549428894","63160320","0.000738904587969255","13185024","0.00184961797119814","7491584","0.000521328852119957","30806016","0.00463153605867193","50900992","0.000864345278341232","10457088"
"1781208094","2026-06-11 20:01:34","2026-06-12 04:01:34","0","0.00940711696869908","23924736","0.00460798177857008","12357632","0.00535220768601806","63164416","0.000750559654279668","13185024","0.00140729997505093","7491584","0.000336250000000016","30806016","0.00493949295331074","51712000","0.000825569176882642","10465280"
"1781208109","2026-06-11 20:01:49","2026-06-12 04:01:49","0","0.00912242444419831","23773184","0.00356884797730417","12357632","0.00550293370697953","63164416","0.000619619003121873","13185024","0.00145201994210144","7491584","0.00044419537517698","30437376","0.00482342875548573","51081216","0.000680492855663708","10457088"
"1781208124","2026-06-11 20:02:04","2026-06-12 04:02:04","0","0.00948228417841581","24113152","0.00425897698959422","12926976","0.00547802037845698","63418368","0.000736495786119658","13185024","0.00174146892123897","7491584","0.00036568432983848","30437376","0.00527612000000005","51142656","0.000779797178866507","10493952"
"1781208139","2026-06-11 20:02:19","2026-06-12 04:02:19","0","0.00973477036347068","23932928","0.00444773834027809","12689408","0.00582295159999138","63430656","0.000852313220542008","13185024","0.00177879937854988","7229440","0.000471070965823015","30806016","0.00499524282286765","51650560","0.000716522858368687","10493952"
"1781208154","2026-06-11 20:02:34","2026-06-12 04:02:34","0","0.0100100326991679","24150016","0.00368032719088319","12697600","0.00585747775332508","63127552","0.000908956242081652","13201408","0.00154959171428573","7229440","0.000551809697245617","31145984","0.00525174886515651","51228672","0.000684839720420701","10493952"
"1781208169","2026-06-11 20:02:49","2026-06-12 04:02:49","0","0.00915456591781778","23740416","0.00419614540131727","12709888","0.00512134357094808","63127552","0.000708344335885924","13201408","0.00180259983166556","7491584","0.000338941157155856","31145984","0.00456333436136911","51380224","0.000667849927849949","10493952"
"1781208184","2026-06-11 20:03:04","2026-06-12 04:03:04","0","0.00752131360051819","23891968","0.00370311947108682","12394496","0.0038635001638654","63127552","0.000426800000000016","13201408","0.00179778083605698","7491584","0.000485332508931042","31014912","0.00450760807090767","51380224","0.000672242206235029","10506240"
"1781208199","2026-06-11 20:03:19","2026-06-12 04:03:19","0","0.00589144003042639","23891968","0.0036038606656785","12615680","0.00389067731655171","63094784","0.000573807287968662","13201408","0.00185439239537602","7229440","0.000507214674955869","31223808","0.00449976328194153","51798016","0.000412400000000002","10506240"
"1781208214","2026-06-11 20:03:34","2026-06-12 04:03:34","0","0.00835018502394482","24145920","0.00384275879026302","13062144","0.0040209077566394","63094784","0.000570197154532156","13209600","0.00186827661909995","7229440","0.00034112014301489","31428608","0.00449691119691118","52318208","0.000696685485339654","10506240"
"1781208229","2026-06-11 20:03:49","2026-06-12 04:03:49","0","0.00910215187425859","23781376","0.00432924942292561","13545472","0.00446011268065663","63119360","0.000600483892283888","13201408","0.00187691611920409","7491584","0.00107769900825824","31879168","0.00372415916429244","52232192","0.000752886961236131","10514432"
"1781208244","2026-06-11 20:04:04","2026-06-12 04:04:04","0","0.00900973087545821","24936448","0.00226365000000008","13545472","0.00515982821658644","63135744","0.00074941478304837","13201408","0.00127811479515502","7491584","0.00131157976877425","31522816","0.00327170867758779","52232192","0.000732449197533941","10510336"
"1781208259","2026-06-11 20:04:19","2026-06-12 04:04:19","0","0.010276192064717","23580672","0.005317437480381","12808192","0.00289183333333322","63135744","0.000628746474764182","13201408","0.00198547299914771","7491584","0.00179346476484662","31522816","0.00531603734150789","51798016","0.000823021837149665","10510336"
"1781208274","2026-06-11 20:04:34","2026-06-12 04:04:34","0","0.0105839186611162","23830528","0.00522893640784627","12677120","0.0107839560208689","63143936","0.000715609264854006","13201408","0.00203044611296021","7491584","0.000642349251358722","32202752","0.00529480869242209","51818496","0.000876396648044697","10510336"
"1781208289","2026-06-11 20:04:49","2026-06-12 04:04:49","0","0.0109878625271494","24768512","0.00974452746482978","12898304","0.0125439224424006","63143936","0.000689142881929376","13205504","0.00189217684061305","7491584","0.000752983991508358","32276480","0.00344015261149872","51818496","0.00070005521452467","10510336"
"1781208304","2026-06-11 20:05:04","2026-06-12 04:05:04","0","0.00970482671926112","23883776","0.00781514002785073","13144064","0.00801163546351429","63143936","0.000814837238400843","13201408","0.00183900200524442","7491584","0.000766739946871836","32530432","0.00550976978980786","52064256","0.000840878595181136","10510336"
"1781208319","2026-06-11 20:05:19","2026-06-12 04:05:19","0","0.00723484947662659","23883776","0.0075554093326751","13205504","0.00889076431881007","63172608","0.000868732173572239","13201408","0.00146091537146845","7491584","0.000703798855890094","32018432","0.00596201376211193","52064256","0.000799047267984206","10510336"
"1781208334","2026-06-11 20:05:34","2026-06-12 04:05:34","0","0.00886044242029979","23715840","0.00431233467019374","12865536","0.00443165928265012","63393792","0.000610313558396167","13201408","0.00177620295907941","7229440","0.000452411704449279","32223232","0.00467187611503641","52023296","0.000522776213784898","10510336"
"1781208349","2026-06-11 20:05:49","2026-06-12 04:05:49","0","0.00885387581763101","23973888","0.00441648092986449","13254656","0.00530492358624956","63406080","0.000755786846257076","12943360","0.00181654700854701","7487488","0.000465653762858709","32223232","0.00480970370533066","52678656","0.000435569063368175","10510336"
"1781208364","2026-06-11 20:06:04","2026-06-12 04:06:04","0","0.00712661342398877","24637440","0.00438678060921089","12849152","0.00512334904559661","63143936","0.000727135615233163","12947456","0.00178986605700656","7749632","0.000447012547015449","32563200","0.00491016668357132","52690944","0.000795466106380613","10518528"
"1781208379","2026-06-11 20:06:19","2026-06-12 04:06:19","0","0.00844695090816215","24039424","0.00423202585638276","13123584","0.00545424959319058","63135744","0.000836333425643877","12959744","0.00179173796629966","7749632","0.000400762118571474","32718848","0.00561670475879508","52948992","0.000831730769230781","10530816"
"1781208394","2026-06-11 20:06:34","2026-06-12 04:06:34","0","0.00869297223301352","24252416","0.00450365641060463","12865536","0.00580903638174189","63164416","0.000643919958953313","12947456","0.00179040350231492","7753728","0.000347672181435402","33071104","0.00539278385772916","52682752","0.000548074390220795","10522624"
"1781208409","2026-06-11 20:06:49","2026-06-12 04:06:49","0","0.00837587379557889","23748608","0.00442134284069261","12906496","0.00610052773290269","63135744","0.00054383033412886","12947456","0.00181268656716408","7229440","0.000503253976504818","33382400","0.00412101505209837","52682752","0.000746809461876125","10522624"
"1781208424","2026-06-11 20:07:04","2026-06-12 04:07:04","0","0.00970758130908783","23937024","0.00454698837310932","12906496","0.00580590757054683","63135744","0.000727278477009658","12947456","0.00183578590594531","7229440","0.00056251834458467","32702464","0.00494671378091862","53481472","0.00072266590814607","10522624"
"1781208439","2026-06-11 20:07:19","2026-06-12 04:07:19","0","0.00968194040377393","24043520","0.00408678016453407","12738560","0.0055677735438215","63139840","0.000711199294532637","12947456","0.0017564255625887","7491584","0.000668643769780831","32960512","0.00573026190928093","53174272","0.000595000875976413","10522624"
"1781208454","2026-06-11 20:07:34","2026-06-12 04:07:34","0","0.00973271652531555","23728128","0.00421867456660114","13451264","0.00536442165882433","63184896","0.000539155009184693","12943360","0.00176022950669787","7749632","0.000455867606434867","32960512","0.0120150901032061","53796864","0.000796948865630364","10555392"
"1781208469","2026-06-11 20:07:49","2026-06-12 04:07:49","0","0.0106794750121526","24846336","0.00296722500000008","13451264","0.00659895887995658","63197184","0.000684693356382358","12947456","0.00149140515072582","7491584","0.000633583836392773","33419264","0.00969234211023288","53796864","0.000854865846099352","10555392"
"1781208484","2026-06-11 20:08:04","2026-06-12 04:08:04","0","0.00997469415116383","24002560","0.00441255636172188","12578816","0.00678757111415642","63148032","0.00083836904241364","12959744","0.00144366589742602","7491584","0.000539565385732262","33718272","0.0113978428351309","53583872","0.000879003144287864","10530816"
"1781208499","2026-06-11 20:08:19","2026-06-12 04:08:19","0","0.0109826169008173","23822336","0.00472563403444979","12599296","0.00724890084407739","63176704","0.000838449976321362","12947456","0.00217079157752498","7491584","0.000494042019441788","33964032","0.0054299625294906","53592064","0.000870761896030045","10534912"
"1781208514","2026-06-11 20:08:34","2026-06-12 04:08:34","0","0.00998680958761278","23822336","0.00503579730357982","12812288","0.00658127692910302","63209472","0.000890434121782082","12951552","0.00212471131639731","7491584","0.000631604510706592","33480704","0.00429122555813945","53526528","0.000793454616132188","10612736"
"1781208529","2026-06-11 20:08:49","2026-06-12 04:08:49","0","0.00948236035279369","24121344","0.00438316647470549","12922880","0.00640907698590966","63205376","0.000766917855606851","12955648","0.00160312500000011","7491584","0.000586337015054425","33783808","0.00494840495100163","53436416","0.000796793822503748","10616832"
"1781208544","2026-06-11 20:09:04","2026-06-12 04:09:04","0","0.00792693962154825","23658496","0.00410346117089777","12976128","0.0041908849355059","63152128","0.000896199463249921","12955648","0.00193382990663752","7491584","0.000512210709789876","33939456","0.00481041246357334","53460992","0.000729769569270143","10612736"
"1781208559","2026-06-11 20:09:19","2026-06-12 04:09:19","0","0.00774826540922923","23818240","0.00363660525520983","12832768","0.00317563419105808","63152128","0.000525151929746427","13221888","0.00153681666046864","7491584","0.000274495813635208","33939456","0.00320347474366813","53460992","0.000420442474740531","10612736"
"1781208574","2026-06-11 20:09:34","2026-06-12 04:09:34","0","0.00774826540922923","23818240","0.00438554068377352","12795904","0.00555683567825868","63205376","0.000292002787962161","13221888","0.00165634384990463","7487488","0.000413258599737095","34340864","0.00469030701521844","53940224","0.000824862898409092","10612736"
"1781208589","2026-06-11 20:09:49","2026-06-12 04:09:49","0","0.009598663697105","23752704","0.00477048121209606","13090816","0.00733726706625927","63143936","0.00092899798739649","12967936","0.00171312204097663","7229440","0.00055561886157686","34545664","0.00471984376585161","54108160","0.000874272577052956","10612736"
"1781208604","2026-06-11 20:10:04","2026-06-12 04:10:04","0","0.0105709460469274","24080384","0.00523132430760776","12505088","0.00680153108483624","63078400","0.000907154936634862","12976128","0.00180300203291667","7491584","0.000705961754780679","34095104","0.00402485988155526","53891072","0.000554937904151024","10612736"
"1781208619","2026-06-11 20:10:19","2026-06-12 04:10:19","0","0.00801024994863936","24055808","0.0051223582746281","12689408","0.00623448701869964","63078400","0.000619724277287083","12976128","0.00181830348140143","7491584","0.000481898318335226","34095104","0.00496233244249886","54190080","0.000943576617608314","10887168"
"1781208634","2026-06-11 20:10:34","2026-06-12 04:10:34","0","0.010215212915809","23789568","0.00503796192609194","12537856","0.00385974456610849","63078400","0.000894736842105237","12976128","0.001815474568812","7229440","0.000707793471912818","34672640","0.00549443904089323","54120448","0.000933296582138918","10612736"
"1781208649","2026-06-11 20:10:49","2026-06-12 04:10:49","0","0.010273610539317","23879680","0.00501054461956904","12746752","0.00532881444772688","63111168","0.0010147563344769","12972032","0.00135145744750655","7229440","0.000614582859223524","34926592","0.00614978175469237","54464512","0.000841405025556405","10612736"
"1781208664","2026-06-11 20:11:04","2026-06-12 04:11:04","0","0.0111052338751349","23597056","0.00440816806459206","12607488","0.00555347455949322","63111168","0.00104767717117916","12976128","0.0017859419489184","7491584","0.00058438534044288","35270656","0.00636601637077867","54497280","0.000865068788828644","10612736"
"1781208679","2026-06-11 20:11:19","2026-06-12 04:11:19","0","0.0110177844199506","24686592","0.00455326035417576","12713984","0.00530746893571077","63119360","0.000852543097307312","12976128","0.00178224171005747","7491584","0.000914206381917148","35028992","0.00667781796262808","54091776","0.00081741784037559","10665984"
"1781208694","2026-06-11 20:11:34","2026-06-12 04:11:34","0","0.010219788251096","23650304","0.00411365188419571","12726272","0.00512356465897988","63119360","0.000496977559733865","12976128","0.00147920535220184","7749632","0.000838291425648296","35053568","0.00581393255466769","54059008","0.000795637127672716","10665984"
"1781208709","2026-06-11 20:11:49","2026-06-12 04:11:49","0","0.00984256621293637","24346624","0.00447666395131535","13004800","0.00338022289513812","63086592","0.000919933519759425","13004800","0.00174666518246414","7749632","0.000706788046704937","35258368","0.00614775804304911","54829056","0.000880181379072378","10670080"
"1781208724","2026-06-11 20:12:04","2026-06-12 04:12:04","0","0.0091016072050559","24195072","0.00438024909820976","12771328","0.00855408805031421","63483904","0.00113319352321501","13094912","0.00153792490167649","7487488","0.000664029505627863","35819520","0.00552461807803896","54734848","0.000847232801382189","10735616"
"1781208739","2026-06-11 20:12:19","2026-06-12 04:12:19","0","0.00909611795446074","24055808","0.00469737924550504","13156352","0.00847579810524622","63283200","0.000805725920411489","13107200","0.00183369536884175","7229440","0.000649608835708134","35819520","0.00543119992757876","55001088","0.000776996429504477","10735616"
"1781208754","2026-06-11 20:12:34","2026-06-12 04:12:34","0","0.0107441463169531","24076288","0.00525996472663133","13639680","0.00981901720407964","63213568","0.000968777167378792","13123584","0.00193336650683061","7749632","0.000786606463645057","35213312","0.00524794893303613","54988800","0.000792103849090749","10735616"
"1781208769","2026-06-11 20:12:49","2026-06-12 04:12:49","0","0.0078795184515405","24076288","0.00544936843448319","13070336","0.00602240405987531","63242240","0.000865712286540943","13115392","0.00186724557137885","7233536","0.000527779076836721","35532800","0.00531337881372","55083008","0.00080273626728519","10735616"
"1781208784","2026-06-11 20:13:04","2026-06-12 04:13:04","0","0.0116963114288961","23846912","0.00530322182499135","12869632","0.00681181009299123","63266816","0.000957078504740789","13115392","0.00187876607804668","7749632","0.000574194934601015","35864576","0.00574894878601756","54730752","0.000692924116877483","10735616"
"1781208799","2026-06-11 20:13:19","2026-06-12 04:13:19","0","0.0113323388362167","23744512","0.00515544041450779","12951552","0.00791303356344699","63225856","0.000841054241252126","13115392","0.00211151778804939","7495680","0.000555339169684944","36114432","0.00595221375731459","54718464","0.00100141918875208","10756096"
"1781208814","2026-06-11 20:13:34","2026-06-12 04:13:34","0","0.0121884933161312","23965696","0.00551237077185585","12632064","0.00872423236514519","63225856","0.00103908494265169","13111296","0.00215029450132429","7229440","0.000535989742578167","36356096","0.00675883668903801","54816768","0.000933892789861266","10743808"
"1781208829","2026-06-11 20:13:49","2026-06-12 04:13:49","0","0.0111048151533074","24559616","0.00558275414937763","13029376","0.0087950197147316","63225856","0.000953463742835764","13115392","0.00229993510707331","7229440","0.000835567911752858","35733504","0.00641454128328405","55435264","0.000749272409778829","10743808"
"1781208844","2026-06-11 20:14:04","2026-06-12 04:14:04","0","0.0104165444908091","23699456","0.00519961015569098","12771328","0.00793956476935207","63913984","0.000944332230928029","13115392","0.0017544615915164","7491584","0.000884126911871819","35971072","0.00652965109671557","55115776","0.000970494259712237","10420224"
"1781208859","2026-06-11 20:14:19","2026-06-12 04:14:19","0","0.00952217917530187","23699456","0.00414242360576128","12906496","0.00835056089743608","63913984","0.000722334789932369","13123584","0.00168201648085317","7229440","0.000869237672397538","36159488","0.00580390907159535","55488512","0.000875245237353076","10420224"
"1781208874","2026-06-11 20:14:34","2026-06-12 04:14:34","0","0.00967810069856246","23867392","0.00442868841272004","12636160","0.00444762500000024","64421888","0.000535067873303166","13115392","0.00108192500000008","7229440","0.000424061284287287","36159488","0.00787371955984521","55083008","0.000874111655467554","10424320"
"1781208889","2026-06-11 20:14:49","2026-06-12 04:14:49","0","0.00935998622391808","23924736","0.00303549353349076","12636160","0.00599457847655212","63901696","0.000530093387887656","13115392","0.00167098393756934","7491584","0.000350427536389561","36581376","0.00668482507256813","55500800","0.000648993340862157","10424320"
"1781208904","2026-06-11 20:15:04","2026-06-12 04:15:04","0","0.0102427485696401","23621632","0.00479440776897021","13008896","0.00345694486584992","63901696","0.000803769869179919","13119488","0.00174410451772729","7749632","0.000601500285978268","36597760","0.00791715594851611","55885824","0.000878289215852603","10444800"
"1781208919","2026-06-11 20:15:19","2026-06-12 04:15:19","0","0.00990942437923284","23691264","0.00505725839805149","12726272","0.00480546293638347","63766528","0.00119371697005286","13119488","0.00156811515215332","7229440","0.00052572500000001","36597760","0.00602137180413449","55476224","0.000930414104362057","10448896"
"1781208934","2026-06-11 20:15:34","2026-06-12 04:15:34","0","0.0103429057865483","24051712","0.00501928343222271","12812288","0.00482185902546527","63787008","0.000678665209110428","13119488","0.00178882354987994","7229440","0.000663908526744113","36532224","0.00576059466448766","55476224","0.00104398398128153","10448896"
"1781208949","2026-06-11 20:15:49","2026-06-12 04:15:49","0","0.0100555615985379","23900160","0.00500682613434273","12939264","0.00488931181485966","63795200","0.000889749801595583","12804096","0.00149464717138014","7229440","0.000295404906200952","36532224","0.00576314866350174","56033280","0.000790874686397076","10596352"
"1781208964","2026-06-11 20:16:04","2026-06-12 04:16:04","0","0.0101129288748497","24064000","0.0044831060072136","12677120","0.0048722735272598","64049152","0.000704138923879807","12783616","0.00174481127002908","7491584","0.000468005970587515","37122048","0.00571812191103819","55930880","0.000722530741769117","10846208"
"1781208979","2026-06-11 20:16:19","2026-06-12 04:16:19","0","0.00770050934031444","24064000","0.00463084203868891","12771328","0.00556928042118183","63852544","0.00066047617813965","12787712","0.00177232815208438","7229440","0.000689155039863316","37462016","0.0054677938773581","56561664","0.000753563888828413","10588160"
"1781208994","2026-06-11 20:16:34","2026-06-12 04:16:34","0","0.0102171292226545","23711744","0.00464595171971806","13312000","0.00596338621310016","63856640","0.00087821643214451","12791808","0.0016811708114565","7491584","0.000695950000000023","37462016","0.00634534634610823","56532992","0.000670951841737136","10592256"
"1781209009","2026-06-11 20:16:49","2026-06-12 04:16:49","0","0.00759935663828912","23711744","0.00476615384615384","12513280","0.00776186295597203","63852544","0.000906442940576603","12779520","0.00171848362494394","7229440","0.000936228939872401","36954112","0.00560830283383859","57028608","0.000832012124038257","10604544"
"1781209024","2026-06-11 20:17:04","2026-06-12 04:17:04","0","0.00987945086615669","23924736","0.005118326912493","12595200","0.00599546766121016","63852544","0.000922811493579815","12783616","0.00174762937713052","7487488","0.00108812383239927","37335040","0.00336886203540572","57028608","0.000623143927743566","10604544"
"1781209039","2026-06-11 20:17:19","2026-06-12 04:17:19","0","0.0103441762854142","24657920","0.00514780315240821","12886016","0.00816703594288523","63864832","0.000756937429494115","12783616","0.00134725021454988","7487488","0.000989619568218193","37654528","0.0109293191986424","57622528","0.000916701528164001","10604544"
"1781209054","2026-06-11 20:17:34","2026-06-12 04:17:34","0","0.0088104278187222","23756800","0.00545744959413472","12288000","0.00630347939674608","63823872","0.00106963183399352","12783616","0.00186024743987767","7229440","0.000925626629236007","37912576","0.0118836249355038","57290752","0.000810759128301323","10604544"
"1781209069","2026-06-11 20:17:49","2026-06-12 04:17:49","0","0.0114098819327311","23654400","0.00535043763676133","12779520","0.00457171115892695","63815680","0.00114232629727351","12791808","0.00181163337508516","7229440","0.000681996813595318","38244352","0.0057965318650719","57049088","0.00109917355371898","10649600"
"1781209084","2026-06-11 20:18:04","2026-06-12 04:18:04","0","0.0113380054708542","23707648","0.00524956067081769","12648448","0.00567862846777221","63823872","0.000894007768123765","12791808","0.00180555195898175","7491584","0.000550926099753741","38244352","0.00578355443037967","57225216","0.00109917355371898","10649600"
"1781209099","2026-06-11 20:18:19","2026-06-12 04:18:19","0","0.0112509140041337","24199168","0.00523048166786472","12648448","0.00576852909966556","63823872","0.000951265610372197","12800000","0.00204034577017281","7229440","0.00393075444937546","37720064","0.00595377225541359","57421824","0.000914624976502378","10649600"
"1781209114","2026-06-11 20:18:34","2026-06-12 04:18:34","0","0.00977988705178004","23973888","0.00486873164671344","12972032","0.00594068862594584","63815680","0.000811314358545255","12800000","0.00205613620057786","7491584","0.00334276480037159","38105088","0.0054062970742366","57065472","0.000938394597468105","10375168"
"1781209129","2026-06-11 20:18:49","2026-06-12 04:18:49","0","0.00904556062026945","25067520","0.00436911390122397","12603392","0.00550248809118736","63815680","0.000736695835917241","12800000","0.00200868845676455","7491584","0.000691523814435677","38367232","0.00483528941611981","57315328","0.000836536917063713","10375168"
"1781209144","2026-06-11 20:19:04","2026-06-12 04:19:04","0","0.00831356812580106","24162304","0.00319436045045066","12775424","0.00551729073747516","63864832","0.00049014607002086","12800000","0.00165571254567608","7491584","0.000714954124655127","38367232","0.00414954594684673","57634816","0.000748070581631889","10375168"
"1781209159","2026-06-11 20:19:19","2026-06-12 04:19:19","0","0.00868599117251871","23785472","0.0038739130434784","12771328","0.00551799776215532","63852544","0.000365779557482093","12800000","0.00170444774092977","7495680","0.000735456114223583","38584320","0.00472574450670533","57692160","0.000648994179515964","10461184"
"1781209174","2026-06-11 20:19:34","2026-06-12 04:19:34","0","0.00878284397234166","23785472","0.00342213216282316","12771328","0.00452963470000021","63852544","0.000456530800877182","13029376","0.00173377268685604","7229440","0.000427684000263373","38092800","0.00370965713134231","57692160","0.000629066621980738","10452992"
"1781209189","2026-06-11 20:19:49","2026-06-12 04:19:49","0","0.00961312394273846","24436736","0.00424798653009672","12787712","0.00566063138347285","63823872","0.000490307208290934","13029376","0.00178620605468752","7229440","0.000760358887049435","38256640","0.005267682150191","58556416","0.000590323674743358","10457088"
"1781209204","2026-06-11 20:20:04","2026-06-12 04:20:04","0","0.00988892893417714","24186880","0.00507537864673526","13287424","0.00385762466872046","63823872","0.00040068942875903","13029376","0.00176124247635424","7491584","0.000717225048237151","38465536","0.00489511645379412","58556416","0.000659105131414271","10452992"
"1781209219","2026-06-11 20:20:19","2026-06-12 04:20:19","0","0.00885731838491184","23851008","0.00357342500000009","13287424","0.00601667312911947","63860736","0.000539049643444853","13033472","0.00179613972158175","7229440","0.00068737967326135","38653952","0.0064116232045738","57425920","0.000537431805410245","10452992"
"1781209234","2026-06-11 20:20:34","2026-06-12 04:20:34","0","0.0105794932639314","24317952","0.00486220975883322","12816384","0.00574419050051072","64135168","0.000836741678788396","13041664","0.00172844302574653","7491584","0.000457952355570161","39104512","0.0059292916400766","58273792","0.000876607672859233","10756096"
"1781209249","2026-06-11 20:20:49","2026-06-12 04:20:49","0","0.01013272843163","23691264","0.00487528472766384","12980224","0.00557196747422252","63868928","0.00113931175642831","13041664","0.00130375144986443","7491584","0.000529303948414474","39337984","0.00421095000000015","58109952","0.00092739198121636","10833920"
"1781209264","2026-06-11 20:21:04","2026-06-12 04:21:04","0","0.00959396709323576","23941120","0.00309550000000023","12980224","0.00568370139852296","63873024","0.000899546240276591","13033472","0.0016690330788804","7491584","0.00079645895924591","38653952","0.00523227747038516","58204160","0.000759545419484181","11112448"
"1781209279","2026-06-11 20:21:19","2026-06-12 04:21:19","0","0.00925994315642629","24064000","0.00452211004320633","13209600","0.00578472130529083","63889408","0.000663301198540881","13033472","0.00174859212582799","7749632","0.000577874999999972","38653952","0.00528394988772027","57950208","0.00071743885101881","10498048"
"1781209294","2026-06-11 20:21:34","2026-06-12 04:21:34","0","0.00915159449479636","24592384","0.0039507112000844","12943360","0.0058059098687965","64086016","0.000351317273873524","13029376","0.00174611152416349","7229440","0.000655554916949251","38907904","0.00508623453388778","57835520","0.000674658959031289","10551296"
"1781209309","2026-06-11 20:21:49","2026-06-12 04:21:49","0","0.0065913141745037","24592384","0.00377649723345074","12947456","0.00528033644476351","63823872","0.000320061898972045","13033472","0.00174519354519355","7229440","0.000314766778286105","39124992","0.00485968720706492","58474496","0.000428531794586614","10551296"
"1781209324","2026-06-11 20:22:04","2026-06-12 04:22:04","0","0.00892729556237929","23871488","0.00384369851729819","13168640","0.00479143840597271","63770624","0.000342745216212144","13045760","0.00129959234853976","7229440","0.000275486125630952","39235584","0.00504048717039147","57937920","0.000677065858542153","10551296"
"1781209339","2026-06-11 20:22:19","2026-06-12 04:22:19","0","0.00654290623755741","23871488","0.00307582807315962","13168640","0.00531390061377213","64086016","0.000242367995329215","13045760","0.00173285172903834","7229440","0.00037207337451418","39587840","0.00585243365464716","58482688","0.000779090542331858","10567680"
"1781209354","2026-06-11 20:22:34","2026-06-12 04:22:34","0","0.012136994665467","23928832","0.0048559518659799","12783616","0.00602641781449089","63885312","0.000713603868797312","13033472","0.00185942696949531","7229440","0.000383752958898204","38916096","0.0058319721686005","58507264","0.000653533767308152","10567680"
"1781209369","2026-06-11 20:22:49","2026-06-12 04:22:49","0","0.0107865554110672","23674880","0.00516533526991045","12783616","0.00690627810757362","63885312","0.000706518474016222","13029376","0.00190203583513619","7229440","0.000455161637703506","39137280","0.00568888677630945","58036224","0.000585563735141329","10567680"
"1781209384","2026-06-11 20:23:04","2026-06-12 04:23:04","0","0.00762057056766059","23670784","0.00353045122805888","12853248","0.00681306194370392","64114688","0.000596580745432676","13041664","0.00188644951942829","7749632","0.000448509955320337","39464960","0.00483344299557344","58036224","0.000754252509244595","10567680"
"1781209399","2026-06-11 20:23:19","2026-06-12 04:23:19","0","0.0102674992682204","24104960","0.00476162267839679","12849152","0.0066901067615658","63852544","0.000632775362988978","13033472","0.00190248604769149","7229440","0.000425830211973478","39604224","0.00549536185859938","58859520","0.000757062146892676","10571776"
"1781209414","2026-06-11 20:23:34","2026-06-12 04:23:34","0","0.0106038753460134","23977984","0.00451074347298115","12898304","0.00602263096776743","63860736","0.000839031668312747","13033472","0.00191646537419403","7229440","0.000435826880825912","39837696","0.00471613744649646","58859520","0.000715375850454663","10571776"
"1781209429","2026-06-11 20:23:49","2026-06-12 04:23:49","0","0.00927120525947615","23977984","0.00514942094662632","12668928","0.00562229472599808","63860736","0.000880122485108009","13029376","0.00191408368445209","7491584","0.0004978671681497","39374848","0.00610429229073467","58503168","0.000600935215605246","10571776"
"1781209444","2026-06-11 20:24:04","2026-06-12 04:24:04","0","0.00999517807122916","23764992","0.0051138317674172","13217792","0.00667187376257206","63868928","0.00127463301157785","12840960","0.00140061922803621","7491584","0.000610718781336005","39706624","0.00568864708447292","58765312","0.00093701206100597","10596352"
"1781209459","2026-06-11 20:24:19","2026-06-12 04:24:19","0","0.00994402571732634","23859200","0.00484502671275944","12640256","0.00631295315259153","63868928","0.00101194664148271","12836864","0.00183636624982019","7229440","0.000680513058259959","39706624","0.00498795243019633","59109376","0.000803051516783321","10596352"
"1781209474","2026-06-11 20:24:34","2026-06-12 04:24:34","0","0.00759274894538042","24412160","0.00486828349988986","12636160","0.0049483169865984","63840256","0.00100442023485286","12840960","0.00186753467308232","7229440","0.000577437151632364","39964672","0.00486635344147596","59084800","0.000445974999999965","10596352"
"1781209489","2026-06-11 20:24:49","2026-06-12 04:24:49","0","0.00998153488822203","23699456","0.00478910440759539","12775424","0.00452369743634982","63840256","0.000774581835235258","12845056","0.00161117842958076","7233536","0.000513318791724513","40398848","0.00478103849134591","59084800","0.000744514926221483","10665984"
"1781209504","2026-06-11 20:25:04","2026-06-12 04:25:04","0","0.00968097088734249","23449600","0.00493358059032572","12775424","0.0061061525129985","63873024","0.000863045141545529","12845056","0.00145969230726979","7233536","0.000350425000000021","40398848","0.00518137538182132","58695680","0.000731557250969045","10665984"
"1781209519","2026-06-11 20:25:19","2026-06-12 04:25:19","0","0.00992122946475864","24403968","0.00476152540970034","12980224","0.00561699411838297","63832064","0.000772349081845845","12845056","0.00182552620718117","7749632","0.000518354860639036","39964672","0.00490342927971332","58945536","0.000671490800710685","10665984"
"1781209534","2026-06-11 20:25:34","2026-06-12 04:25:34","0","0.0104648375483559","23875584","0.00443795826283132","12980224","0.00611740324056608","63873024","0.000710013070555369","12845056","0.00172079420003311","7749632","0.000704954051650498","40435712","0.0031575008416645","58945536","0.000753612915928327","10665984"
"1781209549","2026-06-11 20:25:49","2026-06-12 04:25:49","0","0.0116213997695853","23912448","0.00531112275302084","13119488","0.00662542270985206","63889408","0.00112461730958657","12886016","0.00201830601764253","7491584","0.000750133829878341","40435712","0.00609669562688562","60186624","0.000616202645120822","10665984"
"1781209564","2026-06-11 20:26:04","2026-06-12 04:26:04","0","0.0103912140951221","24698880","0.0053123273444803","13352960","0.00729505893209172","63856640","0.00123082309847015","12890112","0.00193260772903893","7229440","0.00106696679797411","40759296","0.0120943903258315","59981824","0.00100042013496833","10477568"
"1781209579","2026-06-11 20:26:19","2026-06-12 04:26:19","0","0.0110682776349609","24182784","0.00518778092225726","12808192","0.00702329615861242","63823872","0.000656848726278858","12890112","0.00135103432634108","7491584","0.000946883113007635","40951808","0.0110971496559342","60506112","0.000948911924540926","10477568"
"1781209594","2026-06-11 20:26:34","2026-06-12 04:26:34","0","0.0102748978318198","23863296","0.00504318501170944","13225984","0.00635107585209292","63836160","0.000570843552908186","12890112","0.00173897609844589","7491584","0.000556623868410154","40271872","0.0109412010008339","60145664","0.00083591812259814","10547200"
"1781209609","2026-06-11 20:26:49","2026-06-12 04:26:49","0","0.00974358744996408","23687168","0.00478332496233048","13320192","0.00604626641821589","63815680","0.000489137443579208","12886016","0.00179427795717732","7491584","0.000513395702683226","40509440","0.0055488835386867","60612608","0.000644287375984694","10547200"
"1781209624","2026-06-11 20:27:04","2026-06-12 04:27:04","0","0.00862160344363794","23986176","0.00426813707262642","12906496","0.00585107300765646","63844352","0.000925985548807941","12939264","0.00179513666453131","7491584","0.000546927527167555","40861696","0.00551125114427417","60416000","0.000787869660975486","10547200"
"1781209639","2026-06-11 20:27:19","2026-06-12 04:27:19","0","0.00903709398878768","23695360","0.0041331282771148","12894208","0.00554397631297915","63848448","0.000780087018111919","12935168","0.00181802864363944","7229440","0.000434889434889437","40964096","0.00570375756043089","60657664","0.000848970645119684","10665984"
"1781209654","2026-06-11 20:27:34","2026-06-12 04:27:34","0","0.00909091340788743","23642112","0.00425588885380474","13115392","0.00378947854125815","63848448","0.000702492211838008","12939264","0.00173752870923268","7491584","0.00042986404969842","41177088","0.00507108888888897","60469248","0.000626685737556149","10866688"
"1781209669","2026-06-11 20:27:49","2026-06-12 04:27:49","0","0.00968110080317549","23674880","0.00588398262396612","12660736","0.00654875469924825","64442368","0.00103424446338855","12939264","0.00190414478829184","7491584","0.00068732956758864","40620032","0.00339571066913254","60469248","0.000900268589199855","10866688"
"1781209684","2026-06-11 20:28:04","2026-06-12 04:28:04","0","0.012667007800596","24174592","0.00582083233831952","12689408","0.00715551471912959","64442368","0.00111223719248043","12939264","0.00195856675154609","7229440","0.000868261096605741","40906752","0.00647530540179431","60506112","0.000844993256911643","10932224"
"1781209699","2026-06-11 20:28:19","2026-06-12 04:28:19","0","0.0135851700541309","23900160","0.00617350587950083","12689408","0.00687742638320353","63877120","0.00121131528046421","12935168","0.00235834647483041","7487488","0.00086366200588305","41091072","0.0070412465412934","61169664","0.00106402150537633","10608640"
"1781209714","2026-06-11 20:28:34","2026-06-12 04:28:34","0","0.0129004917076421","23638016","0.00516156925985664","12984320","0.00717227678067497","63877120","0.00047029211742782","12939264","0.00249031344360424","7487488","0.000673237010812337","41365504","0.00491966039994144","61091840","0.000839154309597431","10612736"
"1781209729","2026-06-11 20:28:49","2026-06-12 04:28:49","0","0.0107963214104074","23748608","0.00496486450047156","12881920","0.00500244337552288","63836160","0.000452940257121841","12939264","0.00235531783693934","7229440","0.000590254532383776","41517056","0.00424042121185031","61091840","0.000837921054252132","10616832"
"1781209744","2026-06-11 20:29:04","2026-06-12 04:29:04","0","0.0107318189861099","24096768","0.00536495377922777","12689408","0.00620067930316636","63807488","0.000628117439741933","13234176","0.00189153868379517","7229440","0.000502588519589794","41517056","0.00557558018944012","61042688","0.000745448235974489","10616832"
"1781209759","2026-06-11 20:29:19","2026-06-12 04:29:19","0","0.0115932800404967","23879680","0.00542864203163015","13185024","0.00583786706936314","63787008","0.000577336364862993","13234176","0.00127359999999985","7229440","0.000557915382460115","41861120","0.00620274728829267","60792832","0.000997933496148785","10481664"
"1781209774","2026-06-11 20:29:34","2026-06-12 04:29:34","0","0.0101570696403085","23879680","0.00579464749054793","12886016","0.00587708877652658","63782912","0.00112780844781101","13234176","0.00196908320422857","7749632","0.00077023137761463","41361408","0.00655607209640571","61378560","0.000990834820647373","10481664"
"1781209789","2026-06-11 20:29:49","2026-06-12 04:29:49","0","0.0121491302448671","24510464","0.00581034370876692","13160448","0.00559621938654207","63782912","0.00112780844781101","13234176","0.00194244648568841","7491584","0.000928564824801967","41627648","0.00633774741565834","62410752","0.00114586542219362","10481664"
"1781209804","2026-06-11 20:30:04","2026-06-12 04:30:04","0","0.0119716105595783","23830528","0.00600922903506073","12623872","0.00589861005711545","63782912","0.00157241643276348","13258752","0.00201340996168567","7229440","0.000841078565889152","41955328","0.00645887280226193","61669376","0.00103485685096445","10563584"
"1781209819","2026-06-11 20:30:19","2026-06-12 04:30:19","0","0.0101743560720368","23904256","0.00619606228658609","13336576","0.00658971825020684","63811584","0.0014485868685157","13258752","0.00195091022535411","7487488","0.000802931219378858","41656320","0.00690769748222179","61435904","0.000771716180836729","10563584"
"1781209834","2026-06-11 20:30:34","2026-06-12 04:30:34","0","0.0112653995589627","23920640","0.0054539467829491","13107200","0.00715212482036534","63811584","0.000735725000000009","13258752","0.00196475347232051","7487488","0.000815474583895633","41848832","0.00668542665596319","61718528","0.00106295543128288","10457088"
"1781209849","2026-06-11 20:30:49","2026-06-12 04:30:49","0","0.00781929287473907","23920640","0.00478138355234258","12660736","0.00557931822099649","63774720","0.00118911432726268","13275136","0.00180778285277378","7225344","0.00072200914429348","42098688","0.0063047203248599","61239296","0.000748745405534552","10457088"
"1781209864","2026-06-11 20:31:04","2026-06-12 04:31:04","0","0.00890813181602643","24035328","0.00414098077338527","12636160","0.00460777502854971","63746048","0.000979270474879564","13258752","0.00181665935030738","7225344","0.000573341682152381","42450944","0.00418855131972639","61239296","0.000908723435874615","10485760"
"1781209879","2026-06-11 20:31:19","2026-06-12 04:31:19","0","0.00934050639158936","23797760","0.00325726649462096","12636160","0.00427006707731099","63807488","0.00066050821442781","13254656","0.0014375800929314","7225344","0.000476795079802293","42582016","0.00683915969592095","61222912","0.000800746443645461","10485760"
"1781209894","2026-06-11 20:31:34","2026-06-12 04:31:34","0","0.00496853333333244","23797760","0.00399717827941711","13254656","0.00628613423862549","63860736","0.000666350894151752","13258752","0.00183915746146407","7225344","0.00044733803209493","42844160","0.0056673952436997","61943808","0.000782975125463592","10489856"
"1781209909","2026-06-11 20:31:49","2026-06-12 04:31:49","0","0.0095478629459552","24002560","0.00456444608703683","13529088","0.0058812386419146","63860736","0.000635779294653014","13062144","0.00183805370318719","7225344","0.000415118790496724","42156032","0.00492020758265936","61767680","0.000859603151655292","10489856"
"1781209924","2026-06-11 20:32:04","2026-06-12 04:32:04","0","0.00936832553252466","24612864","0.00399193477263162","12652544","0.00775306516253522","63860736","0.000580287642581477","13062144","0.00179977163539219","7225344","0.000449865927165222","42381312","0.00492020758265936","61767680","0.000903875105694102","10756096"
"1781209939","2026-06-11 20:32:19","2026-06-12 04:32:19","0","0.00826635443714981","23728128","0.00477208818863167","12906496","0.00574425363276101","63864832","0.000450311425118513","13058048","0.00176132140961252","7487488","0.000391023503110318","42500096","0.00522455358224498","61317120","0.00074711254914811","10489856"
"1781209954","2026-06-11 20:32:34","2026-06-12 04:32:34","0","0.0083660525264154","23728128","0.0045662917246572","12886016","0.00333056301482121","63864832","0.000603152504778303","13066240","0.00176585536877446","7487488","0.000269878989950078","42500096","0.00484893001735107","61526016","0.000629238286578895","10489856"
"1781209969","2026-06-11 20:32:49","2026-06-12 04:32:49","0","0.00908631257800584","24276992","0.00440784227820366","12959744","0.00477628587817868","63832064","0.000547592774235704","13062144","0.00176285053320543","7487488","0.000510169883277449","42868736","0.00478603843352559","62046208","0.000741131966264252","10727424"
"1781209984","2026-06-11 20:33:04","2026-06-12 04:33:04","0","0.009145202545952","23961600","0.00500223117892599","13094912","0.00513240564159511","63864832","0.000832469643369368","13148160","0.00187112100329576","7487488","0.000599623011675084","43376640","0.00501909856404834","62107648","0.000978851382239068","10727424"
"1781209999","2026-06-11 20:33:19","2026-06-12 04:33:19","0","0.0110587191590503","23572480","0.00504703385333761","12607488","0.00661838112681458","63832064","0.000614354800660553","13148160","0.00191154634673365","7487488","0.00042810000000002","43376640","0.00551267242234785","61849600","0.000853663617886217","10727424"
"1781210014","2026-06-11 20:33:34","2026-06-12 04:33:34","0","0.0102948862265824","23846912","0.00492255534678539","12767232","0.00636486141502567","64126976","0.00071018710122435","13148160","0.0019305021754636","7487488","0.000784809049927749","42831872","0.00588151530830333","61984768","0.000810626421335511","10727424"
"1781210029","2026-06-11 20:33:49","2026-06-12 04:33:49","0","0.0101543840351978","23527424","0.00415375318066164","12972032","0.00654623337475886","64126976","0.00034802362330616","13148160","0.0021588333532148","7483392","0.000734501932329073","43003904","0.00670120015069144","61845504","0.000728828147961477","10633216"
"1781210044","2026-06-11 20:34:04","2026-06-12 04:34:04","0","0.00897613748019814","23904256","0.00381757292676472","12673024","0.00563659209484008","63860736","0.000442325595363197","13131776","0.00165766914318376","7221248","0.000306235157673811","43200512","0.00650682741063354","61698048","0.00075858761191305","10706944"
"1781210059","2026-06-11 20:34:19","2026-06-12 04:34:19","0","0.00628571410598317","23904256","0.003042695485405","12673024","0.00513172110030739","64086016","0.000362930713487841","13131776","0.00157084387851949","7483392","0.000309761649453461","43405312","0.00636029271275155","62181376","0.000722113667755948","10702848"
"1781210074","2026-06-11 20:34:34","2026-06-12 04:34:34","0","0.00851457553673499","23801856","0.00407275143260529","13021184","0.00342770699476025","64086016","0.00055663354073901","13156352","0.00153523005717405","7483392","0.000431591528778977","43704320","0.00431403635605824","62554112","0.000608539918936753","10702848"
"1781210089","2026-06-11 20:34:49","2026-06-12 04:34:49","0","0.00872611476952041","23560192","0.00408431364427152","13062144","0.00504704715268695","63852544","0.000596091010519596","13156352","0.00153933687002657","7483392","0.000504545709635752","43704320","0.0038020003911799","62554112","0.000735094564704059","10711040"
"1781210104","2026-06-11 20:35:04","2026-06-12 04:35:04","0","0.00729483029429617","23728128","0.0032956165321837","13062144","0.00517320868068456","63852544","0.000772468296269069","13156352","0.00158691559807754","7483392","0.000546575378400429","44027904","0.00497348264897011","62709760","0.000637391023457689","10711040"
"1781210119","2026-06-11 20:35:19","2026-06-12 04:35:19","0","0.00842308984360409","23781376","0.00394667407898407","12931072","0.00550754963339888","63901696","0.000691993200352894","13156352","0.00131026003176147","7221248","0.000429371499688911","43507712","0.00397620233756522","62709760","0.000731823041967453","10711040"
"1781210134","2026-06-11 20:35:34","2026-06-12 04:35:34","0","0.00813463062428522","23490560","0.00277280621693138","12931072","0.00550754963339888","63901696","0.000636988949714095","13156352","0.00160987490313295","7225344","0.00028721355305129","43618304","0.0042311557788944","62373888","0.000465725480367653","10711040"
"1781210149","2026-06-11 20:35:49","2026-06-12 04:35:49","0","0.00668173554518929","23490560","0.00451904398677856","13008896","0.00466851805992883","64090112","0.000625178907721271","13156352","0.00159662576687108","7479296","0.000394719433418938","43962368","0.0047491657526896","63434752","0.000702307480639951","10539008"
"1781210164","2026-06-11 20:36:04","2026-06-12 04:36:04","0","0.0092826868332526","23535616","0.00451904398677856","13008896","0.00466048713580985","63799296","0.000632504237455171","12808192","0.00155288598237126","7483392","0.000360431668565034","44224512","0.0105778483605675","63344640","0.000759400444914768","10539008"
"1781210179","2026-06-11 20:36:19","2026-06-12 04:36:19","0","0.00870888509184034","23650304","0.00350878079223871","12886016","0.0047075772849461","64131072","0.000689094397785555","12808192","0.00152578014423405","7221248","0.000399103328680831","44380160","0.00952359512381614","62967808","0.000522122389506103","10539008"
"1781210194","2026-06-11 20:36:34","2026-06-12 04:36:34","0","0.0079258578833415","23724032","0.00341524328294592","12886016","0.00533508357558145","63860736","0.000750170087976545","12800000","0.00154853881851258","7483392","0.000501052144756579","44040192","0.00804083247778964","62967808","0.000761310298583962","10608640"
"1781210209","2026-06-11 20:36:49","2026-06-12 04:36:49","0","0.00874801033376426","24010752","0.00412180703835493","12632064","0.00579254303874858","63860736","0.00093309410060743","12812288","0.00161995431984889","7483392","0.000931550344182099","44630016","0.00467065651070021","62992384","0.000788481189038535","10596352"
"1781210224","2026-06-11 20:37:04","2026-06-12 04:37:04","0","0.00939098997683684","23736320","0.00458950259645516","12644352","0.00634237076192908","63860736","0.000792724999999983","12812288","0.00157394145555453","7221248","0.00102935160564533","44470272","0.0046160331845439","63340544","0.000826346474180993","10596352"
"1781210239","2026-06-11 20:37:19","2026-06-12 04:37:19","0","0.00934937113196195","23457792","0.00337359279722219","12726272","0.00589024461269645","63860736","0.000713108187498885","12787712","0.00150330427295237","7995392","0.000760189775226839","44470272","0.00453853249475907","63291392","0.000532086403904403","10596352"
"1781210254","2026-06-11 20:37:34","2026-06-12 04:37:34","0","0.00556899637765225","23457792","0.00397969761534064","12877824","0.0057315456884017","63852544","0.00044488991421598","12783616","0.00149592582186011","7217152","0.000622667812470185","44888064","0.00527634157371104","62967808","0.000689774978963636","10592256"
"1781210269","2026-06-11 20:37:49","2026-06-12 04:37:49","0","0.00870505789152892","23482368","0.00417431172582808","13193216","0.00569290145114661","63823872","0.000348725000000005","12783616","0.00128107747940813","7217152","0.000634499912555115","45056000","0.00576951010024127","63410176","0.000809234395581561","10641408"
"1781210284","2026-06-11 20:38:04","2026-06-12 04:38:04","0","0.00869279901734935","23482368","0.00382837778749459","12636160","0.00545349148651238","63852544","0.000581486369635453","12787712","0.00161835971223002","7217152","0.000515262056714153","44498944","0.00511330782752555","63488000","0.000687927897757275","10641408"
"1781210299","2026-06-11 20:38:19","2026-06-12 04:38:19","0","0.00801159028347919","23293952","0.00285800390901092","12636160","0.0058351322280332","63852544","0.00083184252339199","12886016","0.00157781782891989","7217152","0.000774911156016996","45379584","0.00420185201100037","63291392","0.000703869588941498","10649600"
"1781210314","2026-06-11 20:38:34","2026-06-12 04:38:34","0","0.00773297422817758","23375872","0.00402517438740857","12652544","0.00565951478555048","64094208","0.000766624602216635","12886016","0.00176115623359385","7479296","0.000929817481996556","45379584","0.00391214690469092","63795200","0.000402219351361352","10649600"
"1781210329","2026-06-11 20:38:49","2026-06-12 04:38:49","0","0.00614159595495181","23179264","0.00418978874170435","12861440","0.00573276657176084","63823872","0.000718280702391545","12886016","0.00124910739682741","7479296","0.000668743211951097","45240320","0.00402460145640608","63488000","0.000811504280282649","10887168"
"1781210344","2026-06-11 20:39:04","2026-06-12 04:39:04","0","0.00556205947555448","23179264","0.00326830081370892","12795904","0.00589165576330574","63840256","0.000621861564518201","12906496","0.00165246291323689","7479296","0.000390986410570215","45240320","0.00408546699509643","64077824","0.000811504280282649","10887168"
"1781210359","2026-06-11 20:39:19","2026-06-12 04:39:19","0","0.00783818340321341","23670784","0.004015476404091","12488704","0.00581057383106647","63852544","0.000517016745312546","12906496","0.00145823200648494","7217152","0.000345203446213631","45441024","0.00418676137407391","63963136","0.000677527096499537","10895360"
"1781210374","2026-06-11 20:39:34","2026-06-12 04:39:34","0","0.00775482301141296","23621632","0.00417192898062707","12546048","0.00523086447803366","63852544","0.000350061509034391","12906496","0.00105958269664815","7217152","0.000439791974637989","45137920","0.00404443824564435","63864832","0.000697861780603046","10530816"
"1781210389","2026-06-11 20:39:49","2026-06-12 04:39:49","0","0.00660621689076549","23351296","0.00372085348388323","12615680","0.00508094840704893","63856640","0.000560141670072237","12914688","0.00142752836248529","7737344","0.000446807062906129","45137920","0.00418518358531297","64114688","0.000615654596396437","10530816"
"1781210404","2026-06-11 20:40:04","2026-06-12 04:40:04","0","0.00648313175273599","23351296","0.00362643941051308","13041664","0.00499782882238292","63823872","0.000749551297598826","13193216","0.00145623597306834","7479296","0.000457778962258353","45477888","0.00349447353570854","64114688","0.000693912295478556","10539008"
"1781210419","2026-06-11 20:40:19","2026-06-12 04:40:19","0","0.00778700124873656","23560192","0.00369460693663429","12902400","0.00481255622366343","63832064","0.000428552386093029","12918784","0.001464482585818","7217152","0.000335609539180831","45477888","0.00407683320522672","64278528","0.000644285941279287","10543104"
"1781210434","2026-06-11 20:40:34","2026-06-12 04:40:34","0","0.00770396626535622","23887872","0.00389945667936333","12947456","0.00452855454903501","63823872","0.000370423768852197","12918784","0.00148068561223697","7217152","0.00553643198906352","45457408","0.00384976031539821","63971328","0.00064513331406081","10555392"
"1781210449","2026-06-11 20:40:49","2026-06-12 04:40:49","0","0.00727471651220214","23810048","0.0040489308671125","12656640","0.00416252202422097","63791104","0.000315511535092019","12926976","0.00152450836513053","7479296","0.0038555019950642","45641728","0.00372595365569009","64425984","0.000613667236317445","10551296"
"1781210464","2026-06-11 20:41:04","2026-06-12 04:41:04","0","0.00885408287968029","23564288","0.00437112317121002","12853248","0.0038984624600639","63787008","0.000439699091638301","12926976","0.00158709836267384","7217152","0.000450137643193328","45977600","0.00460969531605243","64102400","0.000746755385730296","10567680"
"1781210479","2026-06-11 20:41:19","2026-06-12 04:41:19","0","0.0091118239732527","23969792","0.00377289385567842","12853248","0.00425110458156467","63791104","0.000694795950648497","13062144","0.00164605363152751","7217152","0.000531590691743678","46362624","0.00533183523314195","64282624","0.000605148562802004","10567680"
"1781210494","2026-06-11 20:41:34","2026-06-12 04:41:34","0","0.00592247581372213","23969792","0.00471323088378248","12865536","0.004121179943509","63762432","0.000642827982928184","13045760","0.00156886689375929","7217152","0.000548985766641094","46530560","0.00561163391566128","63971328","0.000821187819618724","10563584"
"1781210509","2026-06-11 20:41:49","2026-06-12 04:41:49","0","0.00974714093142567","23937024","0.00390798531766965","12865536","0.00431857704290451","63766528","0.000700467768163659","13049856","0.00154677642714271","7221248","0.000489972445189871","45944832","0.00577336703871133","64532480","0.00060457078805608","10559488"
"1781210524","2026-06-11 20:42:04","2026-06-12 04:42:04","0","0.00963742972858497","23937024","0.00408551654778167","12967936","0.00338897667161968","63766528","0.000600016345878823","13045760","0.00149462763986659","7221248","0.000451011235955067","46227456","0.00429421893612565","64532480","0.00018180000000001","10559488"
"1781210539","2026-06-11 20:42:19","2026-06-12 04:42:19","0","0.0104210324950264","23592960","0.00505080041066185","13004800","0.00478057436566853","63827968","0.00071760669097148","13049856","0.00157818848084119","7217152","0.000330183199021582","46227456","0.00583544511084265","64761856","0.000674650655021868","10625024"
"1781210554","2026-06-11 20:42:34","2026-06-12 04:42:34","0","0.0109899434084797","23842816","0.00418967777173975","12623872","0.00509353025413064","63778816","0.00069905623840682","13049856","0.00184059917657019","7737344","0.000633613999689633","46813184","0.00606580993520506","64565248","0.000723530571560028","10625024"
"1781210569","2026-06-11 20:42:49","2026-06-12 04:42:49","0","0.00915933389147868","23687168","0.00482681808255077","12988416","0.00467737898045798","63864832","0.000773490738074668","13049856","0.00220850890703557","7221248","0.000524435151089008","47030272","0.00542442541335965","65400832","0.000681230076102055","10625024"
"1781210584","2026-06-11 20:43:04","2026-06-12 04:43:04","0","0.0119367931892026","23748608","0.00542096110915315","12722176","0.00602220809878336","63848448","0.000745304714449914","13049856","0.00166888736196277","7221248","0.000373645620016734","47030272","0.00710061485879405","64888832","0.00087380594142554","10436608"
"1781210599","2026-06-11 20:43:19","2026-06-12 04:43:19","0","0.00988507736272218","23748608","0.00588981481481476","12980224","0.00655998653069054","63815680","0.000588141407612909","13049856","0.00234535032132374","7479296","0.0005648410970831","47415296","0.00669784596790923","64888832","0.000965516455465441","10436608"
"1781210614","2026-06-11 20:43:34","2026-06-12 04:43:34","0","0.0135002296343077","23470080","0.00723123719911588","12587008","0.00708672379564259","64118784","0.000457969065232114","13049856","0.00248692715439154","7479296","0.000870024041503259","46698496","0.0080309239178093","65183744","0.00100920388608522","10436608"
"1781210629","2026-06-11 20:43:49","2026-06-12 04:43:49","0","0.0136482901174816","23654400","0.00656852700096428","12734464","0.00731353775016945","63815680","0.000457969065232114","13049856","0.00250244531627896","7479296","0.000683187118398292","46866432","0.00731128321943812","65146880","0.00115257612212724","10702848"
"1781210644","2026-06-11 20:44:04","2026-06-12 04:44:04","0","0.010618118277946","23654400","0.00678201002159115","12951552","0.00904515266324939","63844352","0.00109444483005945","13058048","0.00241134135514459","7217152","0.000711695906432754","47058944","0.00672821988489752","64843776","0.000684566666666697","10702848"
"1781210659","2026-06-11 20:44:19","2026-06-12 04:44:19","0","0.0136574390719022","24027136","0.00793034965034984","13103104","0.0101574862515522","63881216","0.000933693262062669","13058048","0.00305656611735189","7479296","0.00042352353873201","47222784","0.00652163139699836","65036288","0.00110583069982877","10706944"
"1781210674","2026-06-11 20:44:34","2026-06-12 04:44:34","0","0.0164757745632918","23617536","0.00959937441351252","12521472","0.0156693294049297","63864832","0.000509616880281199","13053952","0.00466202416229758","7217152","0.00127429480031389","47435776","0.0102035646902976","65720320","0.00113406222483127","10973184"
"1781210689","2026-06-11 20:44:49","2026-06-12 04:44:49","0","0.0291052395593125","23642112","0.011069036226931","12521472","0.0176585022350132","63864832","0.000979055948445432","13058048","0.00610637034742656","7479296","0.00142017236408828","47435776","0.0140373359644796","65163264","0.000867400553864653","10973184"
"1781210704","2026-06-11 20:45:04","2026-06-12 04:45:04","0","0.0328513120067383","23756800","0.0175519728813558","12804096","0.0203340888573022","63836160","0.000993345542550844","13058048","0.00576245071029","7217152","0.00296340420837812","47054848","0.020413333632428","65155072","0.00289245843030116","10452992"
"1781210719","2026-06-11 20:45:19","2026-06-12 04:45:19","0","0.0344986095760985","23552000","0.0197987378083764","12496896","0.0205484087319618","63848448","0.00490868343266951","13053952","0.0042884142705358","7217152","0.00233134829331676","47337472","0.0147260265759039","65155072","0.00318021709831343","10711040"
"1781210734","2026-06-11 20:45:34","2026-06-12 04:45:34","0","0.0333836927418775","23506944","0.0130162200350478","13209600","0.015756640922148","63848448","0.00455562700964633","13058048","0.00652777052216654","7737344","0.002035307889149","47607808","0.0205141192951412","65875968","0.00240520431593217","10452992"
"1781210749","2026-06-11 20:45:49","2026-06-12 04:45:49","0","0.0267062864219837","23506944","0.0151452416691684","12939264","0.0163379690556642","63836160","0.00145568564704028","13058048","0.00650234192037459","7475200","0.00185522788203756","47742976","0.0452727983154967","66457600","0.00204626438613107","10452992"
"1781210764","2026-06-11 20:46:04","2026-06-12 04:46:04","0","0.0311317365269465","23384064","0.0141837589398853","13082624","0.0110574694328023","63836160","0.00273445279063671","13328384","0.00559532139468709","7479296","0.00498560766494641","47267840","0.052715180778295","66371584","0.00226352128883782","10452992"
"1781210779","2026-06-11 20:46:19","2026-06-12 04:46:19","0","0.0358697994452736","23441408","0.0126789531494236","12541952","0.0188802483446962","63832064","0.00302588982586792","13496320","0.0059968608819226","7225344","0.00622023961254141","47546368","0.0392404733510687","66195456","0.00208673369586484","10452992"
"1781210794","2026-06-11 20:46:34","2026-06-12 04:46:34","0","0.0311505190763832","23556096","0.0119926511627905","13000704","0.0198520772569643","63795200","0.00320475500144967","13541376","0.00436694767813162","7225344","0.00623195103165911","47751168","0.0156061705257644","66973696","0.00285620704120818","10776576"
"1781210809","2026-06-11 20:46:49","2026-06-12 04:46:49","0","0.0273571167918256","24117248","0.0129670444879632","13160448","0.0141203256998784","63836160","0.00283343240208708","13533184","0.00584410573946172","7479296","0.0031837717820114","47972352","0.0153706293706299","66801664","0.00285620704120818","10776576"
"1781210824","2026-06-11 20:47:04","2026-06-12 04:47:04","0","0.022949671772429","23851008","0.0127699071468765","12677120","0.0132854844591923","63836160","0.00201127578546839","13533184","0.0055115566037736","7479296","0.00190537255378636","47972352","0.0120242855430717","66801664","0.00140581414888245","10797056"
"1781210839","2026-06-11 20:47:19","2026-06-12 04:47:19","0","0.0231771226485194","23851008","0.00996575313657676","12677120","0.0139182302062541","63807488","0.00437198418462042","13238272","0.00441597714275736","7479296","0.00191482460683041","48209920","0.0171355701036557","67117056","0.00237629125959685","10526720"
"1781210854","2026-06-11 20:47:34","2026-06-12 04:47:34","0","0.028781930882932","24100864","0.0132553266602981","12656640","0.0135872224201405","63864832","0.00420712073623402","13234176","0.00552565251377472","7479296","0.00147516954130396","48467968","0.0189262608121215","66646016","0.00229203594348022","10526720"
"1781210869","2026-06-11 20:47:49","2026-06-12 04:47:49","0","0.0242729418611124","24100864","0.0129390346996954","13041664","0.0125563166366204","63864832","0.00227855436245293","13234176","0.00546337493217589","7217152","0.00315587010824314","47939584","0.0169041402788832","67432448","0.00288570230273015","10526720"
"1781210884","2026-06-11 20:48:04","2026-06-12 04:48:04","0","0.024970864877004","23207936","0.00744354999999999","13041664","0.0158180177441725","63864832","0.00322469227209624","12861440","0.00577054636591471","7217152","0.00280765565760395","48078848","0.0205746059247819","67289088","0.003285393858478","10641408"
"1781210899","2026-06-11 20:48:19","2026-06-12 04:48:19","0","0.0282560889789054","23588864","0.0120929244444445","13549568","0.0168113536316944","63864832","0.00314759204536381","12861440","0.00590927849722501","7217152","0.00309191813383829","48365568","0.0170843036617125","66924544","0.00307672198226872","10641408"
"1781210914","2026-06-11 20:48:34","2026-06-12 04:48:34","0","0.0260156947639015","23969792","0.0122980633079066","12566528","0.0153103096210469","63864832","0.00296496000536104","12861440","0.00460443718445758","7217152","0.00164601119588478","48545792","0.0155666658549054","67231744","0.00271332515560401","10641408"
"1781210929","2026-06-11 20:48:49","2026-06-12 04:48:49","0","0.0260979479315002","24522752","0.00919583951333785","12996608","0.013568812679083","63836160","0.00224055984454591","12890112","0.00934777196208813","7737344","0.00149151178694991","48828416","0.0147469986223184","67108864","0.00215921179883945","10641408"
"1781210944","2026-06-11 20:49:04","2026-06-12 04:49:04","0","0.0250720849811811","23187456","0.012024772931041","13139968","0.0156179107773851","63836160","0.00242994574640631","12894208","0.00795263293103463","7737344","0.00117076167076165","49012736","0.0159902150006739","67518464","0.00205349297241019","10698752"
"1781210959","2026-06-11 20:49:19","2026-06-12 04:49:19","0","0.0265492773658414","23277568","0.0122937160310828","12730368","0.0119777824355383","63836160","0.00144288746321933","12894208","0.00588985166691136","7217152","0.000784343517003023","49012736","0.0165508788159117","67125248","0.00217346365576897","10698752"
"1781210974","2026-06-11 20:49:34","2026-06-12 04:49:34","0","0.026663920957277","23597056","0.0119141390770264","12902400","0.0152835552427319","64139264","0.00179117889839416","12935168","0.00570941093893413","7479296","0.00185567814854676","48525312","0.0166054387405021","67715072","0.0022203457025055","10711040"
"1781210989","2026-06-11 20:49:49","2026-06-12 04:49:49","0","0.0256203376259431","23240704","0.0106146381354777","12902400","0.0131282191320425","63877120","0.00135900232181807","12926976","0.00585918903018509","7217152","0.00235486642861238","48832512","0.012900594339131","67715072","0.00200882836617529","10706944"
"1781211004","2026-06-11 20:50:04","2026-06-12 04:50:04","0","0.0261024737945495","23703552","0.010877220248668","12591104","0.00990940866693779","63873024","0.00154904429143973","12926976","0.00585918903018509","7217152","0.00156582500000004","48832512","0.0172768921684594","67080192","0.00230445985049532","10731520"
"1781211019","2026-06-11 20:50:19","2026-06-12 04:50:19","0","0.0261239071072469","23433216","0.010981230448384","12976128","0.0127333641210799","63877120","0.000985793643566127","12922880","0.00580587974998624","7217152","0.00238406192314153","49143808","0.0189483641308697","67256320","0.00248925101040503","10731520"
"1781211034","2026-06-11 20:50:34","2026-06-12 04:50:34","0","0.0256147104162078","23838720","0.00878537407983313","12668928","0.0177393319862112","63922176","0.00120447607023985","12926976","0.00601643361299774","7479296","0.00150640119462422","49373184","0.0117516250000001","67256320","0.00299158339898003","10731520"
"1781211049","2026-06-11 20:50:49","2026-06-12 04:50:49","0","0.0202231746094018","23838720","0.0108758632165738","12947456","0.0173470081499934","63987712","0.00238355380059234","13066240","0.00574238493601888","7479296","0.00248584809089979","48926720","0.016414383308715","67682304","0.00402539893098195","10780672"
"1781211064","2026-06-11 20:51:04","2026-06-12 04:51:04","0","0.0192159137801305","24653824","0.00895997982946734","13348864","0.0178330456019202","63930368","0.00239697430696419","13066240","0.00590493088585007","7217152","0.00246594713903592","49123328","0.0146044949797192","67604480","0.00455017006802725","10825728"
"1781211079","2026-06-11 20:51:19","2026-06-12 04:51:19","0","0.0195910156992839","23818240","0.00984503662018472","13271040","0.0138803956834532","63889408","0.00329879434221034","13070336","0.00577103402084194","7479296","0.00281869783720719","49422336","0.0116898379236625","67403776","0.00479873800176762","10825728"
"1781211094","2026-06-11 20:51:34","2026-06-12 04:51:34","0","0.0146080499999997","23818240","0.00807640153179738","12529664","0.013502218374635","63918080","0.00237311232133937","12767232","0.00514640656278203","7479296","0.00170978567273702","49651712","0.0125911618818578","67575808","0.00278231590359438","10825728"
"1781211109","2026-06-11 20:51:49","2026-06-12 04:51:49","0","0.0156118012977488","23859200","0.00748076093432195","12677120","0.00992437884773505","64425984","0.00213840807905308","13025280","0.00364440096259816","7217152","0.0011639474434786","49651712","0.00874660845158313","68378624","0.00199952775354878","10825728"
"1781211124","2026-06-11 20:52:04","2026-06-12 04:52:04","0","0.0118733499242593","23764992","0.00381445091135021","12677120","0.00807644381223389","64425984","0.000776425872616051","12767232","0.00201719414511954","7217152","0.000967389347529739","49991680","0.00712103340142146","68378624","0.0008237421900691","10825728"
"1781211139","2026-06-11 20:52:19","2026-06-12 04:52:19","0","0.00784249729326816","23367680","0.00406315678022152","12599296","0.0049673941625031","63881216","0.000533327449639258","12771328","0.00166961866047243","7217152","0.000475671807918535","49311744","0.00557215596203314","68071424","0.000658727337362273","10825728"
"1781211154","2026-06-11 20:52:34","2026-06-12 04:52:34","0","0.00928566408345205","23429120","0.00427222676587356","12435456","0.00347374177901249","63881216","0.000577707175006633","12898304","0.00168360695053086","7479296","0.000394198444069868","49311744","0.00552127659574423","68415488","0.000672844326382","10862592"
"1781211169","2026-06-11 20:52:49","2026-06-12 04:52:49","0","0.00938544474393549","23834624","0.0033494757982718","12431360","0.00525890328124539","63881216","0.000560147925593286","12898304","0.00168495709786037","7217152","0.001024479550479","49700864","0.00525686531449424","68018176","0.000728578847152485","10854400"
"1781211184","2026-06-11 20:53:04","2026-06-12 04:53:04","0","0.00972878301762435","23687168","0.00441335190630983","12718080","0.00572507083942446","63909888","0.000668231296434971","12902400","0.00122179678140238","7217152","0.00113151158932551","50028544","0.00394527741852793","68018176","0.000761979117674745","10858496"
"1781211199","2026-06-11 20:53:19","2026-06-12 04:53:19","0","0.00805094952067007","23687168","0.00457882877756806","12718080","0.00486247077786973","63873024","0.000654883163571007","12898304","0.00167158104684382","7479296","0.000582365003417686","50241536","0.00511090238641929","68247552","0.00069279669279668","11132928"
"1781211214","2026-06-11 20:53:34","2026-06-12 04:53:34","0","0.00965658787364815","23576576","0.00509617322698615","12959744","0.00618777556210061","63918080","0.000775068115308292","12898304","0.00171970802919717","7737344","0.000550936228992409","50622464","0.00507426742369424","68857856","0.000777376703439305","10670080"
"1781211229","2026-06-11 20:53:49","2026-06-12 04:53:49","0","0.00923458945502282","24166400","0.00445624217246526","12742656","0.0053794470486835","63918080","0.00110084471564138","13176832","0.00176607142857149","7479296","0.000638809749920894","50085888","0.00388303204111896","68841472","0.000802198069394805","10670080"
"1781211244","2026-06-11 20:54:04","2026-06-12 04:54:04","0","0.00757790130534083","23601152","0.0020417333333332","12742656","0.00636311572381179","63877120","0.00112308963238332","13185024","0.0017687464345328","7217152","0.000576734148597214","50200576","0.00481614717883083","68841472","0.000740332127968257","10670080"
"1781211259","2026-06-11 20:54:19","2026-06-12 04:54:19","0","0.00900637681159375","23822336","0.00400408154010093","12951552","0.006112281894403","63913984","0.00083841303205464","13217792","0.00164590103997392","7221248","0.000529074509427667","50368512","0.00495557337317971","69091328","0.000722792564427582","10932224"
"1781211274","2026-06-11 20:54:34","2026-06-12 04:54:34","0","0.00887912621359233","23433216","0.00395935386433783","13135872","0.00397323216482886","63913984","0.000300638572204097","13217792","0.00158503876667862","7479296","0.000287182016191993","50630656","0.00509735629396051","69357568","0.00066721071454281","10670080"
"1781211289","2026-06-11 20:54:49","2026-06-12 04:54:49","0","0.00927695282434412","23724032","0.00467288401756249","12636160","0.00538924056212881","63934464","0.000553861840428262","12972032","0.00155914459556186","7217152","0.000338167770419462","50835456","0.0040796009368347","69484544","0.000703510358434743","10940416"
"1781211304","2026-06-11 20:55:04","2026-06-12 04:55:04","0","0.00918856863702969","23851008","0.00430879143936228","12832768","0.00527365396627145","63934464","0.000703937847513171","12972032","0.00162624000770487","7475200","0.000340887050487834","51077120","0.00648273834232701","69746688","0.000562023738747498","10940416"
"1781211319","2026-06-11 20:55:19","2026-06-12 04:55:19","0","0.00886494371833594","23580672","0.00442461035422341","12775424","0.0048935969868172","63942656","0.000370483042477945","12972032","0.00164625238309454","7217152","0.000445064906809786","50794496","0.00794308562146594","69746688","0.000689308249819332","10706944"
"1781211334","2026-06-11 20:55:34","2026-06-12 04:55:34","0","0.0084373670455242","23580672","0.00359086647638498","12791808","0.00478489427352717","63946752","0.000496346010440003","12972032","0.00157069285700613","7217152","0.000386393763059168","50786304","0.00711123859330803","69574656","0.000640684583257674","10702848"
"1781211349","2026-06-11 20:55:49","2026-06-12 04:55:49","0","0.00728901058613257","23556096","0.00379084820974213","13217792","0.00375864386597657","63897600","0.000479607929391257","13111296","0.00153544214817944","7217152","0.000447367243770402","51101696","0.00414268344258882","69840896","0.000469298877136366","10702848"
"1781211364","2026-06-11 20:56:04","2026-06-12 04:56:04","0","0.00638088254899309","23678976","0.00322841712334194","13238272","0.00436806704933598","63909888","0.000463397270304892","13103104","0.00138334462145523","7479296","0.000340558635840543","51277824","0.00375692245111415","70180864","0.000532705601447999","10969088"
"1781211379","2026-06-11 20:56:19","2026-06-12 04:56:19","0","0.00720389186669796","23449600","0.00374675374715835","12697600","0.00462439461574273","63897600","0.000616943359374976","13103104","0.00146668341823339","7217152","0.000440323227208444","51585024","0.00383588103731916","70352896","0.000625824627303678","10792960"
"1781211394","2026-06-11 20:56:34","2026-06-12 04:56:34","0","0.00743386009503821","23617536","0.0035271408175752","12697600","0.00491030106311237","63959040","0.000560908510685064","13103104","0.00128343135205691","7479296","0.000412414877983165","51900416","0.0039468408939044","69976064","0.000461529532163683","10792960"
"1781211409","2026-06-11 20:56:49","2026-06-12 04:56:49","0","0.00884047587457457","23400448","0.00412449445401029","12627968","0.00572154395191609","63926272","0.000746223052113442","12910592","0.00149962179817784","7479296","0.000458884224157729","51232768","0.00418429466683749","69976064","0.000718892491640517","10792960"
"1781211424","2026-06-11 20:57:04","2026-06-12 04:57:04","0","0.00838468687446384","23650304","0.00376135593220326","12713984","0.00475687805360728","63926272","0.000507959649787471","12910592","0.00151845643764964","7737344","0.000346871282021425","51232768","0.00290267886507662","69976064","0.000616467883316544","10792960"
"1781211439","2026-06-11 20:57:19","2026-06-12 04:57:19","0","0.0083388146149877","24076288","0.00289874502801817","12898304","0.00405190966063614","63889408","0.000580630830741902","12914688","0.00152188260230748","7217152","0.000692737752161409","51871744","0.00493230196923584","70557696","0.000623059153776358","10862592"
"1781211454","2026-06-11 20:57:34","2026-06-12 04:57:34","0","0.00825757867076775","24076288","0.00279651540688306","12898304","0.00348069416157483","63864832","0.000345802899451621","12910592","0.00155466102774455","7737344","0.00055220017256257","51945472","0","70557696","0.000589800975141824","10858496"
"1781211469","2026-06-11 20:57:49","2026-06-12 04:57:49","0","0.00833019658743718","23928832","0.00366554182927927","12779520","0.00335143147220842","63889408","0.000456744212862905","12918784","0.00158256187221704","7479296","0.000256809953960937","52125696","0.00469237908263472","70717440","0.000638777585072695","10858496"
"1781211484","2026-06-11 20:58:04","2026-06-12 04:58:04","0","0.00836322979708087","23515136","0.00388736931502016","13750272","0.00333933049207219","63889408","0.000559319332084637","13000704","0.00156577125450009","7217152","0.000412848175017837","52416512","0.00470718754546803","70287360","0.000667301767472013","10862592"
"1781211499","2026-06-11 20:58:19","2026-06-12 04:58:19","0","0.00682123195134532","23564288","0.00414878120945884","13094912","0.0044402502982423","63889408","0.000629989417989411","12992512","0.00152447172706879","7217152","0.000546510927810232","52588544","0.00423337791265435","70508544","0.000666606166481426","10858496"
"1781211514","2026-06-11 20:58:34","2026-06-12 04:58:34","0","0.00763744933410546","23781376","0.00392946043903424","12603392","0.00404054753551469","63889408","0.000481095687419631","12992512","0.00156425487249226","7217152","0.000584589484589465","51896320","0.00463227550305331","71049216","0.000501780869806679","10858496"
"1781211529","2026-06-11 20:58:49","2026-06-12 04:58:49","0","0.0075333152342542","23711744","0.0037782588202434","12648448","0.00413030618214899","63889408","0.000336753024695359","12992512","0.00157397683953105","7479296","0.000449916634603061","52092928","0.00432624228645656","71053312","0.000516407646816133","10858496"
"1781211544","2026-06-11 20:59:04","2026-06-12 04:59:04","0","0.00709705135715675","23531520","0.00313716105215306","12648448","0.00469961961799914","63889408","0.000394034569117704","13099008","0.00160485250552839","7479296","0.000299629859530544","52305920","0.00392136948616009","70782976","0.000525561867127683","10858496"
"1781211559","2026-06-11 20:59:19","2026-06-12 04:59:19","0","0.00610308240230417","23531520","0.00388163175303211","13012992","0.00532357736833549","63889408","0.000430655486941239","13099008","0.00156222738221816","7479296","0.000220778871112604","52305920","0.00407151512528688","70795264","0.000382098936245852","10858496"
"1781211574","2026-06-11 20:59:34","2026-06-12 04:59:34","0","0.00851887484712591","23715840","0.00399296667089102","13012992","0.00569095920203966","63918080","0.000640126656622685","13099008","0.00158350440509788","7483392","0.000337423454118507","52740096","0.00435060634820227","70696960","0.00060187222197284","10858496"
"1781211589","2026-06-11 20:59:49","2026-06-12 04:59:49","0","0.00855994862213904","23568384","0.00429048600883657","12591104","0.00517514612248177","63881216","0.000561733759532277","13099008","0.00156028624819496","7217152","0.00032561135689628","52895744","0.00456151719901755","70696960","0.000623207641077845","10858496"
"1781211604","2026-06-11 21:00:04","2026-06-12 05:00:04","0","0.00728418304871682","23674880","0.00401546735905051","12881920","0.00486289387497669","63885312","0.000302771257401178","13099008","0.00157773767295213","7229440","0.000243276974454655","52584448","0.0053061022256575","71294976","0.000500045777764203","10858496"
"1781211619","2026-06-11 21:00:19","2026-06-12 05:00:19","0","0.00903632682229674","23187456","0.00402074668003029","12931072","0.0047925851042787","63913984","0.000510175733978743","13078528","0.00158251439282376","7229440","0.000429106761895916","54259712","0.00607324584587797","69636096","0.00068438344446821","10825728"
"1781211634","2026-06-11 21:00:34","2026-06-12 05:00:34","0","0.00924781547889218","23187456","0.00439435477490307","12627968","0.00542312184586891","63909888","0.000850210970464099","13082624","0.00167522514963366","7213056","0.000491513348887743","54554624","0.00512007156210278","70057984","0.000601530864885001","10825728"
"1781211649","2026-06-11 21:00:49","2026-06-12 05:00:49","0","0.00989198825503349","23420928","0.00460231571945298","12627968","0.00578753224001222","63926272","0.000840139451615911","13086720","0.0011332197142856","7213056","0.000563324196177172","54779904","0.0061425776754893","70258688","0.000879857679383227","10842112"
"1781211664","2026-06-11 21:01:04","2026-06-12 05:01:04","0","0.00671766021713425","23420928","0.00455961816887909","12898304","0.0058524730684583","63926272","0.000678025154583915","13086720","0.00168729703915952","7213056","0.000715243066306904","55123968","0.00536275158272682","70332416","0.000657237050410346","10842112"
"1781211679","2026-06-11 21:01:19","2026-06-12 05:01:19","0","0.00900372892347561","23240704","0.00416402310245246","12754944","0.00541963331952651","63897600","0.00048386570723853","13086720","0.0016822201782935","7475200","0.000662143893026602","55226368","0.00493748257773509","70123520","0.00055563299422478","10833920"
"1781211694","2026-06-11 21:01:34","2026-06-12 05:01:34","0","0.00930754532623997","23306240","0.00430551825702772","12566528","0.00546689953774349","64159744","0.000380428700555224","13086720","0.00143911411767813","7475200","0.00058114450391113","54661120","0.0050487185201696","69931008","0.00067029307282418","11091968"
"1781211709","2026-06-11 21:01:49","2026-06-12 05:01:49","0","0.00784078806653274","23285760","0.0043102503795887","12566528","0.00482101026449153","63905792","0.000426641253706066","13090816","0.00168610390857579","7213056","0.000307766494577978","54661120","0.00377187229439719","69931008","0.000606753434820616","10833920"
"1781211724","2026-06-11 21:02:04","2026-06-12 05:02:04","0","0.00869400461817587","23285760","0.00410048409211753","12967936","0.00474376695365007","63934464","0.000498722394597532","13090816","0.00171533231580417","7213056","0.000392315889178341","55095296","0.00498860887096766","70615040","0.000656617659761939","10833920"
"1781211739","2026-06-11 21:02:19","2026-06-12 05:02:19","0","0.00848479076479151","23490560","0.00264708020918036","12967936","0.004674922526245","63950848","0.000645963558983975","12992512","0.0016447892780016","7213056","0.000355435775218783","55283712","0.00445547902935149","70234112","0.000665485407980938","10833920"
"1781211754","2026-06-11 21:02:34","2026-06-12 05:02:34","0","0.00846332188872851","23166976","0.00429118755078426","12763136","0.00360552127646488","63950848","0.000816422037864286","12992512","0.00126871727333792","7213056","0.000327541014298507","55508992","0.00456097697138879","70217728","0.000675990629714953","10842112"
"1781211769","2026-06-11 21:02:49","2026-06-12 05:02:49","0","0.00907889107796164","23166976","0.00448716025572342","12812288","0.00583608505800596","63897600","0.000632623948295381","12992512","0.00165621703435305","7213056","0.00226276726724121","55181312","0.00471707554772568","70643712","0.000758802183791555","10842112"
"1781211784","2026-06-11 21:03:04","2026-06-12 05:03:04","0","0.0097915658879423","24506368","0.00454461244083241","12693504","0.00596854767651254","63897600","0.000998886897462477","12734464","0.00170940471997178","7213056","0.00315610510046367","55439360","0.00551631236788532","70684672","0.000713862182038516","10846208"
"1781211799","2026-06-11 21:03:19","2026-06-12 05:03:19","0","0.00695189695110878","24506368","0.00491553186903611","12689408","0.00612855661498809","64208896","0.000950964765100703","12734464","0.00142695884974379","7213056","0.00290195494236014","55590912","0.00543872997149341","70500352","0.000856890418284503","10846208"
"1781211814","2026-06-11 21:03:34","2026-06-12 05:03:34","0","0.00972907768129558","23420928","0.00472218742471682","13119488","0.0058483966595567","63918080","0.00123694081415092","12734464","0.00135830442671276","7213056","0.000329756697074076","55590912","0.00529320174491467","70877184","0.000635978009310989","10846208"
"1781211829","2026-06-11 21:03:49","2026-06-12 05:03:49","0","0.00953229118719743","23588864","0.00438287820689362","13303808","0.00419430823232336","63881216","0.00105145456069756","12738560","0.00183800308933322","7217152","0.000686071528006273","56143872","0.00360957809840737","70877184","0.000806296205458817","10846208"
"1781211844","2026-06-11 21:04:04","2026-06-12 05:04:04","0","0.00587330000000037","23588864","0.00498176260616253","12546048","0.00502212121212137","63881216","0.000998889238185036","12734464","0.00140555036948285","7217152","0.000768995201466039","55558144","0.00493184044163448","70995968","0.000793821084259638","10846208"
"1781211859","2026-06-11 21:04:19","2026-06-12 05:04:19","0","0.00991080197860711","23982080","0.00480582652254166","12644352","0.00474701635479598","63881216","0.00068134652410449","12734464","0.00172379406307976","7733248","0.00063315042457314","56119296","0.00495910349713391","71360512","0.000854272320105919","10854400"
"1781211874","2026-06-11 21:04:34","2026-06-12 05:04:34","0","0.00960430166827505","23314432","0.00474586990501375","12677120","0.0044318497122972","63897600","0.000539179063239095","12804096","0.00169689975672136","7475200","0.000529529569623334","56086528","0.00351390000000009","71360512","0.000874789158714352","10969088"
"1781211889","2026-06-11 21:04:49","2026-06-12 05:04:49","0","0.00793313055632699","23384064","0.00456059131659058","13107200","0.00386283337569106","63852544","0.000605933274358687","12804096","0.00138299156532258","7475200","0.000490833670578757","56320000","0.00534781402692757","71254016","0.000815133347116","10969088"
"1781211904","2026-06-11 21:05:04","2026-06-12 05:05:04","0","0.00898645487473617","23412736","0.00447125863072954","12836864","0.00452413151146878","63881216","0.000446434616686695","12804096","0.00166957419947209","7475200","0.000358765074770917","56578048","0.00555612757790829","71798784","0.000729002773862054","10969088"
"1781211919","2026-06-11 21:05:19","2026-06-12 05:05:19","0","0.00895869280502181","23490560","0.00447339348591551","13139968","0.0037636205437496","63881216","0.000657081249226741","12804096","0.00166535530427343","7733248","0.000371048590386266","56578048","0.00495632765186905","71995392","0.000752506750957719","10723328"
"1781211934","2026-06-11 21:05:34","2026-06-12 05:05:34","0","0.0083821745602897","23490560","0.00442776074785275","12558336","0.00253881458387147","63881216","0.000566774999999975","12804096","0.00119170260807551","7733248","0.000412190812720783","56037376","0.00495370718111892","71692288","0.000748243856376258","10723328"
"1781211949","2026-06-11 21:05:49","2026-06-12 05:05:49","0","0.00928924361104523","23588864","0.00442616092595164","12558336","0.00569524717166699","63893504","0.000727030878859878","12816384","0.00168340857787795","7475200","0.000614285315544131","56602624","0.00476023314094779","72540160","0.000810704418200915","10723328"
"1781211964","2026-06-11 21:06:04","2026-06-12 05:06:04","0","0.0086362991927926","23404544","0.00338729443146916","12558336","0.00293298005178752","63942656","0.00051404081811604","12804096","0.00167642758951763","7733248","0.000471230014093427","56627200","0.0049642654566082","72196096","0.000594707384131941","10723328"
"1781211979","2026-06-11 21:06:19","2026-06-12 05:06:19","0","0.00501372499999917","23404544","0.00361394561172042","12550144","0.00564835916734711","64008192","0.000653234421364945","12869632","0.00162788520687902","7475200","0.000471230014093427","56627200","0.00493061181210918","71864320","0.00069473532914459","10731520"
"1781211994","2026-06-11 21:06:34","2026-06-12 05:06:34","0","0.00793106257430947","23810048","0.00375281362932373","12562432","0.00504817304984535","63979520","0.000458973391691366","12869632","0.00165176608234331","7475200","0.000316669585011322","56922112","0.00489596951149106","71782400","0.000685727671066846","10731520"
"1781212009","2026-06-11 21:06:49","2026-06-12 05:06:49","0","0.00876994397201426","23281664","0.00378107791850186","12562432","0.00704831259066965","64004096","0.000639892060488197","12869632","0.00184875101087247","7213056","0.000416721058565254","57090048","0.00458105656494554","72196096","0.000727250601692884","10731520"
"1781212024","2026-06-11 21:07:04","2026-06-12 05:07:04","0","0.0163857074493531","23248896","0.00804350739819764","12439552","0.00801494476933039","64016384","0.000574715797726392","12865536","0.00277934933087222","7475200","0.00100888868256068","56664064","0.00298636512194586","72196096","0.00120370068204804","11001856"
"1781212039","2026-06-11 21:07:19","2026-06-12 05:07:19","0","0.0179019689619598","23220224","0.0145645354084843","12468224","0.01227244226397","64045056","0.00158415551215278","12869632","0.00338127179387825","7733248","0.00107795054551466","56664064","0.0101453004054549","71946240","0.00171778669328268","10747904"
"1781212054","2026-06-11 21:07:34","2026-06-12 05:07:34","0","0.014901698639176","23220224","0.0102299419311617","12337152","0.0132898616520514","64024576","0.00246337648968599","13135872","0.00268808557339557","7733248","0.00151170630339413","56774656","0.0192692191459189","72482816","0.0014500185039061","10747904"
"1781212069","2026-06-11 21:07:49","2026-06-12 05:07:49","0","0.0282276938639448","23203840","0.012669675693748","12582912","0.0137638934560999","63991808","0.00268541926295173","13127680","0.00615307447837513","7475200","0.00147221452967787","56930304","0.0227059342382113","72294400","0.00206003670366166","10747904"
"1781212084","2026-06-11 21:08:04","2026-06-12 05:08:04","0","0.0269961730153076","23048192","0.0119270969087216","12972032","0.0098181856134647","63991808","0.00225504019258045","13127680","0.00632171947831825","7479296","0.00250190845651854","57344000","0.024476435342515","72482816","0.00279109830886454","10833920"
"1781212099","2026-06-11 21:08:19","2026-06-12 05:08:19","0","0.0182843026638549","22949888","0.0114634705841464","13324288","0.0124092700212615","63987712","0.00308308233439123","13127680","0.00522338311453692","7213056","0.00298447284493797","57344000","0.0172014381856738","72404992","0.00262473358320751","10833920"
"1781212114","2026-06-11 21:08:34","2026-06-12 05:08:34","0","0.0164005429420371","22949888","0.0102869914403465","13008896","0.0131959582138252","64221184","0.0047682442808991","13131776","0.00579864984460853","7475200","0.00284553540133191","57659392","0.0170445334204934","72425472","0.00247201553924161","10833920"
"1781212129","2026-06-11 21:08:49","2026-06-12 05:08:49","0","0.0206856627901982","23150592","0.0106526868357107","13295616","0.00684866666666627","64221184","0.00495271268314107","13127680","0.0058813095780733","7213056","0.00107453448876505","57659392","0.0168893070706686","73670656","0.00229049403957231","10833920"
"1781212144","2026-06-11 21:09:04","2026-06-12 05:09:04","0","0.0165477415180417","23150592","0.0101550064302773","12443648","0.015005110195155","64020480","0.0039507819585463","13127680","0.00583789910105385","7475200","0.00225029846057177","57528320","0.0173752326387623","72638464","0.00211254217397688","10833920"
"1781212159","2026-06-11 21:09:19","2026-06-12 05:09:19","0","0.0227676555788636","23588864","0.0103512715340443","12644352","0.0135864422104064","64016384","0.00263939059699438","12804096","0.0050955290249052","7213056","0.0027669850810347","57675776","0.0147973788952533","72478720","0.00280603211460155","10977280"
"1781212174","2026-06-11 21:09:34","2026-06-12 05:09:34","0","0.0241194365003705","23764992","0.0104519866128892","12537856","0.00970832253067373","64012288","0.00223919905544449","12804096","0.00487316145153037","7213056","0.00269331172018808","57909248","0.0103619977545132","72478720","0.00263230143480433","10977280"
"1781212189","2026-06-11 21:09:49","2026-06-12 05:09:49","0","0.0235536866424359","23322624","0.00983259179088443","12591104","0.0136612150035504","64008192","0.00232299758190495","12808192","0.00540425880425885","7475200","0.00444096305382872","58310656","0.0146905340446882","72937472","0.0028634916592385","10985472"
"1781212204","2026-06-11 21:10:04","2026-06-12 05:10:04","0","0.0239468557595169","23965696","0.0111557760029461","12615680","0.014331594448401","64012288","0.00242515905793056","12812288","0.0058395652449459","7475200","0.00339100697906278","58478592","0.0157248532794461","73596928","0.00197473851977284","10608640"
"1781212219","2026-06-11 21:10:19","2026-06-12 05:10:19","0","0.0211815498713487","23478272","0.00929348477811782","12926976","0.0131912860074485","64008192","0.00261464014763174","12816384","0.0048360752238437","7217152","0.00288763834080399","58478592","0.00958652500000028","73596928","0.00194901919592706","10608640"
"1781212234","2026-06-11 21:10:34","2026-06-12 05:10:34","0","0.0217759508632698","23281664","0.00830285578309588","12926976","0.0122848837209305","63971328","0.00213375302484945","12816384","0.00486072695600462","7213056","0.00119065379985399","58040320","0.0133898152725966","73056256","0.00186979920405209","10612736"
"1781212249","2026-06-11 21:10:49","2026-06-12 05:10:49","0","0.0207096874101269","23056384","0.0110497227003252","12746752","0.0120888296379462","63971328","0.00133519603022037","12816384","0.00432827585077901","7213056","0.00117717800062677","58273792","0.0145644729155335","73203712","0.00174625904754477","10936320"
"1781212264","2026-06-11 21:11:04","2026-06-12 05:11:04","0","0.0177093774044723","23056384","0.0101673985283645","12845056","0.0147936106053703","64233472","0.000747388101643434","12816384","0.00528917032709763","7475200","0.000704537988102894","58445824","0.0160855612943119","73375744","0.00151477532938494","10936320"
"1781212279","2026-06-11 21:11:19","2026-06-12 05:11:19","0","0.0257994388416857","23515136","0.00617419999999988","12845056","0.0130940176615096","63942656","0.00402125632433148","12853248","0.00510702173093826","7741440","0.000989622922721492","58630144","0.0204700763484117","72957952","0.00201609682299549","10936320"
"1781212294","2026-06-11 21:11:34","2026-06-12 05:11:34","0","0.0260629328515506","23736320","0.0114238063285774","12865536","0.0113813671521153","63942656","0.00472909828986011","12898304","0.00482918279694157","7729152","0.00139285679248946","59043840","0.0181519427112876","73412608","0.00183143658897811","10944512"
"1781212309","2026-06-11 21:11:49","2026-06-12 05:11:49","0","0.0129568999999985","23736320","0.0119860578516308","12865536","0.0111376476085295","63942656","0.00341137895521373","12898304","0.00454324597701151","7475200","0.0048533725778759","58310656","0.0172421066336827","73318400","0.0028804054979679","10768384"
"1781212324","2026-06-11 21:12:04","2026-06-12 05:12:04","0","0.0244334704749219","23523328","0.0110219381360646","12845056","0.0114947427830853","63987712","0.00333309193149869","12898304","0.0048837705861602","7213056","0.00432934543128572","58421248","0.0166252968277484","73871360","0.00239442009752482","10764288"
"1781212339","2026-06-11 21:12:19","2026-06-12 05:12:19","0","0.0258891522718743","23261184","0.0125106334324261","12746752","0.0130857119035051","64266240","0.00289978119951736","12898304","0.00491940771500384","7213056","0.00445118793160147","58679296","0.0169783819924227","73502720","0.00275298910636789","10764288"
"1781212354","2026-06-11 21:12:34","2026-06-12 05:12:34","0","0.0261275231088475","23142400","0.0104352682199863","12836864","0.0135296766743649","64008192","0.00276318458417849","12898304","0.00354587213322087","7213056","0.00215196479511733","58880000","0.0167332427719884","73367552","0.00207271887077801","10768384"
"1781212369","2026-06-11 21:12:49","2026-06-12 05:12:49","0","0.0204755955370057","23142400","0.0125483058906894","12685312","0.0143396457326891","64008192","0.00326971808380062","12910592","0.00533341950494406","7475200","0.0023937262026711","59236352","0.0113468906126701","73367552","0.00266931284135655","10768384"
"1781212384","2026-06-11 21:13:04","2026-06-12 05:13:04","0","0.0245059794092522","23429120","0.0122892510882471","13512704","0.0143856136704765","63979520","0.00334242633050952","12910592","0.00341410747377622","7213056","0.00180369641927458","59236352","0.0162037257348458","73691136","0.00237564912584386","10768384"
"1781212399","2026-06-11 21:13:19","2026-06-12 05:13:19","0","0.0232680066585502","23371776","0.0114045116965949","12800000","0.0158951008147305","64282624","0.00356466554818003","12910592","0.0038862","7213056","0.001943728347259","58675200","0.015402693689071","74043392","0.00234874351270144","11096064"
"1781212414","2026-06-11 21:13:34","2026-06-12 05:13:34","0","0.0187089480180539","23236608","0.0112908093566763","12652544","0.0148789985821664","63979520","0.00339937914008463","12967936","0.00681925599378481","7475200","0.00162918115960977","58937344","0.0127248568619516","73797632","0.00192171508209575","11087872"
"1781212429","2026-06-11 21:13:49","2026-06-12 05:13:49","0","0.0226501065676426","23228416","0.00921310922720792","12652544","0.0145704183621069","64008192","0.0020749442184014","12967936","0.00751538289181125","7213056","0.00114440323463246","59199488","0.0146495129137009","74211328","0.00175060610219107","11087872"
"1781212444","2026-06-11 21:14:04","2026-06-12 05:14:04","0","0.024401801314585","23580672","0.0109673726080413","12369920","0.0134281011116873","64049152","0.00204601689800849","12967936","0.00855141139305002","7213056","0.00177910158476801","59465728","0.0167170258490831","74317824","0.00220478579175703","11505664"
"1781212459","2026-06-11 21:14:19","2026-06-12 05:14:19","0","0.0256921447484553","23715840","0.00948017888692556","12492800","0.0158440045750568","64286720","0.00147352139987994","13168640","0.00638017282176219","7475200","0.00186327416838822","59637760","0.038545333507945","75177984","0.00194663961111354","10719232"
"1781212474","2026-06-11 21:14:34","2026-06-12 05:14:34","0","0.0274622812888426","23330816","0.00857194182622955","12976128","0.0188745459058191","64049152","0.0018596768036646","13176832","0.00429135808027374","7213056","0.00192569883837097","59265024","0.0322924176675012","74190848","0.00208669394890545","10715136"
"1781212489","2026-06-11 21:14:49","2026-06-12 05:14:49","0","0.0229824475345508","23355392","0.0105073350733507","12791808","0.0179336705778635","64053248","0.00190574797177723","13176832","0.00375864050556739","7475200","0.00107359907328881","59420672","0.0395316480611874","74190848","0.00161775104010005","10760192"
"1781212504","2026-06-11 21:15:04","2026-06-12 05:15:04","0","0.0247939428981587","23556096","0.0110360719415727","13299712","0.0159816595596552","64303104","0.00205414694502817","13713408","0.0044270290534208","7475200","0.00113183850745627","59629568","0.0134065965859773","74579968","0.00219236115707952","10756096"
"1781212519","2026-06-11 21:15:19","2026-06-12 05:15:19","0","0.0192368990183251","23556096","0.011849581855764","13246464","0.0109624479805093","64303104","0.00297349218168278","12996608","0.00474243236003221","7475200","0.000590631345176188","59629568","0.0154874260141475","74723328","0.00191511490939997","10756096"
"1781212534","2026-06-11 21:15:34","2026-06-12 05:15:34","0","0.0263447593053439","23588864","0.0120769977942815","12967936","0.0164350977978391","64258048","0.00360914239482201","12996608","0.00477466859801587","7475200","0.00151260846411673","59953152","0.0138576390042364","74289152","0.00370611794386629","10747904"
"1781212549","2026-06-11 21:15:49","2026-06-12 05:15:49","0","0.025900002651745","23732224","0.0129248536523288","12967936","0.0168837698131823","64024576","0.00384672421425412","12996608","0.00492177937328354","7475200","0.00125096692258851","60108800","0.0181073165278634","74706944","0.00519377431906618","10752000"
"1781212564","2026-06-11 21:16:04","2026-06-12 05:16:04","0","0.0256561327377145","23293952","0.0113127105666157","13295616","0.0170435085762099","63950848","0.0048549978010932","13332480","0.00517093509514266","7475200","0.00190933131847379","59621376","0.0189461145774249","74821632","0.00396051579900891","10747904"
"1781212579","2026-06-11 21:16:19","2026-06-12 05:16:19","0","0.0238055596987099","23453696","0.010654540527018","12660736","0.0153229551635171","64233472","0.00477702964145484","13340672","0.00485289532293999","7475200","0.00194797711154097","60243968","0.0171523766693386","74575872","0.00342454559340155","10747904"
"1781212594","2026-06-11 21:16:34","2026-06-12 05:16:34","0","0.0211695801880548","23490560","0.00972841768286272","12939264","0.0145848450633545","63905792","0.00462538258274243","13340672","0.00492647344454747","7737344","0.00208924859744323","60321792","0.0153630410477552","74575872","0.00195844843897819","10821632"
"1781212609","2026-06-11 21:16:49","2026-06-12 05:16:49","0","0.026747091418858","23883776","0.00955127522064436","13430784","0.0102904105267899","63905792","0.00316604637277343","13164544","0.00479101482424523","7213056","0.00150469886930137","60526592","0.0146350258599458","74960896","0.00177843066545044","10821632"
"1781212624","2026-06-11 21:17:04","2026-06-12 05:17:04","0","0.0287806387419301","24215552","0.00997443278022348","12505088","0.00987902220004982","63905792","0.00207732639924973","13164544","0.00564177887527373","7475200","0.000937492415460392","60526592","0.0150182111000997","74838016","0.00177612109401557","10825728"
"1781212639","2026-06-11 21:17:19","2026-06-12 05:17:19","0","0.0286007159271698","24141824","0.0101595334764282","12959744","0.0117053742802304","63918080","0.00189798669391656","13176832","0.00565442905366078","7737344","0.00125851637869951","60825600","0.0120324870652598","75128832","0.00145280688876394","10821632"
"1781212654","2026-06-11 21:17:34","2026-06-12 05:17:34","0","0.0170377356554187","24141824","0.0109088940746266","12730368","0.0139884949249074","63938560","0.00199140171201468","12881920","0.00569317988788862","7475200","0.00190633455508439","60477440","0.0114551965611567","75128832","0.00207311586051748","10579968"
"1781212669","2026-06-11 21:17:49","2026-06-12 05:17:49","0","0.0242033211449334","23130112","0.0121540426453078","12943360","0.0143777599265551","63938560","0.001952833291416","12881920","0.00520713777325868","7475200","0.00172123672584178","60657664","0.0154800623564161","75743232","0.00202081874169786","10579968"
"1781212684","2026-06-11 21:18:04","2026-06-12 05:18:04","0","0.0222119208307772","23273472","0.0111673495322187","12947456","0.012697634499624","63971328","0.00170938710759943","12881920","0.00554730192719487","7729152","0.00224723565087457","60932096","0.0141026237063391","74981376","0.00144045100294725","10579968"
"1781212699","2026-06-11 21:18:19","2026-06-12 05:18:19","0","0.0264312485221096","23134208","0.0112737067158548","12918784","0.00748917452004936","63971328","0.000748143658129961","12881920","0.00526011358875288","7213056","0.00139700554528651","61100032","0.0130121093945873","75046912","0.00156447722749087","10579968"
"1781212714","2026-06-11 21:18:34","2026-06-12 05:18:34","0","0.0250207533486901","23162880","0.00977545270808239","13467648","0.0134945449707292","63991808","0.0011758941803623","13012992","0.00592841356141978","7213056","0.00206438443643662","61358080","0.015079131781802","75304960","0.0016377671191812","10813440"
"1781212729","2026-06-11 21:18:49","2026-06-12 05:18:49","0","0.026294258612082","23470080","0.0105345684976273","13467648","0.0152793869391378","63991808","0.00127213250254323","13012992","0.006645879977172","7213056","0.00167690900165126","61599744","0.0107724054139519","75751424","0.00156316537053399","10813440"
"1781212744","2026-06-11 21:19:04","2026-06-12 05:19:04","0","0.0232553716026618","23470080","0.00990575528546604","12922880","0.0152968380780921","63991808","0.00149734856650143","13012992","0.00677513136458538","7475200","0.00173391190437203","60940288","0.0118801225939776","75517952","0.00206983362521895","10973184"
"1781212759","2026-06-11 21:19:19","2026-06-12 05:19:19","0","0.023089698997913","24489984","0.0098811671484103","12984320","0.012944864543019","63963136","0.00143907944828113","13012992","0.0057964338433423","7213056","0.00149051066327529","61079552","0.0111323807627199","75456512","0.00206947971845293","10973184"
"1781212774","2026-06-11 21:19:34","2026-06-12 05:19:34","0","0.0210449333746517","23216128","0.00909253193739666","12668928","0.0103023100674725","64200704","0.0031212322630985","13017088","0.00467404849135414","7475200","0.00148542985232065","61333504","0.0128553058387395","75816960","0.00255753692827899","10727424"
"1781212789","2026-06-11 21:19:49","2026-06-12 05:19:49","0","0.0211010274369735","23314432","0.0112878014295814","12681216","0.00918838400260081","63934464","0.00234839560943891","13012992","0.00466953126752991","7475200","0.00208469251336901","61644800","0.0137308278769394","75915264","0.00228147448430393","10743808"
"1781212804","2026-06-11 21:20:04","2026-06-12 05:20:04","0","0.0163522555788011","23314432","0.0144255764275804","13008896","0.0108755975952562","63938560","0.0024141653839576","12767232","0.00497134450872766","7213056","0.00218267842330027","61644800","0.0157562472686824","75567104","0.00131724534029615","10743808"
"1781212819","2026-06-11 21:20:19","2026-06-12 05:20:19","0","0.0253775157372108","23478272","0.0148833174046938","13262848","0.0117423779771692","64204800","0.00167599214145386","13021184","0.00500135897261674","7471104","0.0018579083837511","61939712","0.0178045315396883","75829248","0.00158240137372312","10788864"
"1781212834","2026-06-11 21:20:34","2026-06-12 05:20:34","0","0.017871259223745","23478272","0.0153435209600731","12394496","0.0132426255267481","63897600","0.00212306904754737","13021184","0.00501021964612565","7213056","0.00193044543088927","62218240","0.0199921064648704","76324864","0.00179313290058077","10858496"
"1781212849","2026-06-11 21:20:49","2026-06-12 05:20:49","0","0.0320510737693488","23265280","0.0137116939764151","12451840","0.0138230992196211","64176128","0.00158576166485231","12759040","0.00485609945920058","7213056","0.00147007394514767","61620224","0.0218575251991104","76255232","0.00223113207547177","11005952"
"1781212864","2026-06-11 21:21:04","2026-06-12 05:21:04","0","0.0314503554959899","23580672","0.0136560754189942","12451840","0.0140800909491658","64540672","0.00107990419649912","12759040","0.00459807338868111","7213056","0.00129744173158065","61620224","0.017986904948325","75890688","0.00341934899814923","11149312"
"1781212879","2026-06-11 21:21:19","2026-06-12 05:21:19","0","0.0334547336597545","23588864","0.0146643992225904","12546048","0.0161768165857808","63995904","0.00174507955551747","12828672","0.00485665726155832","7213056","0.00165726848528362","62529536","0.016762517293145","75890688","0.00376319546261286","10764288"
"1781212894","2026-06-11 21:21:34","2026-06-12 05:21:34","0","0.0308892868906453","23289856","0.013923513104839","12726272","0.013251048401818","63995904","0.00174286746117733","12832768","0.00467272457060358","7475200","0.00220595257042817","62435328","0.0136822753995962","76238848","0.00368593452838587","10768384"
"1781212909","2026-06-11 21:21:49","2026-06-12 05:21:49","0","0.0275685815904439","23179264","0.0051493000000003","12726272","0.0166664908049439","64000000","0.00220565992437428","12832768","0.00498678583646949","7483392","0.00218935799018205","62681088","0.0127347432942633","76238848","0.00216043998127735","10764288"
"1781212924","2026-06-11 21:22:04","2026-06-12 05:22:04","0","0.0222629432657426","23339008","0.00996034816247598","12849152","0.0138741926194092","64000000","0.00138164464428568","12828672","0.00470852989927317","7213056","0.00218472697088872","62795776","0.0115470009788103","76591104","0.0014997156137839","10801152"
"1781212939","2026-06-11 21:22:19","2026-06-12 05:22:19","0","0.0206157289596376","23150592","0.00938977731923293","12869632","0.0133723090533765","63963136","0.00132260969220692","12959744","0.00469236790606646","7213056","0.00103755576304595","62296064","0.0132427159495904","76189696","0.0014950077592012","10801152"
"1781212954","2026-06-11 21:22:34","2026-06-12 05:22:34","0","0.0204400698004143","23334912","0.00460576666666649","12869632","0.0171907199702146","63991808","0.00139928667989753","12959744","0.00436544353934677","7213056","0.000803975842979365","62500864","0.00858840000000001","76189696","0.00161507532440411","10801152"
"1781212969","2026-06-11 21:22:49","2026-06-12 05:22:49","0","0.0229717379289561","23314432","0.010757681343047","12783616","0.0156334266060836","63991808","0.00141007636616088","12955648","0.0047658101137622","7213056","0.00100543595158482","62898176","0.0139097097659541","76853248","0.00136202525028098","10805248"
"1781212984","2026-06-11 21:23:04","2026-06-12 05:23:04","0","0.0251493236766425","23719936","0.0122325894644872","12890112","0.017512253331271","63963136","0.00117075689466647","12959744","0.00501651635795307","7213056","0.00107173306668065","62898176","0.00993773853000532","76853248","0.000958766011339127","10805248"
"1781212999","2026-06-11 21:23:19","2026-06-12 05:23:19","0","0.0263809786080937","23687168","0.00836847499999998","12890112","0.0159323747152621","63991808","0.00221764929175076","12992512","0.00498620442889515","7213056","0.000880193788609642","63283200","0.0131045882017671","77115392","0.00254341303754887","10805248"
"1781213014","2026-06-11 21:23:34","2026-06-12 05:23:34","0","0.0256529539920537","23552000","0.0130808479005227","13066240","0.0158080039417502","64000000","0.00272601898380792","13090816","0.00468857411576931","7213056","0.00147811989505473","62963712","0.0156454501021947","77119488","0.00289585305813295","10809344"
"1781213029","2026-06-11 21:23:49","2026-06-12 05:23:49","0","0.0246000570880986","23543808","0.0126478482285314","12627968","0.0148992613828667","64000000","0.00355704880570223","13090816","0.00476550131926109","7475200","0.00123065090385895","63168512","0.014918387089163","77770752","0.0015506437292591","10825728"
"1781213044","2026-06-11 21:24:04","2026-06-12 05:24:04","0","0.0214486365260193","23576576","0.00989330705023574","13918208","0.0111977234227161","64229376","0.00185824298307835","13090816","0.0048514187762098","7475200","0.00140680599798","63279104","0.0189395782413457","78200832","0.00196676035225784","11022336"
"1781213059","2026-06-11 21:24:19","2026-06-12 05:24:19","0","0.0206773925597776","23580672","0.00929879874042686","12664832","0.0104114838794058","63971328","0.00112544970019984","13090816","0.00372405168032627","7733248","0.00102975358266341","63561728","0.0170125632748882","77803520","0.00188727780931999","11038720"
"1781213074","2026-06-11 21:24:34","2026-06-12 05:24:34","0","0.0224646580648069","23232512","0.00934748225254704","13611008","0.0101951064505877","63979520","0.00160679957900892","13099008","0.00489721446789714","7729152","0.0014843078335629","63873024","0.0178375918489032","77881344","0.00190938744876158","11038720"
"1781213089","2026-06-11 21:24:49","2026-06-12 05:24:49","0","0.0234837438914932","23511040","0.0102124583272939","12873728","0.0101744556191184","63971328","0.00229927911017029","13099008","0.00480967238689546","7479296","0.00153292719087798","63873024","0.0155719093311084","77881344","0.00489608177172062","10805248"
"1781213104","2026-06-11 21:25:04","2026-06-12 05:25:04","0","0.0236644918895806","23523328","0.0123486190420699","13062144","0.0117007999302514","64000000","0.00242572679692917","13103104","0.00477012539795979","7213056","0.030941139518814","64307200","0.0148767056808449","78319616","0.00511043407438695","10854400"
"1781213119","2026-06-11 21:25:19","2026-06-12 05:25:19","0","0.0259260530354711","22990848","0.0120958043222716","12800000","0.0126472676644626","63963136","0.00270064957712088","13185024","0.00455444395196177","7475200","0.0338469220277861","64495616","0.0128514148241495","78233600","0.00196366579226433","10862592"
"1781213134","2026-06-11 21:25:34","2026-06-12 05:25:34","0","0.0270857403533755","23035904","0.0102633218875046","12967936","0.0106858753906699","63963136","0.00179681585478399","13185024","0.00487715560557957","7213056","0.00116432606634221","63754240","0.0123003510617658","77946880","0.00308935629876911","10874880"
"1781213149","2026-06-11 21:25:49","2026-06-12 05:25:49","0","0.0274611550253409","22577152","0.00926259966175383","13197312","0.0115233360807749","63934464","0.00252886291397514","13189120","0.00552183622306034","7475200","0.00179979421356452","63979520","0.0168050830784642","73789440","0.00277254401967921","10874880"
"1781213164","2026-06-11 21:26:04","2026-06-12 05:26:04","0","0.0230135603526905","22577152","0.00960353380158047","13361152","0.0102704313589","63963136","0.00187012322274885","13193216","0.00555943735538717","7475200","0.0014398039679298","64122880","0.0180688198172058","73719808","0.00323705971696523","10874880"
"1781213179","2026-06-11 21:26:19","2026-06-12 05:26:19","0","0.0220082059123347","23277568","0.00974050720758228","12898304","0.00841986287128713","63963136","0.000835962925467616","13193216","0.00549371747130941","7213056","0.00141131495062528","64270336","0.0202523587123465","73719808","0.00170913900036484","10874880"
"1781213194","2026-06-11 21:26:34","2026-06-12 05:26:34","0","0.0224489928341703","23752704","0.0116172805253058","13766656","0.00959876277446661","63975424","0.00142593907680811","13201408","0.00508670899281645","7213056","0.000701086438578035","64569344","0.0213099545024946","74665984","0.000705466666666628","10874880"
"1781213209","2026-06-11 21:26:49","2026-06-12 05:26:49","0","0.0132873999999996","23752704","0.0132519404190407","12726272","0.0107863861450994","63975424","0.0017423443724599","13205504","0.00561558722413216","7475200","0.000950631268436632","64819200","0.0194007834724618","74293248","0.00184592145015104","10874880"
"1781213224","2026-06-11 21:27:04","2026-06-12 05:27:04","0","0.025700745072149","23207936","0.0138431200123113","13230080","0.0119058475928081","64032768","0.00310821127754036","13008896","0.00631330842997314","7213056","0.00117999463303366","65167360","0.0200860739642289","75591680","0.0027134030517461","10878976"
"1781213239","2026-06-11 21:27:19","2026-06-12 05:27:19","0","0.0274627733064321","23662592","0.0121324339146648","13369344","0.017470506308373","63971328","0.00276419354099334","13008896","0.00471241805455098","7213056","0.00109566154057714","64372736","0.0226550628820474","75055104","0.00265920024513561","11063296"
"1781213254","2026-06-11 21:27:34","2026-06-12 05:27:34","0","0.0219071998424177","23662592","0.0109384077519044","12898304","0.015999430628139","64000000","0.00372097504767958","13008896","0.00513809633459631","7213056","0.00124829553360235","64589824","0.0323334668240453","75161600","0.00265307546219141","10571776"
"1781213269","2026-06-11 21:27:49","2026-06-12 05:27:49","0","0.0244845610797588","23613440","0.0108932209491943","12644352","0.0159163389637111","63975424","0.00298037408389912","13012992","0.00452478617559785","7471104","0.00115416541868131","64987136","0.0266354832938229","75542528","0.00226905996282891","10731520"
"1781213284","2026-06-11 21:28:04","2026-06-12 05:28:04","0","0.023667636901826","23932928","0.0117757415837856","12644352","0.0141239262075768","64000000","0.00367890639227827","13168640","0.00539504395043936","7475200","0.00124860473769067","65249280","0.0276033273782938","75649024","0.00242810500440961","10731520"
"1781213299","2026-06-11 21:28:19","2026-06-12 05:28:19","0","0.0245343375637528","23478272","0.0108080303470005","12587008","0.0151497954514611","64032768","0.00247933526402686","13168640","0.00525488294508982","7475200","0.00126076681742244","64696320","0.0195404068295826","75292672","0.00230961953038515","10731520"
"1781213314","2026-06-11 21:28:34","2026-06-12 05:28:34","0","0.0264471112514694","23371776","0.0118964818399178","13099008","0.0162089407191451","63938560","0.0023752396166134","13172736","0.00563749844996487","7475200","0.00114217113892527","64917504","0.0202006649595241","76079104","0.00188165127217087","10731520"
"1781213329","2026-06-11 21:28:49","2026-06-12 05:28:49","0","0.0262234027897362","23588864","0.00920729999999992","13099008","0.0142962022638312","63950848","0.00219162543179907","13180928","0.00582124745351314","7213056","0.00145227406275706","65077248","0.01975625699311","76079104","0.00220561249128074","10579968"
"1781213344","2026-06-11 21:29:04","2026-06-12 05:29:04","0","0.0261815326633167","24211456","0.0117272960756113","12898304","0.0147712405896117","63950848","0.0026467672798714","13193216","0.00560432669697447","7475200","0.00103078680393588","65077248","0.0210762761384029","76460032","0.00194727480693907","10579968"
"1781213359","2026-06-11 21:29:19","2026-06-12 05:29:19","0","0.018286646774953","24211456","0.0099534164295715","12906496","0.0119431241655538","63967232","0.00252989489803016","13193216","0.00562203983052581","7475200","0.00194647088165609","65372160","0.0197634570737896","76271616","0.00298881308432684","10584064"
"1781213374","2026-06-11 21:29:34","2026-06-12 05:29:34","0","0.0201900119562211","23572480","0.00850085439779351","12849152","0.0120676499325364","64000000","0.00310803959439887","13213696","0.00523798561968906","7475200","0.00180265995686554","65646592","0.0139494941214973","76877824","0.00239634445992281","10584064"
"1781213389","2026-06-11 21:29:49","2026-06-12 05:29:49","0","0.0224336598397149","23625728","0.0103341924228305","12910592","0.0120907574237549","64008192","0.00239054896593677","13201408","0.00555693858041911","7213056","0.00185833157466308","65925120","0.0169629071872929","76857344","0.00181446124763712","10678272"
"1781213404","2026-06-11 21:30:04","2026-06-12 05:30:04","0","0.0189424294647143","23625728","0.0107058177546225","12869632","0.0142612941481677","64065536","0.00270376945893866","13254656","0.00527251259445856","7213056","0.00211877394636018","65347584","0.0166050286830224","76857344","0.00169628589510326","10678272"
"1781213419","2026-06-11 21:30:19","2026-06-12 05:30:19","0","0.0234938712710491","23752704","0.0117149638485373","13049856","0.0130847822892685","64032768","0.00136596008429401","13254656","0.00547689447326609","7475200","0.00266416309012881","65540096","0.0164202204991524","78299136","0.00175150114246235","10678272"
"1781213434","2026-06-11 21:30:34","2026-06-12 05:30:34","0","0.0204088353054389","23752704","0.011932699341624","12926976","0.00869868332066274","64032768","0.00295771920908055","13295616","0.00624003009781799","7217152","0.00225764170278673","65540096","0.0185764767352324","77094912","0.00328804714402355","10977280"
"1781213449","2026-06-11 21:30:49","2026-06-12 05:30:49","0","0.0272863373386745","23994368","0.0126160345397457","12947456","0.0149983638952039","63987712","0.00323029511502159","13275136","0.00752445364154848","7217152","0.00189286837553068","66121728","0.0200424118687898","77926400","0.00353197195976833","10977280"
"1781213464","2026-06-11 21:31:04","2026-06-12 05:31:04","0","0.0267111884791895","23465984","0.0138840240152294","12697600","0.0164883376902344","63975424","0.00309092371415934","13279232","0.00625562458815774","7475200","0.00108774118105632","66285568","0.019093400117855","78184448","0.00380491403787256","11083776"
"1781213479","2026-06-11 21:31:19","2026-06-12 05:31:19","0","0.0252007647234392","23609344","0.014936468200271","12804096","0.014913562877556","64008192","0.0020056992348039","13279232","0.00518891694282263","7213056","0.00108946886454027","66449408","0.018100741881","78172160","0.00188488803870823","11264000"
"1781213494","2026-06-11 21:31:34","2026-06-12 05:31:34","0","0.0291999921037561","23875584","0.0123893767537049","12804096","0.0175831763250549","64270336","0.0025152336389236","13037568","0.00414816248583491","7475200","0.00196732708329451","65945600","0.0126120158091512","78172160","0.00206034576492341","11264000"
"1781213509","2026-06-11 21:31:49","2026-06-12 05:31:49","0","0.0189203250000006","23875584","0.0129888535810315","12910592","0.0168818617417194","64012288","0.00392268272372043","13041664","0.00542068515909234","7213056","0.001995472771957","66154496","0.0170870123438675","78786560","0.00175058770849657","11264000"
"1781213524","2026-06-11 21:32:04","2026-06-12 05:32:04","0","0.0226851917179987","23572480","0.0125341039334745","13017088","0.0108413647001302","64012288","0.00377217230557583","13037568","0.00388739299242418","7213056","0.0020128550316821","66473984","0.0156373298329557","79331328","0.00245808523606355","10788864"
"1781213539","2026-06-11 21:32:19","2026-06-12 05:32:19","0","0.0278293654874535","23392256","0.0145681277607879","13049856","0.0184315888002603","64020480","0.00298596913647802","13053952","0.00567292835101467","7475200","0.00130412416332972","66473984","0.0128561860782792","78819328","0.0021385636306831","10788864"
"1781213554","2026-06-11 21:32:34","2026-06-12 05:32:34","0","0.0244134934295849","24162304","0.0130944429342548","13320192","0.0216392032729123","64020480","0.00187257928118394","13053952","0.00515472157067154","7475200","0.00151352356965004","66682880","0.0148643330406322","79355904","0.00244232290136708","10756096"
"1781213569","2026-06-11 21:32:49","2026-06-12 05:32:49","0","0.0259216410209379","23293952","0.00986792050447501","13320192","0.0121426130444117","64290816","0.00190427734721649","13053952","0.00461412840343857","7479296","0.00223882375765638","66211840","0.0159699269180817","79818752","0.00163944006162513","10756096"
"1781213584","2026-06-11 21:33:04","2026-06-12 05:33:04","0","0.0211309203554253","23515136","0.0091895848910971","13398016","0.0137314863943","64020480","0.00155181166317658","13053952","0.00475978170382014","7475200","0.00186709965172799","66396160","0.00901576348855043","79818752","0.00135522356775025","10756096"
"1781213599","2026-06-11 21:33:19","2026-06-12 05:33:19","0","0.0154919251688088","23515136","0.0101855041172927","13176832","0.0119912075489815","64008192","0.00228046770601335","13058048","0.00480663838569141","7471104","0.00223572337717434","66662400","0.0148877480501532","79306752","0.0021369221668216","10768384"
"1781213614","2026-06-11 21:33:34","2026-06-12 05:33:34","0","0.0221780617725065","23703552","0.011624059654217","12648448","0.0148328066436394","64004096","0.00239197721926463","13053952","0.00882980615329905","7737344","0.00199968390066577","66908160","0.0143021534897689","80031744","0.00213797801798531","10768384"
"1781213629","2026-06-11 21:33:49","2026-06-12 05:33:49","0","0.021996893313563","23212032","0.00752619115745037","12648448","0.0157849295512384","64000000","0.00242304758999392","13053952","0.00899660659231524","7475200","0.00225775346530066","67051520","0.0130483169294377","80465920","0.00110392500000005","10768384"
"1781213644","2026-06-11 21:34:04","2026-06-12 05:34:04","0","0.0216669628999617","23470080","0.0102925860250054","12890112","0.0150858188145538","64311296","0.00129825547302583","13049856","0.0112336485292674","7475200","0.00175502886660589","67313664","0.00936841971540022","80465920","0.00214116359657124","10932224"
"1781213659","2026-06-11 21:34:19","2026-06-12 05:34:19","0","0.0258018628124016","24088576","0.0125003525402487","13213696","0.0138044299527769","64028672","0.000892567489706825","13049856","0.00505130033557042","7213056","0.0016378261364931","66629632","0.0177634329494139","81199104","0.00191662593015037","10997760"
"1781213674","2026-06-11 21:34:34","2026-06-12 05:34:34","0","0.0211642488885028","24088576","0.0146501828312722","12750848","0.0138627842690887","64028672","0.00180339547097211","13258752","0.00632332211713341","7475200","0.00119565115834733","66629632","0.0198477187626699","80875520","0.00140736279687453","11001856"
"1781213689","2026-06-11 21:34:49","2026-06-12 05:34:49","0","0.0263514369374261","23040000","0.0124773334315766","12931072","0.0119410323355053","64028672","0.00167254738648699","13250560","0.00435839999999992","7475200","0.00131660333544442","66940928","0.0150587883076589","81227776","0.00165567525742516","11005952"
"1781213704","2026-06-11 21:35:04","2026-06-12 05:35:04","0","0.023808342221972","23191552","0.0122042215019328","13185024","0.0135525910017076","64028672","0.00103813104189041","13254656","0.00543647911352842","7475200","0.000871881104873981","67149824","0.0142657810474954","80879616","0.00214653299583447","10682368"
"1781213719","2026-06-11 21:35:19","2026-06-12 05:35:19","0","0.0214272388616676","23621632","0.0116928470974299","13139968","0.011638650607978","64032768","0.000851053703668458","13254656","0.00458358709837796","7475200","0.000919833578525031","67383296","0.0144307580888256","81629184","0.00203940348741453","10682368"
"1781213734","2026-06-11 21:35:34","2026-06-12 05:35:34","0","0.0174019984556037","23621632","0.011930841164976","12513280","0.0142472186759073","64065536","0.00102780819774714","13250560","0.00489184906111715","7475200","0.00099877022780063","67694592","0.0158499416428541","81903616","0.00190046263560879","10682368"
"1781213749","2026-06-11 21:35:49","2026-06-12 05:35:49","0","0.0299163449718568","23150592","0.0116795903755611","12840960","0.016339016930857","64057344","0.00138939844653781","13250560","0.0034276371063071","7475200","0.00109621349185837","67076096","0.018829630918547","82714624","0.00199519508831248","10682368"
"1781213764","2026-06-11 21:36:04","2026-06-12 05:36:04","0","0.0265180747994573","23760896","0.0113194911993844","12787712","0.0152933495236313","64036864","0.00208983609128697","13283328","0.00444437872738918","7475200","0.000843982236722862","67174400","0.0184907802982276","82714624","0.00245311190245603","10686464"
"1781213779","2026-06-11 21:36:19","2026-06-12 05:36:19","0","0.0178606844180813","23330816","0.0119741912856906","12619776","0.0118312624215776","64036864","0.00211076856742482","13287424","0.00442360432863222","7213056","0.00168847092052894","67461120","0.0169560193170059","82456576","0.00268086516580873","10686464"
"1781213794","2026-06-11 21:36:34","2026-06-12 05:36:34","0","0.024651498599718","23007232","0.00884359087678948","12619776","0.014340143864664","63938560","0.00251562784487467","13303808","0.00362705602238071","7475200","0.00235341540247037","67858432","0.022690641717531","82788352","0.00279124214177324","10682368"
"1781213809","2026-06-11 21:36:49","2026-06-12 05:36:49","0","0.0279452698461011","23887872","0.0100334294994651","13205504","0.014696871577544","63934464","0.00259533755558551","13303808","0.00467140195155183","7475200","0.00261692675965566","67993600","0.0388958673349865","84000768","0.00210156081576339","10682368"
"1781213824","2026-06-11 21:37:04","2026-06-12 05:37:04","0","0.029992564011313","22650880","0.00968617603502666","13205504","0.013756761177754","63979520","0.00241815071374489","13303808","0.00486716458847618","7213056","0.00311843757265752","67510272","0.0378018547620433","83587072","0.00285766710353869","10682368"
"1781213839","2026-06-11 21:37:19","2026-06-12 05:37:19","0","0.0311529250979113","23306240","0.00881030298940447","13111296","0.0147056763626095","64016384","0.00255150698573563","13303808","0.00479557704678029","7475200","0.00212942947666449","67727360","0.0393554742875933","83787776","0.0018272804013993","10682368"
"1781213854","2026-06-11 21:37:34","2026-06-12 05:37:34","0","0.0266932905925828","24039424","0.0110741338951309","13107200","0.0168436995725162","64016384","0.00194278271224393","13303808","0.00471237125700877","7213056","0.00215156909828599","67903488","0.0141888715843131","83607552","0.00265361037270113","10682368"
"1781213869","2026-06-11 21:37:49","2026-06-12 05:37:49","0","0.0252495377991646","23134208","0.00740606420874514","13107200","0.0143112187024485","64212992","0.0019797414740375","13299712","0.00484738850725108","7991296","0.00143088806384162","68186112","0.00871951210938994","83607552","0.00224888331056884","10686464"
"1781213884","2026-06-11 21:38:04","2026-06-12 05:38:04","0","0.0151253395838195","23134208","0.0115669951153781","12808192","0.0147558675026356","63950848","0.00135889524220515","13303808","0.00478061361894301","7213056","0.00139000357533607","68186112","0.0132948390755701","83582976","0.00179585781607394","10686464"
"1781213899","2026-06-11 21:38:19","2026-06-12 05:38:19","0","0.0334221589407865","23982080","0.0117015934133451","13033472","0.0179542527748815","63950848","0.00181057831899631","13307904","0.00486137926400438","7475200","0.00223466893399936","68501504","0.0183391581660514","83922944","0.00200917798084426","10682368"
"1781213914","2026-06-11 21:38:34","2026-06-12 05:38:34","0","0.0316246656760767","23183360","0.00855913693207322","13033472","0.0154272227098541","63950848","0.00155871511654243","13307904","0.00384847343320302","7475200","0.00173464290725406","68804608","0.0154373650211472","83922944","0.00153842908441409","10682368"
