"time_utc","time_local","value","metric"
"2026-06-11 15:24:44","2026-06-11 23:24:44","1","__name__=kube_pod_status_ready;condition=true;instance=kube-state-metrics.monitoring.svc.cluster.local:8080;job=kube-state-metrics;namespace=online-boutique;pod=frontend-76c94f7cfb-jkmgk;uid=9e4174b2-637d-464e-877b-9bed13b96eaf"
"2026-06-11 15:24:59","2026-06-11 23:24:59","1","__name__=kube_pod_status_ready;condition=true;instance=kube-state-metrics.monitoring.svc.cluster.local:8080;job=kube-state-metrics;namespace=online-boutique;pod=frontend-76c94f7cfb-jkmgk;uid=9e4174b2-637d-464e-877b-9bed13b96eaf"
"2026-06-11 15:25:14","2026-06-11 23:25:14","1","__name__=kube_pod_status_ready;condition=true;instance=kube-state-metrics.monitoring.svc.cluster.local:8080;job=kube-state-metrics;namespace=online-boutique;pod=frontend-76c94f7cfb-jkmgk;uid=9e4174b2-637d-464e-877b-9bed13b96eaf"
"2026-06-11 15:25:29","2026-06-11 23:25:29","1","__name__=kube_pod_status_ready;condition=true;instance=kube-state-metrics.monitoring.svc.cluster.local:8080;job=kube-state-metrics;namespace=online-boutique;pod=frontend-76c94f7cfb-jkmgk;uid=9e4174b2-637d-464e-877b-9bed13b96eaf"
"2026-06-11 15:25:44","2026-06-11 23:25:44","1","__name__=kube_pod_status_ready;condition=true;instance=kube-state-metrics.monitoring.svc.cluster.local:8080;job=kube-state-metrics;namespace=online-boutique;pod=frontend-76c94f7cfb-jkmgk;uid=9e4174b2-637d-464e-877b-9bed13b96eaf"
"2026-06-11 15:25:59","2026-06-11 23:25:59","1","__name__=kube_pod_status_ready;condition=true;instance=kube-state-metrics.monitoring.svc.cluster.local:8080;job=kube-state-metrics;namespace=online-boutique;pod=frontend-76c94f7cfb-jkmgk;uid=9e4174b2-637d-464e-877b-9bed13b96eaf"
"2026-06-11 15:26:14","2026-06-11 23:26:14","1","__name__=kube_pod_status_ready;condition=true;instance=kube-state-metrics.monitoring.svc.cluster.local:8080;job=kube-state-metrics;namespace=online-boutique;pod=frontend-76c94f7cfb-jkmgk;uid=9e4174b2-637d-464e-877b-9bed13b96eaf"
"2026-06-11 15:26:29","2026-06-11 23:26:29","1","__name__=kube_pod_status_ready;condition=true;instance=kube-state-metrics.monitoring.svc.cluster.local:8080;job=kube-state-metrics;namespace=online-boutique;pod=frontend-76c94f7cfb-jkmgk;uid=9e4174b2-637d-464e-877b-9bed13b96eaf"
"2026-06-11 15:26:44","2026-06-11 23:26:44","1","__name__=kube_pod_status_ready;condition=true;instance=kube-state-metrics.monitoring.svc.cluster.local:8080;job=kube-state-metrics;namespace=online-boutique;pod=frontend-76c94f7cfb-jkmgk;uid=9e4174b2-637d-464e-877b-9bed13b96eaf"
"2026-06-11 15:26:59","2026-06-11 23:26:59","1","__name__=kube_pod_status_ready;condition=true;instance=kube-state-metrics.monitoring.svc.cluster.local:8080;job=kube-state-metrics;namespace=online-boutique;pod=frontend-76c94f7cfb-jkmgk;uid=9e4174b2-637d-464e-877b-9bed13b96eaf"
"2026-06-11 15:27:14","2026-06-11 23:27:14","1","__name__=kube_pod_status_ready;condition=true;instance=kube-state-metrics.monitoring.svc.cluster.local:8080;job=kube-state-metrics;namespace=online-boutique;pod=frontend-76c94f7cfb-jkmgk;uid=9e4174b2-637d-464e-877b-9bed13b96eaf"
"2026-06-11 15:27:29","2026-06-11 23:27:29","1","__name__=kube_pod_status_ready;condition=true;instance=kube-state-metrics.monitoring.svc.cluster.local:8080;job=kube-state-metrics;namespace=online-boutique;pod=frontend-76c94f7cfb-jkmgk;uid=9e4174b2-637d-464e-877b-9bed13b96eaf"
"2026-06-11 15:27:44","2026-06-11 23:27:44","1","__name__=kube_pod_status_ready;condition=true;instance=kube-state-metrics.monitoring.svc.cluster.local:8080;job=kube-state-metrics;namespace=online-boutique;pod=frontend-76c94f7cfb-jkmgk;uid=9e4174b2-637d-464e-877b-9bed13b96eaf"
"2026-06-11 15:27:59","2026-06-11 23:27:59","1","__name__=kube_pod_status_ready;condition=true;instance=kube-state-metrics.monitoring.svc.cluster.local:8080;job=kube-state-metrics;namespace=online-boutique;pod=frontend-76c94f7cfb-jkmgk;uid=9e4174b2-637d-464e-877b-9bed13b96eaf"
"2026-06-11 15:28:14","2026-06-11 23:28:14","1","__name__=kube_pod_status_ready;condition=true;instance=kube-state-metrics.monitoring.svc.cluster.local:8080;job=kube-state-metrics;namespace=online-boutique;pod=frontend-76c94f7cfb-jkmgk;uid=9e4174b2-637d-464e-877b-9bed13b96eaf"
"2026-06-11 15:28:29","2026-06-11 23:28:29","1","__name__=kube_pod_status_ready;condition=true;instance=kube-state-metrics.monitoring.svc.cluster.local:8080;job=kube-state-metrics;namespace=online-boutique;pod=frontend-76c94f7cfb-jkmgk;uid=9e4174b2-637d-464e-877b-9bed13b96eaf"
"2026-06-11 15:28:44","2026-06-11 23:28:44","1","__name__=kube_pod_status_ready;condition=true;instance=kube-state-metrics.monitoring.svc.cluster.local:8080;job=kube-state-metrics;namespace=online-boutique;pod=frontend-76c94f7cfb-jkmgk;uid=9e4174b2-637d-464e-877b-9bed13b96eaf"
"2026-06-11 15:28:59","2026-06-11 23:28:59","1","__name__=kube_pod_status_ready;condition=true;instance=kube-state-metrics.monitoring.svc.cluster.local:8080;job=kube-state-metrics;namespace=online-boutique;pod=frontend-76c94f7cfb-jkmgk;uid=9e4174b2-637d-464e-877b-9bed13b96eaf"
"2026-06-11 15:29:14","2026-06-11 23:29:14","1","__name__=kube_pod_status_ready;condition=true;instance=kube-state-metrics.monitoring.svc.cluster.local:8080;job=kube-state-metrics;namespace=online-boutique;pod=frontend-76c94f7cfb-jkmgk;uid=9e4174b2-637d-464e-877b-9bed13b96eaf"
"2026-06-11 15:29:29","2026-06-11 23:29:29","1","__name__=kube_pod_status_ready;condition=true;instance=kube-state-metrics.monitoring.svc.cluster.local:8080;job=kube-state-metrics;namespace=online-boutique;pod=frontend-76c94f7cfb-jkmgk;uid=9e4174b2-637d-464e-877b-9bed13b96eaf"
"2026-06-11 15:29:44","2026-06-11 23:29:44","1","__name__=kube_pod_status_ready;condition=true;instance=kube-state-metrics.monitoring.svc.cluster.local:8080;job=kube-state-metrics;namespace=online-boutique;pod=frontend-76c94f7cfb-jkmgk;uid=9e4174b2-637d-464e-877b-9bed13b96eaf"
"2026-06-11 15:29:59","2026-06-11 23:29:59","1","__name__=kube_pod_status_ready;condition=true;instance=kube-state-metrics.monitoring.svc.cluster.local:8080;job=kube-state-metrics;namespace=online-boutique;pod=frontend-76c94f7cfb-jkmgk;uid=9e4174b2-637d-464e-877b-9bed13b96eaf"
"2026-06-11 15:30:14","2026-06-11 23:30:14","1","__name__=kube_pod_status_ready;condition=true;instance=kube-state-metrics.monitoring.svc.cluster.local:8080;job=kube-state-metrics;namespace=online-boutique;pod=frontend-76c94f7cfb-jkmgk;uid=9e4174b2-637d-464e-877b-9bed13b96eaf"
"2026-06-11 15:30:29","2026-06-11 23:30:29","1","__name__=kube_pod_status_ready;condition=true;instance=kube-state-metrics.monitoring.svc.cluster.local:8080;job=kube-state-metrics;namespace=online-boutique;pod=frontend-76c94f7cfb-jkmgk;uid=9e4174b2-637d-464e-877b-9bed13b96eaf"
"2026-06-11 15:30:44","2026-06-11 23:30:44","1","__name__=kube_pod_status_ready;condition=true;instance=kube-state-metrics.monitoring.svc.cluster.local:8080;job=kube-state-metrics;namespace=online-boutique;pod=frontend-76c94f7cfb-jkmgk;uid=9e4174b2-637d-464e-877b-9bed13b96eaf"
"2026-06-11 15:30:59","2026-06-11 23:30:59","1","__name__=kube_pod_status_ready;condition=true;instance=kube-state-metrics.monitoring.svc.cluster.local:8080;job=kube-state-metrics;namespace=online-boutique;pod=frontend-76c94f7cfb-jkmgk;uid=9e4174b2-637d-464e-877b-9bed13b96eaf"
"2026-06-11 15:31:14","2026-06-11 23:31:14","1","__name__=kube_pod_status_ready;condition=true;instance=kube-state-metrics.monitoring.svc.cluster.local:8080;job=kube-state-metrics;namespace=online-boutique;pod=frontend-76c94f7cfb-jkmgk;uid=9e4174b2-637d-464e-877b-9bed13b96eaf"
"2026-06-11 15:31:29","2026-06-11 23:31:29","1","__name__=kube_pod_status_ready;condition=true;instance=kube-state-metrics.monitoring.svc.cluster.local:8080;job=kube-state-metrics;namespace=online-boutique;pod=frontend-76c94f7cfb-jkmgk;uid=9e4174b2-637d-464e-877b-9bed13b96eaf"
"2026-06-11 15:31:44","2026-06-11 23:31:44","1","__name__=kube_pod_status_ready;condition=true;instance=kube-state-metrics.monitoring.svc.cluster.local:8080;job=kube-state-metrics;namespace=online-boutique;pod=frontend-76c94f7cfb-jkmgk;uid=9e4174b2-637d-464e-877b-9bed13b96eaf"
"2026-06-11 15:31:59","2026-06-11 23:31:59","1","__name__=kube_pod_status_ready;condition=true;instance=kube-state-metrics.monitoring.svc.cluster.local:8080;job=kube-state-metrics;namespace=online-boutique;pod=frontend-76c94f7cfb-jkmgk;uid=9e4174b2-637d-464e-877b-9bed13b96eaf"
"2026-06-11 15:32:14","2026-06-11 23:32:14","1","__name__=kube_pod_status_ready;condition=true;instance=kube-state-metrics.monitoring.svc.cluster.local:8080;job=kube-state-metrics;namespace=online-boutique;pod=frontend-76c94f7cfb-jkmgk;uid=9e4174b2-637d-464e-877b-9bed13b96eaf"
"2026-06-11 15:32:29","2026-06-11 23:32:29","1","__name__=kube_pod_status_ready;condition=true;instance=kube-state-metrics.monitoring.svc.cluster.local:8080;job=kube-state-metrics;namespace=online-boutique;pod=frontend-76c94f7cfb-jkmgk;uid=9e4174b2-637d-464e-877b-9bed13b96eaf"
"2026-06-11 15:32:44","2026-06-11 23:32:44","1","__name__=kube_pod_status_ready;condition=true;instance=kube-state-metrics.monitoring.svc.cluster.local:8080;job=kube-state-metrics;namespace=online-boutique;pod=frontend-76c94f7cfb-jkmgk;uid=9e4174b2-637d-464e-877b-9bed13b96eaf"
"2026-06-11 15:32:59","2026-06-11 23:32:59","1","__name__=kube_pod_status_ready;condition=true;instance=kube-state-metrics.monitoring.svc.cluster.local:8080;job=kube-state-metrics;namespace=online-boutique;pod=frontend-76c94f7cfb-jkmgk;uid=9e4174b2-637d-464e-877b-9bed13b96eaf"
"2026-06-11 15:33:14","2026-06-11 23:33:14","1","__name__=kube_pod_status_ready;condition=true;instance=kube-state-metrics.monitoring.svc.cluster.local:8080;job=kube-state-metrics;namespace=online-boutique;pod=frontend-76c94f7cfb-jkmgk;uid=9e4174b2-637d-464e-877b-9bed13b96eaf"
"2026-06-11 15:33:29","2026-06-11 23:33:29","1","__name__=kube_pod_status_ready;condition=true;instance=kube-state-metrics.monitoring.svc.cluster.local:8080;job=kube-state-metrics;namespace=online-boutique;pod=frontend-76c94f7cfb-jkmgk;uid=9e4174b2-637d-464e-877b-9bed13b96eaf"
"2026-06-11 15:33:44","2026-06-11 23:33:44","1","__name__=kube_pod_status_ready;condition=true;instance=kube-state-metrics.monitoring.svc.cluster.local:8080;job=kube-state-metrics;namespace=online-boutique;pod=frontend-76c94f7cfb-jkmgk;uid=9e4174b2-637d-464e-877b-9bed13b96eaf"
"2026-06-11 15:33:59","2026-06-11 23:33:59","1","__name__=kube_pod_status_ready;condition=true;instance=kube-state-metrics.monitoring.svc.cluster.local:8080;job=kube-state-metrics;namespace=online-boutique;pod=frontend-76c94f7cfb-jkmgk;uid=9e4174b2-637d-464e-877b-9bed13b96eaf"
"2026-06-11 15:34:14","2026-06-11 23:34:14","1","__name__=kube_pod_status_ready;condition=true;instance=kube-state-metrics.monitoring.svc.cluster.local:8080;job=kube-state-metrics;namespace=online-boutique;pod=frontend-76c94f7cfb-jkmgk;uid=9e4174b2-637d-464e-877b-9bed13b96eaf"
"2026-06-11 15:34:29","2026-06-11 23:34:29","1","__name__=kube_pod_status_ready;condition=true;instance=kube-state-metrics.monitoring.svc.cluster.local:8080;job=kube-state-metrics;namespace=online-boutique;pod=frontend-76c94f7cfb-jkmgk;uid=9e4174b2-637d-464e-877b-9bed13b96eaf"
"2026-06-11 15:34:44","2026-06-11 23:34:44","1","__name__=kube_pod_status_ready;condition=true;instance=kube-state-metrics.monitoring.svc.cluster.local:8080;job=kube-state-metrics;namespace=online-boutique;pod=frontend-76c94f7cfb-jkmgk;uid=9e4174b2-637d-464e-877b-9bed13b96eaf"
"2026-06-11 15:34:59","2026-06-11 23:34:59","1","__name__=kube_pod_status_ready;condition=true;instance=kube-state-metrics.monitoring.svc.cluster.local:8080;job=kube-state-metrics;namespace=online-boutique;pod=frontend-76c94f7cfb-jkmgk;uid=9e4174b2-637d-464e-877b-9bed13b96eaf"
"2026-06-11 15:35:14","2026-06-11 23:35:14","1","__name__=kube_pod_status_ready;condition=true;instance=kube-state-metrics.monitoring.svc.cluster.local:8080;job=kube-state-metrics;namespace=online-boutique;pod=frontend-76c94f7cfb-jkmgk;uid=9e4174b2-637d-464e-877b-9bed13b96eaf"
"2026-06-11 15:35:29","2026-06-11 23:35:29","1","__name__=kube_pod_status_ready;condition=true;instance=kube-state-metrics.monitoring.svc.cluster.local:8080;job=kube-state-metrics;namespace=online-boutique;pod=frontend-76c94f7cfb-jkmgk;uid=9e4174b2-637d-464e-877b-9bed13b96eaf"
"2026-06-11 15:35:44","2026-06-11 23:35:44","1","__name__=kube_pod_status_ready;condition=true;instance=kube-state-metrics.monitoring.svc.cluster.local:8080;job=kube-state-metrics;namespace=online-boutique;pod=frontend-76c94f7cfb-jkmgk;uid=9e4174b2-637d-464e-877b-9bed13b96eaf"
"2026-06-11 15:35:59","2026-06-11 23:35:59","1","__name__=kube_pod_status_ready;condition=true;instance=kube-state-metrics.monitoring.svc.cluster.local:8080;job=kube-state-metrics;namespace=online-boutique;pod=frontend-76c94f7cfb-jkmgk;uid=9e4174b2-637d-464e-877b-9bed13b96eaf"
"2026-06-11 15:36:14","2026-06-11 23:36:14","1","__name__=kube_pod_status_ready;condition=true;instance=kube-state-metrics.monitoring.svc.cluster.local:8080;job=kube-state-metrics;namespace=online-boutique;pod=frontend-76c94f7cfb-jkmgk;uid=9e4174b2-637d-464e-877b-9bed13b96eaf"
"2026-06-11 15:36:29","2026-06-11 23:36:29","1","__name__=kube_pod_status_ready;condition=true;instance=kube-state-metrics.monitoring.svc.cluster.local:8080;job=kube-state-metrics;namespace=online-boutique;pod=frontend-76c94f7cfb-jkmgk;uid=9e4174b2-637d-464e-877b-9bed13b96eaf"
"2026-06-11 15:36:44","2026-06-11 23:36:44","1","__name__=kube_pod_status_ready;condition=true;instance=kube-state-metrics.monitoring.svc.cluster.local:8080;job=kube-state-metrics;namespace=online-boutique;pod=frontend-76c94f7cfb-jkmgk;uid=9e4174b2-637d-464e-877b-9bed13b96eaf"
"2026-06-11 15:36:59","2026-06-11 23:36:59","1","__name__=kube_pod_status_ready;condition=true;instance=kube-state-metrics.monitoring.svc.cluster.local:8080;job=kube-state-metrics;namespace=online-boutique;pod=frontend-76c94f7cfb-jkmgk;uid=9e4174b2-637d-464e-877b-9bed13b96eaf"
"2026-06-11 15:37:14","2026-06-11 23:37:14","1","__name__=kube_pod_status_ready;condition=true;instance=kube-state-metrics.monitoring.svc.cluster.local:8080;job=kube-state-metrics;namespace=online-boutique;pod=frontend-76c94f7cfb-jkmgk;uid=9e4174b2-637d-464e-877b-9bed13b96eaf"
"2026-06-11 15:37:29","2026-06-11 23:37:29","1","__name__=kube_pod_status_ready;condition=true;instance=kube-state-metrics.monitoring.svc.cluster.local:8080;job=kube-state-metrics;namespace=online-boutique;pod=frontend-76c94f7cfb-jkmgk;uid=9e4174b2-637d-464e-877b-9bed13b96eaf"
"2026-06-11 15:37:44","2026-06-11 23:37:44","1","__name__=kube_pod_status_ready;condition=true;instance=kube-state-metrics.monitoring.svc.cluster.local:8080;job=kube-state-metrics;namespace=online-boutique;pod=frontend-76c94f7cfb-jkmgk;uid=9e4174b2-637d-464e-877b-9bed13b96eaf"
"2026-06-11 15:37:59","2026-06-11 23:37:59","1","__name__=kube_pod_status_ready;condition=true;instance=kube-state-metrics.monitoring.svc.cluster.local:8080;job=kube-state-metrics;namespace=online-boutique;pod=frontend-76c94f7cfb-jkmgk;uid=9e4174b2-637d-464e-877b-9bed13b96eaf"
"2026-06-11 15:38:14","2026-06-11 23:38:14","1","__name__=kube_pod_status_ready;condition=true;instance=kube-state-metrics.monitoring.svc.cluster.local:8080;job=kube-state-metrics;namespace=online-boutique;pod=frontend-76c94f7cfb-jkmgk;uid=9e4174b2-637d-464e-877b-9bed13b96eaf"
"2026-06-11 15:38:29","2026-06-11 23:38:29","1","__name__=kube_pod_status_ready;condition=true;instance=kube-state-metrics.monitoring.svc.cluster.local:8080;job=kube-state-metrics;namespace=online-boutique;pod=frontend-76c94f7cfb-jkmgk;uid=9e4174b2-637d-464e-877b-9bed13b96eaf"
"2026-06-11 15:38:44","2026-06-11 23:38:44","1","__name__=kube_pod_status_ready;condition=true;instance=kube-state-metrics.monitoring.svc.cluster.local:8080;job=kube-state-metrics;namespace=online-boutique;pod=frontend-76c94f7cfb-jkmgk;uid=9e4174b2-637d-464e-877b-9bed13b96eaf"
"2026-06-11 15:38:59","2026-06-11 23:38:59","1","__name__=kube_pod_status_ready;condition=true;instance=kube-state-metrics.monitoring.svc.cluster.local:8080;job=kube-state-metrics;namespace=online-boutique;pod=frontend-76c94f7cfb-jkmgk;uid=9e4174b2-637d-464e-877b-9bed13b96eaf"
"2026-06-11 15:39:14","2026-06-11 23:39:14","1","__name__=kube_pod_status_ready;condition=true;instance=kube-state-metrics.monitoring.svc.cluster.local:8080;job=kube-state-metrics;namespace=online-boutique;pod=frontend-76c94f7cfb-jkmgk;uid=9e4174b2-637d-464e-877b-9bed13b96eaf"
"2026-06-11 15:39:29","2026-06-11 23:39:29","1","__name__=kube_pod_status_ready;condition=true;instance=kube-state-metrics.monitoring.svc.cluster.local:8080;job=kube-state-metrics;namespace=online-boutique;pod=frontend-76c94f7cfb-jkmgk;uid=9e4174b2-637d-464e-877b-9bed13b96eaf"
"2026-06-11 15:39:44","2026-06-11 23:39:44","1","__name__=kube_pod_status_ready;condition=true;instance=kube-state-metrics.monitoring.svc.cluster.local:8080;job=kube-state-metrics;namespace=online-boutique;pod=frontend-76c94f7cfb-jkmgk;uid=9e4174b2-637d-464e-877b-9bed13b96eaf"
"2026-06-11 15:39:59","2026-06-11 23:39:59","1","__name__=kube_pod_status_ready;condition=true;instance=kube-state-metrics.monitoring.svc.cluster.local:8080;job=kube-state-metrics;namespace=online-boutique;pod=frontend-76c94f7cfb-jkmgk;uid=9e4174b2-637d-464e-877b-9bed13b96eaf"
"2026-06-11 15:40:14","2026-06-11 23:40:14","1","__name__=kube_pod_status_ready;condition=true;instance=kube-state-metrics.monitoring.svc.cluster.local:8080;job=kube-state-metrics;namespace=online-boutique;pod=frontend-76c94f7cfb-jkmgk;uid=9e4174b2-637d-464e-877b-9bed13b96eaf"
"2026-06-11 15:40:29","2026-06-11 23:40:29","1","__name__=kube_pod_status_ready;condition=true;instance=kube-state-metrics.monitoring.svc.cluster.local:8080;job=kube-state-metrics;namespace=online-boutique;pod=frontend-76c94f7cfb-jkmgk;uid=9e4174b2-637d-464e-877b-9bed13b96eaf"
"2026-06-11 15:40:44","2026-06-11 23:40:44","1","__name__=kube_pod_status_ready;condition=true;instance=kube-state-metrics.monitoring.svc.cluster.local:8080;job=kube-state-metrics;namespace=online-boutique;pod=frontend-76c94f7cfb-jkmgk;uid=9e4174b2-637d-464e-877b-9bed13b96eaf"
"2026-06-11 15:40:59","2026-06-11 23:40:59","1","__name__=kube_pod_status_ready;condition=true;instance=kube-state-metrics.monitoring.svc.cluster.local:8080;job=kube-state-metrics;namespace=online-boutique;pod=frontend-76c94f7cfb-jkmgk;uid=9e4174b2-637d-464e-877b-9bed13b96eaf"
"2026-06-11 15:41:14","2026-06-11 23:41:14","1","__name__=kube_pod_status_ready;condition=true;instance=kube-state-metrics.monitoring.svc.cluster.local:8080;job=kube-state-metrics;namespace=online-boutique;pod=frontend-76c94f7cfb-jkmgk;uid=9e4174b2-637d-464e-877b-9bed13b96eaf"
"2026-06-11 15:41:29","2026-06-11 23:41:29","1","__name__=kube_pod_status_ready;condition=true;instance=kube-state-metrics.monitoring.svc.cluster.local:8080;job=kube-state-metrics;namespace=online-boutique;pod=frontend-76c94f7cfb-jkmgk;uid=9e4174b2-637d-464e-877b-9bed13b96eaf"
"2026-06-11 15:41:44","2026-06-11 23:41:44","1","__name__=kube_pod_status_ready;condition=true;instance=kube-state-metrics.monitoring.svc.cluster.local:8080;job=kube-state-metrics;namespace=online-boutique;pod=frontend-76c94f7cfb-jkmgk;uid=9e4174b2-637d-464e-877b-9bed13b96eaf"
"2026-06-11 15:41:59","2026-06-11 23:41:59","1","__name__=kube_pod_status_ready;condition=true;instance=kube-state-metrics.monitoring.svc.cluster.local:8080;job=kube-state-metrics;namespace=online-boutique;pod=frontend-76c94f7cfb-jkmgk;uid=9e4174b2-637d-464e-877b-9bed13b96eaf"
"2026-06-11 15:42:14","2026-06-11 23:42:14","1","__name__=kube_pod_status_ready;condition=true;instance=kube-state-metrics.monitoring.svc.cluster.local:8080;job=kube-state-metrics;namespace=online-boutique;pod=frontend-76c94f7cfb-jkmgk;uid=9e4174b2-637d-464e-877b-9bed13b96eaf"
"2026-06-11 15:42:29","2026-06-11 23:42:29","1","__name__=kube_pod_status_ready;condition=true;instance=kube-state-metrics.monitoring.svc.cluster.local:8080;job=kube-state-metrics;namespace=online-boutique;pod=frontend-76c94f7cfb-jkmgk;uid=9e4174b2-637d-464e-877b-9bed13b96eaf"
"2026-06-11 15:42:44","2026-06-11 23:42:44","1","__name__=kube_pod_status_ready;condition=true;instance=kube-state-metrics.monitoring.svc.cluster.local:8080;job=kube-state-metrics;namespace=online-boutique;pod=frontend-76c94f7cfb-jkmgk;uid=9e4174b2-637d-464e-877b-9bed13b96eaf"
"2026-06-11 15:42:59","2026-06-11 23:42:59","1","__name__=kube_pod_status_ready;condition=true;instance=kube-state-metrics.monitoring.svc.cluster.local:8080;job=kube-state-metrics;namespace=online-boutique;pod=frontend-76c94f7cfb-jkmgk;uid=9e4174b2-637d-464e-877b-9bed13b96eaf"
"2026-06-11 15:43:14","2026-06-11 23:43:14","1","__name__=kube_pod_status_ready;condition=true;instance=kube-state-metrics.monitoring.svc.cluster.local:8080;job=kube-state-metrics;namespace=online-boutique;pod=frontend-76c94f7cfb-jkmgk;uid=9e4174b2-637d-464e-877b-9bed13b96eaf"
"2026-06-11 15:43:29","2026-06-11 23:43:29","1","__name__=kube_pod_status_ready;condition=true;instance=kube-state-metrics.monitoring.svc.cluster.local:8080;job=kube-state-metrics;namespace=online-boutique;pod=frontend-76c94f7cfb-jkmgk;uid=9e4174b2-637d-464e-877b-9bed13b96eaf"
"2026-06-11 15:43:44","2026-06-11 23:43:44","1","__name__=kube_pod_status_ready;condition=true;instance=kube-state-metrics.monitoring.svc.cluster.local:8080;job=kube-state-metrics;namespace=online-boutique;pod=frontend-76c94f7cfb-jkmgk;uid=9e4174b2-637d-464e-877b-9bed13b96eaf"
"2026-06-11 15:43:59","2026-06-11 23:43:59","1","__name__=kube_pod_status_ready;condition=true;instance=kube-state-metrics.monitoring.svc.cluster.local:8080;job=kube-state-metrics;namespace=online-boutique;pod=frontend-76c94f7cfb-jkmgk;uid=9e4174b2-637d-464e-877b-9bed13b96eaf"
"2026-06-11 15:44:14","2026-06-11 23:44:14","1","__name__=kube_pod_status_ready;condition=true;instance=kube-state-metrics.monitoring.svc.cluster.local:8080;job=kube-state-metrics;namespace=online-boutique;pod=frontend-76c94f7cfb-jkmgk;uid=9e4174b2-637d-464e-877b-9bed13b96eaf"
"2026-06-11 15:44:29","2026-06-11 23:44:29","1","__name__=kube_pod_status_ready;condition=true;instance=kube-state-metrics.monitoring.svc.cluster.local:8080;job=kube-state-metrics;namespace=online-boutique;pod=frontend-76c94f7cfb-jkmgk;uid=9e4174b2-637d-464e-877b-9bed13b96eaf"
"2026-06-11 15:44:44","2026-06-11 23:44:44","1","__name__=kube_pod_status_ready;condition=true;instance=kube-state-metrics.monitoring.svc.cluster.local:8080;job=kube-state-metrics;namespace=online-boutique;pod=frontend-76c94f7cfb-jkmgk;uid=9e4174b2-637d-464e-877b-9bed13b96eaf"
"2026-06-11 15:44:59","2026-06-11 23:44:59","1","__name__=kube_pod_status_ready;condition=true;instance=kube-state-metrics.monitoring.svc.cluster.local:8080;job=kube-state-metrics;namespace=online-boutique;pod=frontend-76c94f7cfb-jkmgk;uid=9e4174b2-637d-464e-877b-9bed13b96eaf"
"2026-06-11 15:45:14","2026-06-11 23:45:14","1","__name__=kube_pod_status_ready;condition=true;instance=kube-state-metrics.monitoring.svc.cluster.local:8080;job=kube-state-metrics;namespace=online-boutique;pod=frontend-76c94f7cfb-jkmgk;uid=9e4174b2-637d-464e-877b-9bed13b96eaf"
"2026-06-11 15:45:29","2026-06-11 23:45:29","1","__name__=kube_pod_status_ready;condition=true;instance=kube-state-metrics.monitoring.svc.cluster.local:8080;job=kube-state-metrics;namespace=online-boutique;pod=frontend-76c94f7cfb-jkmgk;uid=9e4174b2-637d-464e-877b-9bed13b96eaf"
"2026-06-11 15:45:44","2026-06-11 23:45:44","1","__name__=kube_pod_status_ready;condition=true;instance=kube-state-metrics.monitoring.svc.cluster.local:8080;job=kube-state-metrics;namespace=online-boutique;pod=frontend-76c94f7cfb-jkmgk;uid=9e4174b2-637d-464e-877b-9bed13b96eaf"
"2026-06-11 15:45:59","2026-06-11 23:45:59","1","__name__=kube_pod_status_ready;condition=true;instance=kube-state-metrics.monitoring.svc.cluster.local:8080;job=kube-state-metrics;namespace=online-boutique;pod=frontend-76c94f7cfb-jkmgk;uid=9e4174b2-637d-464e-877b-9bed13b96eaf"
"2026-06-11 15:46:14","2026-06-11 23:46:14","1","__name__=kube_pod_status_ready;condition=true;instance=kube-state-metrics.monitoring.svc.cluster.local:8080;job=kube-state-metrics;namespace=online-boutique;pod=frontend-76c94f7cfb-jkmgk;uid=9e4174b2-637d-464e-877b-9bed13b96eaf"
"2026-06-11 15:46:29","2026-06-11 23:46:29","1","__name__=kube_pod_status_ready;condition=true;instance=kube-state-metrics.monitoring.svc.cluster.local:8080;job=kube-state-metrics;namespace=online-boutique;pod=frontend-76c94f7cfb-jkmgk;uid=9e4174b2-637d-464e-877b-9bed13b96eaf"
"2026-06-11 15:46:44","2026-06-11 23:46:44","1","__name__=kube_pod_status_ready;condition=true;instance=kube-state-metrics.monitoring.svc.cluster.local:8080;job=kube-state-metrics;namespace=online-boutique;pod=frontend-76c94f7cfb-jkmgk;uid=9e4174b2-637d-464e-877b-9bed13b96eaf"
"2026-06-11 15:46:59","2026-06-11 23:46:59","1","__name__=kube_pod_status_ready;condition=true;instance=kube-state-metrics.monitoring.svc.cluster.local:8080;job=kube-state-metrics;namespace=online-boutique;pod=frontend-76c94f7cfb-jkmgk;uid=9e4174b2-637d-464e-877b-9bed13b96eaf"
"2026-06-11 15:47:14","2026-06-11 23:47:14","1","__name__=kube_pod_status_ready;condition=true;instance=kube-state-metrics.monitoring.svc.cluster.local:8080;job=kube-state-metrics;namespace=online-boutique;pod=frontend-76c94f7cfb-jkmgk;uid=9e4174b2-637d-464e-877b-9bed13b96eaf"
"2026-06-11 15:47:29","2026-06-11 23:47:29","1","__name__=kube_pod_status_ready;condition=true;instance=kube-state-metrics.monitoring.svc.cluster.local:8080;job=kube-state-metrics;namespace=online-boutique;pod=frontend-76c94f7cfb-jkmgk;uid=9e4174b2-637d-464e-877b-9bed13b96eaf"
"2026-06-11 15:47:44","2026-06-11 23:47:44","1","__name__=kube_pod_status_ready;condition=true;instance=kube-state-metrics.monitoring.svc.cluster.local:8080;job=kube-state-metrics;namespace=online-boutique;pod=frontend-76c94f7cfb-jkmgk;uid=9e4174b2-637d-464e-877b-9bed13b96eaf"
"2026-06-11 15:47:59","2026-06-11 23:47:59","1","__name__=kube_pod_status_ready;condition=true;instance=kube-state-metrics.monitoring.svc.cluster.local:8080;job=kube-state-metrics;namespace=online-boutique;pod=frontend-76c94f7cfb-jkmgk;uid=9e4174b2-637d-464e-877b-9bed13b96eaf"
"2026-06-11 15:48:14","2026-06-11 23:48:14","1","__name__=kube_pod_status_ready;condition=true;instance=kube-state-metrics.monitoring.svc.cluster.local:8080;job=kube-state-metrics;namespace=online-boutique;pod=frontend-76c94f7cfb-jkmgk;uid=9e4174b2-637d-464e-877b-9bed13b96eaf"
"2026-06-11 15:48:29","2026-06-11 23:48:29","1","__name__=kube_pod_status_ready;condition=true;instance=kube-state-metrics.monitoring.svc.cluster.local:8080;job=kube-state-metrics;namespace=online-boutique;pod=frontend-76c94f7cfb-jkmgk;uid=9e4174b2-637d-464e-877b-9bed13b96eaf"
"2026-06-11 15:48:44","2026-06-11 23:48:44","1","__name__=kube_pod_status_ready;condition=true;instance=kube-state-metrics.monitoring.svc.cluster.local:8080;job=kube-state-metrics;namespace=online-boutique;pod=frontend-76c94f7cfb-jkmgk;uid=9e4174b2-637d-464e-877b-9bed13b96eaf"
"2026-06-11 15:48:59","2026-06-11 23:48:59","1","__name__=kube_pod_status_ready;condition=true;instance=kube-state-metrics.monitoring.svc.cluster.local:8080;job=kube-state-metrics;namespace=online-boutique;pod=frontend-76c94f7cfb-jkmgk;uid=9e4174b2-637d-464e-877b-9bed13b96eaf"
"2026-06-11 15:49:14","2026-06-11 23:49:14","1","__name__=kube_pod_status_ready;condition=true;instance=kube-state-metrics.monitoring.svc.cluster.local:8080;job=kube-state-metrics;namespace=online-boutique;pod=frontend-76c94f7cfb-jkmgk;uid=9e4174b2-637d-464e-877b-9bed13b96eaf"
"2026-06-11 15:49:29","2026-06-11 23:49:29","1","__name__=kube_pod_status_ready;condition=true;instance=kube-state-metrics.monitoring.svc.cluster.local:8080;job=kube-state-metrics;namespace=online-boutique;pod=frontend-76c94f7cfb-jkmgk;uid=9e4174b2-637d-464e-877b-9bed13b96eaf"
"2026-06-11 15:49:44","2026-06-11 23:49:44","1","__name__=kube_pod_status_ready;condition=true;instance=kube-state-metrics.monitoring.svc.cluster.local:8080;job=kube-state-metrics;namespace=online-boutique;pod=frontend-76c94f7cfb-jkmgk;uid=9e4174b2-637d-464e-877b-9bed13b96eaf"
"2026-06-11 15:49:59","2026-06-11 23:49:59","1","__name__=kube_pod_status_ready;condition=true;instance=kube-state-metrics.monitoring.svc.cluster.local:8080;job=kube-state-metrics;namespace=online-boutique;pod=frontend-76c94f7cfb-jkmgk;uid=9e4174b2-637d-464e-877b-9bed13b96eaf"
"2026-06-11 15:50:14","2026-06-11 23:50:14","1","__name__=kube_pod_status_ready;condition=true;instance=kube-state-metrics.monitoring.svc.cluster.local:8080;job=kube-state-metrics;namespace=online-boutique;pod=frontend-76c94f7cfb-jkmgk;uid=9e4174b2-637d-464e-877b-9bed13b96eaf"
"2026-06-11 15:50:29","2026-06-11 23:50:29","1","__name__=kube_pod_status_ready;condition=true;instance=kube-state-metrics.monitoring.svc.cluster.local:8080;job=kube-state-metrics;namespace=online-boutique;pod=frontend-76c94f7cfb-jkmgk;uid=9e4174b2-637d-464e-877b-9bed13b96eaf"
"2026-06-11 15:50:44","2026-06-11 23:50:44","1","__name__=kube_pod_status_ready;condition=true;instance=kube-state-metrics.monitoring.svc.cluster.local:8080;job=kube-state-metrics;namespace=online-boutique;pod=frontend-76c94f7cfb-jkmgk;uid=9e4174b2-637d-464e-877b-9bed13b96eaf"
"2026-06-11 15:50:59","2026-06-11 23:50:59","1","__name__=kube_pod_status_ready;condition=true;instance=kube-state-metrics.monitoring.svc.cluster.local:8080;job=kube-state-metrics;namespace=online-boutique;pod=frontend-76c94f7cfb-jkmgk;uid=9e4174b2-637d-464e-877b-9bed13b96eaf"
"2026-06-11 15:51:14","2026-06-11 23:51:14","1","__name__=kube_pod_status_ready;condition=true;instance=kube-state-metrics.monitoring.svc.cluster.local:8080;job=kube-state-metrics;namespace=online-boutique;pod=frontend-76c94f7cfb-jkmgk;uid=9e4174b2-637d-464e-877b-9bed13b96eaf"
"2026-06-11 15:51:29","2026-06-11 23:51:29","1","__name__=kube_pod_status_ready;condition=true;instance=kube-state-metrics.monitoring.svc.cluster.local:8080;job=kube-state-metrics;namespace=online-boutique;pod=frontend-76c94f7cfb-jkmgk;uid=9e4174b2-637d-464e-877b-9bed13b96eaf"
"2026-06-11 15:51:44","2026-06-11 23:51:44","1","__name__=kube_pod_status_ready;condition=true;instance=kube-state-metrics.monitoring.svc.cluster.local:8080;job=kube-state-metrics;namespace=online-boutique;pod=frontend-76c94f7cfb-jkmgk;uid=9e4174b2-637d-464e-877b-9bed13b96eaf"
"2026-06-11 15:51:59","2026-06-11 23:51:59","1","__name__=kube_pod_status_ready;condition=true;instance=kube-state-metrics.monitoring.svc.cluster.local:8080;job=kube-state-metrics;namespace=online-boutique;pod=frontend-76c94f7cfb-jkmgk;uid=9e4174b2-637d-464e-877b-9bed13b96eaf"
"2026-06-11 15:52:14","2026-06-11 23:52:14","1","__name__=kube_pod_status_ready;condition=true;instance=kube-state-metrics.monitoring.svc.cluster.local:8080;job=kube-state-metrics;namespace=online-boutique;pod=frontend-76c94f7cfb-jkmgk;uid=9e4174b2-637d-464e-877b-9bed13b96eaf"
"2026-06-11 15:52:29","2026-06-11 23:52:29","1","__name__=kube_pod_status_ready;condition=true;instance=kube-state-metrics.monitoring.svc.cluster.local:8080;job=kube-state-metrics;namespace=online-boutique;pod=frontend-76c94f7cfb-jkmgk;uid=9e4174b2-637d-464e-877b-9bed13b96eaf"
"2026-06-11 15:52:44","2026-06-11 23:52:44","1","__name__=kube_pod_status_ready;condition=true;instance=kube-state-metrics.monitoring.svc.cluster.local:8080;job=kube-state-metrics;namespace=online-boutique;pod=frontend-76c94f7cfb-jkmgk;uid=9e4174b2-637d-464e-877b-9bed13b96eaf"
"2026-06-11 15:52:59","2026-06-11 23:52:59","1","__name__=kube_pod_status_ready;condition=true;instance=kube-state-metrics.monitoring.svc.cluster.local:8080;job=kube-state-metrics;namespace=online-boutique;pod=frontend-76c94f7cfb-jkmgk;uid=9e4174b2-637d-464e-877b-9bed13b96eaf"
"2026-06-11 15:53:14","2026-06-11 23:53:14","1","__name__=kube_pod_status_ready;condition=true;instance=kube-state-metrics.monitoring.svc.cluster.local:8080;job=kube-state-metrics;namespace=online-boutique;pod=frontend-76c94f7cfb-jkmgk;uid=9e4174b2-637d-464e-877b-9bed13b96eaf"
"2026-06-11 15:53:29","2026-06-11 23:53:29","1","__name__=kube_pod_status_ready;condition=true;instance=kube-state-metrics.monitoring.svc.cluster.local:8080;job=kube-state-metrics;namespace=online-boutique;pod=frontend-76c94f7cfb-jkmgk;uid=9e4174b2-637d-464e-877b-9bed13b96eaf"
"2026-06-11 15:53:44","2026-06-11 23:53:44","1","__name__=kube_pod_status_ready;condition=true;instance=kube-state-metrics.monitoring.svc.cluster.local:8080;job=kube-state-metrics;namespace=online-boutique;pod=frontend-76c94f7cfb-jkmgk;uid=9e4174b2-637d-464e-877b-9bed13b96eaf"
"2026-06-11 15:53:59","2026-06-11 23:53:59","1","__name__=kube_pod_status_ready;condition=true;instance=kube-state-metrics.monitoring.svc.cluster.local:8080;job=kube-state-metrics;namespace=online-boutique;pod=frontend-76c94f7cfb-jkmgk;uid=9e4174b2-637d-464e-877b-9bed13b96eaf"
"2026-06-11 15:54:14","2026-06-11 23:54:14","1","__name__=kube_pod_status_ready;condition=true;instance=kube-state-metrics.monitoring.svc.cluster.local:8080;job=kube-state-metrics;namespace=online-boutique;pod=frontend-76c94f7cfb-jkmgk;uid=9e4174b2-637d-464e-877b-9bed13b96eaf"
"2026-06-11 15:54:29","2026-06-11 23:54:29","1","__name__=kube_pod_status_ready;condition=true;instance=kube-state-metrics.monitoring.svc.cluster.local:8080;job=kube-state-metrics;namespace=online-boutique;pod=frontend-76c94f7cfb-jkmgk;uid=9e4174b2-637d-464e-877b-9bed13b96eaf"
"2026-06-11 15:54:44","2026-06-11 23:54:44","1","__name__=kube_pod_status_ready;condition=true;instance=kube-state-metrics.monitoring.svc.cluster.local:8080;job=kube-state-metrics;namespace=online-boutique;pod=frontend-76c94f7cfb-jkmgk;uid=9e4174b2-637d-464e-877b-9bed13b96eaf"
"2026-06-11 15:54:59","2026-06-11 23:54:59","1","__name__=kube_pod_status_ready;condition=true;instance=kube-state-metrics.monitoring.svc.cluster.local:8080;job=kube-state-metrics;namespace=online-boutique;pod=frontend-76c94f7cfb-jkmgk;uid=9e4174b2-637d-464e-877b-9bed13b96eaf"
"2026-06-11 15:55:14","2026-06-11 23:55:14","1","__name__=kube_pod_status_ready;condition=true;instance=kube-state-metrics.monitoring.svc.cluster.local:8080;job=kube-state-metrics;namespace=online-boutique;pod=frontend-76c94f7cfb-jkmgk;uid=9e4174b2-637d-464e-877b-9bed13b96eaf"
"2026-06-11 15:55:29","2026-06-11 23:55:29","1","__name__=kube_pod_status_ready;condition=true;instance=kube-state-metrics.monitoring.svc.cluster.local:8080;job=kube-state-metrics;namespace=online-boutique;pod=frontend-76c94f7cfb-jkmgk;uid=9e4174b2-637d-464e-877b-9bed13b96eaf"
"2026-06-11 15:55:44","2026-06-11 23:55:44","1","__name__=kube_pod_status_ready;condition=true;instance=kube-state-metrics.monitoring.svc.cluster.local:8080;job=kube-state-metrics;namespace=online-boutique;pod=frontend-76c94f7cfb-jkmgk;uid=9e4174b2-637d-464e-877b-9bed13b96eaf"
"2026-06-11 15:55:59","2026-06-11 23:55:59","1","__name__=kube_pod_status_ready;condition=true;instance=kube-state-metrics.monitoring.svc.cluster.local:8080;job=kube-state-metrics;namespace=online-boutique;pod=frontend-76c94f7cfb-jkmgk;uid=9e4174b2-637d-464e-877b-9bed13b96eaf"
"2026-06-11 15:56:14","2026-06-11 23:56:14","1","__name__=kube_pod_status_ready;condition=true;instance=kube-state-metrics.monitoring.svc.cluster.local:8080;job=kube-state-metrics;namespace=online-boutique;pod=frontend-76c94f7cfb-jkmgk;uid=9e4174b2-637d-464e-877b-9bed13b96eaf"
"2026-06-11 15:56:29","2026-06-11 23:56:29","1","__name__=kube_pod_status_ready;condition=true;instance=kube-state-metrics.monitoring.svc.cluster.local:8080;job=kube-state-metrics;namespace=online-boutique;pod=frontend-76c94f7cfb-jkmgk;uid=9e4174b2-637d-464e-877b-9bed13b96eaf"
"2026-06-11 15:56:44","2026-06-11 23:56:44","1","__name__=kube_pod_status_ready;condition=true;instance=kube-state-metrics.monitoring.svc.cluster.local:8080;job=kube-state-metrics;namespace=online-boutique;pod=frontend-76c94f7cfb-jkmgk;uid=9e4174b2-637d-464e-877b-9bed13b96eaf"
"2026-06-11 15:56:59","2026-06-11 23:56:59","1","__name__=kube_pod_status_ready;condition=true;instance=kube-state-metrics.monitoring.svc.cluster.local:8080;job=kube-state-metrics;namespace=online-boutique;pod=frontend-76c94f7cfb-jkmgk;uid=9e4174b2-637d-464e-877b-9bed13b96eaf"
"2026-06-11 15:57:14","2026-06-11 23:57:14","1","__name__=kube_pod_status_ready;condition=true;instance=kube-state-metrics.monitoring.svc.cluster.local:8080;job=kube-state-metrics;namespace=online-boutique;pod=frontend-76c94f7cfb-jkmgk;uid=9e4174b2-637d-464e-877b-9bed13b96eaf"
"2026-06-11 15:57:29","2026-06-11 23:57:29","1","__name__=kube_pod_status_ready;condition=true;instance=kube-state-metrics.monitoring.svc.cluster.local:8080;job=kube-state-metrics;namespace=online-boutique;pod=frontend-76c94f7cfb-jkmgk;uid=9e4174b2-637d-464e-877b-9bed13b96eaf"
"2026-06-11 15:57:44","2026-06-11 23:57:44","1","__name__=kube_pod_status_ready;condition=true;instance=kube-state-metrics.monitoring.svc.cluster.local:8080;job=kube-state-metrics;namespace=online-boutique;pod=frontend-76c94f7cfb-jkmgk;uid=9e4174b2-637d-464e-877b-9bed13b96eaf"
"2026-06-11 15:57:59","2026-06-11 23:57:59","1","__name__=kube_pod_status_ready;condition=true;instance=kube-state-metrics.monitoring.svc.cluster.local:8080;job=kube-state-metrics;namespace=online-boutique;pod=frontend-76c94f7cfb-jkmgk;uid=9e4174b2-637d-464e-877b-9bed13b96eaf"
"2026-06-11 15:58:14","2026-06-11 23:58:14","1","__name__=kube_pod_status_ready;condition=true;instance=kube-state-metrics.monitoring.svc.cluster.local:8080;job=kube-state-metrics;namespace=online-boutique;pod=frontend-76c94f7cfb-jkmgk;uid=9e4174b2-637d-464e-877b-9bed13b96eaf"
"2026-06-11 15:58:29","2026-06-11 23:58:29","1","__name__=kube_pod_status_ready;condition=true;instance=kube-state-metrics.monitoring.svc.cluster.local:8080;job=kube-state-metrics;namespace=online-boutique;pod=frontend-76c94f7cfb-jkmgk;uid=9e4174b2-637d-464e-877b-9bed13b96eaf"
"2026-06-11 15:58:44","2026-06-11 23:58:44","1","__name__=kube_pod_status_ready;condition=true;instance=kube-state-metrics.monitoring.svc.cluster.local:8080;job=kube-state-metrics;namespace=online-boutique;pod=frontend-76c94f7cfb-jkmgk;uid=9e4174b2-637d-464e-877b-9bed13b96eaf"
"2026-06-11 15:58:59","2026-06-11 23:58:59","1","__name__=kube_pod_status_ready;condition=true;instance=kube-state-metrics.monitoring.svc.cluster.local:8080;job=kube-state-metrics;namespace=online-boutique;pod=frontend-76c94f7cfb-jkmgk;uid=9e4174b2-637d-464e-877b-9bed13b96eaf"
"2026-06-11 15:59:14","2026-06-11 23:59:14","1","__name__=kube_pod_status_ready;condition=true;instance=kube-state-metrics.monitoring.svc.cluster.local:8080;job=kube-state-metrics;namespace=online-boutique;pod=frontend-76c94f7cfb-jkmgk;uid=9e4174b2-637d-464e-877b-9bed13b96eaf"
"2026-06-11 15:59:29","2026-06-11 23:59:29","1","__name__=kube_pod_status_ready;condition=true;instance=kube-state-metrics.monitoring.svc.cluster.local:8080;job=kube-state-metrics;namespace=online-boutique;pod=frontend-76c94f7cfb-jkmgk;uid=9e4174b2-637d-464e-877b-9bed13b96eaf"
"2026-06-11 15:59:44","2026-06-11 23:59:44","1","__name__=kube_pod_status_ready;condition=true;instance=kube-state-metrics.monitoring.svc.cluster.local:8080;job=kube-state-metrics;namespace=online-boutique;pod=frontend-76c94f7cfb-jkmgk;uid=9e4174b2-637d-464e-877b-9bed13b96eaf"
"2026-06-11 15:59:59","2026-06-11 23:59:59","1","__name__=kube_pod_status_ready;condition=true;instance=kube-state-metrics.monitoring.svc.cluster.local:8080;job=kube-state-metrics;namespace=online-boutique;pod=frontend-76c94f7cfb-jkmgk;uid=9e4174b2-637d-464e-877b-9bed13b96eaf"
"2026-06-11 16:00:14","2026-06-12 00:00:14","1","__name__=kube_pod_status_ready;condition=true;instance=kube-state-metrics.monitoring.svc.cluster.local:8080;job=kube-state-metrics;namespace=online-boutique;pod=frontend-76c94f7cfb-jkmgk;uid=9e4174b2-637d-464e-877b-9bed13b96eaf"
"2026-06-11 16:00:29","2026-06-12 00:00:29","1","__name__=kube_pod_status_ready;condition=true;instance=kube-state-metrics.monitoring.svc.cluster.local:8080;job=kube-state-metrics;namespace=online-boutique;pod=frontend-76c94f7cfb-jkmgk;uid=9e4174b2-637d-464e-877b-9bed13b96eaf"
"2026-06-11 16:00:44","2026-06-12 00:00:44","1","__name__=kube_pod_status_ready;condition=true;instance=kube-state-metrics.monitoring.svc.cluster.local:8080;job=kube-state-metrics;namespace=online-boutique;pod=frontend-76c94f7cfb-jkmgk;uid=9e4174b2-637d-464e-877b-9bed13b96eaf"
"2026-06-11 16:00:59","2026-06-12 00:00:59","1","__name__=kube_pod_status_ready;condition=true;instance=kube-state-metrics.monitoring.svc.cluster.local:8080;job=kube-state-metrics;namespace=online-boutique;pod=frontend-76c94f7cfb-jkmgk;uid=9e4174b2-637d-464e-877b-9bed13b96eaf"
"2026-06-11 16:01:14","2026-06-12 00:01:14","1","__name__=kube_pod_status_ready;condition=true;instance=kube-state-metrics.monitoring.svc.cluster.local:8080;job=kube-state-metrics;namespace=online-boutique;pod=frontend-76c94f7cfb-jkmgk;uid=9e4174b2-637d-464e-877b-9bed13b96eaf"
"2026-06-11 16:01:29","2026-06-12 00:01:29","1","__name__=kube_pod_status_ready;condition=true;instance=kube-state-metrics.monitoring.svc.cluster.local:8080;job=kube-state-metrics;namespace=online-boutique;pod=frontend-76c94f7cfb-jkmgk;uid=9e4174b2-637d-464e-877b-9bed13b96eaf"
"2026-06-11 16:01:44","2026-06-12 00:01:44","1","__name__=kube_pod_status_ready;condition=true;instance=kube-state-metrics.monitoring.svc.cluster.local:8080;job=kube-state-metrics;namespace=online-boutique;pod=frontend-76c94f7cfb-jkmgk;uid=9e4174b2-637d-464e-877b-9bed13b96eaf"
"2026-06-11 16:01:59","2026-06-12 00:01:59","1","__name__=kube_pod_status_ready;condition=true;instance=kube-state-metrics.monitoring.svc.cluster.local:8080;job=kube-state-metrics;namespace=online-boutique;pod=frontend-76c94f7cfb-jkmgk;uid=9e4174b2-637d-464e-877b-9bed13b96eaf"
"2026-06-11 16:02:14","2026-06-12 00:02:14","1","__name__=kube_pod_status_ready;condition=true;instance=kube-state-metrics.monitoring.svc.cluster.local:8080;job=kube-state-metrics;namespace=online-boutique;pod=frontend-76c94f7cfb-jkmgk;uid=9e4174b2-637d-464e-877b-9bed13b96eaf"
"2026-06-11 16:02:29","2026-06-12 00:02:29","1","__name__=kube_pod_status_ready;condition=true;instance=kube-state-metrics.monitoring.svc.cluster.local:8080;job=kube-state-metrics;namespace=online-boutique;pod=frontend-76c94f7cfb-jkmgk;uid=9e4174b2-637d-464e-877b-9bed13b96eaf"
"2026-06-11 16:02:44","2026-06-12 00:02:44","1","__name__=kube_pod_status_ready;condition=true;instance=kube-state-metrics.monitoring.svc.cluster.local:8080;job=kube-state-metrics;namespace=online-boutique;pod=frontend-76c94f7cfb-jkmgk;uid=9e4174b2-637d-464e-877b-9bed13b96eaf"
"2026-06-11 16:02:59","2026-06-12 00:02:59","1","__name__=kube_pod_status_ready;condition=true;instance=kube-state-metrics.monitoring.svc.cluster.local:8080;job=kube-state-metrics;namespace=online-boutique;pod=frontend-76c94f7cfb-jkmgk;uid=9e4174b2-637d-464e-877b-9bed13b96eaf"
"2026-06-11 16:03:14","2026-06-12 00:03:14","1","__name__=kube_pod_status_ready;condition=true;instance=kube-state-metrics.monitoring.svc.cluster.local:8080;job=kube-state-metrics;namespace=online-boutique;pod=frontend-76c94f7cfb-jkmgk;uid=9e4174b2-637d-464e-877b-9bed13b96eaf"
"2026-06-11 16:03:29","2026-06-12 00:03:29","1","__name__=kube_pod_status_ready;condition=true;instance=kube-state-metrics.monitoring.svc.cluster.local:8080;job=kube-state-metrics;namespace=online-boutique;pod=frontend-76c94f7cfb-jkmgk;uid=9e4174b2-637d-464e-877b-9bed13b96eaf"
"2026-06-11 16:03:44","2026-06-12 00:03:44","1","__name__=kube_pod_status_ready;condition=true;instance=kube-state-metrics.monitoring.svc.cluster.local:8080;job=kube-state-metrics;namespace=online-boutique;pod=frontend-76c94f7cfb-jkmgk;uid=9e4174b2-637d-464e-877b-9bed13b96eaf"
"2026-06-11 16:03:59","2026-06-12 00:03:59","1","__name__=kube_pod_status_ready;condition=true;instance=kube-state-metrics.monitoring.svc.cluster.local:8080;job=kube-state-metrics;namespace=online-boutique;pod=frontend-76c94f7cfb-jkmgk;uid=9e4174b2-637d-464e-877b-9bed13b96eaf"
"2026-06-11 16:04:14","2026-06-12 00:04:14","1","__name__=kube_pod_status_ready;condition=true;instance=kube-state-metrics.monitoring.svc.cluster.local:8080;job=kube-state-metrics;namespace=online-boutique;pod=frontend-76c94f7cfb-jkmgk;uid=9e4174b2-637d-464e-877b-9bed13b96eaf"
"2026-06-11 16:04:29","2026-06-12 00:04:29","1","__name__=kube_pod_status_ready;condition=true;instance=kube-state-metrics.monitoring.svc.cluster.local:8080;job=kube-state-metrics;namespace=online-boutique;pod=frontend-76c94f7cfb-jkmgk;uid=9e4174b2-637d-464e-877b-9bed13b96eaf"
"2026-06-11 16:04:44","2026-06-12 00:04:44","1","__name__=kube_pod_status_ready;condition=true;instance=kube-state-metrics.monitoring.svc.cluster.local:8080;job=kube-state-metrics;namespace=online-boutique;pod=frontend-76c94f7cfb-jkmgk;uid=9e4174b2-637d-464e-877b-9bed13b96eaf"
"2026-06-11 16:04:59","2026-06-12 00:04:59","1","__name__=kube_pod_status_ready;condition=true;instance=kube-state-metrics.monitoring.svc.cluster.local:8080;job=kube-state-metrics;namespace=online-boutique;pod=frontend-76c94f7cfb-jkmgk;uid=9e4174b2-637d-464e-877b-9bed13b96eaf"
"2026-06-11 16:05:14","2026-06-12 00:05:14","1","__name__=kube_pod_status_ready;condition=true;instance=kube-state-metrics.monitoring.svc.cluster.local:8080;job=kube-state-metrics;namespace=online-boutique;pod=frontend-76c94f7cfb-jkmgk;uid=9e4174b2-637d-464e-877b-9bed13b96eaf"
"2026-06-11 16:05:29","2026-06-12 00:05:29","1","__name__=kube_pod_status_ready;condition=true;instance=kube-state-metrics.monitoring.svc.cluster.local:8080;job=kube-state-metrics;namespace=online-boutique;pod=frontend-76c94f7cfb-jkmgk;uid=9e4174b2-637d-464e-877b-9bed13b96eaf"
"2026-06-11 16:05:44","2026-06-12 00:05:44","1","__name__=kube_pod_status_ready;condition=true;instance=kube-state-metrics.monitoring.svc.cluster.local:8080;job=kube-state-metrics;namespace=online-boutique;pod=frontend-76c94f7cfb-jkmgk;uid=9e4174b2-637d-464e-877b-9bed13b96eaf"
"2026-06-11 16:05:59","2026-06-12 00:05:59","1","__name__=kube_pod_status_ready;condition=true;instance=kube-state-metrics.monitoring.svc.cluster.local:8080;job=kube-state-metrics;namespace=online-boutique;pod=frontend-76c94f7cfb-jkmgk;uid=9e4174b2-637d-464e-877b-9bed13b96eaf"
"2026-06-11 16:06:14","2026-06-12 00:06:14","1","__name__=kube_pod_status_ready;condition=true;instance=kube-state-metrics.monitoring.svc.cluster.local:8080;job=kube-state-metrics;namespace=online-boutique;pod=frontend-76c94f7cfb-jkmgk;uid=9e4174b2-637d-464e-877b-9bed13b96eaf"
"2026-06-11 16:06:29","2026-06-12 00:06:29","1","__name__=kube_pod_status_ready;condition=true;instance=kube-state-metrics.monitoring.svc.cluster.local:8080;job=kube-state-metrics;namespace=online-boutique;pod=frontend-76c94f7cfb-jkmgk;uid=9e4174b2-637d-464e-877b-9bed13b96eaf"
"2026-06-11 16:06:44","2026-06-12 00:06:44","1","__name__=kube_pod_status_ready;condition=true;instance=kube-state-metrics.monitoring.svc.cluster.local:8080;job=kube-state-metrics;namespace=online-boutique;pod=frontend-76c94f7cfb-jkmgk;uid=9e4174b2-637d-464e-877b-9bed13b96eaf"
"2026-06-11 16:06:59","2026-06-12 00:06:59","1","__name__=kube_pod_status_ready;condition=true;instance=kube-state-metrics.monitoring.svc.cluster.local:8080;job=kube-state-metrics;namespace=online-boutique;pod=frontend-76c94f7cfb-jkmgk;uid=9e4174b2-637d-464e-877b-9bed13b96eaf"
"2026-06-11 16:07:14","2026-06-12 00:07:14","1","__name__=kube_pod_status_ready;condition=true;instance=kube-state-metrics.monitoring.svc.cluster.local:8080;job=kube-state-metrics;namespace=online-boutique;pod=frontend-76c94f7cfb-jkmgk;uid=9e4174b2-637d-464e-877b-9bed13b96eaf"
"2026-06-11 16:07:29","2026-06-12 00:07:29","1","__name__=kube_pod_status_ready;condition=true;instance=kube-state-metrics.monitoring.svc.cluster.local:8080;job=kube-state-metrics;namespace=online-boutique;pod=frontend-76c94f7cfb-jkmgk;uid=9e4174b2-637d-464e-877b-9bed13b96eaf"
"2026-06-11 16:07:44","2026-06-12 00:07:44","1","__name__=kube_pod_status_ready;condition=true;instance=kube-state-metrics.monitoring.svc.cluster.local:8080;job=kube-state-metrics;namespace=online-boutique;pod=frontend-76c94f7cfb-jkmgk;uid=9e4174b2-637d-464e-877b-9bed13b96eaf"
"2026-06-11 16:07:59","2026-06-12 00:07:59","1","__name__=kube_pod_status_ready;condition=true;instance=kube-state-metrics.monitoring.svc.cluster.local:8080;job=kube-state-metrics;namespace=online-boutique;pod=frontend-76c94f7cfb-jkmgk;uid=9e4174b2-637d-464e-877b-9bed13b96eaf"
"2026-06-11 16:08:14","2026-06-12 00:08:14","1","__name__=kube_pod_status_ready;condition=true;instance=kube-state-metrics.monitoring.svc.cluster.local:8080;job=kube-state-metrics;namespace=online-boutique;pod=frontend-76c94f7cfb-jkmgk;uid=9e4174b2-637d-464e-877b-9bed13b96eaf"
"2026-06-11 16:08:29","2026-06-12 00:08:29","1","__name__=kube_pod_status_ready;condition=true;instance=kube-state-metrics.monitoring.svc.cluster.local:8080;job=kube-state-metrics;namespace=online-boutique;pod=frontend-76c94f7cfb-jkmgk;uid=9e4174b2-637d-464e-877b-9bed13b96eaf"
"2026-06-11 16:08:44","2026-06-12 00:08:44","1","__name__=kube_pod_status_ready;condition=true;instance=kube-state-metrics.monitoring.svc.cluster.local:8080;job=kube-state-metrics;namespace=online-boutique;pod=frontend-76c94f7cfb-jkmgk;uid=9e4174b2-637d-464e-877b-9bed13b96eaf"
"2026-06-11 16:08:59","2026-06-12 00:08:59","1","__name__=kube_pod_status_ready;condition=true;instance=kube-state-metrics.monitoring.svc.cluster.local:8080;job=kube-state-metrics;namespace=online-boutique;pod=frontend-76c94f7cfb-jkmgk;uid=9e4174b2-637d-464e-877b-9bed13b96eaf"
"2026-06-11 16:09:14","2026-06-12 00:09:14","1","__name__=kube_pod_status_ready;condition=true;instance=kube-state-metrics.monitoring.svc.cluster.local:8080;job=kube-state-metrics;namespace=online-boutique;pod=frontend-76c94f7cfb-jkmgk;uid=9e4174b2-637d-464e-877b-9bed13b96eaf"
"2026-06-11 16:09:29","2026-06-12 00:09:29","1","__name__=kube_pod_status_ready;condition=true;instance=kube-state-metrics.monitoring.svc.cluster.local:8080;job=kube-state-metrics;namespace=online-boutique;pod=frontend-76c94f7cfb-jkmgk;uid=9e4174b2-637d-464e-877b-9bed13b96eaf"
"2026-06-11 16:09:44","2026-06-12 00:09:44","1","__name__=kube_pod_status_ready;condition=true;instance=kube-state-metrics.monitoring.svc.cluster.local:8080;job=kube-state-metrics;namespace=online-boutique;pod=frontend-76c94f7cfb-jkmgk;uid=9e4174b2-637d-464e-877b-9bed13b96eaf"
"2026-06-11 16:09:59","2026-06-12 00:09:59","1","__name__=kube_pod_status_ready;condition=true;instance=kube-state-metrics.monitoring.svc.cluster.local:8080;job=kube-state-metrics;namespace=online-boutique;pod=frontend-76c94f7cfb-jkmgk;uid=9e4174b2-637d-464e-877b-9bed13b96eaf"
"2026-06-11 16:10:14","2026-06-12 00:10:14","1","__name__=kube_pod_status_ready;condition=true;instance=kube-state-metrics.monitoring.svc.cluster.local:8080;job=kube-state-metrics;namespace=online-boutique;pod=frontend-76c94f7cfb-jkmgk;uid=9e4174b2-637d-464e-877b-9bed13b96eaf"
"2026-06-11 16:10:29","2026-06-12 00:10:29","1","__name__=kube_pod_status_ready;condition=true;instance=kube-state-metrics.monitoring.svc.cluster.local:8080;job=kube-state-metrics;namespace=online-boutique;pod=frontend-76c94f7cfb-jkmgk;uid=9e4174b2-637d-464e-877b-9bed13b96eaf"
"2026-06-11 16:10:44","2026-06-12 00:10:44","1","__name__=kube_pod_status_ready;condition=true;instance=kube-state-metrics.monitoring.svc.cluster.local:8080;job=kube-state-metrics;namespace=online-boutique;pod=frontend-76c94f7cfb-jkmgk;uid=9e4174b2-637d-464e-877b-9bed13b96eaf"
"2026-06-11 16:10:59","2026-06-12 00:10:59","1","__name__=kube_pod_status_ready;condition=true;instance=kube-state-metrics.monitoring.svc.cluster.local:8080;job=kube-state-metrics;namespace=online-boutique;pod=frontend-76c94f7cfb-jkmgk;uid=9e4174b2-637d-464e-877b-9bed13b96eaf"
"2026-06-11 16:11:14","2026-06-12 00:11:14","1","__name__=kube_pod_status_ready;condition=true;instance=kube-state-metrics.monitoring.svc.cluster.local:8080;job=kube-state-metrics;namespace=online-boutique;pod=frontend-76c94f7cfb-jkmgk;uid=9e4174b2-637d-464e-877b-9bed13b96eaf"
"2026-06-11 16:11:29","2026-06-12 00:11:29","1","__name__=kube_pod_status_ready;condition=true;instance=kube-state-metrics.monitoring.svc.cluster.local:8080;job=kube-state-metrics;namespace=online-boutique;pod=frontend-76c94f7cfb-jkmgk;uid=9e4174b2-637d-464e-877b-9bed13b96eaf"
"2026-06-11 16:11:44","2026-06-12 00:11:44","1","__name__=kube_pod_status_ready;condition=true;instance=kube-state-metrics.monitoring.svc.cluster.local:8080;job=kube-state-metrics;namespace=online-boutique;pod=frontend-76c94f7cfb-jkmgk;uid=9e4174b2-637d-464e-877b-9bed13b96eaf"
"2026-06-11 16:11:59","2026-06-12 00:11:59","1","__name__=kube_pod_status_ready;condition=true;instance=kube-state-metrics.monitoring.svc.cluster.local:8080;job=kube-state-metrics;namespace=online-boutique;pod=frontend-76c94f7cfb-jkmgk;uid=9e4174b2-637d-464e-877b-9bed13b96eaf"
"2026-06-11 16:12:14","2026-06-12 00:12:14","1","__name__=kube_pod_status_ready;condition=true;instance=kube-state-metrics.monitoring.svc.cluster.local:8080;job=kube-state-metrics;namespace=online-boutique;pod=frontend-76c94f7cfb-jkmgk;uid=9e4174b2-637d-464e-877b-9bed13b96eaf"
"2026-06-11 16:12:29","2026-06-12 00:12:29","1","__name__=kube_pod_status_ready;condition=true;instance=kube-state-metrics.monitoring.svc.cluster.local:8080;job=kube-state-metrics;namespace=online-boutique;pod=frontend-76c94f7cfb-jkmgk;uid=9e4174b2-637d-464e-877b-9bed13b96eaf"
"2026-06-11 16:12:44","2026-06-12 00:12:44","1","__name__=kube_pod_status_ready;condition=true;instance=kube-state-metrics.monitoring.svc.cluster.local:8080;job=kube-state-metrics;namespace=online-boutique;pod=frontend-76c94f7cfb-jkmgk;uid=9e4174b2-637d-464e-877b-9bed13b96eaf"
"2026-06-11 16:12:59","2026-06-12 00:12:59","1","__name__=kube_pod_status_ready;condition=true;instance=kube-state-metrics.monitoring.svc.cluster.local:8080;job=kube-state-metrics;namespace=online-boutique;pod=frontend-76c94f7cfb-jkmgk;uid=9e4174b2-637d-464e-877b-9bed13b96eaf"
"2026-06-11 16:13:14","2026-06-12 00:13:14","1","__name__=kube_pod_status_ready;condition=true;instance=kube-state-metrics.monitoring.svc.cluster.local:8080;job=kube-state-metrics;namespace=online-boutique;pod=frontend-76c94f7cfb-jkmgk;uid=9e4174b2-637d-464e-877b-9bed13b96eaf"
"2026-06-11 16:13:29","2026-06-12 00:13:29","1","__name__=kube_pod_status_ready;condition=true;instance=kube-state-metrics.monitoring.svc.cluster.local:8080;job=kube-state-metrics;namespace=online-boutique;pod=frontend-76c94f7cfb-jkmgk;uid=9e4174b2-637d-464e-877b-9bed13b96eaf"
"2026-06-11 16:13:44","2026-06-12 00:13:44","1","__name__=kube_pod_status_ready;condition=true;instance=kube-state-metrics.monitoring.svc.cluster.local:8080;job=kube-state-metrics;namespace=online-boutique;pod=frontend-76c94f7cfb-jkmgk;uid=9e4174b2-637d-464e-877b-9bed13b96eaf"
"2026-06-11 16:13:59","2026-06-12 00:13:59","1","__name__=kube_pod_status_ready;condition=true;instance=kube-state-metrics.monitoring.svc.cluster.local:8080;job=kube-state-metrics;namespace=online-boutique;pod=frontend-76c94f7cfb-jkmgk;uid=9e4174b2-637d-464e-877b-9bed13b96eaf"
"2026-06-11 16:14:14","2026-06-12 00:14:14","1","__name__=kube_pod_status_ready;condition=true;instance=kube-state-metrics.monitoring.svc.cluster.local:8080;job=kube-state-metrics;namespace=online-boutique;pod=frontend-76c94f7cfb-jkmgk;uid=9e4174b2-637d-464e-877b-9bed13b96eaf"
"2026-06-11 16:14:29","2026-06-12 00:14:29","1","__name__=kube_pod_status_ready;condition=true;instance=kube-state-metrics.monitoring.svc.cluster.local:8080;job=kube-state-metrics;namespace=online-boutique;pod=frontend-76c94f7cfb-jkmgk;uid=9e4174b2-637d-464e-877b-9bed13b96eaf"
"2026-06-11 16:14:44","2026-06-12 00:14:44","1","__name__=kube_pod_status_ready;condition=true;instance=kube-state-metrics.monitoring.svc.cluster.local:8080;job=kube-state-metrics;namespace=online-boutique;pod=frontend-76c94f7cfb-jkmgk;uid=9e4174b2-637d-464e-877b-9bed13b96eaf"
"2026-06-11 16:14:59","2026-06-12 00:14:59","1","__name__=kube_pod_status_ready;condition=true;instance=kube-state-metrics.monitoring.svc.cluster.local:8080;job=kube-state-metrics;namespace=online-boutique;pod=frontend-76c94f7cfb-jkmgk;uid=9e4174b2-637d-464e-877b-9bed13b96eaf"
"2026-06-11 16:15:14","2026-06-12 00:15:14","1","__name__=kube_pod_status_ready;condition=true;instance=kube-state-metrics.monitoring.svc.cluster.local:8080;job=kube-state-metrics;namespace=online-boutique;pod=frontend-76c94f7cfb-jkmgk;uid=9e4174b2-637d-464e-877b-9bed13b96eaf"
"2026-06-11 16:15:29","2026-06-12 00:15:29","1","__name__=kube_pod_status_ready;condition=true;instance=kube-state-metrics.monitoring.svc.cluster.local:8080;job=kube-state-metrics;namespace=online-boutique;pod=frontend-76c94f7cfb-jkmgk;uid=9e4174b2-637d-464e-877b-9bed13b96eaf"
"2026-06-11 16:15:44","2026-06-12 00:15:44","1","__name__=kube_pod_status_ready;condition=true;instance=kube-state-metrics.monitoring.svc.cluster.local:8080;job=kube-state-metrics;namespace=online-boutique;pod=frontend-76c94f7cfb-jkmgk;uid=9e4174b2-637d-464e-877b-9bed13b96eaf"
"2026-06-11 16:15:59","2026-06-12 00:15:59","1","__name__=kube_pod_status_ready;condition=true;instance=kube-state-metrics.monitoring.svc.cluster.local:8080;job=kube-state-metrics;namespace=online-boutique;pod=frontend-76c94f7cfb-jkmgk;uid=9e4174b2-637d-464e-877b-9bed13b96eaf"
"2026-06-11 16:16:14","2026-06-12 00:16:14","1","__name__=kube_pod_status_ready;condition=true;instance=kube-state-metrics.monitoring.svc.cluster.local:8080;job=kube-state-metrics;namespace=online-boutique;pod=frontend-76c94f7cfb-jkmgk;uid=9e4174b2-637d-464e-877b-9bed13b96eaf"
"2026-06-11 16:16:29","2026-06-12 00:16:29","1","__name__=kube_pod_status_ready;condition=true;instance=kube-state-metrics.monitoring.svc.cluster.local:8080;job=kube-state-metrics;namespace=online-boutique;pod=frontend-76c94f7cfb-jkmgk;uid=9e4174b2-637d-464e-877b-9bed13b96eaf"
"2026-06-11 16:16:44","2026-06-12 00:16:44","1","__name__=kube_pod_status_ready;condition=true;instance=kube-state-metrics.monitoring.svc.cluster.local:8080;job=kube-state-metrics;namespace=online-boutique;pod=frontend-76c94f7cfb-jkmgk;uid=9e4174b2-637d-464e-877b-9bed13b96eaf"
"2026-06-11 16:16:59","2026-06-12 00:16:59","1","__name__=kube_pod_status_ready;condition=true;instance=kube-state-metrics.monitoring.svc.cluster.local:8080;job=kube-state-metrics;namespace=online-boutique;pod=frontend-76c94f7cfb-jkmgk;uid=9e4174b2-637d-464e-877b-9bed13b96eaf"
"2026-06-11 16:17:14","2026-06-12 00:17:14","1","__name__=kube_pod_status_ready;condition=true;instance=kube-state-metrics.monitoring.svc.cluster.local:8080;job=kube-state-metrics;namespace=online-boutique;pod=frontend-76c94f7cfb-jkmgk;uid=9e4174b2-637d-464e-877b-9bed13b96eaf"
"2026-06-11 16:17:29","2026-06-12 00:17:29","1","__name__=kube_pod_status_ready;condition=true;instance=kube-state-metrics.monitoring.svc.cluster.local:8080;job=kube-state-metrics;namespace=online-boutique;pod=frontend-76c94f7cfb-jkmgk;uid=9e4174b2-637d-464e-877b-9bed13b96eaf"
"2026-06-11 16:17:44","2026-06-12 00:17:44","1","__name__=kube_pod_status_ready;condition=true;instance=kube-state-metrics.monitoring.svc.cluster.local:8080;job=kube-state-metrics;namespace=online-boutique;pod=frontend-76c94f7cfb-jkmgk;uid=9e4174b2-637d-464e-877b-9bed13b96eaf"
"2026-06-11 16:17:59","2026-06-12 00:17:59","1","__name__=kube_pod_status_ready;condition=true;instance=kube-state-metrics.monitoring.svc.cluster.local:8080;job=kube-state-metrics;namespace=online-boutique;pod=frontend-76c94f7cfb-jkmgk;uid=9e4174b2-637d-464e-877b-9bed13b96eaf"
"2026-06-11 16:18:14","2026-06-12 00:18:14","1","__name__=kube_pod_status_ready;condition=true;instance=kube-state-metrics.monitoring.svc.cluster.local:8080;job=kube-state-metrics;namespace=online-boutique;pod=frontend-76c94f7cfb-jkmgk;uid=9e4174b2-637d-464e-877b-9bed13b96eaf"
"2026-06-11 16:18:29","2026-06-12 00:18:29","1","__name__=kube_pod_status_ready;condition=true;instance=kube-state-metrics.monitoring.svc.cluster.local:8080;job=kube-state-metrics;namespace=online-boutique;pod=frontend-76c94f7cfb-jkmgk;uid=9e4174b2-637d-464e-877b-9bed13b96eaf"
"2026-06-11 16:18:44","2026-06-12 00:18:44","1","__name__=kube_pod_status_ready;condition=true;instance=kube-state-metrics.monitoring.svc.cluster.local:8080;job=kube-state-metrics;namespace=online-boutique;pod=frontend-76c94f7cfb-jkmgk;uid=9e4174b2-637d-464e-877b-9bed13b96eaf"
"2026-06-11 16:18:59","2026-06-12 00:18:59","1","__name__=kube_pod_status_ready;condition=true;instance=kube-state-metrics.monitoring.svc.cluster.local:8080;job=kube-state-metrics;namespace=online-boutique;pod=frontend-76c94f7cfb-jkmgk;uid=9e4174b2-637d-464e-877b-9bed13b96eaf"
"2026-06-11 16:19:14","2026-06-12 00:19:14","1","__name__=kube_pod_status_ready;condition=true;instance=kube-state-metrics.monitoring.svc.cluster.local:8080;job=kube-state-metrics;namespace=online-boutique;pod=frontend-76c94f7cfb-jkmgk;uid=9e4174b2-637d-464e-877b-9bed13b96eaf"
"2026-06-11 16:19:29","2026-06-12 00:19:29","1","__name__=kube_pod_status_ready;condition=true;instance=kube-state-metrics.monitoring.svc.cluster.local:8080;job=kube-state-metrics;namespace=online-boutique;pod=frontend-76c94f7cfb-jkmgk;uid=9e4174b2-637d-464e-877b-9bed13b96eaf"
"2026-06-11 16:19:44","2026-06-12 00:19:44","1","__name__=kube_pod_status_ready;condition=true;instance=kube-state-metrics.monitoring.svc.cluster.local:8080;job=kube-state-metrics;namespace=online-boutique;pod=frontend-76c94f7cfb-jkmgk;uid=9e4174b2-637d-464e-877b-9bed13b96eaf"
"2026-06-11 16:19:59","2026-06-12 00:19:59","1","__name__=kube_pod_status_ready;condition=true;instance=kube-state-metrics.monitoring.svc.cluster.local:8080;job=kube-state-metrics;namespace=online-boutique;pod=frontend-76c94f7cfb-jkmgk;uid=9e4174b2-637d-464e-877b-9bed13b96eaf"
"2026-06-11 16:20:14","2026-06-12 00:20:14","1","__name__=kube_pod_status_ready;condition=true;instance=kube-state-metrics.monitoring.svc.cluster.local:8080;job=kube-state-metrics;namespace=online-boutique;pod=frontend-76c94f7cfb-jkmgk;uid=9e4174b2-637d-464e-877b-9bed13b96eaf"
"2026-06-11 16:20:29","2026-06-12 00:20:29","1","__name__=kube_pod_status_ready;condition=true;instance=kube-state-metrics.monitoring.svc.cluster.local:8080;job=kube-state-metrics;namespace=online-boutique;pod=frontend-76c94f7cfb-jkmgk;uid=9e4174b2-637d-464e-877b-9bed13b96eaf"
"2026-06-11 16:20:44","2026-06-12 00:20:44","1","__name__=kube_pod_status_ready;condition=true;instance=kube-state-metrics.monitoring.svc.cluster.local:8080;job=kube-state-metrics;namespace=online-boutique;pod=frontend-76c94f7cfb-jkmgk;uid=9e4174b2-637d-464e-877b-9bed13b96eaf"
"2026-06-11 16:20:59","2026-06-12 00:20:59","1","__name__=kube_pod_status_ready;condition=true;instance=kube-state-metrics.monitoring.svc.cluster.local:8080;job=kube-state-metrics;namespace=online-boutique;pod=frontend-76c94f7cfb-jkmgk;uid=9e4174b2-637d-464e-877b-9bed13b96eaf"
"2026-06-11 16:21:14","2026-06-12 00:21:14","1","__name__=kube_pod_status_ready;condition=true;instance=kube-state-metrics.monitoring.svc.cluster.local:8080;job=kube-state-metrics;namespace=online-boutique;pod=frontend-76c94f7cfb-jkmgk;uid=9e4174b2-637d-464e-877b-9bed13b96eaf"
"2026-06-11 16:21:29","2026-06-12 00:21:29","1","__name__=kube_pod_status_ready;condition=true;instance=kube-state-metrics.monitoring.svc.cluster.local:8080;job=kube-state-metrics;namespace=online-boutique;pod=frontend-76c94f7cfb-jkmgk;uid=9e4174b2-637d-464e-877b-9bed13b96eaf"
"2026-06-11 16:21:44","2026-06-12 00:21:44","1","__name__=kube_pod_status_ready;condition=true;instance=kube-state-metrics.monitoring.svc.cluster.local:8080;job=kube-state-metrics;namespace=online-boutique;pod=frontend-76c94f7cfb-jkmgk;uid=9e4174b2-637d-464e-877b-9bed13b96eaf"
"2026-06-11 16:21:59","2026-06-12 00:21:59","1","__name__=kube_pod_status_ready;condition=true;instance=kube-state-metrics.monitoring.svc.cluster.local:8080;job=kube-state-metrics;namespace=online-boutique;pod=frontend-76c94f7cfb-jkmgk;uid=9e4174b2-637d-464e-877b-9bed13b96eaf"
"2026-06-11 16:22:14","2026-06-12 00:22:14","1","__name__=kube_pod_status_ready;condition=true;instance=kube-state-metrics.monitoring.svc.cluster.local:8080;job=kube-state-metrics;namespace=online-boutique;pod=frontend-76c94f7cfb-jkmgk;uid=9e4174b2-637d-464e-877b-9bed13b96eaf"
"2026-06-11 16:22:29","2026-06-12 00:22:29","1","__name__=kube_pod_status_ready;condition=true;instance=kube-state-metrics.monitoring.svc.cluster.local:8080;job=kube-state-metrics;namespace=online-boutique;pod=frontend-76c94f7cfb-jkmgk;uid=9e4174b2-637d-464e-877b-9bed13b96eaf"
"2026-06-11 16:22:44","2026-06-12 00:22:44","1","__name__=kube_pod_status_ready;condition=true;instance=kube-state-metrics.monitoring.svc.cluster.local:8080;job=kube-state-metrics;namespace=online-boutique;pod=frontend-76c94f7cfb-jkmgk;uid=9e4174b2-637d-464e-877b-9bed13b96eaf"
"2026-06-11 16:22:59","2026-06-12 00:22:59","1","__name__=kube_pod_status_ready;condition=true;instance=kube-state-metrics.monitoring.svc.cluster.local:8080;job=kube-state-metrics;namespace=online-boutique;pod=frontend-76c94f7cfb-jkmgk;uid=9e4174b2-637d-464e-877b-9bed13b96eaf"
"2026-06-11 16:23:14","2026-06-12 00:23:14","1","__name__=kube_pod_status_ready;condition=true;instance=kube-state-metrics.monitoring.svc.cluster.local:8080;job=kube-state-metrics;namespace=online-boutique;pod=frontend-76c94f7cfb-jkmgk;uid=9e4174b2-637d-464e-877b-9bed13b96eaf"
"2026-06-11 16:23:29","2026-06-12 00:23:29","1","__name__=kube_pod_status_ready;condition=true;instance=kube-state-metrics.monitoring.svc.cluster.local:8080;job=kube-state-metrics;namespace=online-boutique;pod=frontend-76c94f7cfb-jkmgk;uid=9e4174b2-637d-464e-877b-9bed13b96eaf"
"2026-06-11 16:23:44","2026-06-12 00:23:44","1","__name__=kube_pod_status_ready;condition=true;instance=kube-state-metrics.monitoring.svc.cluster.local:8080;job=kube-state-metrics;namespace=online-boutique;pod=frontend-76c94f7cfb-jkmgk;uid=9e4174b2-637d-464e-877b-9bed13b96eaf"
"2026-06-11 16:23:59","2026-06-12 00:23:59","1","__name__=kube_pod_status_ready;condition=true;instance=kube-state-metrics.monitoring.svc.cluster.local:8080;job=kube-state-metrics;namespace=online-boutique;pod=frontend-76c94f7cfb-jkmgk;uid=9e4174b2-637d-464e-877b-9bed13b96eaf"
"2026-06-11 16:24:14","2026-06-12 00:24:14","1","__name__=kube_pod_status_ready;condition=true;instance=kube-state-metrics.monitoring.svc.cluster.local:8080;job=kube-state-metrics;namespace=online-boutique;pod=frontend-76c94f7cfb-jkmgk;uid=9e4174b2-637d-464e-877b-9bed13b96eaf"
"2026-06-11 16:24:29","2026-06-12 00:24:29","1","__name__=kube_pod_status_ready;condition=true;instance=kube-state-metrics.monitoring.svc.cluster.local:8080;job=kube-state-metrics;namespace=online-boutique;pod=frontend-76c94f7cfb-jkmgk;uid=9e4174b2-637d-464e-877b-9bed13b96eaf"
"2026-06-11 16:24:44","2026-06-12 00:24:44","1","__name__=kube_pod_status_ready;condition=true;instance=kube-state-metrics.monitoring.svc.cluster.local:8080;job=kube-state-metrics;namespace=online-boutique;pod=frontend-76c94f7cfb-jkmgk;uid=9e4174b2-637d-464e-877b-9bed13b96eaf"
"2026-06-11 16:24:59","2026-06-12 00:24:59","1","__name__=kube_pod_status_ready;condition=true;instance=kube-state-metrics.monitoring.svc.cluster.local:8080;job=kube-state-metrics;namespace=online-boutique;pod=frontend-76c94f7cfb-jkmgk;uid=9e4174b2-637d-464e-877b-9bed13b96eaf"
"2026-06-11 16:25:14","2026-06-12 00:25:14","1","__name__=kube_pod_status_ready;condition=true;instance=kube-state-metrics.monitoring.svc.cluster.local:8080;job=kube-state-metrics;namespace=online-boutique;pod=frontend-76c94f7cfb-jkmgk;uid=9e4174b2-637d-464e-877b-9bed13b96eaf"
"2026-06-11 16:25:29","2026-06-12 00:25:29","1","__name__=kube_pod_status_ready;condition=true;instance=kube-state-metrics.monitoring.svc.cluster.local:8080;job=kube-state-metrics;namespace=online-boutique;pod=frontend-76c94f7cfb-jkmgk;uid=9e4174b2-637d-464e-877b-9bed13b96eaf"
"2026-06-11 16:25:44","2026-06-12 00:25:44","1","__name__=kube_pod_status_ready;condition=true;instance=kube-state-metrics.monitoring.svc.cluster.local:8080;job=kube-state-metrics;namespace=online-boutique;pod=frontend-76c94f7cfb-jkmgk;uid=9e4174b2-637d-464e-877b-9bed13b96eaf"
"2026-06-11 16:25:59","2026-06-12 00:25:59","1","__name__=kube_pod_status_ready;condition=true;instance=kube-state-metrics.monitoring.svc.cluster.local:8080;job=kube-state-metrics;namespace=online-boutique;pod=frontend-76c94f7cfb-jkmgk;uid=9e4174b2-637d-464e-877b-9bed13b96eaf"
"2026-06-11 16:26:14","2026-06-12 00:26:14","1","__name__=kube_pod_status_ready;condition=true;instance=kube-state-metrics.monitoring.svc.cluster.local:8080;job=kube-state-metrics;namespace=online-boutique;pod=frontend-76c94f7cfb-jkmgk;uid=9e4174b2-637d-464e-877b-9bed13b96eaf"
"2026-06-11 16:26:29","2026-06-12 00:26:29","1","__name__=kube_pod_status_ready;condition=true;instance=kube-state-metrics.monitoring.svc.cluster.local:8080;job=kube-state-metrics;namespace=online-boutique;pod=frontend-76c94f7cfb-jkmgk;uid=9e4174b2-637d-464e-877b-9bed13b96eaf"
"2026-06-11 16:26:44","2026-06-12 00:26:44","1","__name__=kube_pod_status_ready;condition=true;instance=kube-state-metrics.monitoring.svc.cluster.local:8080;job=kube-state-metrics;namespace=online-boutique;pod=frontend-76c94f7cfb-jkmgk;uid=9e4174b2-637d-464e-877b-9bed13b96eaf"
"2026-06-11 16:26:59","2026-06-12 00:26:59","1","__name__=kube_pod_status_ready;condition=true;instance=kube-state-metrics.monitoring.svc.cluster.local:8080;job=kube-state-metrics;namespace=online-boutique;pod=frontend-76c94f7cfb-jkmgk;uid=9e4174b2-637d-464e-877b-9bed13b96eaf"
"2026-06-11 16:27:14","2026-06-12 00:27:14","1","__name__=kube_pod_status_ready;condition=true;instance=kube-state-metrics.monitoring.svc.cluster.local:8080;job=kube-state-metrics;namespace=online-boutique;pod=frontend-76c94f7cfb-jkmgk;uid=9e4174b2-637d-464e-877b-9bed13b96eaf"
"2026-06-11 16:27:29","2026-06-12 00:27:29","1","__name__=kube_pod_status_ready;condition=true;instance=kube-state-metrics.monitoring.svc.cluster.local:8080;job=kube-state-metrics;namespace=online-boutique;pod=frontend-76c94f7cfb-jkmgk;uid=9e4174b2-637d-464e-877b-9bed13b96eaf"
"2026-06-11 16:27:44","2026-06-12 00:27:44","1","__name__=kube_pod_status_ready;condition=true;instance=kube-state-metrics.monitoring.svc.cluster.local:8080;job=kube-state-metrics;namespace=online-boutique;pod=frontend-76c94f7cfb-jkmgk;uid=9e4174b2-637d-464e-877b-9bed13b96eaf"
"2026-06-11 16:27:59","2026-06-12 00:27:59","1","__name__=kube_pod_status_ready;condition=true;instance=kube-state-metrics.monitoring.svc.cluster.local:8080;job=kube-state-metrics;namespace=online-boutique;pod=frontend-76c94f7cfb-jkmgk;uid=9e4174b2-637d-464e-877b-9bed13b96eaf"
"2026-06-11 16:28:14","2026-06-12 00:28:14","1","__name__=kube_pod_status_ready;condition=true;instance=kube-state-metrics.monitoring.svc.cluster.local:8080;job=kube-state-metrics;namespace=online-boutique;pod=frontend-76c94f7cfb-jkmgk;uid=9e4174b2-637d-464e-877b-9bed13b96eaf"
"2026-06-11 16:28:29","2026-06-12 00:28:29","1","__name__=kube_pod_status_ready;condition=true;instance=kube-state-metrics.monitoring.svc.cluster.local:8080;job=kube-state-metrics;namespace=online-boutique;pod=frontend-76c94f7cfb-jkmgk;uid=9e4174b2-637d-464e-877b-9bed13b96eaf"
"2026-06-11 16:28:44","2026-06-12 00:28:44","1","__name__=kube_pod_status_ready;condition=true;instance=kube-state-metrics.monitoring.svc.cluster.local:8080;job=kube-state-metrics;namespace=online-boutique;pod=frontend-76c94f7cfb-jkmgk;uid=9e4174b2-637d-464e-877b-9bed13b96eaf"
"2026-06-11 16:28:59","2026-06-12 00:28:59","1","__name__=kube_pod_status_ready;condition=true;instance=kube-state-metrics.monitoring.svc.cluster.local:8080;job=kube-state-metrics;namespace=online-boutique;pod=frontend-76c94f7cfb-jkmgk;uid=9e4174b2-637d-464e-877b-9bed13b96eaf"
"2026-06-11 16:29:14","2026-06-12 00:29:14","1","__name__=kube_pod_status_ready;condition=true;instance=kube-state-metrics.monitoring.svc.cluster.local:8080;job=kube-state-metrics;namespace=online-boutique;pod=frontend-76c94f7cfb-jkmgk;uid=9e4174b2-637d-464e-877b-9bed13b96eaf"
"2026-06-11 16:29:29","2026-06-12 00:29:29","1","__name__=kube_pod_status_ready;condition=true;instance=kube-state-metrics.monitoring.svc.cluster.local:8080;job=kube-state-metrics;namespace=online-boutique;pod=frontend-76c94f7cfb-jkmgk;uid=9e4174b2-637d-464e-877b-9bed13b96eaf"
"2026-06-11 16:29:44","2026-06-12 00:29:44","1","__name__=kube_pod_status_ready;condition=true;instance=kube-state-metrics.monitoring.svc.cluster.local:8080;job=kube-state-metrics;namespace=online-boutique;pod=frontend-76c94f7cfb-jkmgk;uid=9e4174b2-637d-464e-877b-9bed13b96eaf"
"2026-06-11 16:29:59","2026-06-12 00:29:59","1","__name__=kube_pod_status_ready;condition=true;instance=kube-state-metrics.monitoring.svc.cluster.local:8080;job=kube-state-metrics;namespace=online-boutique;pod=frontend-76c94f7cfb-jkmgk;uid=9e4174b2-637d-464e-877b-9bed13b96eaf"
"2026-06-11 16:30:14","2026-06-12 00:30:14","1","__name__=kube_pod_status_ready;condition=true;instance=kube-state-metrics.monitoring.svc.cluster.local:8080;job=kube-state-metrics;namespace=online-boutique;pod=frontend-76c94f7cfb-jkmgk;uid=9e4174b2-637d-464e-877b-9bed13b96eaf"
"2026-06-11 16:30:29","2026-06-12 00:30:29","1","__name__=kube_pod_status_ready;condition=true;instance=kube-state-metrics.monitoring.svc.cluster.local:8080;job=kube-state-metrics;namespace=online-boutique;pod=frontend-76c94f7cfb-jkmgk;uid=9e4174b2-637d-464e-877b-9bed13b96eaf"
"2026-06-11 16:30:44","2026-06-12 00:30:44","1","__name__=kube_pod_status_ready;condition=true;instance=kube-state-metrics.monitoring.svc.cluster.local:8080;job=kube-state-metrics;namespace=online-boutique;pod=frontend-76c94f7cfb-jkmgk;uid=9e4174b2-637d-464e-877b-9bed13b96eaf"
"2026-06-11 16:30:59","2026-06-12 00:30:59","1","__name__=kube_pod_status_ready;condition=true;instance=kube-state-metrics.monitoring.svc.cluster.local:8080;job=kube-state-metrics;namespace=online-boutique;pod=frontend-76c94f7cfb-jkmgk;uid=9e4174b2-637d-464e-877b-9bed13b96eaf"
"2026-06-11 16:31:14","2026-06-12 00:31:14","1","__name__=kube_pod_status_ready;condition=true;instance=kube-state-metrics.monitoring.svc.cluster.local:8080;job=kube-state-metrics;namespace=online-boutique;pod=frontend-76c94f7cfb-jkmgk;uid=9e4174b2-637d-464e-877b-9bed13b96eaf"
"2026-06-11 16:31:29","2026-06-12 00:31:29","1","__name__=kube_pod_status_ready;condition=true;instance=kube-state-metrics.monitoring.svc.cluster.local:8080;job=kube-state-metrics;namespace=online-boutique;pod=frontend-76c94f7cfb-jkmgk;uid=9e4174b2-637d-464e-877b-9bed13b96eaf"
"2026-06-11 16:31:44","2026-06-12 00:31:44","1","__name__=kube_pod_status_ready;condition=true;instance=kube-state-metrics.monitoring.svc.cluster.local:8080;job=kube-state-metrics;namespace=online-boutique;pod=frontend-76c94f7cfb-jkmgk;uid=9e4174b2-637d-464e-877b-9bed13b96eaf"
"2026-06-11 16:31:59","2026-06-12 00:31:59","1","__name__=kube_pod_status_ready;condition=true;instance=kube-state-metrics.monitoring.svc.cluster.local:8080;job=kube-state-metrics;namespace=online-boutique;pod=frontend-76c94f7cfb-jkmgk;uid=9e4174b2-637d-464e-877b-9bed13b96eaf"
"2026-06-11 16:32:14","2026-06-12 00:32:14","1","__name__=kube_pod_status_ready;condition=true;instance=kube-state-metrics.monitoring.svc.cluster.local:8080;job=kube-state-metrics;namespace=online-boutique;pod=frontend-76c94f7cfb-jkmgk;uid=9e4174b2-637d-464e-877b-9bed13b96eaf"
"2026-06-11 16:32:29","2026-06-12 00:32:29","1","__name__=kube_pod_status_ready;condition=true;instance=kube-state-metrics.monitoring.svc.cluster.local:8080;job=kube-state-metrics;namespace=online-boutique;pod=frontend-76c94f7cfb-jkmgk;uid=9e4174b2-637d-464e-877b-9bed13b96eaf"
"2026-06-11 16:32:44","2026-06-12 00:32:44","1","__name__=kube_pod_status_ready;condition=true;instance=kube-state-metrics.monitoring.svc.cluster.local:8080;job=kube-state-metrics;namespace=online-boutique;pod=frontend-76c94f7cfb-jkmgk;uid=9e4174b2-637d-464e-877b-9bed13b96eaf"
"2026-06-11 16:32:59","2026-06-12 00:32:59","1","__name__=kube_pod_status_ready;condition=true;instance=kube-state-metrics.monitoring.svc.cluster.local:8080;job=kube-state-metrics;namespace=online-boutique;pod=frontend-76c94f7cfb-jkmgk;uid=9e4174b2-637d-464e-877b-9bed13b96eaf"
"2026-06-11 16:33:14","2026-06-12 00:33:14","1","__name__=kube_pod_status_ready;condition=true;instance=kube-state-metrics.monitoring.svc.cluster.local:8080;job=kube-state-metrics;namespace=online-boutique;pod=frontend-76c94f7cfb-jkmgk;uid=9e4174b2-637d-464e-877b-9bed13b96eaf"
"2026-06-11 16:33:29","2026-06-12 00:33:29","1","__name__=kube_pod_status_ready;condition=true;instance=kube-state-metrics.monitoring.svc.cluster.local:8080;job=kube-state-metrics;namespace=online-boutique;pod=frontend-76c94f7cfb-jkmgk;uid=9e4174b2-637d-464e-877b-9bed13b96eaf"
"2026-06-11 16:33:44","2026-06-12 00:33:44","1","__name__=kube_pod_status_ready;condition=true;instance=kube-state-metrics.monitoring.svc.cluster.local:8080;job=kube-state-metrics;namespace=online-boutique;pod=frontend-76c94f7cfb-jkmgk;uid=9e4174b2-637d-464e-877b-9bed13b96eaf"
"2026-06-11 16:33:59","2026-06-12 00:33:59","1","__name__=kube_pod_status_ready;condition=true;instance=kube-state-metrics.monitoring.svc.cluster.local:8080;job=kube-state-metrics;namespace=online-boutique;pod=frontend-76c94f7cfb-jkmgk;uid=9e4174b2-637d-464e-877b-9bed13b96eaf"
"2026-06-11 16:34:14","2026-06-12 00:34:14","1","__name__=kube_pod_status_ready;condition=true;instance=kube-state-metrics.monitoring.svc.cluster.local:8080;job=kube-state-metrics;namespace=online-boutique;pod=frontend-76c94f7cfb-jkmgk;uid=9e4174b2-637d-464e-877b-9bed13b96eaf"
"2026-06-11 16:34:29","2026-06-12 00:34:29","1","__name__=kube_pod_status_ready;condition=true;instance=kube-state-metrics.monitoring.svc.cluster.local:8080;job=kube-state-metrics;namespace=online-boutique;pod=frontend-76c94f7cfb-jkmgk;uid=9e4174b2-637d-464e-877b-9bed13b96eaf"
"2026-06-11 16:34:44","2026-06-12 00:34:44","1","__name__=kube_pod_status_ready;condition=true;instance=kube-state-metrics.monitoring.svc.cluster.local:8080;job=kube-state-metrics;namespace=online-boutique;pod=frontend-76c94f7cfb-jkmgk;uid=9e4174b2-637d-464e-877b-9bed13b96eaf"
"2026-06-11 16:34:59","2026-06-12 00:34:59","1","__name__=kube_pod_status_ready;condition=true;instance=kube-state-metrics.monitoring.svc.cluster.local:8080;job=kube-state-metrics;namespace=online-boutique;pod=frontend-76c94f7cfb-jkmgk;uid=9e4174b2-637d-464e-877b-9bed13b96eaf"
"2026-06-11 16:35:14","2026-06-12 00:35:14","1","__name__=kube_pod_status_ready;condition=true;instance=kube-state-metrics.monitoring.svc.cluster.local:8080;job=kube-state-metrics;namespace=online-boutique;pod=frontend-76c94f7cfb-jkmgk;uid=9e4174b2-637d-464e-877b-9bed13b96eaf"
"2026-06-11 16:35:29","2026-06-12 00:35:29","1","__name__=kube_pod_status_ready;condition=true;instance=kube-state-metrics.monitoring.svc.cluster.local:8080;job=kube-state-metrics;namespace=online-boutique;pod=frontend-76c94f7cfb-jkmgk;uid=9e4174b2-637d-464e-877b-9bed13b96eaf"
"2026-06-11 16:35:44","2026-06-12 00:35:44","1","__name__=kube_pod_status_ready;condition=true;instance=kube-state-metrics.monitoring.svc.cluster.local:8080;job=kube-state-metrics;namespace=online-boutique;pod=frontend-76c94f7cfb-jkmgk;uid=9e4174b2-637d-464e-877b-9bed13b96eaf"
"2026-06-11 16:35:59","2026-06-12 00:35:59","1","__name__=kube_pod_status_ready;condition=true;instance=kube-state-metrics.monitoring.svc.cluster.local:8080;job=kube-state-metrics;namespace=online-boutique;pod=frontend-76c94f7cfb-jkmgk;uid=9e4174b2-637d-464e-877b-9bed13b96eaf"
"2026-06-11 16:36:14","2026-06-12 00:36:14","1","__name__=kube_pod_status_ready;condition=true;instance=kube-state-metrics.monitoring.svc.cluster.local:8080;job=kube-state-metrics;namespace=online-boutique;pod=frontend-76c94f7cfb-jkmgk;uid=9e4174b2-637d-464e-877b-9bed13b96eaf"
"2026-06-11 16:36:29","2026-06-12 00:36:29","1","__name__=kube_pod_status_ready;condition=true;instance=kube-state-metrics.monitoring.svc.cluster.local:8080;job=kube-state-metrics;namespace=online-boutique;pod=frontend-76c94f7cfb-jkmgk;uid=9e4174b2-637d-464e-877b-9bed13b96eaf"
"2026-06-11 16:36:44","2026-06-12 00:36:44","1","__name__=kube_pod_status_ready;condition=true;instance=kube-state-metrics.monitoring.svc.cluster.local:8080;job=kube-state-metrics;namespace=online-boutique;pod=frontend-76c94f7cfb-jkmgk;uid=9e4174b2-637d-464e-877b-9bed13b96eaf"
"2026-06-11 16:36:59","2026-06-12 00:36:59","1","__name__=kube_pod_status_ready;condition=true;instance=kube-state-metrics.monitoring.svc.cluster.local:8080;job=kube-state-metrics;namespace=online-boutique;pod=frontend-76c94f7cfb-jkmgk;uid=9e4174b2-637d-464e-877b-9bed13b96eaf"
"2026-06-11 16:37:14","2026-06-12 00:37:14","1","__name__=kube_pod_status_ready;condition=true;instance=kube-state-metrics.monitoring.svc.cluster.local:8080;job=kube-state-metrics;namespace=online-boutique;pod=frontend-76c94f7cfb-jkmgk;uid=9e4174b2-637d-464e-877b-9bed13b96eaf"
"2026-06-11 16:37:29","2026-06-12 00:37:29","1","__name__=kube_pod_status_ready;condition=true;instance=kube-state-metrics.monitoring.svc.cluster.local:8080;job=kube-state-metrics;namespace=online-boutique;pod=frontend-76c94f7cfb-jkmgk;uid=9e4174b2-637d-464e-877b-9bed13b96eaf"
"2026-06-11 16:37:44","2026-06-12 00:37:44","1","__name__=kube_pod_status_ready;condition=true;instance=kube-state-metrics.monitoring.svc.cluster.local:8080;job=kube-state-metrics;namespace=online-boutique;pod=frontend-76c94f7cfb-jkmgk;uid=9e4174b2-637d-464e-877b-9bed13b96eaf"
"2026-06-11 16:37:59","2026-06-12 00:37:59","1","__name__=kube_pod_status_ready;condition=true;instance=kube-state-metrics.monitoring.svc.cluster.local:8080;job=kube-state-metrics;namespace=online-boutique;pod=frontend-76c94f7cfb-jkmgk;uid=9e4174b2-637d-464e-877b-9bed13b96eaf"
"2026-06-11 16:38:14","2026-06-12 00:38:14","1","__name__=kube_pod_status_ready;condition=true;instance=kube-state-metrics.monitoring.svc.cluster.local:8080;job=kube-state-metrics;namespace=online-boutique;pod=frontend-76c94f7cfb-jkmgk;uid=9e4174b2-637d-464e-877b-9bed13b96eaf"
"2026-06-11 16:38:29","2026-06-12 00:38:29","1","__name__=kube_pod_status_ready;condition=true;instance=kube-state-metrics.monitoring.svc.cluster.local:8080;job=kube-state-metrics;namespace=online-boutique;pod=frontend-76c94f7cfb-jkmgk;uid=9e4174b2-637d-464e-877b-9bed13b96eaf"
"2026-06-11 16:38:44","2026-06-12 00:38:44","1","__name__=kube_pod_status_ready;condition=true;instance=kube-state-metrics.monitoring.svc.cluster.local:8080;job=kube-state-metrics;namespace=online-boutique;pod=frontend-76c94f7cfb-jkmgk;uid=9e4174b2-637d-464e-877b-9bed13b96eaf"
"2026-06-11 16:38:59","2026-06-12 00:38:59","1","__name__=kube_pod_status_ready;condition=true;instance=kube-state-metrics.monitoring.svc.cluster.local:8080;job=kube-state-metrics;namespace=online-boutique;pod=frontend-76c94f7cfb-jkmgk;uid=9e4174b2-637d-464e-877b-9bed13b96eaf"
"2026-06-11 16:39:14","2026-06-12 00:39:14","1","__name__=kube_pod_status_ready;condition=true;instance=kube-state-metrics.monitoring.svc.cluster.local:8080;job=kube-state-metrics;namespace=online-boutique;pod=frontend-76c94f7cfb-jkmgk;uid=9e4174b2-637d-464e-877b-9bed13b96eaf"
"2026-06-11 16:39:29","2026-06-12 00:39:29","1","__name__=kube_pod_status_ready;condition=true;instance=kube-state-metrics.monitoring.svc.cluster.local:8080;job=kube-state-metrics;namespace=online-boutique;pod=frontend-76c94f7cfb-jkmgk;uid=9e4174b2-637d-464e-877b-9bed13b96eaf"
"2026-06-11 16:39:44","2026-06-12 00:39:44","1","__name__=kube_pod_status_ready;condition=true;instance=kube-state-metrics.monitoring.svc.cluster.local:8080;job=kube-state-metrics;namespace=online-boutique;pod=frontend-76c94f7cfb-jkmgk;uid=9e4174b2-637d-464e-877b-9bed13b96eaf"
"2026-06-11 16:39:59","2026-06-12 00:39:59","1","__name__=kube_pod_status_ready;condition=true;instance=kube-state-metrics.monitoring.svc.cluster.local:8080;job=kube-state-metrics;namespace=online-boutique;pod=frontend-76c94f7cfb-jkmgk;uid=9e4174b2-637d-464e-877b-9bed13b96eaf"
"2026-06-11 16:40:14","2026-06-12 00:40:14","1","__name__=kube_pod_status_ready;condition=true;instance=kube-state-metrics.monitoring.svc.cluster.local:8080;job=kube-state-metrics;namespace=online-boutique;pod=frontend-76c94f7cfb-jkmgk;uid=9e4174b2-637d-464e-877b-9bed13b96eaf"
"2026-06-11 16:40:29","2026-06-12 00:40:29","1","__name__=kube_pod_status_ready;condition=true;instance=kube-state-metrics.monitoring.svc.cluster.local:8080;job=kube-state-metrics;namespace=online-boutique;pod=frontend-76c94f7cfb-jkmgk;uid=9e4174b2-637d-464e-877b-9bed13b96eaf"
"2026-06-11 16:40:44","2026-06-12 00:40:44","1","__name__=kube_pod_status_ready;condition=true;instance=kube-state-metrics.monitoring.svc.cluster.local:8080;job=kube-state-metrics;namespace=online-boutique;pod=frontend-76c94f7cfb-jkmgk;uid=9e4174b2-637d-464e-877b-9bed13b96eaf"
"2026-06-11 16:40:59","2026-06-12 00:40:59","1","__name__=kube_pod_status_ready;condition=true;instance=kube-state-metrics.monitoring.svc.cluster.local:8080;job=kube-state-metrics;namespace=online-boutique;pod=frontend-76c94f7cfb-jkmgk;uid=9e4174b2-637d-464e-877b-9bed13b96eaf"
"2026-06-11 16:41:14","2026-06-12 00:41:14","1","__name__=kube_pod_status_ready;condition=true;instance=kube-state-metrics.monitoring.svc.cluster.local:8080;job=kube-state-metrics;namespace=online-boutique;pod=frontend-76c94f7cfb-jkmgk;uid=9e4174b2-637d-464e-877b-9bed13b96eaf"
"2026-06-11 16:41:29","2026-06-12 00:41:29","1","__name__=kube_pod_status_ready;condition=true;instance=kube-state-metrics.monitoring.svc.cluster.local:8080;job=kube-state-metrics;namespace=online-boutique;pod=frontend-76c94f7cfb-jkmgk;uid=9e4174b2-637d-464e-877b-9bed13b96eaf"
"2026-06-11 16:41:44","2026-06-12 00:41:44","1","__name__=kube_pod_status_ready;condition=true;instance=kube-state-metrics.monitoring.svc.cluster.local:8080;job=kube-state-metrics;namespace=online-boutique;pod=frontend-76c94f7cfb-jkmgk;uid=9e4174b2-637d-464e-877b-9bed13b96eaf"
"2026-06-11 16:41:59","2026-06-12 00:41:59","1","__name__=kube_pod_status_ready;condition=true;instance=kube-state-metrics.monitoring.svc.cluster.local:8080;job=kube-state-metrics;namespace=online-boutique;pod=frontend-76c94f7cfb-jkmgk;uid=9e4174b2-637d-464e-877b-9bed13b96eaf"
"2026-06-11 16:42:14","2026-06-12 00:42:14","1","__name__=kube_pod_status_ready;condition=true;instance=kube-state-metrics.monitoring.svc.cluster.local:8080;job=kube-state-metrics;namespace=online-boutique;pod=frontend-76c94f7cfb-jkmgk;uid=9e4174b2-637d-464e-877b-9bed13b96eaf"
"2026-06-11 16:42:29","2026-06-12 00:42:29","1","__name__=kube_pod_status_ready;condition=true;instance=kube-state-metrics.monitoring.svc.cluster.local:8080;job=kube-state-metrics;namespace=online-boutique;pod=frontend-76c94f7cfb-jkmgk;uid=9e4174b2-637d-464e-877b-9bed13b96eaf"
"2026-06-11 16:42:44","2026-06-12 00:42:44","1","__name__=kube_pod_status_ready;condition=true;instance=kube-state-metrics.monitoring.svc.cluster.local:8080;job=kube-state-metrics;namespace=online-boutique;pod=frontend-76c94f7cfb-jkmgk;uid=9e4174b2-637d-464e-877b-9bed13b96eaf"
"2026-06-11 16:42:59","2026-06-12 00:42:59","1","__name__=kube_pod_status_ready;condition=true;instance=kube-state-metrics.monitoring.svc.cluster.local:8080;job=kube-state-metrics;namespace=online-boutique;pod=frontend-76c94f7cfb-jkmgk;uid=9e4174b2-637d-464e-877b-9bed13b96eaf"
"2026-06-11 16:43:14","2026-06-12 00:43:14","1","__name__=kube_pod_status_ready;condition=true;instance=kube-state-metrics.monitoring.svc.cluster.local:8080;job=kube-state-metrics;namespace=online-boutique;pod=frontend-76c94f7cfb-jkmgk;uid=9e4174b2-637d-464e-877b-9bed13b96eaf"
"2026-06-11 16:43:29","2026-06-12 00:43:29","1","__name__=kube_pod_status_ready;condition=true;instance=kube-state-metrics.monitoring.svc.cluster.local:8080;job=kube-state-metrics;namespace=online-boutique;pod=frontend-76c94f7cfb-jkmgk;uid=9e4174b2-637d-464e-877b-9bed13b96eaf"
"2026-06-11 16:43:44","2026-06-12 00:43:44","1","__name__=kube_pod_status_ready;condition=true;instance=kube-state-metrics.monitoring.svc.cluster.local:8080;job=kube-state-metrics;namespace=online-boutique;pod=frontend-76c94f7cfb-jkmgk;uid=9e4174b2-637d-464e-877b-9bed13b96eaf"
"2026-06-11 16:43:59","2026-06-12 00:43:59","1","__name__=kube_pod_status_ready;condition=true;instance=kube-state-metrics.monitoring.svc.cluster.local:8080;job=kube-state-metrics;namespace=online-boutique;pod=frontend-76c94f7cfb-jkmgk;uid=9e4174b2-637d-464e-877b-9bed13b96eaf"
"2026-06-11 16:44:14","2026-06-12 00:44:14","1","__name__=kube_pod_status_ready;condition=true;instance=kube-state-metrics.monitoring.svc.cluster.local:8080;job=kube-state-metrics;namespace=online-boutique;pod=frontend-76c94f7cfb-jkmgk;uid=9e4174b2-637d-464e-877b-9bed13b96eaf"
"2026-06-11 16:44:29","2026-06-12 00:44:29","1","__name__=kube_pod_status_ready;condition=true;instance=kube-state-metrics.monitoring.svc.cluster.local:8080;job=kube-state-metrics;namespace=online-boutique;pod=frontend-76c94f7cfb-jkmgk;uid=9e4174b2-637d-464e-877b-9bed13b96eaf"
"2026-06-11 16:44:44","2026-06-12 00:44:44","1","__name__=kube_pod_status_ready;condition=true;instance=kube-state-metrics.monitoring.svc.cluster.local:8080;job=kube-state-metrics;namespace=online-boutique;pod=frontend-76c94f7cfb-jkmgk;uid=9e4174b2-637d-464e-877b-9bed13b96eaf"
"2026-06-11 16:44:59","2026-06-12 00:44:59","1","__name__=kube_pod_status_ready;condition=true;instance=kube-state-metrics.monitoring.svc.cluster.local:8080;job=kube-state-metrics;namespace=online-boutique;pod=frontend-76c94f7cfb-jkmgk;uid=9e4174b2-637d-464e-877b-9bed13b96eaf"
"2026-06-11 16:45:14","2026-06-12 00:45:14","1","__name__=kube_pod_status_ready;condition=true;instance=kube-state-metrics.monitoring.svc.cluster.local:8080;job=kube-state-metrics;namespace=online-boutique;pod=frontend-76c94f7cfb-jkmgk;uid=9e4174b2-637d-464e-877b-9bed13b96eaf"
"2026-06-11 16:45:29","2026-06-12 00:45:29","1","__name__=kube_pod_status_ready;condition=true;instance=kube-state-metrics.monitoring.svc.cluster.local:8080;job=kube-state-metrics;namespace=online-boutique;pod=frontend-76c94f7cfb-jkmgk;uid=9e4174b2-637d-464e-877b-9bed13b96eaf"
"2026-06-11 16:45:44","2026-06-12 00:45:44","1","__name__=kube_pod_status_ready;condition=true;instance=kube-state-metrics.monitoring.svc.cluster.local:8080;job=kube-state-metrics;namespace=online-boutique;pod=frontend-76c94f7cfb-jkmgk;uid=9e4174b2-637d-464e-877b-9bed13b96eaf"
"2026-06-11 16:45:59","2026-06-12 00:45:59","1","__name__=kube_pod_status_ready;condition=true;instance=kube-state-metrics.monitoring.svc.cluster.local:8080;job=kube-state-metrics;namespace=online-boutique;pod=frontend-76c94f7cfb-jkmgk;uid=9e4174b2-637d-464e-877b-9bed13b96eaf"
"2026-06-11 16:46:14","2026-06-12 00:46:14","1","__name__=kube_pod_status_ready;condition=true;instance=kube-state-metrics.monitoring.svc.cluster.local:8080;job=kube-state-metrics;namespace=online-boutique;pod=frontend-76c94f7cfb-jkmgk;uid=9e4174b2-637d-464e-877b-9bed13b96eaf"
"2026-06-11 16:46:29","2026-06-12 00:46:29","1","__name__=kube_pod_status_ready;condition=true;instance=kube-state-metrics.monitoring.svc.cluster.local:8080;job=kube-state-metrics;namespace=online-boutique;pod=frontend-76c94f7cfb-jkmgk;uid=9e4174b2-637d-464e-877b-9bed13b96eaf"
"2026-06-11 16:46:44","2026-06-12 00:46:44","1","__name__=kube_pod_status_ready;condition=true;instance=kube-state-metrics.monitoring.svc.cluster.local:8080;job=kube-state-metrics;namespace=online-boutique;pod=frontend-76c94f7cfb-jkmgk;uid=9e4174b2-637d-464e-877b-9bed13b96eaf"
"2026-06-11 16:46:59","2026-06-12 00:46:59","1","__name__=kube_pod_status_ready;condition=true;instance=kube-state-metrics.monitoring.svc.cluster.local:8080;job=kube-state-metrics;namespace=online-boutique;pod=frontend-76c94f7cfb-jkmgk;uid=9e4174b2-637d-464e-877b-9bed13b96eaf"
"2026-06-11 16:47:14","2026-06-12 00:47:14","1","__name__=kube_pod_status_ready;condition=true;instance=kube-state-metrics.monitoring.svc.cluster.local:8080;job=kube-state-metrics;namespace=online-boutique;pod=frontend-76c94f7cfb-jkmgk;uid=9e4174b2-637d-464e-877b-9bed13b96eaf"
"2026-06-11 16:47:29","2026-06-12 00:47:29","1","__name__=kube_pod_status_ready;condition=true;instance=kube-state-metrics.monitoring.svc.cluster.local:8080;job=kube-state-metrics;namespace=online-boutique;pod=frontend-76c94f7cfb-jkmgk;uid=9e4174b2-637d-464e-877b-9bed13b96eaf"
"2026-06-11 16:47:44","2026-06-12 00:47:44","1","__name__=kube_pod_status_ready;condition=true;instance=kube-state-metrics.monitoring.svc.cluster.local:8080;job=kube-state-metrics;namespace=online-boutique;pod=frontend-76c94f7cfb-jkmgk;uid=9e4174b2-637d-464e-877b-9bed13b96eaf"
"2026-06-11 16:47:59","2026-06-12 00:47:59","1","__name__=kube_pod_status_ready;condition=true;instance=kube-state-metrics.monitoring.svc.cluster.local:8080;job=kube-state-metrics;namespace=online-boutique;pod=frontend-76c94f7cfb-jkmgk;uid=9e4174b2-637d-464e-877b-9bed13b96eaf"
"2026-06-11 16:48:14","2026-06-12 00:48:14","1","__name__=kube_pod_status_ready;condition=true;instance=kube-state-metrics.monitoring.svc.cluster.local:8080;job=kube-state-metrics;namespace=online-boutique;pod=frontend-76c94f7cfb-jkmgk;uid=9e4174b2-637d-464e-877b-9bed13b96eaf"
"2026-06-11 16:48:29","2026-06-12 00:48:29","1","__name__=kube_pod_status_ready;condition=true;instance=kube-state-metrics.monitoring.svc.cluster.local:8080;job=kube-state-metrics;namespace=online-boutique;pod=frontend-76c94f7cfb-jkmgk;uid=9e4174b2-637d-464e-877b-9bed13b96eaf"
"2026-06-11 16:48:44","2026-06-12 00:48:44","1","__name__=kube_pod_status_ready;condition=true;instance=kube-state-metrics.monitoring.svc.cluster.local:8080;job=kube-state-metrics;namespace=online-boutique;pod=frontend-76c94f7cfb-jkmgk;uid=9e4174b2-637d-464e-877b-9bed13b96eaf"
"2026-06-11 16:48:59","2026-06-12 00:48:59","1","__name__=kube_pod_status_ready;condition=true;instance=kube-state-metrics.monitoring.svc.cluster.local:8080;job=kube-state-metrics;namespace=online-boutique;pod=frontend-76c94f7cfb-jkmgk;uid=9e4174b2-637d-464e-877b-9bed13b96eaf"
"2026-06-11 16:49:14","2026-06-12 00:49:14","1","__name__=kube_pod_status_ready;condition=true;instance=kube-state-metrics.monitoring.svc.cluster.local:8080;job=kube-state-metrics;namespace=online-boutique;pod=frontend-76c94f7cfb-jkmgk;uid=9e4174b2-637d-464e-877b-9bed13b96eaf"
"2026-06-11 16:49:29","2026-06-12 00:49:29","1","__name__=kube_pod_status_ready;condition=true;instance=kube-state-metrics.monitoring.svc.cluster.local:8080;job=kube-state-metrics;namespace=online-boutique;pod=frontend-76c94f7cfb-jkmgk;uid=9e4174b2-637d-464e-877b-9bed13b96eaf"
"2026-06-11 16:49:44","2026-06-12 00:49:44","1","__name__=kube_pod_status_ready;condition=true;instance=kube-state-metrics.monitoring.svc.cluster.local:8080;job=kube-state-metrics;namespace=online-boutique;pod=frontend-76c94f7cfb-jkmgk;uid=9e4174b2-637d-464e-877b-9bed13b96eaf"
"2026-06-11 16:49:59","2026-06-12 00:49:59","1","__name__=kube_pod_status_ready;condition=true;instance=kube-state-metrics.monitoring.svc.cluster.local:8080;job=kube-state-metrics;namespace=online-boutique;pod=frontend-76c94f7cfb-jkmgk;uid=9e4174b2-637d-464e-877b-9bed13b96eaf"
"2026-06-11 16:50:14","2026-06-12 00:50:14","1","__name__=kube_pod_status_ready;condition=true;instance=kube-state-metrics.monitoring.svc.cluster.local:8080;job=kube-state-metrics;namespace=online-boutique;pod=frontend-76c94f7cfb-jkmgk;uid=9e4174b2-637d-464e-877b-9bed13b96eaf"
"2026-06-11 16:50:29","2026-06-12 00:50:29","1","__name__=kube_pod_status_ready;condition=true;instance=kube-state-metrics.monitoring.svc.cluster.local:8080;job=kube-state-metrics;namespace=online-boutique;pod=frontend-76c94f7cfb-jkmgk;uid=9e4174b2-637d-464e-877b-9bed13b96eaf"
"2026-06-11 16:50:44","2026-06-12 00:50:44","1","__name__=kube_pod_status_ready;condition=true;instance=kube-state-metrics.monitoring.svc.cluster.local:8080;job=kube-state-metrics;namespace=online-boutique;pod=frontend-76c94f7cfb-jkmgk;uid=9e4174b2-637d-464e-877b-9bed13b96eaf"
"2026-06-11 16:50:59","2026-06-12 00:50:59","1","__name__=kube_pod_status_ready;condition=true;instance=kube-state-metrics.monitoring.svc.cluster.local:8080;job=kube-state-metrics;namespace=online-boutique;pod=frontend-76c94f7cfb-jkmgk;uid=9e4174b2-637d-464e-877b-9bed13b96eaf"
"2026-06-11 16:51:14","2026-06-12 00:51:14","1","__name__=kube_pod_status_ready;condition=true;instance=kube-state-metrics.monitoring.svc.cluster.local:8080;job=kube-state-metrics;namespace=online-boutique;pod=frontend-76c94f7cfb-jkmgk;uid=9e4174b2-637d-464e-877b-9bed13b96eaf"
"2026-06-11 16:51:29","2026-06-12 00:51:29","1","__name__=kube_pod_status_ready;condition=true;instance=kube-state-metrics.monitoring.svc.cluster.local:8080;job=kube-state-metrics;namespace=online-boutique;pod=frontend-76c94f7cfb-jkmgk;uid=9e4174b2-637d-464e-877b-9bed13b96eaf"
"2026-06-11 16:51:44","2026-06-12 00:51:44","1","__name__=kube_pod_status_ready;condition=true;instance=kube-state-metrics.monitoring.svc.cluster.local:8080;job=kube-state-metrics;namespace=online-boutique;pod=frontend-76c94f7cfb-jkmgk;uid=9e4174b2-637d-464e-877b-9bed13b96eaf"
"2026-06-11 16:51:59","2026-06-12 00:51:59","1","__name__=kube_pod_status_ready;condition=true;instance=kube-state-metrics.monitoring.svc.cluster.local:8080;job=kube-state-metrics;namespace=online-boutique;pod=frontend-76c94f7cfb-jkmgk;uid=9e4174b2-637d-464e-877b-9bed13b96eaf"
"2026-06-11 16:52:14","2026-06-12 00:52:14","1","__name__=kube_pod_status_ready;condition=true;instance=kube-state-metrics.monitoring.svc.cluster.local:8080;job=kube-state-metrics;namespace=online-boutique;pod=frontend-76c94f7cfb-jkmgk;uid=9e4174b2-637d-464e-877b-9bed13b96eaf"
"2026-06-11 16:52:29","2026-06-12 00:52:29","1","__name__=kube_pod_status_ready;condition=true;instance=kube-state-metrics.monitoring.svc.cluster.local:8080;job=kube-state-metrics;namespace=online-boutique;pod=frontend-76c94f7cfb-jkmgk;uid=9e4174b2-637d-464e-877b-9bed13b96eaf"
"2026-06-11 16:52:44","2026-06-12 00:52:44","1","__name__=kube_pod_status_ready;condition=true;instance=kube-state-metrics.monitoring.svc.cluster.local:8080;job=kube-state-metrics;namespace=online-boutique;pod=frontend-76c94f7cfb-jkmgk;uid=9e4174b2-637d-464e-877b-9bed13b96eaf"
"2026-06-11 16:52:59","2026-06-12 00:52:59","1","__name__=kube_pod_status_ready;condition=true;instance=kube-state-metrics.monitoring.svc.cluster.local:8080;job=kube-state-metrics;namespace=online-boutique;pod=frontend-76c94f7cfb-jkmgk;uid=9e4174b2-637d-464e-877b-9bed13b96eaf"
"2026-06-11 16:53:14","2026-06-12 00:53:14","1","__name__=kube_pod_status_ready;condition=true;instance=kube-state-metrics.monitoring.svc.cluster.local:8080;job=kube-state-metrics;namespace=online-boutique;pod=frontend-76c94f7cfb-jkmgk;uid=9e4174b2-637d-464e-877b-9bed13b96eaf"
"2026-06-11 16:53:29","2026-06-12 00:53:29","1","__name__=kube_pod_status_ready;condition=true;instance=kube-state-metrics.monitoring.svc.cluster.local:8080;job=kube-state-metrics;namespace=online-boutique;pod=frontend-76c94f7cfb-jkmgk;uid=9e4174b2-637d-464e-877b-9bed13b96eaf"
"2026-06-11 16:53:44","2026-06-12 00:53:44","1","__name__=kube_pod_status_ready;condition=true;instance=kube-state-metrics.monitoring.svc.cluster.local:8080;job=kube-state-metrics;namespace=online-boutique;pod=frontend-76c94f7cfb-jkmgk;uid=9e4174b2-637d-464e-877b-9bed13b96eaf"
"2026-06-11 16:53:59","2026-06-12 00:53:59","1","__name__=kube_pod_status_ready;condition=true;instance=kube-state-metrics.monitoring.svc.cluster.local:8080;job=kube-state-metrics;namespace=online-boutique;pod=frontend-76c94f7cfb-jkmgk;uid=9e4174b2-637d-464e-877b-9bed13b96eaf"
"2026-06-11 16:54:14","2026-06-12 00:54:14","1","__name__=kube_pod_status_ready;condition=true;instance=kube-state-metrics.monitoring.svc.cluster.local:8080;job=kube-state-metrics;namespace=online-boutique;pod=frontend-76c94f7cfb-jkmgk;uid=9e4174b2-637d-464e-877b-9bed13b96eaf"
"2026-06-11 16:54:29","2026-06-12 00:54:29","1","__name__=kube_pod_status_ready;condition=true;instance=kube-state-metrics.monitoring.svc.cluster.local:8080;job=kube-state-metrics;namespace=online-boutique;pod=frontend-76c94f7cfb-jkmgk;uid=9e4174b2-637d-464e-877b-9bed13b96eaf"
"2026-06-11 16:54:44","2026-06-12 00:54:44","1","__name__=kube_pod_status_ready;condition=true;instance=kube-state-metrics.monitoring.svc.cluster.local:8080;job=kube-state-metrics;namespace=online-boutique;pod=frontend-76c94f7cfb-jkmgk;uid=9e4174b2-637d-464e-877b-9bed13b96eaf"
"2026-06-11 16:54:59","2026-06-12 00:54:59","1","__name__=kube_pod_status_ready;condition=true;instance=kube-state-metrics.monitoring.svc.cluster.local:8080;job=kube-state-metrics;namespace=online-boutique;pod=frontend-76c94f7cfb-jkmgk;uid=9e4174b2-637d-464e-877b-9bed13b96eaf"
"2026-06-11 16:55:14","2026-06-12 00:55:14","1","__name__=kube_pod_status_ready;condition=true;instance=kube-state-metrics.monitoring.svc.cluster.local:8080;job=kube-state-metrics;namespace=online-boutique;pod=frontend-76c94f7cfb-jkmgk;uid=9e4174b2-637d-464e-877b-9bed13b96eaf"
"2026-06-11 16:55:29","2026-06-12 00:55:29","1","__name__=kube_pod_status_ready;condition=true;instance=kube-state-metrics.monitoring.svc.cluster.local:8080;job=kube-state-metrics;namespace=online-boutique;pod=frontend-76c94f7cfb-jkmgk;uid=9e4174b2-637d-464e-877b-9bed13b96eaf"
"2026-06-11 16:55:44","2026-06-12 00:55:44","1","__name__=kube_pod_status_ready;condition=true;instance=kube-state-metrics.monitoring.svc.cluster.local:8080;job=kube-state-metrics;namespace=online-boutique;pod=frontend-76c94f7cfb-jkmgk;uid=9e4174b2-637d-464e-877b-9bed13b96eaf"
"2026-06-11 16:55:59","2026-06-12 00:55:59","1","__name__=kube_pod_status_ready;condition=true;instance=kube-state-metrics.monitoring.svc.cluster.local:8080;job=kube-state-metrics;namespace=online-boutique;pod=frontend-76c94f7cfb-jkmgk;uid=9e4174b2-637d-464e-877b-9bed13b96eaf"
"2026-06-11 16:56:14","2026-06-12 00:56:14","1","__name__=kube_pod_status_ready;condition=true;instance=kube-state-metrics.monitoring.svc.cluster.local:8080;job=kube-state-metrics;namespace=online-boutique;pod=frontend-76c94f7cfb-jkmgk;uid=9e4174b2-637d-464e-877b-9bed13b96eaf"
"2026-06-11 16:56:29","2026-06-12 00:56:29","1","__name__=kube_pod_status_ready;condition=true;instance=kube-state-metrics.monitoring.svc.cluster.local:8080;job=kube-state-metrics;namespace=online-boutique;pod=frontend-76c94f7cfb-jkmgk;uid=9e4174b2-637d-464e-877b-9bed13b96eaf"
"2026-06-11 16:56:44","2026-06-12 00:56:44","1","__name__=kube_pod_status_ready;condition=true;instance=kube-state-metrics.monitoring.svc.cluster.local:8080;job=kube-state-metrics;namespace=online-boutique;pod=frontend-76c94f7cfb-jkmgk;uid=9e4174b2-637d-464e-877b-9bed13b96eaf"
"2026-06-11 16:56:59","2026-06-12 00:56:59","1","__name__=kube_pod_status_ready;condition=true;instance=kube-state-metrics.monitoring.svc.cluster.local:8080;job=kube-state-metrics;namespace=online-boutique;pod=frontend-76c94f7cfb-jkmgk;uid=9e4174b2-637d-464e-877b-9bed13b96eaf"
"2026-06-11 16:57:14","2026-06-12 00:57:14","1","__name__=kube_pod_status_ready;condition=true;instance=kube-state-metrics.monitoring.svc.cluster.local:8080;job=kube-state-metrics;namespace=online-boutique;pod=frontend-76c94f7cfb-jkmgk;uid=9e4174b2-637d-464e-877b-9bed13b96eaf"
"2026-06-11 16:57:29","2026-06-12 00:57:29","1","__name__=kube_pod_status_ready;condition=true;instance=kube-state-metrics.monitoring.svc.cluster.local:8080;job=kube-state-metrics;namespace=online-boutique;pod=frontend-76c94f7cfb-jkmgk;uid=9e4174b2-637d-464e-877b-9bed13b96eaf"
"2026-06-11 16:57:44","2026-06-12 00:57:44","1","__name__=kube_pod_status_ready;condition=true;instance=kube-state-metrics.monitoring.svc.cluster.local:8080;job=kube-state-metrics;namespace=online-boutique;pod=frontend-76c94f7cfb-jkmgk;uid=9e4174b2-637d-464e-877b-9bed13b96eaf"
"2026-06-11 16:57:59","2026-06-12 00:57:59","1","__name__=kube_pod_status_ready;condition=true;instance=kube-state-metrics.monitoring.svc.cluster.local:8080;job=kube-state-metrics;namespace=online-boutique;pod=frontend-76c94f7cfb-jkmgk;uid=9e4174b2-637d-464e-877b-9bed13b96eaf"
"2026-06-11 16:58:14","2026-06-12 00:58:14","1","__name__=kube_pod_status_ready;condition=true;instance=kube-state-metrics.monitoring.svc.cluster.local:8080;job=kube-state-metrics;namespace=online-boutique;pod=frontend-76c94f7cfb-jkmgk;uid=9e4174b2-637d-464e-877b-9bed13b96eaf"
"2026-06-11 16:58:29","2026-06-12 00:58:29","1","__name__=kube_pod_status_ready;condition=true;instance=kube-state-metrics.monitoring.svc.cluster.local:8080;job=kube-state-metrics;namespace=online-boutique;pod=frontend-76c94f7cfb-jkmgk;uid=9e4174b2-637d-464e-877b-9bed13b96eaf"
"2026-06-11 16:58:44","2026-06-12 00:58:44","1","__name__=kube_pod_status_ready;condition=true;instance=kube-state-metrics.monitoring.svc.cluster.local:8080;job=kube-state-metrics;namespace=online-boutique;pod=frontend-76c94f7cfb-jkmgk;uid=9e4174b2-637d-464e-877b-9bed13b96eaf"
"2026-06-11 16:58:59","2026-06-12 00:58:59","1","__name__=kube_pod_status_ready;condition=true;instance=kube-state-metrics.monitoring.svc.cluster.local:8080;job=kube-state-metrics;namespace=online-boutique;pod=frontend-76c94f7cfb-jkmgk;uid=9e4174b2-637d-464e-877b-9bed13b96eaf"
"2026-06-11 16:59:14","2026-06-12 00:59:14","1","__name__=kube_pod_status_ready;condition=true;instance=kube-state-metrics.monitoring.svc.cluster.local:8080;job=kube-state-metrics;namespace=online-boutique;pod=frontend-76c94f7cfb-jkmgk;uid=9e4174b2-637d-464e-877b-9bed13b96eaf"
"2026-06-11 16:59:29","2026-06-12 00:59:29","1","__name__=kube_pod_status_ready;condition=true;instance=kube-state-metrics.monitoring.svc.cluster.local:8080;job=kube-state-metrics;namespace=online-boutique;pod=frontend-76c94f7cfb-jkmgk;uid=9e4174b2-637d-464e-877b-9bed13b96eaf"
"2026-06-11 16:59:44","2026-06-12 00:59:44","1","__name__=kube_pod_status_ready;condition=true;instance=kube-state-metrics.monitoring.svc.cluster.local:8080;job=kube-state-metrics;namespace=online-boutique;pod=frontend-76c94f7cfb-jkmgk;uid=9e4174b2-637d-464e-877b-9bed13b96eaf"
"2026-06-11 16:59:59","2026-06-12 00:59:59","1","__name__=kube_pod_status_ready;condition=true;instance=kube-state-metrics.monitoring.svc.cluster.local:8080;job=kube-state-metrics;namespace=online-boutique;pod=frontend-76c94f7cfb-jkmgk;uid=9e4174b2-637d-464e-877b-9bed13b96eaf"
"2026-06-11 17:00:14","2026-06-12 01:00:14","1","__name__=kube_pod_status_ready;condition=true;instance=kube-state-metrics.monitoring.svc.cluster.local:8080;job=kube-state-metrics;namespace=online-boutique;pod=frontend-76c94f7cfb-jkmgk;uid=9e4174b2-637d-464e-877b-9bed13b96eaf"
"2026-06-11 17:00:29","2026-06-12 01:00:29","1","__name__=kube_pod_status_ready;condition=true;instance=kube-state-metrics.monitoring.svc.cluster.local:8080;job=kube-state-metrics;namespace=online-boutique;pod=frontend-76c94f7cfb-jkmgk;uid=9e4174b2-637d-464e-877b-9bed13b96eaf"
"2026-06-11 17:00:44","2026-06-12 01:00:44","1","__name__=kube_pod_status_ready;condition=true;instance=kube-state-metrics.monitoring.svc.cluster.local:8080;job=kube-state-metrics;namespace=online-boutique;pod=frontend-76c94f7cfb-jkmgk;uid=9e4174b2-637d-464e-877b-9bed13b96eaf"
"2026-06-11 17:00:59","2026-06-12 01:00:59","1","__name__=kube_pod_status_ready;condition=true;instance=kube-state-metrics.monitoring.svc.cluster.local:8080;job=kube-state-metrics;namespace=online-boutique;pod=frontend-76c94f7cfb-jkmgk;uid=9e4174b2-637d-464e-877b-9bed13b96eaf"
"2026-06-11 17:01:14","2026-06-12 01:01:14","1","__name__=kube_pod_status_ready;condition=true;instance=kube-state-metrics.monitoring.svc.cluster.local:8080;job=kube-state-metrics;namespace=online-boutique;pod=frontend-76c94f7cfb-jkmgk;uid=9e4174b2-637d-464e-877b-9bed13b96eaf"
"2026-06-11 17:01:29","2026-06-12 01:01:29","1","__name__=kube_pod_status_ready;condition=true;instance=kube-state-metrics.monitoring.svc.cluster.local:8080;job=kube-state-metrics;namespace=online-boutique;pod=frontend-76c94f7cfb-jkmgk;uid=9e4174b2-637d-464e-877b-9bed13b96eaf"
"2026-06-11 17:01:44","2026-06-12 01:01:44","1","__name__=kube_pod_status_ready;condition=true;instance=kube-state-metrics.monitoring.svc.cluster.local:8080;job=kube-state-metrics;namespace=online-boutique;pod=frontend-76c94f7cfb-jkmgk;uid=9e4174b2-637d-464e-877b-9bed13b96eaf"
"2026-06-11 17:01:59","2026-06-12 01:01:59","1","__name__=kube_pod_status_ready;condition=true;instance=kube-state-metrics.monitoring.svc.cluster.local:8080;job=kube-state-metrics;namespace=online-boutique;pod=frontend-76c94f7cfb-jkmgk;uid=9e4174b2-637d-464e-877b-9bed13b96eaf"
"2026-06-11 17:02:14","2026-06-12 01:02:14","1","__name__=kube_pod_status_ready;condition=true;instance=kube-state-metrics.monitoring.svc.cluster.local:8080;job=kube-state-metrics;namespace=online-boutique;pod=frontend-76c94f7cfb-jkmgk;uid=9e4174b2-637d-464e-877b-9bed13b96eaf"
"2026-06-11 17:02:29","2026-06-12 01:02:29","1","__name__=kube_pod_status_ready;condition=true;instance=kube-state-metrics.monitoring.svc.cluster.local:8080;job=kube-state-metrics;namespace=online-boutique;pod=frontend-76c94f7cfb-jkmgk;uid=9e4174b2-637d-464e-877b-9bed13b96eaf"
"2026-06-11 17:02:44","2026-06-12 01:02:44","1","__name__=kube_pod_status_ready;condition=true;instance=kube-state-metrics.monitoring.svc.cluster.local:8080;job=kube-state-metrics;namespace=online-boutique;pod=frontend-76c94f7cfb-jkmgk;uid=9e4174b2-637d-464e-877b-9bed13b96eaf"
"2026-06-11 17:02:59","2026-06-12 01:02:59","1","__name__=kube_pod_status_ready;condition=true;instance=kube-state-metrics.monitoring.svc.cluster.local:8080;job=kube-state-metrics;namespace=online-boutique;pod=frontend-76c94f7cfb-jkmgk;uid=9e4174b2-637d-464e-877b-9bed13b96eaf"
"2026-06-11 17:03:14","2026-06-12 01:03:14","1","__name__=kube_pod_status_ready;condition=true;instance=kube-state-metrics.monitoring.svc.cluster.local:8080;job=kube-state-metrics;namespace=online-boutique;pod=frontend-76c94f7cfb-jkmgk;uid=9e4174b2-637d-464e-877b-9bed13b96eaf"
"2026-06-11 17:03:29","2026-06-12 01:03:29","1","__name__=kube_pod_status_ready;condition=true;instance=kube-state-metrics.monitoring.svc.cluster.local:8080;job=kube-state-metrics;namespace=online-boutique;pod=frontend-76c94f7cfb-jkmgk;uid=9e4174b2-637d-464e-877b-9bed13b96eaf"
"2026-06-11 17:03:44","2026-06-12 01:03:44","1","__name__=kube_pod_status_ready;condition=true;instance=kube-state-metrics.monitoring.svc.cluster.local:8080;job=kube-state-metrics;namespace=online-boutique;pod=frontend-76c94f7cfb-jkmgk;uid=9e4174b2-637d-464e-877b-9bed13b96eaf"
"2026-06-11 17:03:59","2026-06-12 01:03:59","1","__name__=kube_pod_status_ready;condition=true;instance=kube-state-metrics.monitoring.svc.cluster.local:8080;job=kube-state-metrics;namespace=online-boutique;pod=frontend-76c94f7cfb-jkmgk;uid=9e4174b2-637d-464e-877b-9bed13b96eaf"
"2026-06-11 17:04:14","2026-06-12 01:04:14","1","__name__=kube_pod_status_ready;condition=true;instance=kube-state-metrics.monitoring.svc.cluster.local:8080;job=kube-state-metrics;namespace=online-boutique;pod=frontend-76c94f7cfb-jkmgk;uid=9e4174b2-637d-464e-877b-9bed13b96eaf"
"2026-06-11 17:04:29","2026-06-12 01:04:29","1","__name__=kube_pod_status_ready;condition=true;instance=kube-state-metrics.monitoring.svc.cluster.local:8080;job=kube-state-metrics;namespace=online-boutique;pod=frontend-76c94f7cfb-jkmgk;uid=9e4174b2-637d-464e-877b-9bed13b96eaf"
"2026-06-11 17:04:44","2026-06-12 01:04:44","1","__name__=kube_pod_status_ready;condition=true;instance=kube-state-metrics.monitoring.svc.cluster.local:8080;job=kube-state-metrics;namespace=online-boutique;pod=frontend-76c94f7cfb-jkmgk;uid=9e4174b2-637d-464e-877b-9bed13b96eaf"
"2026-06-11 17:04:59","2026-06-12 01:04:59","1","__name__=kube_pod_status_ready;condition=true;instance=kube-state-metrics.monitoring.svc.cluster.local:8080;job=kube-state-metrics;namespace=online-boutique;pod=frontend-76c94f7cfb-jkmgk;uid=9e4174b2-637d-464e-877b-9bed13b96eaf"
"2026-06-11 17:05:14","2026-06-12 01:05:14","1","__name__=kube_pod_status_ready;condition=true;instance=kube-state-metrics.monitoring.svc.cluster.local:8080;job=kube-state-metrics;namespace=online-boutique;pod=frontend-76c94f7cfb-jkmgk;uid=9e4174b2-637d-464e-877b-9bed13b96eaf"
"2026-06-11 17:05:29","2026-06-12 01:05:29","1","__name__=kube_pod_status_ready;condition=true;instance=kube-state-metrics.monitoring.svc.cluster.local:8080;job=kube-state-metrics;namespace=online-boutique;pod=frontend-76c94f7cfb-jkmgk;uid=9e4174b2-637d-464e-877b-9bed13b96eaf"
"2026-06-11 17:05:44","2026-06-12 01:05:44","1","__name__=kube_pod_status_ready;condition=true;instance=kube-state-metrics.monitoring.svc.cluster.local:8080;job=kube-state-metrics;namespace=online-boutique;pod=frontend-76c94f7cfb-jkmgk;uid=9e4174b2-637d-464e-877b-9bed13b96eaf"
"2026-06-11 17:05:59","2026-06-12 01:05:59","1","__name__=kube_pod_status_ready;condition=true;instance=kube-state-metrics.monitoring.svc.cluster.local:8080;job=kube-state-metrics;namespace=online-boutique;pod=frontend-76c94f7cfb-jkmgk;uid=9e4174b2-637d-464e-877b-9bed13b96eaf"
"2026-06-11 17:06:14","2026-06-12 01:06:14","1","__name__=kube_pod_status_ready;condition=true;instance=kube-state-metrics.monitoring.svc.cluster.local:8080;job=kube-state-metrics;namespace=online-boutique;pod=frontend-76c94f7cfb-jkmgk;uid=9e4174b2-637d-464e-877b-9bed13b96eaf"
"2026-06-11 17:06:29","2026-06-12 01:06:29","1","__name__=kube_pod_status_ready;condition=true;instance=kube-state-metrics.monitoring.svc.cluster.local:8080;job=kube-state-metrics;namespace=online-boutique;pod=frontend-76c94f7cfb-jkmgk;uid=9e4174b2-637d-464e-877b-9bed13b96eaf"
"2026-06-11 17:06:44","2026-06-12 01:06:44","1","__name__=kube_pod_status_ready;condition=true;instance=kube-state-metrics.monitoring.svc.cluster.local:8080;job=kube-state-metrics;namespace=online-boutique;pod=frontend-76c94f7cfb-jkmgk;uid=9e4174b2-637d-464e-877b-9bed13b96eaf"
"2026-06-11 17:06:59","2026-06-12 01:06:59","1","__name__=kube_pod_status_ready;condition=true;instance=kube-state-metrics.monitoring.svc.cluster.local:8080;job=kube-state-metrics;namespace=online-boutique;pod=frontend-76c94f7cfb-jkmgk;uid=9e4174b2-637d-464e-877b-9bed13b96eaf"
"2026-06-11 17:07:14","2026-06-12 01:07:14","1","__name__=kube_pod_status_ready;condition=true;instance=kube-state-metrics.monitoring.svc.cluster.local:8080;job=kube-state-metrics;namespace=online-boutique;pod=frontend-76c94f7cfb-jkmgk;uid=9e4174b2-637d-464e-877b-9bed13b96eaf"
"2026-06-11 17:07:29","2026-06-12 01:07:29","1","__name__=kube_pod_status_ready;condition=true;instance=kube-state-metrics.monitoring.svc.cluster.local:8080;job=kube-state-metrics;namespace=online-boutique;pod=frontend-76c94f7cfb-jkmgk;uid=9e4174b2-637d-464e-877b-9bed13b96eaf"
"2026-06-11 17:07:44","2026-06-12 01:07:44","1","__name__=kube_pod_status_ready;condition=true;instance=kube-state-metrics.monitoring.svc.cluster.local:8080;job=kube-state-metrics;namespace=online-boutique;pod=frontend-76c94f7cfb-jkmgk;uid=9e4174b2-637d-464e-877b-9bed13b96eaf"
"2026-06-11 17:07:59","2026-06-12 01:07:59","1","__name__=kube_pod_status_ready;condition=true;instance=kube-state-metrics.monitoring.svc.cluster.local:8080;job=kube-state-metrics;namespace=online-boutique;pod=frontend-76c94f7cfb-jkmgk;uid=9e4174b2-637d-464e-877b-9bed13b96eaf"
"2026-06-11 17:08:14","2026-06-12 01:08:14","1","__name__=kube_pod_status_ready;condition=true;instance=kube-state-metrics.monitoring.svc.cluster.local:8080;job=kube-state-metrics;namespace=online-boutique;pod=frontend-76c94f7cfb-jkmgk;uid=9e4174b2-637d-464e-877b-9bed13b96eaf"
"2026-06-11 17:08:29","2026-06-12 01:08:29","1","__name__=kube_pod_status_ready;condition=true;instance=kube-state-metrics.monitoring.svc.cluster.local:8080;job=kube-state-metrics;namespace=online-boutique;pod=frontend-76c94f7cfb-jkmgk;uid=9e4174b2-637d-464e-877b-9bed13b96eaf"
"2026-06-11 17:08:44","2026-06-12 01:08:44","1","__name__=kube_pod_status_ready;condition=true;instance=kube-state-metrics.monitoring.svc.cluster.local:8080;job=kube-state-metrics;namespace=online-boutique;pod=frontend-76c94f7cfb-jkmgk;uid=9e4174b2-637d-464e-877b-9bed13b96eaf"
"2026-06-11 17:08:59","2026-06-12 01:08:59","1","__name__=kube_pod_status_ready;condition=true;instance=kube-state-metrics.monitoring.svc.cluster.local:8080;job=kube-state-metrics;namespace=online-boutique;pod=frontend-76c94f7cfb-jkmgk;uid=9e4174b2-637d-464e-877b-9bed13b96eaf"
"2026-06-11 17:09:14","2026-06-12 01:09:14","1","__name__=kube_pod_status_ready;condition=true;instance=kube-state-metrics.monitoring.svc.cluster.local:8080;job=kube-state-metrics;namespace=online-boutique;pod=frontend-76c94f7cfb-jkmgk;uid=9e4174b2-637d-464e-877b-9bed13b96eaf"
"2026-06-11 17:09:29","2026-06-12 01:09:29","1","__name__=kube_pod_status_ready;condition=true;instance=kube-state-metrics.monitoring.svc.cluster.local:8080;job=kube-state-metrics;namespace=online-boutique;pod=frontend-76c94f7cfb-jkmgk;uid=9e4174b2-637d-464e-877b-9bed13b96eaf"
"2026-06-11 17:09:44","2026-06-12 01:09:44","1","__name__=kube_pod_status_ready;condition=true;instance=kube-state-metrics.monitoring.svc.cluster.local:8080;job=kube-state-metrics;namespace=online-boutique;pod=frontend-76c94f7cfb-jkmgk;uid=9e4174b2-637d-464e-877b-9bed13b96eaf"
"2026-06-11 17:09:59","2026-06-12 01:09:59","1","__name__=kube_pod_status_ready;condition=true;instance=kube-state-metrics.monitoring.svc.cluster.local:8080;job=kube-state-metrics;namespace=online-boutique;pod=frontend-76c94f7cfb-jkmgk;uid=9e4174b2-637d-464e-877b-9bed13b96eaf"
"2026-06-11 17:10:14","2026-06-12 01:10:14","1","__name__=kube_pod_status_ready;condition=true;instance=kube-state-metrics.monitoring.svc.cluster.local:8080;job=kube-state-metrics;namespace=online-boutique;pod=frontend-76c94f7cfb-jkmgk;uid=9e4174b2-637d-464e-877b-9bed13b96eaf"
"2026-06-11 17:10:29","2026-06-12 01:10:29","1","__name__=kube_pod_status_ready;condition=true;instance=kube-state-metrics.monitoring.svc.cluster.local:8080;job=kube-state-metrics;namespace=online-boutique;pod=frontend-76c94f7cfb-jkmgk;uid=9e4174b2-637d-464e-877b-9bed13b96eaf"
"2026-06-11 17:10:44","2026-06-12 01:10:44","1","__name__=kube_pod_status_ready;condition=true;instance=kube-state-metrics.monitoring.svc.cluster.local:8080;job=kube-state-metrics;namespace=online-boutique;pod=frontend-76c94f7cfb-jkmgk;uid=9e4174b2-637d-464e-877b-9bed13b96eaf"
"2026-06-11 17:10:59","2026-06-12 01:10:59","1","__name__=kube_pod_status_ready;condition=true;instance=kube-state-metrics.monitoring.svc.cluster.local:8080;job=kube-state-metrics;namespace=online-boutique;pod=frontend-76c94f7cfb-jkmgk;uid=9e4174b2-637d-464e-877b-9bed13b96eaf"
"2026-06-11 17:11:14","2026-06-12 01:11:14","1","__name__=kube_pod_status_ready;condition=true;instance=kube-state-metrics.monitoring.svc.cluster.local:8080;job=kube-state-metrics;namespace=online-boutique;pod=frontend-76c94f7cfb-jkmgk;uid=9e4174b2-637d-464e-877b-9bed13b96eaf"
"2026-06-11 17:11:29","2026-06-12 01:11:29","1","__name__=kube_pod_status_ready;condition=true;instance=kube-state-metrics.monitoring.svc.cluster.local:8080;job=kube-state-metrics;namespace=online-boutique;pod=frontend-76c94f7cfb-jkmgk;uid=9e4174b2-637d-464e-877b-9bed13b96eaf"
"2026-06-11 17:11:44","2026-06-12 01:11:44","1","__name__=kube_pod_status_ready;condition=true;instance=kube-state-metrics.monitoring.svc.cluster.local:8080;job=kube-state-metrics;namespace=online-boutique;pod=frontend-76c94f7cfb-jkmgk;uid=9e4174b2-637d-464e-877b-9bed13b96eaf"
"2026-06-11 17:11:59","2026-06-12 01:11:59","1","__name__=kube_pod_status_ready;condition=true;instance=kube-state-metrics.monitoring.svc.cluster.local:8080;job=kube-state-metrics;namespace=online-boutique;pod=frontend-76c94f7cfb-jkmgk;uid=9e4174b2-637d-464e-877b-9bed13b96eaf"
"2026-06-11 17:12:14","2026-06-12 01:12:14","1","__name__=kube_pod_status_ready;condition=true;instance=kube-state-metrics.monitoring.svc.cluster.local:8080;job=kube-state-metrics;namespace=online-boutique;pod=frontend-76c94f7cfb-jkmgk;uid=9e4174b2-637d-464e-877b-9bed13b96eaf"
"2026-06-11 17:12:29","2026-06-12 01:12:29","1","__name__=kube_pod_status_ready;condition=true;instance=kube-state-metrics.monitoring.svc.cluster.local:8080;job=kube-state-metrics;namespace=online-boutique;pod=frontend-76c94f7cfb-jkmgk;uid=9e4174b2-637d-464e-877b-9bed13b96eaf"
"2026-06-11 17:12:44","2026-06-12 01:12:44","1","__name__=kube_pod_status_ready;condition=true;instance=kube-state-metrics.monitoring.svc.cluster.local:8080;job=kube-state-metrics;namespace=online-boutique;pod=frontend-76c94f7cfb-jkmgk;uid=9e4174b2-637d-464e-877b-9bed13b96eaf"
"2026-06-11 17:12:59","2026-06-12 01:12:59","1","__name__=kube_pod_status_ready;condition=true;instance=kube-state-metrics.monitoring.svc.cluster.local:8080;job=kube-state-metrics;namespace=online-boutique;pod=frontend-76c94f7cfb-jkmgk;uid=9e4174b2-637d-464e-877b-9bed13b96eaf"
"2026-06-11 17:13:14","2026-06-12 01:13:14","1","__name__=kube_pod_status_ready;condition=true;instance=kube-state-metrics.monitoring.svc.cluster.local:8080;job=kube-state-metrics;namespace=online-boutique;pod=frontend-76c94f7cfb-jkmgk;uid=9e4174b2-637d-464e-877b-9bed13b96eaf"
"2026-06-11 17:13:29","2026-06-12 01:13:29","1","__name__=kube_pod_status_ready;condition=true;instance=kube-state-metrics.monitoring.svc.cluster.local:8080;job=kube-state-metrics;namespace=online-boutique;pod=frontend-76c94f7cfb-jkmgk;uid=9e4174b2-637d-464e-877b-9bed13b96eaf"
"2026-06-11 17:13:44","2026-06-12 01:13:44","1","__name__=kube_pod_status_ready;condition=true;instance=kube-state-metrics.monitoring.svc.cluster.local:8080;job=kube-state-metrics;namespace=online-boutique;pod=frontend-76c94f7cfb-jkmgk;uid=9e4174b2-637d-464e-877b-9bed13b96eaf"
"2026-06-11 17:13:59","2026-06-12 01:13:59","1","__name__=kube_pod_status_ready;condition=true;instance=kube-state-metrics.monitoring.svc.cluster.local:8080;job=kube-state-metrics;namespace=online-boutique;pod=frontend-76c94f7cfb-jkmgk;uid=9e4174b2-637d-464e-877b-9bed13b96eaf"
"2026-06-11 17:14:14","2026-06-12 01:14:14","1","__name__=kube_pod_status_ready;condition=true;instance=kube-state-metrics.monitoring.svc.cluster.local:8080;job=kube-state-metrics;namespace=online-boutique;pod=frontend-76c94f7cfb-jkmgk;uid=9e4174b2-637d-464e-877b-9bed13b96eaf"
"2026-06-11 17:14:29","2026-06-12 01:14:29","1","__name__=kube_pod_status_ready;condition=true;instance=kube-state-metrics.monitoring.svc.cluster.local:8080;job=kube-state-metrics;namespace=online-boutique;pod=frontend-76c94f7cfb-jkmgk;uid=9e4174b2-637d-464e-877b-9bed13b96eaf"
"2026-06-11 17:14:44","2026-06-12 01:14:44","1","__name__=kube_pod_status_ready;condition=true;instance=kube-state-metrics.monitoring.svc.cluster.local:8080;job=kube-state-metrics;namespace=online-boutique;pod=frontend-76c94f7cfb-jkmgk;uid=9e4174b2-637d-464e-877b-9bed13b96eaf"
"2026-06-11 17:14:59","2026-06-12 01:14:59","1","__name__=kube_pod_status_ready;condition=true;instance=kube-state-metrics.monitoring.svc.cluster.local:8080;job=kube-state-metrics;namespace=online-boutique;pod=frontend-76c94f7cfb-jkmgk;uid=9e4174b2-637d-464e-877b-9bed13b96eaf"
"2026-06-11 17:15:14","2026-06-12 01:15:14","1","__name__=kube_pod_status_ready;condition=true;instance=kube-state-metrics.monitoring.svc.cluster.local:8080;job=kube-state-metrics;namespace=online-boutique;pod=frontend-76c94f7cfb-jkmgk;uid=9e4174b2-637d-464e-877b-9bed13b96eaf"
"2026-06-11 17:15:29","2026-06-12 01:15:29","1","__name__=kube_pod_status_ready;condition=true;instance=kube-state-metrics.monitoring.svc.cluster.local:8080;job=kube-state-metrics;namespace=online-boutique;pod=frontend-76c94f7cfb-jkmgk;uid=9e4174b2-637d-464e-877b-9bed13b96eaf"
"2026-06-11 17:15:44","2026-06-12 01:15:44","1","__name__=kube_pod_status_ready;condition=true;instance=kube-state-metrics.monitoring.svc.cluster.local:8080;job=kube-state-metrics;namespace=online-boutique;pod=frontend-76c94f7cfb-jkmgk;uid=9e4174b2-637d-464e-877b-9bed13b96eaf"
"2026-06-11 17:15:59","2026-06-12 01:15:59","1","__name__=kube_pod_status_ready;condition=true;instance=kube-state-metrics.monitoring.svc.cluster.local:8080;job=kube-state-metrics;namespace=online-boutique;pod=frontend-76c94f7cfb-jkmgk;uid=9e4174b2-637d-464e-877b-9bed13b96eaf"
"2026-06-11 17:16:14","2026-06-12 01:16:14","1","__name__=kube_pod_status_ready;condition=true;instance=kube-state-metrics.monitoring.svc.cluster.local:8080;job=kube-state-metrics;namespace=online-boutique;pod=frontend-76c94f7cfb-jkmgk;uid=9e4174b2-637d-464e-877b-9bed13b96eaf"
"2026-06-11 17:16:29","2026-06-12 01:16:29","1","__name__=kube_pod_status_ready;condition=true;instance=kube-state-metrics.monitoring.svc.cluster.local:8080;job=kube-state-metrics;namespace=online-boutique;pod=frontend-76c94f7cfb-jkmgk;uid=9e4174b2-637d-464e-877b-9bed13b96eaf"
"2026-06-11 17:16:44","2026-06-12 01:16:44","1","__name__=kube_pod_status_ready;condition=true;instance=kube-state-metrics.monitoring.svc.cluster.local:8080;job=kube-state-metrics;namespace=online-boutique;pod=frontend-76c94f7cfb-jkmgk;uid=9e4174b2-637d-464e-877b-9bed13b96eaf"
"2026-06-11 17:16:59","2026-06-12 01:16:59","1","__name__=kube_pod_status_ready;condition=true;instance=kube-state-metrics.monitoring.svc.cluster.local:8080;job=kube-state-metrics;namespace=online-boutique;pod=frontend-76c94f7cfb-jkmgk;uid=9e4174b2-637d-464e-877b-9bed13b96eaf"
"2026-06-11 17:17:14","2026-06-12 01:17:14","1","__name__=kube_pod_status_ready;condition=true;instance=kube-state-metrics.monitoring.svc.cluster.local:8080;job=kube-state-metrics;namespace=online-boutique;pod=frontend-76c94f7cfb-jkmgk;uid=9e4174b2-637d-464e-877b-9bed13b96eaf"
"2026-06-11 17:17:29","2026-06-12 01:17:29","1","__name__=kube_pod_status_ready;condition=true;instance=kube-state-metrics.monitoring.svc.cluster.local:8080;job=kube-state-metrics;namespace=online-boutique;pod=frontend-76c94f7cfb-jkmgk;uid=9e4174b2-637d-464e-877b-9bed13b96eaf"
"2026-06-11 17:17:44","2026-06-12 01:17:44","1","__name__=kube_pod_status_ready;condition=true;instance=kube-state-metrics.monitoring.svc.cluster.local:8080;job=kube-state-metrics;namespace=online-boutique;pod=frontend-76c94f7cfb-jkmgk;uid=9e4174b2-637d-464e-877b-9bed13b96eaf"
"2026-06-11 17:17:59","2026-06-12 01:17:59","1","__name__=kube_pod_status_ready;condition=true;instance=kube-state-metrics.monitoring.svc.cluster.local:8080;job=kube-state-metrics;namespace=online-boutique;pod=frontend-76c94f7cfb-jkmgk;uid=9e4174b2-637d-464e-877b-9bed13b96eaf"
"2026-06-11 17:18:14","2026-06-12 01:18:14","1","__name__=kube_pod_status_ready;condition=true;instance=kube-state-metrics.monitoring.svc.cluster.local:8080;job=kube-state-metrics;namespace=online-boutique;pod=frontend-76c94f7cfb-jkmgk;uid=9e4174b2-637d-464e-877b-9bed13b96eaf"
"2026-06-11 17:18:29","2026-06-12 01:18:29","1","__name__=kube_pod_status_ready;condition=true;instance=kube-state-metrics.monitoring.svc.cluster.local:8080;job=kube-state-metrics;namespace=online-boutique;pod=frontend-76c94f7cfb-jkmgk;uid=9e4174b2-637d-464e-877b-9bed13b96eaf"
"2026-06-11 17:18:44","2026-06-12 01:18:44","1","__name__=kube_pod_status_ready;condition=true;instance=kube-state-metrics.monitoring.svc.cluster.local:8080;job=kube-state-metrics;namespace=online-boutique;pod=frontend-76c94f7cfb-jkmgk;uid=9e4174b2-637d-464e-877b-9bed13b96eaf"
"2026-06-11 17:18:59","2026-06-12 01:18:59","1","__name__=kube_pod_status_ready;condition=true;instance=kube-state-metrics.monitoring.svc.cluster.local:8080;job=kube-state-metrics;namespace=online-boutique;pod=frontend-76c94f7cfb-jkmgk;uid=9e4174b2-637d-464e-877b-9bed13b96eaf"
"2026-06-11 17:19:14","2026-06-12 01:19:14","1","__name__=kube_pod_status_ready;condition=true;instance=kube-state-metrics.monitoring.svc.cluster.local:8080;job=kube-state-metrics;namespace=online-boutique;pod=frontend-76c94f7cfb-jkmgk;uid=9e4174b2-637d-464e-877b-9bed13b96eaf"
"2026-06-11 17:19:29","2026-06-12 01:19:29","1","__name__=kube_pod_status_ready;condition=true;instance=kube-state-metrics.monitoring.svc.cluster.local:8080;job=kube-state-metrics;namespace=online-boutique;pod=frontend-76c94f7cfb-jkmgk;uid=9e4174b2-637d-464e-877b-9bed13b96eaf"
"2026-06-11 17:19:44","2026-06-12 01:19:44","1","__name__=kube_pod_status_ready;condition=true;instance=kube-state-metrics.monitoring.svc.cluster.local:8080;job=kube-state-metrics;namespace=online-boutique;pod=frontend-76c94f7cfb-jkmgk;uid=9e4174b2-637d-464e-877b-9bed13b96eaf"
"2026-06-11 17:19:59","2026-06-12 01:19:59","1","__name__=kube_pod_status_ready;condition=true;instance=kube-state-metrics.monitoring.svc.cluster.local:8080;job=kube-state-metrics;namespace=online-boutique;pod=frontend-76c94f7cfb-jkmgk;uid=9e4174b2-637d-464e-877b-9bed13b96eaf"
"2026-06-11 17:20:14","2026-06-12 01:20:14","1","__name__=kube_pod_status_ready;condition=true;instance=kube-state-metrics.monitoring.svc.cluster.local:8080;job=kube-state-metrics;namespace=online-boutique;pod=frontend-76c94f7cfb-jkmgk;uid=9e4174b2-637d-464e-877b-9bed13b96eaf"
"2026-06-11 17:20:29","2026-06-12 01:20:29","1","__name__=kube_pod_status_ready;condition=true;instance=kube-state-metrics.monitoring.svc.cluster.local:8080;job=kube-state-metrics;namespace=online-boutique;pod=frontend-76c94f7cfb-jkmgk;uid=9e4174b2-637d-464e-877b-9bed13b96eaf"
"2026-06-11 17:20:44","2026-06-12 01:20:44","1","__name__=kube_pod_status_ready;condition=true;instance=kube-state-metrics.monitoring.svc.cluster.local:8080;job=kube-state-metrics;namespace=online-boutique;pod=frontend-76c94f7cfb-jkmgk;uid=9e4174b2-637d-464e-877b-9bed13b96eaf"
"2026-06-11 17:20:59","2026-06-12 01:20:59","1","__name__=kube_pod_status_ready;condition=true;instance=kube-state-metrics.monitoring.svc.cluster.local:8080;job=kube-state-metrics;namespace=online-boutique;pod=frontend-76c94f7cfb-jkmgk;uid=9e4174b2-637d-464e-877b-9bed13b96eaf"
"2026-06-11 17:21:14","2026-06-12 01:21:14","1","__name__=kube_pod_status_ready;condition=true;instance=kube-state-metrics.monitoring.svc.cluster.local:8080;job=kube-state-metrics;namespace=online-boutique;pod=frontend-76c94f7cfb-jkmgk;uid=9e4174b2-637d-464e-877b-9bed13b96eaf"
"2026-06-11 17:21:29","2026-06-12 01:21:29","1","__name__=kube_pod_status_ready;condition=true;instance=kube-state-metrics.monitoring.svc.cluster.local:8080;job=kube-state-metrics;namespace=online-boutique;pod=frontend-76c94f7cfb-jkmgk;uid=9e4174b2-637d-464e-877b-9bed13b96eaf"
"2026-06-11 17:21:44","2026-06-12 01:21:44","1","__name__=kube_pod_status_ready;condition=true;instance=kube-state-metrics.monitoring.svc.cluster.local:8080;job=kube-state-metrics;namespace=online-boutique;pod=frontend-76c94f7cfb-jkmgk;uid=9e4174b2-637d-464e-877b-9bed13b96eaf"
"2026-06-11 17:21:59","2026-06-12 01:21:59","1","__name__=kube_pod_status_ready;condition=true;instance=kube-state-metrics.monitoring.svc.cluster.local:8080;job=kube-state-metrics;namespace=online-boutique;pod=frontend-76c94f7cfb-jkmgk;uid=9e4174b2-637d-464e-877b-9bed13b96eaf"
"2026-06-11 17:22:14","2026-06-12 01:22:14","1","__name__=kube_pod_status_ready;condition=true;instance=kube-state-metrics.monitoring.svc.cluster.local:8080;job=kube-state-metrics;namespace=online-boutique;pod=frontend-76c94f7cfb-jkmgk;uid=9e4174b2-637d-464e-877b-9bed13b96eaf"
"2026-06-11 17:22:29","2026-06-12 01:22:29","1","__name__=kube_pod_status_ready;condition=true;instance=kube-state-metrics.monitoring.svc.cluster.local:8080;job=kube-state-metrics;namespace=online-boutique;pod=frontend-76c94f7cfb-jkmgk;uid=9e4174b2-637d-464e-877b-9bed13b96eaf"
"2026-06-11 17:22:44","2026-06-12 01:22:44","1","__name__=kube_pod_status_ready;condition=true;instance=kube-state-metrics.monitoring.svc.cluster.local:8080;job=kube-state-metrics;namespace=online-boutique;pod=frontend-76c94f7cfb-jkmgk;uid=9e4174b2-637d-464e-877b-9bed13b96eaf"
"2026-06-11 17:22:59","2026-06-12 01:22:59","1","__name__=kube_pod_status_ready;condition=true;instance=kube-state-metrics.monitoring.svc.cluster.local:8080;job=kube-state-metrics;namespace=online-boutique;pod=frontend-76c94f7cfb-jkmgk;uid=9e4174b2-637d-464e-877b-9bed13b96eaf"
"2026-06-11 17:23:14","2026-06-12 01:23:14","1","__name__=kube_pod_status_ready;condition=true;instance=kube-state-metrics.monitoring.svc.cluster.local:8080;job=kube-state-metrics;namespace=online-boutique;pod=frontend-76c94f7cfb-jkmgk;uid=9e4174b2-637d-464e-877b-9bed13b96eaf"
"2026-06-11 17:23:29","2026-06-12 01:23:29","1","__name__=kube_pod_status_ready;condition=true;instance=kube-state-metrics.monitoring.svc.cluster.local:8080;job=kube-state-metrics;namespace=online-boutique;pod=frontend-76c94f7cfb-jkmgk;uid=9e4174b2-637d-464e-877b-9bed13b96eaf"
"2026-06-11 17:23:44","2026-06-12 01:23:44","1","__name__=kube_pod_status_ready;condition=true;instance=kube-state-metrics.monitoring.svc.cluster.local:8080;job=kube-state-metrics;namespace=online-boutique;pod=frontend-76c94f7cfb-jkmgk;uid=9e4174b2-637d-464e-877b-9bed13b96eaf"
"2026-06-11 17:23:59","2026-06-12 01:23:59","1","__name__=kube_pod_status_ready;condition=true;instance=kube-state-metrics.monitoring.svc.cluster.local:8080;job=kube-state-metrics;namespace=online-boutique;pod=frontend-76c94f7cfb-jkmgk;uid=9e4174b2-637d-464e-877b-9bed13b96eaf"
"2026-06-11 17:24:14","2026-06-12 01:24:14","1","__name__=kube_pod_status_ready;condition=true;instance=kube-state-metrics.monitoring.svc.cluster.local:8080;job=kube-state-metrics;namespace=online-boutique;pod=frontend-76c94f7cfb-jkmgk;uid=9e4174b2-637d-464e-877b-9bed13b96eaf"
"2026-06-11 17:24:29","2026-06-12 01:24:29","1","__name__=kube_pod_status_ready;condition=true;instance=kube-state-metrics.monitoring.svc.cluster.local:8080;job=kube-state-metrics;namespace=online-boutique;pod=frontend-76c94f7cfb-jkmgk;uid=9e4174b2-637d-464e-877b-9bed13b96eaf"
"2026-06-11 17:24:44","2026-06-12 01:24:44","1","__name__=kube_pod_status_ready;condition=true;instance=kube-state-metrics.monitoring.svc.cluster.local:8080;job=kube-state-metrics;namespace=online-boutique;pod=frontend-76c94f7cfb-jkmgk;uid=9e4174b2-637d-464e-877b-9bed13b96eaf"
