"time_utc","time_local","value","metric"
"2026-06-11 17:26:57","2026-06-12 01:26:57","0.00172721525885562","pod=adservice-7bb8787db5-x75h9"
"2026-06-11 17:27:12","2026-06-12 01:27:12","0.00131428331813269","pod=adservice-7bb8787db5-x75h9"
"2026-06-11 17:27:27","2026-06-12 01:27:27","0.00176810139837247","pod=adservice-7bb8787db5-x75h9"
"2026-06-11 17:27:42","2026-06-12 01:27:42","0.00177005106638626","pod=adservice-7bb8787db5-x75h9"
"2026-06-11 17:27:57","2026-06-12 01:27:57","0.00114658331648663","pod=adservice-7bb8787db5-x75h9"
"2026-06-11 17:28:12","2026-06-12 01:28:12","0.00155993109137682","pod=adservice-7bb8787db5-x75h9"
"2026-06-11 17:28:27","2026-06-12 01:28:27","0.00164352724251823","pod=adservice-7bb8787db5-x75h9"
"2026-06-11 17:28:42","2026-06-12 01:28:42","0.00172214093184438","pod=adservice-7bb8787db5-x75h9"
"2026-06-11 17:28:57","2026-06-12 01:28:57","0.00178478445255739","pod=adservice-7bb8787db5-x75h9"
"2026-06-11 17:29:12","2026-06-12 01:29:12","0.00176247781721377","pod=adservice-7bb8787db5-x75h9"
"2026-06-11 17:29:27","2026-06-12 01:29:27","0.00173120705030686","pod=adservice-7bb8787db5-x75h9"
"2026-06-11 17:29:42","2026-06-12 01:29:42","0.00199207775236862","pod=adservice-7bb8787db5-x75h9"
"2026-06-11 17:29:57","2026-06-12 01:29:57","0.00202122480238505","pod=adservice-7bb8787db5-x75h9"
"2026-06-11 17:30:12","2026-06-12 01:30:12","0.00160112164897933","pod=adservice-7bb8787db5-x75h9"
"2026-06-11 17:30:27","2026-06-12 01:30:27","0.00172947827356727","pod=adservice-7bb8787db5-x75h9"
"2026-06-11 17:30:42","2026-06-12 01:30:42","0.00171121412803543","pod=adservice-7bb8787db5-x75h9"
"2026-06-11 17:30:57","2026-06-12 01:30:57","0.00137152847488187","pod=adservice-7bb8787db5-x75h9"
"2026-06-11 17:31:12","2026-06-12 01:31:12","0.00177842357256858","pod=adservice-7bb8787db5-x75h9"
"2026-06-11 17:31:27","2026-06-12 01:31:27","0.00183780487804872","pod=adservice-7bb8787db5-x75h9"
"2026-06-11 17:31:42","2026-06-12 01:31:42","0.00182916307161344","pod=adservice-7bb8787db5-x75h9"
"2026-06-11 17:31:57","2026-06-12 01:31:57","0.00183002457109312","pod=adservice-7bb8787db5-x75h9"
"2026-06-11 17:32:12","2026-06-12 01:32:12","0.0017480054678763","pod=adservice-7bb8787db5-x75h9"
"2026-06-11 17:32:27","2026-06-12 01:32:27","0.00167177292182926","pod=adservice-7bb8787db5-x75h9"
"2026-06-11 17:32:42","2026-06-12 01:32:42","0.00170588494989188","pod=adservice-7bb8787db5-x75h9"
"2026-06-11 17:32:57","2026-06-12 01:32:57","0.00175524961455769","pod=adservice-7bb8787db5-x75h9"
"2026-06-11 17:33:12","2026-06-12 01:33:12","0.00171302252864135","pod=adservice-7bb8787db5-x75h9"
"2026-06-11 17:33:27","2026-06-12 01:33:27","0.00159580791138528","pod=adservice-7bb8787db5-x75h9"
"2026-06-11 17:33:42","2026-06-12 01:33:42","0.00153225658015827","pod=adservice-7bb8787db5-x75h9"
"2026-06-11 17:33:57","2026-06-12 01:33:57","0.00159238845144359","pod=adservice-7bb8787db5-x75h9"
"2026-06-11 17:34:12","2026-06-12 01:34:12","0.00161000722939064","pod=adservice-7bb8787db5-x75h9"
"2026-06-11 17:34:27","2026-06-12 01:34:27","0.00164062950877894","pod=adservice-7bb8787db5-x75h9"
"2026-06-11 17:34:42","2026-06-12 01:34:42","0.00166429303555043","pod=adservice-7bb8787db5-x75h9"
"2026-06-11 17:34:57","2026-06-12 01:34:57","0.00175325303536018","pod=adservice-7bb8787db5-x75h9"
"2026-06-11 17:35:12","2026-06-12 01:35:12","0.00169585933472012","pod=adservice-7bb8787db5-x75h9"
"2026-06-11 17:35:27","2026-06-12 01:35:27","0.00166859312683601","pod=adservice-7bb8787db5-x75h9"
"2026-06-11 17:35:42","2026-06-12 01:35:42","0.00169157747074312","pod=adservice-7bb8787db5-x75h9"
"2026-06-11 17:35:57","2026-06-12 01:35:57","0.00168081030406778","pod=adservice-7bb8787db5-x75h9"
"2026-06-11 17:36:12","2026-06-12 01:36:12","0.00113552396308941","pod=adservice-7bb8787db5-x75h9"
"2026-06-11 17:36:27","2026-06-12 01:36:27","0.00162500920539068","pod=adservice-7bb8787db5-x75h9"
"2026-06-11 17:36:42","2026-06-12 01:36:42","0.00163363550438214","pod=adservice-7bb8787db5-x75h9"
"2026-06-11 17:36:57","2026-06-12 01:36:57","0.00162502660593415","pod=adservice-7bb8787db5-x75h9"
"2026-06-11 17:37:12","2026-06-12 01:37:12","0.0019957367055238","pod=adservice-7bb8787db5-x75h9"
"2026-06-11 17:37:27","2026-06-12 01:37:27","0.00214726604711488","pod=adservice-7bb8787db5-x75h9"
"2026-06-11 17:37:42","2026-06-12 01:37:42","0.00207619831861971","pod=adservice-7bb8787db5-x75h9"
"2026-06-11 17:37:57","2026-06-12 01:37:57","0.00178828010040677","pod=adservice-7bb8787db5-x75h9"
"2026-06-11 17:38:12","2026-06-12 01:38:12","0.00167376042123731","pod=adservice-7bb8787db5-x75h9"
"2026-06-11 17:38:27","2026-06-12 01:38:27","0.00211385744605584","pod=adservice-7bb8787db5-x75h9"
"2026-06-11 17:38:42","2026-06-12 01:38:42","0.00173331996629704","pod=adservice-7bb8787db5-x75h9"
"2026-06-11 17:38:57","2026-06-12 01:38:57","0.00202586755376204","pod=adservice-7bb8787db5-x75h9"
"2026-06-11 17:39:12","2026-06-12 01:39:12","0.00198580028067065","pod=adservice-7bb8787db5-x75h9"
"2026-06-11 17:39:27","2026-06-12 01:39:27","0.00164410753360427","pod=adservice-7bb8787db5-x75h9"
"2026-06-11 17:39:42","2026-06-12 01:39:42","0.00159143011332961","pod=adservice-7bb8787db5-x75h9"
"2026-06-11 17:39:57","2026-06-12 01:39:57","0.00157749727286882","pod=adservice-7bb8787db5-x75h9"
"2026-06-11 17:40:12","2026-06-12 01:40:12","0.00184124530327421","pod=adservice-7bb8787db5-x75h9"
"2026-06-11 17:40:27","2026-06-12 01:40:27","0.00196185083319854","pod=adservice-7bb8787db5-x75h9"
"2026-06-11 17:40:42","2026-06-12 01:40:42","0.00132187497354764","pod=adservice-7bb8787db5-x75h9"
"2026-06-11 17:40:57","2026-06-12 01:40:57","0.00131638228709039","pod=adservice-7bb8787db5-x75h9"
"2026-06-11 17:41:12","2026-06-12 01:41:12","0.00163848055158072","pod=adservice-7bb8787db5-x75h9"
"2026-06-11 17:41:27","2026-06-12 01:41:27","0.00170983203166793","pod=adservice-7bb8787db5-x75h9"
"2026-06-11 17:41:42","2026-06-12 01:41:42","0.00175666746756364","pod=adservice-7bb8787db5-x75h9"
"2026-06-11 17:41:57","2026-06-12 01:41:57","0.00176627591736991","pod=adservice-7bb8787db5-x75h9"
"2026-06-11 17:42:12","2026-06-12 01:42:12","0.0016704490431781","pod=adservice-7bb8787db5-x75h9"
"2026-06-11 17:42:27","2026-06-12 01:42:27","0.00167694378300027","pod=adservice-7bb8787db5-x75h9"
"2026-06-11 17:42:42","2026-06-12 01:42:42","0.00166813729155762","pod=adservice-7bb8787db5-x75h9"
"2026-06-11 17:42:57","2026-06-12 01:42:57","0.00166559125243901","pod=adservice-7bb8787db5-x75h9"
"2026-06-11 17:43:12","2026-06-12 01:43:12","0.00166901223776227","pod=adservice-7bb8787db5-x75h9"
"2026-06-11 17:43:27","2026-06-12 01:43:27","0.00160060538795279","pod=adservice-7bb8787db5-x75h9"
"2026-06-11 17:43:42","2026-06-12 01:43:42","0.00169737272684776","pod=adservice-7bb8787db5-x75h9"
"2026-06-11 17:43:57","2026-06-12 01:43:57","0.00131325317287016","pod=adservice-7bb8787db5-x75h9"
"2026-06-11 17:44:12","2026-06-12 01:44:12","0.00166740274803698","pod=adservice-7bb8787db5-x75h9"
"2026-06-11 17:44:27","2026-06-12 01:44:27","0.00157734992642833","pod=adservice-7bb8787db5-x75h9"
"2026-06-11 17:44:42","2026-06-12 01:44:42","0.00112933283000761","pod=adservice-7bb8787db5-x75h9"
"2026-06-11 17:44:57","2026-06-12 01:44:57","0.00156838653679239","pod=adservice-7bb8787db5-x75h9"
"2026-06-11 17:45:12","2026-06-12 01:45:12","0.0013478966836211","pod=adservice-7bb8787db5-x75h9"
"2026-06-11 17:45:27","2026-06-12 01:45:27","0.00158788399480328","pod=adservice-7bb8787db5-x75h9"
"2026-06-11 17:45:42","2026-06-12 01:45:42","0.00155405146542368","pod=adservice-7bb8787db5-x75h9"
"2026-06-11 17:45:57","2026-06-12 01:45:57","0.00122803719598907","pod=adservice-7bb8787db5-x75h9"
"2026-06-11 17:46:12","2026-06-12 01:46:12","0.00164178090761229","pod=adservice-7bb8787db5-x75h9"
"2026-06-11 17:46:27","2026-06-12 01:46:27","0.00170070284595001","pod=adservice-7bb8787db5-x75h9"
"2026-06-11 17:46:42","2026-06-12 01:46:42","0.00188814884370972","pod=adservice-7bb8787db5-x75h9"
"2026-06-11 17:46:57","2026-06-12 01:46:57","0.00175227651660903","pod=adservice-7bb8787db5-x75h9"
"2026-06-11 17:47:12","2026-06-12 01:47:12","0.00153873123975279","pod=adservice-7bb8787db5-x75h9"
"2026-06-11 17:47:27","2026-06-12 01:47:27","0.00153873123975279","pod=adservice-7bb8787db5-x75h9"
"2026-06-11 17:47:42","2026-06-12 01:47:42","0.00158667070240815","pod=adservice-7bb8787db5-x75h9"
"2026-06-11 17:47:57","2026-06-12 01:47:57","0.00153022799958722","pod=adservice-7bb8787db5-x75h9"
"2026-06-11 17:48:12","2026-06-12 01:48:12","0.00109517837523653","pod=adservice-7bb8787db5-x75h9"
"2026-06-11 17:48:27","2026-06-12 01:48:27","0.00150615100420547","pod=adservice-7bb8787db5-x75h9"
"2026-06-11 17:48:42","2026-06-12 01:48:42","0.0015255835667601","pod=adservice-7bb8787db5-x75h9"
"2026-06-11 17:48:57","2026-06-12 01:48:57","0.00147989133427551","pod=adservice-7bb8787db5-x75h9"
"2026-06-11 17:49:12","2026-06-12 01:49:12","0.00123250844771443","pod=adservice-7bb8787db5-x75h9"
"2026-06-11 17:49:27","2026-06-12 01:49:27","0.00148672739526489","pod=adservice-7bb8787db5-x75h9"
"2026-06-11 17:49:42","2026-06-12 01:49:42","0.00151035062750686","pod=adservice-7bb8787db5-x75h9"
"2026-06-11 17:49:57","2026-06-12 01:49:57","0.00165953764371375","pod=adservice-7bb8787db5-x75h9"
"2026-06-11 17:50:12","2026-06-12 01:50:12","0.00160145793499041","pod=adservice-7bb8787db5-x75h9"
"2026-06-11 17:50:27","2026-06-12 01:50:27","0.00105872465436711","pod=adservice-7bb8787db5-x75h9"
"2026-06-11 17:50:42","2026-06-12 01:50:42","0.0015253023228837","pod=adservice-7bb8787db5-x75h9"
"2026-06-11 17:50:57","2026-06-12 01:50:57","0.00162325234930111","pod=adservice-7bb8787db5-x75h9"
"2026-06-11 17:51:12","2026-06-12 01:51:12","0.00161224726597632","pod=adservice-7bb8787db5-x75h9"
"2026-06-11 17:51:27","2026-06-12 01:51:27","0.0016132467482268","pod=adservice-7bb8787db5-x75h9"
"2026-06-11 17:51:42","2026-06-12 01:51:42","0.00162148898199873","pod=adservice-7bb8787db5-x75h9"
"2026-06-11 17:51:57","2026-06-12 01:51:57","0.00176546091015166","pod=adservice-7bb8787db5-x75h9"
"2026-06-11 17:52:12","2026-06-12 01:52:12","0.00186051418131193","pod=adservice-7bb8787db5-x75h9"
"2026-06-11 17:52:27","2026-06-12 01:52:27","0.0019322808671065","pod=adservice-7bb8787db5-x75h9"
"2026-06-11 17:52:42","2026-06-12 01:52:42","0.00186672498633127","pod=adservice-7bb8787db5-x75h9"
"2026-06-11 17:52:57","2026-06-12 01:52:57","0.00176203451407804","pod=adservice-7bb8787db5-x75h9"
"2026-06-11 17:53:12","2026-06-12 01:53:12","0.00166461727636034","pod=adservice-7bb8787db5-x75h9"
"2026-06-11 17:53:27","2026-06-12 01:53:27","0.00157469369814863","pod=adservice-7bb8787db5-x75h9"
"2026-06-11 17:53:42","2026-06-12 01:53:42","0.00165861779665477","pod=adservice-7bb8787db5-x75h9"
"2026-06-11 17:53:57","2026-06-12 01:53:57","0.00168964941569269","pod=adservice-7bb8787db5-x75h9"
"2026-06-11 17:54:12","2026-06-12 01:54:12","0.00133924964598939","pod=adservice-7bb8787db5-x75h9"
"2026-06-11 17:54:27","2026-06-12 01:54:27","0.00168756209917797","pod=adservice-7bb8787db5-x75h9"
"2026-06-11 17:54:42","2026-06-12 01:54:42","0.00172429498525078","pod=adservice-7bb8787db5-x75h9"
"2026-06-11 17:54:57","2026-06-12 01:54:57","0.00167975399142695","pod=adservice-7bb8787db5-x75h9"
"2026-06-11 17:55:12","2026-06-12 01:55:12","0.00173339508849387","pod=adservice-7bb8787db5-x75h9"
"2026-06-11 17:55:27","2026-06-12 01:55:27","0.00174980166813183","pod=adservice-7bb8787db5-x75h9"
"2026-06-11 17:55:42","2026-06-12 01:55:42","0.00183493247691042","pod=adservice-7bb8787db5-x75h9"
"2026-06-11 17:55:57","2026-06-12 01:55:57","0.00183280311855901","pod=adservice-7bb8787db5-x75h9"
"2026-06-11 17:56:12","2026-06-12 01:56:12","0.00184123914838758","pod=adservice-7bb8787db5-x75h9"
"2026-06-11 17:56:27","2026-06-12 01:56:27","0.00176298805667519","pod=adservice-7bb8787db5-x75h9"
"2026-06-11 17:56:42","2026-06-12 01:56:42","0.00146886879458811","pod=adservice-7bb8787db5-x75h9"
"2026-06-11 17:56:57","2026-06-12 01:56:57","0.00168891373303525","pod=adservice-7bb8787db5-x75h9"
"2026-06-11 17:57:12","2026-06-12 01:57:12","0.00170271664374148","pod=adservice-7bb8787db5-x75h9"
"2026-06-11 17:57:27","2026-06-12 01:57:27","0.00174025900368651","pod=adservice-7bb8787db5-x75h9"
"2026-06-11 17:57:42","2026-06-12 01:57:42","0.00182000699681257","pod=adservice-7bb8787db5-x75h9"
"2026-06-11 17:57:57","2026-06-12 01:57:57","0.00152581056090176","pod=adservice-7bb8787db5-x75h9"
"2026-06-11 17:58:12","2026-06-12 01:58:12","0.00178416430953682","pod=adservice-7bb8787db5-x75h9"
"2026-06-11 17:58:27","2026-06-12 01:58:27","0.00196460408447933","pod=adservice-7bb8787db5-x75h9"
"2026-06-11 17:58:42","2026-06-12 01:58:42","0.00154278837122229","pod=adservice-7bb8787db5-x75h9"
"2026-06-11 17:58:57","2026-06-12 01:58:57","0.00206437768240353","pod=adservice-7bb8787db5-x75h9"
"2026-06-11 17:59:12","2026-06-12 01:59:12","0.00195250872015031","pod=adservice-7bb8787db5-x75h9"
"2026-06-11 17:59:27","2026-06-12 01:59:27","0.00160960705586453","pod=adservice-7bb8787db5-x75h9"
"2026-06-11 17:59:42","2026-06-12 01:59:42","0.00194887476602967","pod=adservice-7bb8787db5-x75h9"
"2026-06-11 17:59:57","2026-06-12 01:59:57","0.00179165586939624","pod=adservice-7bb8787db5-x75h9"
"2026-06-11 18:00:12","2026-06-12 02:00:12","0.00118044381551373","pod=adservice-7bb8787db5-x75h9"
"2026-06-11 18:00:27","2026-06-12 02:00:27","0.00163748241912801","pod=adservice-7bb8787db5-x75h9"
"2026-06-11 18:00:42","2026-06-12 02:00:42","0.00143612625503917","pod=adservice-7bb8787db5-x75h9"
"2026-06-11 18:00:57","2026-06-12 02:00:57","0.00142220852107971","pod=adservice-7bb8787db5-x75h9"
"2026-06-11 18:01:12","2026-06-12 02:01:12","0.00193439289108959","pod=adservice-7bb8787db5-x75h9"
"2026-06-11 18:01:27","2026-06-12 02:01:27","0.00193229705629808","pod=adservice-7bb8787db5-x75h9"
"2026-06-11 18:01:42","2026-06-12 02:01:42","0.00147495400231354","pod=adservice-7bb8787db5-x75h9"
"2026-06-11 18:01:57","2026-06-12 02:01:57","0.00173213654050226","pod=adservice-7bb8787db5-x75h9"
"2026-06-11 18:02:12","2026-06-12 02:02:12","0.00181445105462406","pod=adservice-7bb8787db5-x75h9"
"2026-06-11 18:02:27","2026-06-12 02:02:27","0.00177217292569068","pod=adservice-7bb8787db5-x75h9"
"2026-06-11 18:02:42","2026-06-12 02:02:42","0.00174065904980373","pod=adservice-7bb8787db5-x75h9"
"2026-06-11 18:02:57","2026-06-12 02:02:57","0.00177839502319877","pod=adservice-7bb8787db5-x75h9"
"2026-06-11 18:03:12","2026-06-12 02:03:12","0.00176206116017935","pod=adservice-7bb8787db5-x75h9"
"2026-06-11 18:03:27","2026-06-12 02:03:27","0.00260437837523948","pod=adservice-7bb8787db5-x75h9"
"2026-06-11 18:03:42","2026-06-12 02:03:42","0.00240120637258671","pod=adservice-7bb8787db5-x75h9"
"2026-06-11 18:03:57","2026-06-12 02:03:57","0.00308360068330482","pod=adservice-7bb8787db5-x75h9"
"2026-06-11 18:04:12","2026-06-12 02:04:12","0.00242891386813752","pod=adservice-7bb8787db5-x75h9"
"2026-06-11 18:04:27","2026-06-12 02:04:27","0.00134233339272094","pod=adservice-7bb8787db5-x75h9"
"2026-06-11 18:04:42","2026-06-12 02:04:42","0.00145810087258438","pod=adservice-7bb8787db5-x75h9"
"2026-06-11 18:04:57","2026-06-12 02:04:57","0.00236909168262068","pod=adservice-7bb8787db5-x75h9"
"2026-06-11 18:05:12","2026-06-12 02:05:12","0.00243802416809458","pod=adservice-7bb8787db5-x75h9"
"2026-06-11 18:05:27","2026-06-12 02:05:27","0.00122719563908841","pod=adservice-7bb8787db5-x75h9"
"2026-06-11 18:05:42","2026-06-12 02:05:42","0.00196840951441419","pod=adservice-7bb8787db5-x75h9"
"2026-06-11 18:05:57","2026-06-12 02:05:57","0.00169556514888071","pod=adservice-7bb8787db5-x75h9"
"2026-06-11 18:06:12","2026-06-12 02:06:12","0.00204059269275199","pod=adservice-7bb8787db5-x75h9"
"2026-06-11 18:06:27","2026-06-12 02:06:27","0.00174760318674884","pod=adservice-7bb8787db5-x75h9"
"2026-06-11 18:06:42","2026-06-12 02:06:42","0.00186929667264399","pod=adservice-7bb8787db5-x75h9"
"2026-06-11 18:06:57","2026-06-12 02:06:57","0.00182328520184271","pod=adservice-7bb8787db5-x75h9"
"2026-06-11 18:07:12","2026-06-12 02:07:12","0.00187155390037249","pod=adservice-7bb8787db5-x75h9"
"2026-06-11 18:07:27","2026-06-12 02:07:27","0.00178102590061579","pod=adservice-7bb8787db5-x75h9"
"2026-06-11 18:07:42","2026-06-12 02:07:42","0.0018944660911198","pod=adservice-7bb8787db5-x75h9"
"2026-06-11 18:07:57","2026-06-12 02:07:57","0.00189109352910526","pod=adservice-7bb8787db5-x75h9"
"2026-06-11 18:08:12","2026-06-12 02:08:12","0.00231361642694382","pod=adservice-7bb8787db5-x75h9"
"2026-06-11 18:08:27","2026-06-12 02:08:27","0.00224287674365425","pod=adservice-7bb8787db5-x75h9"
"2026-06-11 18:08:42","2026-06-12 02:08:42","0.00224953247865185","pod=adservice-7bb8787db5-x75h9"
"2026-06-11 18:08:57","2026-06-12 02:08:57","0.0125475404652265","pod=adservice-7bb8787db5-x75h9"
"2026-06-11 18:09:12","2026-06-12 02:09:12","0.0151496596108776","pod=adservice-7bb8787db5-x75h9"
"2026-06-11 18:09:27","2026-06-12 02:09:27","0.014003343743635","pod=adservice-7bb8787db5-x75h9"
"2026-06-11 18:09:42","2026-06-12 02:09:42","0.0069092375958048","pod=adservice-7bb8787db5-x75h9"
"2026-06-11 18:09:57","2026-06-12 02:09:57","0.0018854557063934","pod=adservice-7bb8787db5-x75h9"
"2026-06-11 18:10:12","2026-06-12 02:10:12","0.00193589221199017","pod=adservice-7bb8787db5-x75h9"
"2026-06-11 18:10:27","2026-06-12 02:10:27","0.00155927662955653","pod=adservice-7bb8787db5-x75h9"
"2026-06-11 18:10:42","2026-06-12 02:10:42","0.00174347326462459","pod=adservice-7bb8787db5-x75h9"
"2026-06-11 18:10:57","2026-06-12 02:10:57","0.00159798423467599","pod=adservice-7bb8787db5-x75h9"
"2026-06-11 18:11:12","2026-06-12 02:11:12","0.00153617772820225","pod=adservice-7bb8787db5-x75h9"
"2026-06-11 18:11:27","2026-06-12 02:11:27","0.00126399969580691","pod=adservice-7bb8787db5-x75h9"
"2026-06-11 18:11:42","2026-06-12 02:11:42","0.00180544149360428","pod=adservice-7bb8787db5-x75h9"
"2026-06-11 18:11:57","2026-06-12 02:11:57","0.00183321582797209","pod=adservice-7bb8787db5-x75h9"
"2026-06-11 18:12:12","2026-06-12 02:12:12","0.00111864999999991","pod=adservice-7bb8787db5-x75h9"
"2026-06-11 18:12:27","2026-06-12 02:12:27","0.00235060429511468","pod=adservice-7bb8787db5-x75h9"
"2026-06-11 18:12:42","2026-06-12 02:12:42","0.00245971366738817","pod=adservice-7bb8787db5-x75h9"
"2026-06-11 18:12:57","2026-06-12 02:12:57","0.00123701080009905","pod=adservice-7bb8787db5-x75h9"
"2026-06-11 18:13:12","2026-06-12 02:13:12","0.00171939127916045","pod=adservice-7bb8787db5-x75h9"
"2026-06-11 18:13:27","2026-06-12 02:13:27","0.00174111716071778","pod=adservice-7bb8787db5-x75h9"
"2026-06-11 18:13:42","2026-06-12 02:13:42","0.00174357817820976","pod=adservice-7bb8787db5-x75h9"
"2026-06-11 18:13:57","2026-06-12 02:13:57","0.00174136408126238","pod=adservice-7bb8787db5-x75h9"
"2026-06-11 18:14:12","2026-06-12 02:14:12","0.00172461647276903","pod=adservice-7bb8787db5-x75h9"
"2026-06-11 18:14:27","2026-06-12 02:14:27","0.00165782710797989","pod=adservice-7bb8787db5-x75h9"
"2026-06-11 18:14:42","2026-06-12 02:14:42","0.00170951960862945","pod=adservice-7bb8787db5-x75h9"
"2026-06-11 18:14:57","2026-06-12 02:14:57","0.00173137721273866","pod=adservice-7bb8787db5-x75h9"
"2026-06-11 18:15:12","2026-06-12 02:15:12","0.001792700963345","pod=adservice-7bb8787db5-x75h9"
"2026-06-11 18:15:27","2026-06-12 02:15:27","0.00142273893237804","pod=adservice-7bb8787db5-x75h9"
"2026-06-11 18:15:42","2026-06-12 02:15:42","0.00170678318233411","pod=adservice-7bb8787db5-x75h9"
"2026-06-11 18:15:57","2026-06-12 02:15:57","0.00173210388738334","pod=adservice-7bb8787db5-x75h9"
"2026-06-11 18:16:12","2026-06-12 02:16:12","0.00158394502087168","pod=adservice-7bb8787db5-x75h9"
"2026-06-11 18:16:27","2026-06-12 02:16:27","0.00413741566507315","pod=adservice-7bb8787db5-x75h9"
"2026-06-11 18:16:42","2026-06-12 02:16:42","0.00411542758133278","pod=adservice-7bb8787db5-x75h9"
"2026-06-11 18:16:57","2026-06-12 02:16:57","0.00381682090364722","pod=adservice-7bb8787db5-x75h9"
"2026-06-11 18:17:12","2026-06-12 02:17:12","0.00165814017914857","pod=adservice-7bb8787db5-x75h9"
"2026-06-11 18:17:27","2026-06-12 02:17:27","0.00168983358344344","pod=adservice-7bb8787db5-x75h9"
"2026-06-11 18:17:42","2026-06-12 02:17:42","0.00164151267515769","pod=adservice-7bb8787db5-x75h9"
"2026-06-11 18:17:57","2026-06-12 02:17:57","0.00168630537994132","pod=adservice-7bb8787db5-x75h9"
"2026-06-11 18:18:12","2026-06-12 02:18:12","0.00164914324364954","pod=adservice-7bb8787db5-x75h9"
"2026-06-11 18:18:27","2026-06-12 02:18:27","0.00142068948094269","pod=adservice-7bb8787db5-x75h9"
"2026-06-11 18:18:42","2026-06-12 02:18:42","0.0016990532952956","pod=adservice-7bb8787db5-x75h9"
"2026-06-11 18:18:57","2026-06-12 02:18:57","0.00165855873502017","pod=adservice-7bb8787db5-x75h9"
"2026-06-11 18:19:12","2026-06-12 02:19:12","0.00112974999999995","pod=adservice-7bb8787db5-x75h9"
"2026-06-11 18:19:27","2026-06-12 02:19:27","0.00167804420838873","pod=adservice-7bb8787db5-x75h9"
"2026-06-11 18:19:42","2026-06-12 02:19:42","0.00182586693407346","pod=adservice-7bb8787db5-x75h9"
"2026-06-11 18:19:57","2026-06-12 02:19:57","0.00147755432364492","pod=adservice-7bb8787db5-x75h9"
"2026-06-11 18:20:12","2026-06-12 02:20:12","0.00187804807581178","pod=adservice-7bb8787db5-x75h9"
"2026-06-11 18:20:27","2026-06-12 02:20:27","0.00162259317949942","pod=adservice-7bb8787db5-x75h9"
"2026-06-11 18:20:42","2026-06-12 02:20:42","0.00167788043726839","pod=adservice-7bb8787db5-x75h9"
"2026-06-11 18:20:57","2026-06-12 02:20:57","0.00145971826102695","pod=adservice-7bb8787db5-x75h9"
"2026-06-11 18:21:12","2026-06-12 02:21:12","0.00195403267235176","pod=adservice-7bb8787db5-x75h9"
"2026-06-11 18:21:27","2026-06-12 02:21:27","0.00187326756400535","pod=adservice-7bb8787db5-x75h9"
"2026-06-11 18:21:42","2026-06-12 02:21:42","0.00144114734248245","pod=adservice-7bb8787db5-x75h9"
"2026-06-11 18:21:57","2026-06-12 02:21:57","0.00174230742675656","pod=adservice-7bb8787db5-x75h9"
"2026-06-11 18:22:12","2026-06-12 02:22:12","0.00247765327560955","pod=adservice-7bb8787db5-x75h9"
"2026-06-11 18:22:27","2026-06-12 02:22:27","0.00228216177394752","pod=adservice-7bb8787db5-x75h9"
"2026-06-11 18:22:42","2026-06-12 02:22:42","0.00226407641618722","pod=adservice-7bb8787db5-x75h9"
"2026-06-11 18:22:57","2026-06-12 02:22:57","0.00187699530516435","pod=adservice-7bb8787db5-x75h9"
"2026-06-11 18:23:12","2026-06-12 02:23:12","0.0018545234126382","pod=adservice-7bb8787db5-x75h9"
"2026-06-11 18:23:27","2026-06-12 02:23:27","0.00163714443829546","pod=adservice-7bb8787db5-x75h9"
"2026-06-11 18:23:42","2026-06-12 02:23:42","0.00132783451212348","pod=adservice-7bb8787db5-x75h9"
"2026-06-11 18:23:57","2026-06-12 02:23:57","0.00166206116111379","pod=adservice-7bb8787db5-x75h9"
"2026-06-11 18:24:12","2026-06-12 02:24:12","0.00170843631360357","pod=adservice-7bb8787db5-x75h9"
"2026-06-11 18:24:27","2026-06-12 02:24:27","0.00175082768581262","pod=adservice-7bb8787db5-x75h9"
"2026-06-11 18:24:42","2026-06-12 02:24:42","0.001091175","pod=adservice-7bb8787db5-x75h9"
"2026-06-11 18:24:57","2026-06-12 02:24:57","0.00186435692473517","pod=adservice-7bb8787db5-x75h9"
"2026-06-11 18:25:12","2026-06-12 02:25:12","0.0019147461999274","pod=adservice-7bb8787db5-x75h9"
"2026-06-11 18:25:27","2026-06-12 02:25:27","0.0014105567512009","pod=adservice-7bb8787db5-x75h9"
"2026-06-11 18:25:42","2026-06-12 02:25:42","0.00170139800027131","pod=adservice-7bb8787db5-x75h9"
"2026-06-11 18:25:57","2026-06-12 02:25:57","0.00167826759474102","pod=adservice-7bb8787db5-x75h9"
"2026-06-11 18:26:12","2026-06-12 02:26:12","0.00171256285068863","pod=adservice-7bb8787db5-x75h9"
"2026-06-11 18:26:27","2026-06-12 02:26:27","0.00169205082690387","pod=adservice-7bb8787db5-x75h9"
"2026-06-11 18:26:42","2026-06-12 02:26:42","0.00173348640056519","pod=adservice-7bb8787db5-x75h9"
"2026-06-11 18:26:57","2026-06-12 02:26:57","0.00183676518350116","pod=adservice-7bb8787db5-x75h9"
"2026-06-11 18:27:12","2026-06-12 02:27:12","0.0016785353456648","pod=adservice-7bb8787db5-x75h9"
"2026-06-11 18:27:27","2026-06-12 02:27:27","0.00183398218409766","pod=adservice-7bb8787db5-x75h9"
"2026-06-11 18:27:42","2026-06-12 02:27:42","0.00157361902332558","pod=adservice-7bb8787db5-x75h9"
"2026-06-11 18:27:57","2026-06-12 02:27:57","0.00165082528632373","pod=adservice-7bb8787db5-x75h9"
"2026-06-11 18:28:12","2026-06-12 02:28:12","0.00173701699231952","pod=adservice-7bb8787db5-x75h9"
"2026-06-11 18:28:27","2026-06-12 02:28:27","0.00175442983709627","pod=adservice-7bb8787db5-x75h9"
"2026-06-11 18:28:42","2026-06-12 02:28:42","0.00181372567924559","pod=adservice-7bb8787db5-x75h9"
"2026-06-11 18:28:57","2026-06-12 02:28:57","0.00184665185775854","pod=adservice-7bb8787db5-x75h9"
"2026-06-11 18:29:12","2026-06-12 02:29:12","0.0018758193001916","pod=adservice-7bb8787db5-x75h9"
"2026-06-11 18:29:27","2026-06-12 02:29:27","0.00188810685615337","pod=adservice-7bb8787db5-x75h9"
"2026-06-11 18:29:42","2026-06-12 02:29:42","0.00174654704285223","pod=adservice-7bb8787db5-x75h9"
"2026-06-11 18:29:57","2026-06-12 02:29:57","0.00171648974203843","pod=adservice-7bb8787db5-x75h9"
"2026-06-11 18:30:12","2026-06-12 02:30:12","0.00168130401819544","pod=adservice-7bb8787db5-x75h9"
"2026-06-11 18:30:27","2026-06-12 02:30:27","0.00166471775236716","pod=adservice-7bb8787db5-x75h9"
"2026-06-11 18:30:42","2026-06-12 02:30:42","0.0017342949399641","pod=adservice-7bb8787db5-x75h9"
"2026-06-11 18:30:57","2026-06-12 02:30:57","0.00166204117357459","pod=adservice-7bb8787db5-x75h9"
"2026-06-11 18:31:12","2026-06-12 02:31:12","0.00172083611194156","pod=adservice-7bb8787db5-x75h9"
"2026-06-11 18:31:27","2026-06-12 02:31:27","0.00164673669302489","pod=adservice-7bb8787db5-x75h9"
"2026-06-11 18:31:42","2026-06-12 02:31:42","0.00171316958952548","pod=adservice-7bb8787db5-x75h9"
"2026-06-11 18:31:57","2026-06-12 02:31:57","0.000868699999999952","pod=adservice-7bb8787db5-x75h9"
"2026-06-11 18:32:12","2026-06-12 02:32:12","0.00165453452008658","pod=adservice-7bb8787db5-x75h9"
"2026-06-11 18:32:27","2026-06-12 02:32:27","0.00166386634167118","pod=adservice-7bb8787db5-x75h9"
"2026-06-11 18:32:42","2026-06-12 02:32:42","0.0018525783579836","pod=adservice-7bb8787db5-x75h9"
"2026-06-11 18:32:57","2026-06-12 02:32:57","0.00237473257837228","pod=adservice-7bb8787db5-x75h9"
"2026-06-11 18:33:12","2026-06-12 02:33:12","0.00247887980341485","pod=adservice-7bb8787db5-x75h9"
"2026-06-11 18:33:27","2026-06-12 02:33:27","0.00197234915304673","pod=adservice-7bb8787db5-x75h9"
"2026-06-11 18:33:42","2026-06-12 02:33:42","0.00154757555168016","pod=adservice-7bb8787db5-x75h9"
"2026-06-11 18:33:57","2026-06-12 02:33:57","0.00219046910789178","pod=adservice-7bb8787db5-x75h9"
"2026-06-11 18:34:12","2026-06-12 02:34:12","0.00213741468580835","pod=adservice-7bb8787db5-x75h9"
"2026-06-11 18:34:27","2026-06-12 02:34:27","0.00208312683036725","pod=adservice-7bb8787db5-x75h9"
"2026-06-11 18:34:42","2026-06-12 02:34:42","0.00179228238526566","pod=adservice-7bb8787db5-x75h9"
"2026-06-11 18:34:57","2026-06-12 02:34:57","0.00215309273598833","pod=adservice-7bb8787db5-x75h9"
"2026-06-11 18:35:12","2026-06-12 02:35:12","0.00187523543072391","pod=adservice-7bb8787db5-x75h9"
"2026-06-11 18:35:27","2026-06-12 02:35:27","0.00190591575451307","pod=adservice-7bb8787db5-x75h9"
"2026-06-11 18:35:42","2026-06-12 02:35:42","0.00149100481560358","pod=adservice-7bb8787db5-x75h9"
"2026-06-11 18:35:57","2026-06-12 02:35:57","0.00160193029283195","pod=adservice-7bb8787db5-x75h9"
"2026-06-11 18:36:12","2026-06-12 02:36:12","0.00159241443998179","pod=adservice-7bb8787db5-x75h9"
"2026-06-11 18:36:27","2026-06-12 02:36:27","0.00102173157148747","pod=adservice-7bb8787db5-x75h9"
"2026-06-11 18:36:42","2026-06-12 02:36:42","0.00152817230295874","pod=adservice-7bb8787db5-x75h9"
"2026-06-11 18:36:57","2026-06-12 02:36:57","0.00158317786069655","pod=adservice-7bb8787db5-x75h9"
"2026-06-11 18:37:12","2026-06-12 02:37:12","0.00167308478368438","pod=adservice-7bb8787db5-x75h9"
"2026-06-11 18:37:27","2026-06-12 02:37:27","0.00169959534973344","pod=adservice-7bb8787db5-x75h9"
"2026-06-11 18:37:42","2026-06-12 02:37:42","0.00166814946619204","pod=adservice-7bb8787db5-x75h9"
"2026-06-11 18:37:57","2026-06-12 02:37:57","0.00163430885811344","pod=adservice-7bb8787db5-x75h9"
"2026-06-11 18:38:12","2026-06-12 02:38:12","0.00169762308998298","pod=adservice-7bb8787db5-x75h9"
"2026-06-11 18:38:27","2026-06-12 02:38:27","0.00172531491988734","pod=adservice-7bb8787db5-x75h9"
"2026-06-11 18:38:42","2026-06-12 02:38:42","0.0017677874186551","pod=adservice-7bb8787db5-x75h9"
"2026-06-11 18:38:57","2026-06-12 02:38:57","0.00167756890459372","pod=adservice-7bb8787db5-x75h9"
"2026-06-11 18:39:12","2026-06-12 02:39:12","0.00157630658856643","pod=adservice-7bb8787db5-x75h9"
"2026-06-11 18:39:27","2026-06-12 02:39:27","0.00134816564686876","pod=adservice-7bb8787db5-x75h9"
"2026-06-11 18:39:42","2026-06-12 02:39:42","0.00168601927999556","pod=adservice-7bb8787db5-x75h9"
"2026-06-11 18:39:57","2026-06-12 02:39:57","0.00174690025968334","pod=adservice-7bb8787db5-x75h9"
"2026-06-11 18:40:12","2026-06-12 02:40:12","0.00179500502491077","pod=adservice-7bb8787db5-x75h9"
"2026-06-11 18:40:27","2026-06-12 02:40:27","0.00179141794543252","pod=adservice-7bb8787db5-x75h9"
"2026-06-11 18:40:42","2026-06-12 02:40:42","0.00178322754831368","pod=adservice-7bb8787db5-x75h9"
"2026-06-11 18:40:57","2026-06-12 02:40:57","0.00175214600572268","pod=adservice-7bb8787db5-x75h9"
"2026-06-11 18:41:12","2026-06-12 02:41:12","0.00129443285681083","pod=adservice-7bb8787db5-x75h9"
"2026-06-11 18:41:27","2026-06-12 02:41:27","0.00171992640472554","pod=adservice-7bb8787db5-x75h9"
"2026-06-11 18:41:42","2026-06-12 02:41:42","0.00164174773059689","pod=adservice-7bb8787db5-x75h9"
"2026-06-11 18:41:57","2026-06-12 02:41:57","0.00158496666443685","pod=adservice-7bb8787db5-x75h9"
"2026-06-11 18:42:12","2026-06-12 02:42:12","0.00163321661273887","pod=adservice-7bb8787db5-x75h9"
"2026-06-11 18:42:27","2026-06-12 02:42:27","0.00167121062992123","pod=adservice-7bb8787db5-x75h9"
"2026-06-11 18:42:42","2026-06-12 02:42:42","0.00176746120296181","pod=adservice-7bb8787db5-x75h9"
"2026-06-11 18:42:57","2026-06-12 02:42:57","0.00177606794483694","pod=adservice-7bb8787db5-x75h9"
"2026-06-11 18:43:12","2026-06-12 02:43:12","0.00208482671508648","pod=adservice-7bb8787db5-x75h9"
"2026-06-11 18:43:27","2026-06-12 02:43:27","0.00204819225127276","pod=adservice-7bb8787db5-x75h9"
"2026-06-11 18:43:42","2026-06-12 02:43:42","0.001551573666486","pod=adservice-7bb8787db5-x75h9"
"2026-06-11 18:43:57","2026-06-12 02:43:57","0.00200276273022739","pod=adservice-7bb8787db5-x75h9"
"2026-06-11 18:44:12","2026-06-12 02:44:12","0.00212708369135581","pod=adservice-7bb8787db5-x75h9"
"2026-06-11 18:44:27","2026-06-12 02:44:27","0.00176731396613342","pod=adservice-7bb8787db5-x75h9"
"2026-06-11 18:44:42","2026-06-12 02:44:42","0.00169383030443337","pod=adservice-7bb8787db5-x75h9"
"2026-06-11 18:44:57","2026-06-12 02:44:57","0.00177048867517705","pod=adservice-7bb8787db5-x75h9"
"2026-06-11 18:45:12","2026-06-12 02:45:12","0.00181741454223856","pod=adservice-7bb8787db5-x75h9"
"2026-06-11 18:45:27","2026-06-12 02:45:27","0.0021494624299364","pod=adservice-7bb8787db5-x75h9"
"2026-06-11 18:45:42","2026-06-12 02:45:42","0.00207113235119869","pod=adservice-7bb8787db5-x75h9"
"2026-06-11 18:45:57","2026-06-12 02:45:57","0.00215875836410594","pod=adservice-7bb8787db5-x75h9"
"2026-06-11 18:46:12","2026-06-12 02:46:12","0.0017335047851933","pod=adservice-7bb8787db5-x75h9"
"2026-06-11 18:46:27","2026-06-12 02:46:27","0.00149341446341373","pod=adservice-7bb8787db5-x75h9"
"2026-06-11 18:46:42","2026-06-12 02:46:42","0.00264741927117105","pod=adservice-7bb8787db5-x75h9"
"2026-06-11 18:46:57","2026-06-12 02:46:57","0.00230308074704124","pod=adservice-7bb8787db5-x75h9"
"2026-06-11 18:47:12","2026-06-12 02:47:12","0.00130918483809805","pod=adservice-7bb8787db5-x75h9"
"2026-06-11 18:47:27","2026-06-12 02:47:27","0.00163184834792425","pod=adservice-7bb8787db5-x75h9"
"2026-06-11 18:47:42","2026-06-12 02:47:42","0.00167512085595795","pod=adservice-7bb8787db5-x75h9"
"2026-06-11 18:47:57","2026-06-12 02:47:57","0.00172930600191094","pod=adservice-7bb8787db5-x75h9"
"2026-06-11 18:48:12","2026-06-12 02:48:12","0.00171644973895136","pod=adservice-7bb8787db5-x75h9"
"2026-06-11 18:48:27","2026-06-12 02:48:27","0.00161805153063903","pod=adservice-7bb8787db5-x75h9"
"2026-06-11 18:48:42","2026-06-12 02:48:42","0.00159814220749459","pod=adservice-7bb8787db5-x75h9"
"2026-06-11 18:48:57","2026-06-12 02:48:57","0.00151534762754413","pod=adservice-7bb8787db5-x75h9"
"2026-06-11 18:49:12","2026-06-12 02:49:12","0.00158768589298138","pod=adservice-7bb8787db5-x75h9"
"2026-06-11 18:49:27","2026-06-12 02:49:27","0.00199549112314869","pod=adservice-7bb8787db5-x75h9"
"2026-06-11 18:49:42","2026-06-12 02:49:42","0.00198607321644644","pod=adservice-7bb8787db5-x75h9"
"2026-06-11 18:49:57","2026-06-12 02:49:57","0.0016426756404528","pod=adservice-7bb8787db5-x75h9"
"2026-06-11 18:50:12","2026-06-12 02:50:12","0.00168000759525727","pod=adservice-7bb8787db5-x75h9"
"2026-06-11 18:50:27","2026-06-12 02:50:27","0.00166439063833602","pod=adservice-7bb8787db5-x75h9"
"2026-06-11 18:50:42","2026-06-12 02:50:42","0.00140321961159729","pod=adservice-7bb8787db5-x75h9"
"2026-06-11 18:50:57","2026-06-12 02:50:57","0.001595038277316","pod=adservice-7bb8787db5-x75h9"
"2026-06-11 18:51:12","2026-06-12 02:51:12","0.00156439926062849","pod=adservice-7bb8787db5-x75h9"
"2026-06-11 18:51:27","2026-06-12 02:51:27","0.00229964933373411","pod=adservice-7bb8787db5-x75h9"
"2026-06-11 18:51:42","2026-06-12 02:51:42","0.00246131784783118","pod=adservice-7bb8787db5-x75h9"
"2026-06-11 18:51:57","2026-06-12 02:51:57","0.00281911462914101","pod=adservice-7bb8787db5-x75h9"
"2026-06-11 18:52:12","2026-06-12 02:52:12","0.00194673723863334","pod=adservice-7bb8787db5-x75h9"
"2026-06-11 18:52:27","2026-06-12 02:52:27","0.00195840904914552","pod=adservice-7bb8787db5-x75h9"
"2026-06-11 18:52:42","2026-06-12 02:52:42","0.00170179250407394","pod=adservice-7bb8787db5-x75h9"
"2026-06-11 18:52:57","2026-06-12 02:52:57","0.00188172439204123","pod=adservice-7bb8787db5-x75h9"
"2026-06-11 18:53:12","2026-06-12 02:53:12","0.00188388009886148","pod=adservice-7bb8787db5-x75h9"
"2026-06-11 18:53:27","2026-06-12 02:53:27","0.00208549503228042","pod=adservice-7bb8787db5-x75h9"
"2026-06-11 18:53:42","2026-06-12 02:53:42","0.00189986869897814","pod=adservice-7bb8787db5-x75h9"
"2026-06-11 18:53:57","2026-06-12 02:53:57","0.00199541645987206","pod=adservice-7bb8787db5-x75h9"
"2026-06-11 18:54:12","2026-06-12 02:54:12","0.0018668737568999","pod=adservice-7bb8787db5-x75h9"
"2026-06-11 18:54:27","2026-06-12 02:54:27","0.00223036263060859","pod=adservice-7bb8787db5-x75h9"
"2026-06-11 18:54:42","2026-06-12 02:54:42","0.00150702857413461","pod=adservice-7bb8787db5-x75h9"
"2026-06-11 18:54:57","2026-06-12 02:54:57","0.0021029248344224","pod=adservice-7bb8787db5-x75h9"
"2026-06-11 18:55:12","2026-06-12 02:55:12","0.00204845455686137","pod=adservice-7bb8787db5-x75h9"
"2026-06-11 18:55:27","2026-06-12 02:55:27","0.00219082171901095","pod=adservice-7bb8787db5-x75h9"
"2026-06-11 18:55:42","2026-06-12 02:55:42","0.00218434826477214","pod=adservice-7bb8787db5-x75h9"
"2026-06-11 18:55:57","2026-06-12 02:55:57","0.00171779934466672","pod=adservice-7bb8787db5-x75h9"
"2026-06-11 18:56:12","2026-06-12 02:56:12","0.0015528664755944","pod=adservice-7bb8787db5-x75h9"
"2026-06-11 18:56:27","2026-06-12 02:56:27","0.00176677928170259","pod=adservice-7bb8787db5-x75h9"
"2026-06-11 18:56:42","2026-06-12 02:56:42","0.00167592019567969","pod=adservice-7bb8787db5-x75h9"
"2026-06-11 18:56:57","2026-06-12 02:56:57","0.00171687347544809","pod=adservice-7bb8787db5-x75h9"
"2026-06-11 18:57:12","2026-06-12 02:57:12","0.00166527748691105","pod=adservice-7bb8787db5-x75h9"
"2026-06-11 18:57:27","2026-06-12 02:57:27","0.00165530437090776","pod=adservice-7bb8787db5-x75h9"
"2026-06-11 18:57:42","2026-06-12 02:57:42","0.00157517604812752","pod=adservice-7bb8787db5-x75h9"
"2026-06-11 18:57:57","2026-06-12 02:57:57","0.00144855568568772","pod=adservice-7bb8787db5-x75h9"
"2026-06-11 18:58:12","2026-06-12 02:58:12","0.00166112940720655","pod=adservice-7bb8787db5-x75h9"
"2026-06-11 18:58:27","2026-06-12 02:58:27","0.00171503609874194","pod=adservice-7bb8787db5-x75h9"
"2026-06-11 18:58:42","2026-06-12 02:58:42","0.00168869154006563","pod=adservice-7bb8787db5-x75h9"
"2026-06-11 18:58:57","2026-06-12 02:58:57","0.00169333818900714","pod=adservice-7bb8787db5-x75h9"
"2026-06-11 18:59:12","2026-06-12 02:59:12","0.00162954732667962","pod=adservice-7bb8787db5-x75h9"
"2026-06-11 18:59:27","2026-06-12 02:59:27","0.00168160101404045","pod=adservice-7bb8787db5-x75h9"
"2026-06-11 18:59:42","2026-06-12 02:59:42","0.0020097114492683","pod=adservice-7bb8787db5-x75h9"
"2026-06-11 18:59:57","2026-06-12 02:59:57","0.00235072572712646","pod=adservice-7bb8787db5-x75h9"
"2026-06-11 19:00:12","2026-06-12 03:00:12","0.00267142249728355","pod=adservice-7bb8787db5-x75h9"
"2026-06-11 19:00:27","2026-06-12 03:00:27","0.00179663734276095","pod=adservice-7bb8787db5-x75h9"
"2026-06-11 19:00:42","2026-06-12 03:00:42","0.00187404831023722","pod=adservice-7bb8787db5-x75h9"
"2026-06-11 19:00:57","2026-06-12 03:00:57","0.00150462653708171","pod=adservice-7bb8787db5-x75h9"
"2026-06-11 19:01:12","2026-06-12 03:01:12","0.00178246496735826","pod=adservice-7bb8787db5-x75h9"
"2026-06-11 19:01:27","2026-06-12 03:01:27","0.00166579898770786","pod=adservice-7bb8787db5-x75h9"
"2026-06-11 19:01:42","2026-06-12 03:01:42","0.00100637500000005","pod=adservice-7bb8787db5-x75h9"
"2026-06-11 19:01:57","2026-06-12 03:01:57","0.00178374236919507","pod=adservice-7bb8787db5-x75h9"
"2026-06-11 19:02:12","2026-06-12 03:02:12","0.00180605581762832","pod=adservice-7bb8787db5-x75h9"
"2026-06-11 19:02:27","2026-06-12 03:02:27","0.00175126186149808","pod=adservice-7bb8787db5-x75h9"
"2026-06-11 19:02:42","2026-06-12 03:02:42","0.00416512669746601","pod=adservice-7bb8787db5-x75h9"
"2026-06-11 19:02:57","2026-06-12 03:02:57","0.00362990473114808","pod=adservice-7bb8787db5-x75h9"
"2026-06-11 19:03:12","2026-06-12 03:03:12","0.00347825055094085","pod=adservice-7bb8787db5-x75h9"
"2026-06-11 19:03:27","2026-06-12 03:03:27","0.0015151961102815","pod=adservice-7bb8787db5-x75h9"
"2026-06-11 19:03:42","2026-06-12 03:03:42","0.00175798916500336","pod=adservice-7bb8787db5-x75h9"
"2026-06-11 19:03:57","2026-06-12 03:03:57","0.00177318481130157","pod=adservice-7bb8787db5-x75h9"
"2026-06-11 19:04:12","2026-06-12 03:04:12","0.00181684424150192","pod=adservice-7bb8787db5-x75h9"
"2026-06-11 19:04:27","2026-06-12 03:04:27","0.00180341168303098","pod=adservice-7bb8787db5-x75h9"
"2026-06-11 19:04:42","2026-06-12 03:04:42","0.00163476165076349","pod=adservice-7bb8787db5-x75h9"
"2026-06-11 19:04:57","2026-06-12 03:04:57","0.00171737405365986","pod=adservice-7bb8787db5-x75h9"
"2026-06-11 19:05:12","2026-06-12 03:05:12","0.00165282898629877","pod=adservice-7bb8787db5-x75h9"
"2026-06-11 19:05:27","2026-06-12 03:05:27","0.00172698454055931","pod=adservice-7bb8787db5-x75h9"
"2026-06-11 19:05:42","2026-06-12 03:05:42","0.00165776857285319","pod=adservice-7bb8787db5-x75h9"
"2026-06-11 19:05:57","2026-06-12 03:05:57","0.00242035759329329","pod=adservice-7bb8787db5-x75h9"
"2026-06-11 19:06:12","2026-06-12 03:06:12","0.00283206084540009","pod=adservice-7bb8787db5-x75h9"
"2026-06-11 19:06:27","2026-06-12 03:06:27","0.00287444034440333","pod=adservice-7bb8787db5-x75h9"
"2026-06-11 19:06:42","2026-06-12 03:06:42","0.00203592717245845","pod=adservice-7bb8787db5-x75h9"
"2026-06-11 19:06:57","2026-06-12 03:06:57","0.00211120277181986","pod=adservice-7bb8787db5-x75h9"
"2026-06-11 19:07:12","2026-06-12 03:07:12","0.00198124314288135","pod=adservice-7bb8787db5-x75h9"
"2026-06-11 19:07:27","2026-06-12 03:07:27","0.00132065991092995","pod=adservice-7bb8787db5-x75h9"
"2026-06-11 19:07:42","2026-06-12 03:07:42","0.0018023753976671","pod=adservice-7bb8787db5-x75h9"
"2026-06-11 19:07:57","2026-06-12 03:07:57","0.00177520061558756","pod=adservice-7bb8787db5-x75h9"
"2026-06-11 19:08:12","2026-06-12 03:08:12","0.00172742797092564","pod=adservice-7bb8787db5-x75h9"
"2026-06-11 19:08:27","2026-06-12 03:08:27","0.00170147885988736","pod=adservice-7bb8787db5-x75h9"
"2026-06-11 19:08:42","2026-06-12 03:08:42","0.00154072316719268","pod=adservice-7bb8787db5-x75h9"
"2026-06-11 19:08:57","2026-06-12 03:08:57","0.00143847816967323","pod=adservice-7bb8787db5-x75h9"
"2026-06-11 19:09:12","2026-06-12 03:09:12","0.00151918132525515","pod=adservice-7bb8787db5-x75h9"
"2026-06-11 19:09:27","2026-06-12 03:09:27","0.00154618951373198","pod=adservice-7bb8787db5-x75h9"
"2026-06-11 19:09:42","2026-06-12 03:09:42","0.00120690776945202","pod=adservice-7bb8787db5-x75h9"
"2026-06-11 19:09:57","2026-06-12 03:09:57","0.00165323416723015","pod=adservice-7bb8787db5-x75h9"
"2026-06-11 19:10:12","2026-06-12 03:10:12","0.00168359383587244","pod=adservice-7bb8787db5-x75h9"
"2026-06-11 19:10:27","2026-06-12 03:10:27","0.00335648636062851","pod=adservice-7bb8787db5-x75h9"
"2026-06-11 19:10:42","2026-06-12 03:10:42","0.00306288758910993","pod=adservice-7bb8787db5-x75h9"
"2026-06-11 19:10:57","2026-06-12 03:10:57","0.00298323874616057","pod=adservice-7bb8787db5-x75h9"
"2026-06-11 19:11:12","2026-06-12 03:11:12","0.00126486474000371","pod=adservice-7bb8787db5-x75h9"
"2026-06-11 19:11:27","2026-06-12 03:11:27","0.00156137442113086","pod=adservice-7bb8787db5-x75h9"
"2026-06-11 19:11:42","2026-06-12 03:11:42","0.00166848605277052","pod=adservice-7bb8787db5-x75h9"
"2026-06-11 19:11:57","2026-06-12 03:11:57","0.00126461629684725","pod=adservice-7bb8787db5-x75h9"
"2026-06-11 19:12:12","2026-06-12 03:12:12","0.00132918516008225","pod=adservice-7bb8787db5-x75h9"
"2026-06-11 19:12:27","2026-06-12 03:12:27","0.00164456041915928","pod=adservice-7bb8787db5-x75h9"
"2026-06-11 19:12:42","2026-06-12 03:12:42","0.00161572607735872","pod=adservice-7bb8787db5-x75h9"
"2026-06-11 19:12:57","2026-06-12 03:12:57","0.00122562530004539","pod=adservice-7bb8787db5-x75h9"
"2026-06-11 19:13:12","2026-06-12 03:13:12","0.00166815110224875","pod=adservice-7bb8787db5-x75h9"
"2026-06-11 19:13:27","2026-06-12 03:13:27","0.00170584592519203","pod=adservice-7bb8787db5-x75h9"
"2026-06-11 19:13:42","2026-06-12 03:13:42","0.00163195624861428","pod=adservice-7bb8787db5-x75h9"
"2026-06-11 19:13:57","2026-06-12 03:13:57","0.00156493412129436","pod=adservice-7bb8787db5-x75h9"
"2026-06-11 19:14:12","2026-06-12 03:14:12","0.00158914614000045","pod=adservice-7bb8787db5-x75h9"
"2026-06-11 19:14:27","2026-06-12 03:14:27","0.00160855897200553","pod=adservice-7bb8787db5-x75h9"
"2026-06-11 19:14:42","2026-06-12 03:14:42","0.00166145487621995","pod=adservice-7bb8787db5-x75h9"
"2026-06-11 19:14:57","2026-06-12 03:14:57","0.00167058499403069","pod=adservice-7bb8787db5-x75h9"
"2026-06-11 19:15:12","2026-06-12 03:15:12","0.00142551020239776","pod=adservice-7bb8787db5-x75h9"
"2026-06-11 19:15:27","2026-06-12 03:15:27","0.00163044778764991","pod=adservice-7bb8787db5-x75h9"
"2026-06-11 19:15:42","2026-06-12 03:15:42","0.00155517108061089","pod=adservice-7bb8787db5-x75h9"
"2026-06-11 19:15:57","2026-06-12 03:15:57","0.00160267069146345","pod=adservice-7bb8787db5-x75h9"
"2026-06-11 19:16:12","2026-06-12 03:16:12","0.0015904555230474","pod=adservice-7bb8787db5-x75h9"
"2026-06-11 19:16:27","2026-06-12 03:16:27","0.00155008921743555","pod=adservice-7bb8787db5-x75h9"
"2026-06-11 19:16:42","2026-06-12 03:16:42","0.00153071594585975","pod=adservice-7bb8787db5-x75h9"
"2026-06-11 19:16:57","2026-06-12 03:16:57","0.00160242645996814","pod=adservice-7bb8787db5-x75h9"
"2026-06-11 19:17:12","2026-06-12 03:17:12","0.00164970066445917","pod=adservice-7bb8787db5-x75h9"
"2026-06-11 19:17:27","2026-06-12 03:17:27","0.00171362894558774","pod=adservice-7bb8787db5-x75h9"
"2026-06-11 19:17:42","2026-06-12 03:17:42","0.00160493179433374","pod=adservice-7bb8787db5-x75h9"
"2026-06-11 19:17:57","2026-06-12 03:17:57","0.0015632316325392","pod=adservice-7bb8787db5-x75h9"
"2026-06-11 19:18:12","2026-06-12 03:18:12","0.0015771735591012","pod=adservice-7bb8787db5-x75h9"
"2026-06-11 19:18:27","2026-06-12 03:18:27","0.00158926446467038","pod=adservice-7bb8787db5-x75h9"
"2026-06-11 19:18:42","2026-06-12 03:18:42","0.00163731729143879","pod=adservice-7bb8787db5-x75h9"
"2026-06-11 19:18:57","2026-06-12 03:18:57","0.00170953041929654","pod=adservice-7bb8787db5-x75h9"
"2026-06-11 19:19:12","2026-06-12 03:19:12","0.00120345162312913","pod=adservice-7bb8787db5-x75h9"
"2026-06-11 19:19:27","2026-06-12 03:19:27","0.00164229657166468","pod=adservice-7bb8787db5-x75h9"
"2026-06-11 19:19:42","2026-06-12 03:19:42","0.00147448272729339","pod=adservice-7bb8787db5-x75h9"
"2026-06-11 19:19:57","2026-06-12 03:19:57","0.00149572013397841","pod=adservice-7bb8787db5-x75h9"
"2026-06-11 19:20:12","2026-06-12 03:20:12","0.00156735448498626","pod=adservice-7bb8787db5-x75h9"
"2026-06-11 19:20:27","2026-06-12 03:20:27","0.00164420399226209","pod=adservice-7bb8787db5-x75h9"
"2026-06-11 19:20:42","2026-06-12 03:20:42","0.00167988797842546","pod=adservice-7bb8787db5-x75h9"
"2026-06-11 19:20:57","2026-06-12 03:20:57","0.00166388254946713","pod=adservice-7bb8787db5-x75h9"
"2026-06-11 19:21:12","2026-06-12 03:21:12","0.00168985659847575","pod=adservice-7bb8787db5-x75h9"
"2026-06-11 19:21:27","2026-06-12 03:21:27","0.00161725720112155","pod=adservice-7bb8787db5-x75h9"
"2026-06-11 19:21:42","2026-06-12 03:21:42","0.00161905214621858","pod=adservice-7bb8787db5-x75h9"
"2026-06-11 19:21:57","2026-06-12 03:21:57","0.00158387233002161","pod=adservice-7bb8787db5-x75h9"
"2026-06-11 19:22:12","2026-06-12 03:22:12","0.00164996241543473","pod=adservice-7bb8787db5-x75h9"
"2026-06-11 19:22:27","2026-06-12 03:22:27","0.00145928628107399","pod=adservice-7bb8787db5-x75h9"
"2026-06-11 19:22:42","2026-06-12 03:22:42","0.00172798386389543","pod=adservice-7bb8787db5-x75h9"
"2026-06-11 19:22:57","2026-06-12 03:22:57","0.00174098161317655","pod=adservice-7bb8787db5-x75h9"
"2026-06-11 19:23:12","2026-06-12 03:23:12","0.00150069857533364","pod=adservice-7bb8787db5-x75h9"
"2026-06-11 19:23:27","2026-06-12 03:23:27","0.00190907985055179","pod=adservice-7bb8787db5-x75h9"
"2026-06-11 19:23:42","2026-06-12 03:23:42","0.00233100292655745","pod=adservice-7bb8787db5-x75h9"
"2026-06-11 19:23:57","2026-06-12 03:23:57","0.00159905000000009","pod=adservice-7bb8787db5-x75h9"
"2026-06-11 19:24:12","2026-06-12 03:24:12","0.00203179798496956","pod=adservice-7bb8787db5-x75h9"
"2026-06-11 19:24:27","2026-06-12 03:24:27","0.00166719700183837","pod=adservice-7bb8787db5-x75h9"
"2026-06-11 19:24:42","2026-06-12 03:24:42","0.00166225731473887","pod=adservice-7bb8787db5-x75h9"
"2026-06-11 19:24:57","2026-06-12 03:24:57","0.00167367209587436","pod=adservice-7bb8787db5-x75h9"
"2026-06-11 19:25:12","2026-06-12 03:25:12","0.00090950000000003","pod=adservice-7bb8787db5-x75h9"
"2026-06-11 19:25:27","2026-06-12 03:25:27","0.00169793219328437","pod=adservice-7bb8787db5-x75h9"
"2026-06-11 19:25:42","2026-06-12 03:25:42","0.00169785419469587","pod=adservice-7bb8787db5-x75h9"
"2026-06-11 19:25:57","2026-06-12 03:25:57","0.00180811982656678","pod=adservice-7bb8787db5-x75h9"
"2026-06-11 19:26:12","2026-06-12 03:26:12","0.00174820100012203","pod=adservice-7bb8787db5-x75h9"
"2026-06-11 19:26:27","2026-06-12 03:26:27","0.00172800582506604","pod=adservice-7bb8787db5-x75h9"
"2026-06-11 19:26:42","2026-06-12 03:26:42","0.00136397981443406","pod=adservice-7bb8787db5-x75h9"
"2026-06-11 19:26:57","2026-06-12 03:26:57","0.00335640970348819","pod=adservice-7bb8787db5-x75h9"
"2026-06-11 17:26:57","2026-06-12 01:26:57","0.0042956910270535","pod=cartservice-dc9f4fb6d-t9hpn"
"2026-06-11 17:27:12","2026-06-12 01:27:12","0.00369883665278034","pod=cartservice-dc9f4fb6d-t9hpn"
"2026-06-11 17:27:27","2026-06-12 01:27:27","0.00520480303865713","pod=cartservice-dc9f4fb6d-t9hpn"
"2026-06-11 17:27:42","2026-06-12 01:27:42","0.00510728875510638","pod=cartservice-dc9f4fb6d-t9hpn"
"2026-06-11 17:27:57","2026-06-12 01:27:57","0.00448370408691162","pod=cartservice-dc9f4fb6d-t9hpn"
"2026-06-11 17:28:12","2026-06-12 01:28:12","0.00503736395354901","pod=cartservice-dc9f4fb6d-t9hpn"
"2026-06-11 17:28:27","2026-06-12 01:28:27","0.00503736395354901","pod=cartservice-dc9f4fb6d-t9hpn"
"2026-06-11 17:28:42","2026-06-12 01:28:42","0.00568074459135912","pod=cartservice-dc9f4fb6d-t9hpn"
"2026-06-11 17:28:57","2026-06-12 01:28:57","0.00496426539205648","pod=cartservice-dc9f4fb6d-t9hpn"
"2026-06-11 17:29:12","2026-06-12 01:29:12","0.00329125801562453","pod=cartservice-dc9f4fb6d-t9hpn"
"2026-06-11 17:29:27","2026-06-12 01:29:27","0.00466976007243085","pod=cartservice-dc9f4fb6d-t9hpn"
"2026-06-11 17:29:42","2026-06-12 01:29:42","0.00489133667733709","pod=cartservice-dc9f4fb6d-t9hpn"
"2026-06-11 17:29:57","2026-06-12 01:29:57","0.00479310426428122","pod=cartservice-dc9f4fb6d-t9hpn"
"2026-06-11 17:30:12","2026-06-12 01:30:12","0.00466696262289416","pod=cartservice-dc9f4fb6d-t9hpn"
"2026-06-11 17:30:27","2026-06-12 01:30:27","0.00468756431266441","pod=cartservice-dc9f4fb6d-t9hpn"
"2026-06-11 17:30:42","2026-06-12 01:30:42","0.00461917351571935","pod=cartservice-dc9f4fb6d-t9hpn"
"2026-06-11 17:30:57","2026-06-12 01:30:57","0.00491156418554465","pod=cartservice-dc9f4fb6d-t9hpn"
"2026-06-11 17:31:12","2026-06-12 01:31:12","0.00557634232354835","pod=cartservice-dc9f4fb6d-t9hpn"
"2026-06-11 17:31:27","2026-06-12 01:31:27","0.00261870000000002","pod=cartservice-dc9f4fb6d-t9hpn"
"2026-06-11 17:31:42","2026-06-12 01:31:42","0.00627061117113729","pod=cartservice-dc9f4fb6d-t9hpn"
"2026-06-11 17:31:57","2026-06-12 01:31:57","0.00634656481607795","pod=cartservice-dc9f4fb6d-t9hpn"
"2026-06-11 17:32:12","2026-06-12 01:32:12","0.00454892731597045","pod=cartservice-dc9f4fb6d-t9hpn"
"2026-06-11 17:32:27","2026-06-12 01:32:27","0.00606699757485099","pod=cartservice-dc9f4fb6d-t9hpn"
"2026-06-11 17:32:42","2026-06-12 01:32:42","0.00590578218940392","pod=cartservice-dc9f4fb6d-t9hpn"
"2026-06-11 17:32:57","2026-06-12 01:32:57","0.00560305983680877","pod=cartservice-dc9f4fb6d-t9hpn"
"2026-06-11 17:33:12","2026-06-12 01:33:12","0.00569327856438038","pod=cartservice-dc9f4fb6d-t9hpn"
"2026-06-11 17:33:27","2026-06-12 01:33:27","0.00513680788590604","pod=cartservice-dc9f4fb6d-t9hpn"
"2026-06-11 17:33:42","2026-06-12 01:33:42","0.0053947395586019","pod=cartservice-dc9f4fb6d-t9hpn"
"2026-06-11 17:33:57","2026-06-12 01:33:57","0.00413927486982125","pod=cartservice-dc9f4fb6d-t9hpn"
"2026-06-11 17:34:12","2026-06-12 01:34:12","0.00521853268119158","pod=cartservice-dc9f4fb6d-t9hpn"
"2026-06-11 17:34:27","2026-06-12 01:34:27","0.00445315523725468","pod=cartservice-dc9f4fb6d-t9hpn"
"2026-06-11 17:34:42","2026-06-12 01:34:42","0.00614009999740945","pod=cartservice-dc9f4fb6d-t9hpn"
"2026-06-11 17:34:57","2026-06-12 01:34:57","0.00614009999740945","pod=cartservice-dc9f4fb6d-t9hpn"
"2026-06-11 17:35:12","2026-06-12 01:35:12","0.00564702241334378","pod=cartservice-dc9f4fb6d-t9hpn"
"2026-06-11 17:35:27","2026-06-12 01:35:27","0.00564702241334378","pod=cartservice-dc9f4fb6d-t9hpn"
"2026-06-11 17:35:42","2026-06-12 01:35:42","0.00464286914725545","pod=cartservice-dc9f4fb6d-t9hpn"
"2026-06-11 17:35:57","2026-06-12 01:35:57","0.00512297952586205","pod=cartservice-dc9f4fb6d-t9hpn"
"2026-06-11 17:36:12","2026-06-12 01:36:12","0.0036894913278776","pod=cartservice-dc9f4fb6d-t9hpn"
"2026-06-11 17:36:27","2026-06-12 01:36:27","0.00491829855181752","pod=cartservice-dc9f4fb6d-t9hpn"
"2026-06-11 17:36:42","2026-06-12 01:36:42","0.00434920492318747","pod=cartservice-dc9f4fb6d-t9hpn"
"2026-06-11 17:36:57","2026-06-12 01:36:57","0.00465669177783266","pod=cartservice-dc9f4fb6d-t9hpn"
"2026-06-11 17:37:12","2026-06-12 01:37:12","0.00493519606956635","pod=cartservice-dc9f4fb6d-t9hpn"
"2026-06-11 17:37:27","2026-06-12 01:37:27","0.00527434119278778","pod=cartservice-dc9f4fb6d-t9hpn"
"2026-06-11 17:37:42","2026-06-12 01:37:42","0.00482110898853811","pod=cartservice-dc9f4fb6d-t9hpn"
"2026-06-11 17:37:57","2026-06-12 01:37:57","0.00445192279182861","pod=cartservice-dc9f4fb6d-t9hpn"
"2026-06-11 17:38:12","2026-06-12 01:38:12","0.00464473524287973","pod=cartservice-dc9f4fb6d-t9hpn"
"2026-06-11 17:38:27","2026-06-12 01:38:27","0.00480852299997466","pod=cartservice-dc9f4fb6d-t9hpn"
"2026-06-11 17:38:42","2026-06-12 01:38:42","0.00455251522670881","pod=cartservice-dc9f4fb6d-t9hpn"
"2026-06-11 17:38:57","2026-06-12 01:38:57","0.00440192592265389","pod=cartservice-dc9f4fb6d-t9hpn"
"2026-06-11 17:39:12","2026-06-12 01:39:12","0.00420175314576559","pod=cartservice-dc9f4fb6d-t9hpn"
"2026-06-11 17:39:27","2026-06-12 01:39:27","0.00414307228915655","pod=cartservice-dc9f4fb6d-t9hpn"
"2026-06-11 17:39:42","2026-06-12 01:39:42","0.00361468899726045","pod=cartservice-dc9f4fb6d-t9hpn"
"2026-06-11 17:39:57","2026-06-12 01:39:57","0.00449618892915163","pod=cartservice-dc9f4fb6d-t9hpn"
"2026-06-11 17:40:12","2026-06-12 01:40:12","0.00496994586961643","pod=cartservice-dc9f4fb6d-t9hpn"
"2026-06-11 17:40:27","2026-06-12 01:40:27","0.00509612500279823","pod=cartservice-dc9f4fb6d-t9hpn"
"2026-06-11 17:40:42","2026-06-12 01:40:42","0.0054322392863058","pod=cartservice-dc9f4fb6d-t9hpn"
"2026-06-11 17:40:57","2026-06-12 01:40:57","0.00571449767281143","pod=cartservice-dc9f4fb6d-t9hpn"
"2026-06-11 17:41:12","2026-06-12 01:41:12","0.00586110994676615","pod=cartservice-dc9f4fb6d-t9hpn"
"2026-06-11 17:41:27","2026-06-12 01:41:27","0.00588432369196016","pod=cartservice-dc9f4fb6d-t9hpn"
"2026-06-11 17:41:42","2026-06-12 01:41:42","0.00564175723696516","pod=cartservice-dc9f4fb6d-t9hpn"
"2026-06-11 17:41:57","2026-06-12 01:41:57","0.00561651353261542","pod=cartservice-dc9f4fb6d-t9hpn"
"2026-06-11 17:42:12","2026-06-12 01:42:12","0.00446525977504017","pod=cartservice-dc9f4fb6d-t9hpn"
"2026-06-11 17:42:27","2026-06-12 01:42:27","0.0045344394653481","pod=cartservice-dc9f4fb6d-t9hpn"
"2026-06-11 17:42:42","2026-06-12 01:42:42","0.00355109504956012","pod=cartservice-dc9f4fb6d-t9hpn"
"2026-06-11 17:42:57","2026-06-12 01:42:57","0.00513634500076874","pod=cartservice-dc9f4fb6d-t9hpn"
"2026-06-11 17:43:12","2026-06-12 01:43:12","0.00558466829183357","pod=cartservice-dc9f4fb6d-t9hpn"
"2026-06-11 17:43:27","2026-06-12 01:43:27","0.00483926865875288","pod=cartservice-dc9f4fb6d-t9hpn"
"2026-06-11 17:43:42","2026-06-12 01:43:42","0.00481826654240447","pod=cartservice-dc9f4fb6d-t9hpn"
"2026-06-11 17:43:57","2026-06-12 01:43:57","0.0044554489747309","pod=cartservice-dc9f4fb6d-t9hpn"
"2026-06-11 17:44:12","2026-06-12 01:44:12","0.00508326047040305","pod=cartservice-dc9f4fb6d-t9hpn"
"2026-06-11 17:44:27","2026-06-12 01:44:27","0.00522340489627057","pod=cartservice-dc9f4fb6d-t9hpn"
"2026-06-11 17:44:42","2026-06-12 01:44:42","0.00526819017599167","pod=cartservice-dc9f4fb6d-t9hpn"
"2026-06-11 17:44:57","2026-06-12 01:44:57","0.00521581265128766","pod=cartservice-dc9f4fb6d-t9hpn"
"2026-06-11 17:45:12","2026-06-12 01:45:12","0.00489268385243008","pod=cartservice-dc9f4fb6d-t9hpn"
"2026-06-11 17:45:27","2026-06-12 01:45:27","0.00511156336725254","pod=cartservice-dc9f4fb6d-t9hpn"
"2026-06-11 17:45:42","2026-06-12 01:45:42","0.00567634027470093","pod=cartservice-dc9f4fb6d-t9hpn"
"2026-06-11 17:45:57","2026-06-12 01:45:57","0.00578774878372415","pod=cartservice-dc9f4fb6d-t9hpn"
"2026-06-11 17:46:12","2026-06-12 01:46:12","0.00547752978760144","pod=cartservice-dc9f4fb6d-t9hpn"
"2026-06-11 17:46:27","2026-06-12 01:46:27","0.0052704114379303","pod=cartservice-dc9f4fb6d-t9hpn"
"2026-06-11 17:46:42","2026-06-12 01:46:42","0.00503178670360089","pod=cartservice-dc9f4fb6d-t9hpn"
"2026-06-11 17:46:57","2026-06-12 01:46:57","0.00514302596174828","pod=cartservice-dc9f4fb6d-t9hpn"
"2026-06-11 17:47:12","2026-06-12 01:47:12","0.00502778812882607","pod=cartservice-dc9f4fb6d-t9hpn"
"2026-06-11 17:47:27","2026-06-12 01:47:27","0.00495865100008972","pod=cartservice-dc9f4fb6d-t9hpn"
"2026-06-11 17:47:42","2026-06-12 01:47:42","0.00493437757625733","pod=cartservice-dc9f4fb6d-t9hpn"
"2026-06-11 17:47:57","2026-06-12 01:47:57","0.0040332172791749","pod=cartservice-dc9f4fb6d-t9hpn"
"2026-06-11 17:48:12","2026-06-12 01:48:12","0.00350472190869217","pod=cartservice-dc9f4fb6d-t9hpn"
"2026-06-11 17:48:27","2026-06-12 01:48:27","0.004369737717381","pod=cartservice-dc9f4fb6d-t9hpn"
"2026-06-11 17:48:42","2026-06-12 01:48:42","0.00497866510489643","pod=cartservice-dc9f4fb6d-t9hpn"
"2026-06-11 17:48:57","2026-06-12 01:48:57","0.00482084477335117","pod=cartservice-dc9f4fb6d-t9hpn"
"2026-06-11 17:49:12","2026-06-12 01:49:12","0.00485690737479104","pod=cartservice-dc9f4fb6d-t9hpn"
"2026-06-11 17:49:27","2026-06-12 01:49:27","0.00481980027188144","pod=cartservice-dc9f4fb6d-t9hpn"
"2026-06-11 17:49:42","2026-06-12 01:49:42","0.00500890254720574","pod=cartservice-dc9f4fb6d-t9hpn"
"2026-06-11 17:49:57","2026-06-12 01:49:57","0.00437816015498968","pod=cartservice-dc9f4fb6d-t9hpn"
"2026-06-11 17:50:12","2026-06-12 01:50:12","0.00547130807859176","pod=cartservice-dc9f4fb6d-t9hpn"
"2026-06-11 17:50:27","2026-06-12 01:50:27","0.00504950991661264","pod=cartservice-dc9f4fb6d-t9hpn"
"2026-06-11 17:50:42","2026-06-12 01:50:42","0.00439462028985523","pod=cartservice-dc9f4fb6d-t9hpn"
"2026-06-11 17:50:57","2026-06-12 01:50:57","0.00456490484500956","pod=cartservice-dc9f4fb6d-t9hpn"
"2026-06-11 17:51:12","2026-06-12 01:51:12","0.00508375918625585","pod=cartservice-dc9f4fb6d-t9hpn"
"2026-06-11 17:51:27","2026-06-12 01:51:27","0.0056025968056992","pod=cartservice-dc9f4fb6d-t9hpn"
"2026-06-11 17:51:42","2026-06-12 01:51:42","0.00583290137771119","pod=cartservice-dc9f4fb6d-t9hpn"
"2026-06-11 17:51:57","2026-06-12 01:51:57","0.0060760827657113","pod=cartservice-dc9f4fb6d-t9hpn"
"2026-06-11 17:52:12","2026-06-12 01:52:12","0.00620396699337535","pod=cartservice-dc9f4fb6d-t9hpn"
"2026-06-11 17:52:27","2026-06-12 01:52:27","0.00581271033407207","pod=cartservice-dc9f4fb6d-t9hpn"
"2026-06-11 17:52:42","2026-06-12 01:52:42","0.0051748943382464","pod=cartservice-dc9f4fb6d-t9hpn"
"2026-06-11 17:52:57","2026-06-12 01:52:57","0.00476041459039281","pod=cartservice-dc9f4fb6d-t9hpn"
"2026-06-11 17:53:12","2026-06-12 01:53:12","0.00445483710931044","pod=cartservice-dc9f4fb6d-t9hpn"
"2026-06-11 17:53:27","2026-06-12 01:53:27","0.00505249400479621","pod=cartservice-dc9f4fb6d-t9hpn"
"2026-06-11 17:53:42","2026-06-12 01:53:42","0.00556229773462765","pod=cartservice-dc9f4fb6d-t9hpn"
"2026-06-11 17:53:57","2026-06-12 01:53:57","0.00365011528496447","pod=cartservice-dc9f4fb6d-t9hpn"
"2026-06-11 17:54:12","2026-06-12 01:54:12","0.00532620693777532","pod=cartservice-dc9f4fb6d-t9hpn"
"2026-06-11 17:54:27","2026-06-12 01:54:27","0.00421030827516711","pod=cartservice-dc9f4fb6d-t9hpn"
"2026-06-11 17:54:42","2026-06-12 01:54:42","0.00565384402297369","pod=cartservice-dc9f4fb6d-t9hpn"
"2026-06-11 17:54:57","2026-06-12 01:54:57","0.00544513500448866","pod=cartservice-dc9f4fb6d-t9hpn"
"2026-06-11 17:55:12","2026-06-12 01:55:12","0.0030816999999999","pod=cartservice-dc9f4fb6d-t9hpn"
"2026-06-11 17:55:27","2026-06-12 01:55:27","0.00440162721893494","pod=cartservice-dc9f4fb6d-t9hpn"
"2026-06-11 17:55:42","2026-06-12 01:55:42","0.00458252805703332","pod=cartservice-dc9f4fb6d-t9hpn"
"2026-06-11 17:55:57","2026-06-12 01:55:57","0.00537462154141323","pod=cartservice-dc9f4fb6d-t9hpn"
"2026-06-11 17:56:12","2026-06-12 01:56:12","0.00542718889628293","pod=cartservice-dc9f4fb6d-t9hpn"
"2026-06-11 17:56:27","2026-06-12 01:56:27","0.00556166141874411","pod=cartservice-dc9f4fb6d-t9hpn"
"2026-06-11 17:56:42","2026-06-12 01:56:42","0.00561872020736768","pod=cartservice-dc9f4fb6d-t9hpn"
"2026-06-11 17:56:57","2026-06-12 01:56:57","0.00542780076467826","pod=cartservice-dc9f4fb6d-t9hpn"
"2026-06-11 17:57:12","2026-06-12 01:57:12","0.00442834101780258","pod=cartservice-dc9f4fb6d-t9hpn"
"2026-06-11 17:57:27","2026-06-12 01:57:27","0.00508673061550753","pod=cartservice-dc9f4fb6d-t9hpn"
"2026-06-11 17:57:42","2026-06-12 01:57:42","0.00525003748206191","pod=cartservice-dc9f4fb6d-t9hpn"
"2026-06-11 17:57:57","2026-06-12 01:57:57","0.0054401311449967","pod=cartservice-dc9f4fb6d-t9hpn"
"2026-06-11 17:58:12","2026-06-12 01:58:12","0.0056230893235184","pod=cartservice-dc9f4fb6d-t9hpn"
"2026-06-11 17:58:27","2026-06-12 01:58:27","0.00560075005859842","pod=cartservice-dc9f4fb6d-t9hpn"
"2026-06-11 17:58:42","2026-06-12 01:58:42","0.00543504835083256","pod=cartservice-dc9f4fb6d-t9hpn"
"2026-06-11 17:58:57","2026-06-12 01:58:57","0.00548983395874729","pod=cartservice-dc9f4fb6d-t9hpn"
"2026-06-11 17:59:12","2026-06-12 01:59:12","0.00488528655262877","pod=cartservice-dc9f4fb6d-t9hpn"
"2026-06-11 17:59:27","2026-06-12 01:59:27","0.00627555858111899","pod=cartservice-dc9f4fb6d-t9hpn"
"2026-06-11 17:59:42","2026-06-12 01:59:42","0.00557159979950771","pod=cartservice-dc9f4fb6d-t9hpn"
"2026-06-11 17:59:57","2026-06-12 01:59:57","0.00521975937668525","pod=cartservice-dc9f4fb6d-t9hpn"
"2026-06-11 18:00:12","2026-06-12 02:00:12","0.00499563576764744","pod=cartservice-dc9f4fb6d-t9hpn"
"2026-06-11 18:00:27","2026-06-12 02:00:27","0.00555292160912388","pod=cartservice-dc9f4fb6d-t9hpn"
"2026-06-11 18:00:42","2026-06-12 02:00:42","0.00598797183098609","pod=cartservice-dc9f4fb6d-t9hpn"
"2026-06-11 18:00:57","2026-06-12 02:00:57","0.00567980137754295","pod=cartservice-dc9f4fb6d-t9hpn"
"2026-06-11 18:01:12","2026-06-12 02:01:12","0.00736705973968167","pod=cartservice-dc9f4fb6d-t9hpn"
"2026-06-11 18:01:27","2026-06-12 02:01:27","0.00542396114902044","pod=cartservice-dc9f4fb6d-t9hpn"
"2026-06-11 18:01:42","2026-06-12 02:01:42","0.00587481780761608","pod=cartservice-dc9f4fb6d-t9hpn"
"2026-06-11 18:01:57","2026-06-12 02:01:57","0.00511349546971871","pod=cartservice-dc9f4fb6d-t9hpn"
"2026-06-11 18:02:12","2026-06-12 02:02:12","0.00554149158576712","pod=cartservice-dc9f4fb6d-t9hpn"
"2026-06-11 18:02:27","2026-06-12 02:02:27","0.0052308502592914","pod=cartservice-dc9f4fb6d-t9hpn"
"2026-06-11 18:02:42","2026-06-12 02:02:42","0.00585648330612009","pod=cartservice-dc9f4fb6d-t9hpn"
"2026-06-11 18:02:57","2026-06-12 02:02:57","0.00615089468923075","pod=cartservice-dc9f4fb6d-t9hpn"
"2026-06-11 18:03:12","2026-06-12 02:03:12","0.00637492428831017","pod=cartservice-dc9f4fb6d-t9hpn"
"2026-06-11 18:03:27","2026-06-12 02:03:27","0.00588112756584509","pod=cartservice-dc9f4fb6d-t9hpn"
"2026-06-11 18:03:42","2026-06-12 02:03:42","0.00594525648982364","pod=cartservice-dc9f4fb6d-t9hpn"
"2026-06-11 18:03:57","2026-06-12 02:03:57","0.006221406956017","pod=cartservice-dc9f4fb6d-t9hpn"
"2026-06-11 18:04:12","2026-06-12 02:04:12","0.00625958866036704","pod=cartservice-dc9f4fb6d-t9hpn"
"2026-06-11 18:04:27","2026-06-12 02:04:27","0.00639258346731267","pod=cartservice-dc9f4fb6d-t9hpn"
"2026-06-11 18:04:42","2026-06-12 02:04:42","0.00494549144302339","pod=cartservice-dc9f4fb6d-t9hpn"
"2026-06-11 18:04:57","2026-06-12 02:04:57","0.00677528783713785","pod=cartservice-dc9f4fb6d-t9hpn"
"2026-06-11 18:05:12","2026-06-12 02:05:12","0.0071962584010432","pod=cartservice-dc9f4fb6d-t9hpn"
"2026-06-11 18:05:27","2026-06-12 02:05:27","0.00599212684130319","pod=cartservice-dc9f4fb6d-t9hpn"
"2026-06-11 18:05:42","2026-06-12 02:05:42","0.00625675830077017","pod=cartservice-dc9f4fb6d-t9hpn"
"2026-06-11 18:05:57","2026-06-12 02:05:57","0.00421998865346303","pod=cartservice-dc9f4fb6d-t9hpn"
"2026-06-11 18:06:12","2026-06-12 02:06:12","0.00633432060512159","pod=cartservice-dc9f4fb6d-t9hpn"
"2026-06-11 18:06:27","2026-06-12 02:06:27","0.0058394228634849","pod=cartservice-dc9f4fb6d-t9hpn"
"2026-06-11 18:06:42","2026-06-12 02:06:42","0.00685468139131832","pod=cartservice-dc9f4fb6d-t9hpn"
"2026-06-11 18:06:57","2026-06-12 02:06:57","0.00626163597133391","pod=cartservice-dc9f4fb6d-t9hpn"
"2026-06-11 18:07:12","2026-06-12 02:07:12","0.00669566727446378","pod=cartservice-dc9f4fb6d-t9hpn"
"2026-06-11 18:07:27","2026-06-12 02:07:27","0.00486197560336521","pod=cartservice-dc9f4fb6d-t9hpn"
"2026-06-11 18:07:42","2026-06-12 02:07:42","0.00592945935014147","pod=cartservice-dc9f4fb6d-t9hpn"
"2026-06-11 18:07:57","2026-06-12 02:07:57","0.00629191871138185","pod=cartservice-dc9f4fb6d-t9hpn"
"2026-06-11 18:08:12","2026-06-12 02:08:12","0.00653650473766099","pod=cartservice-dc9f4fb6d-t9hpn"
"2026-06-11 18:08:27","2026-06-12 02:08:27","0.00503086076329149","pod=cartservice-dc9f4fb6d-t9hpn"
"2026-06-11 18:08:42","2026-06-12 02:08:42","0.00546421035914401","pod=cartservice-dc9f4fb6d-t9hpn"
"2026-06-11 18:08:57","2026-06-12 02:08:57","0.00484982811265555","pod=cartservice-dc9f4fb6d-t9hpn"
"2026-06-11 18:09:12","2026-06-12 02:09:12","0.00465616930504111","pod=cartservice-dc9f4fb6d-t9hpn"
"2026-06-11 18:09:27","2026-06-12 02:09:27","0.00579312758765542","pod=cartservice-dc9f4fb6d-t9hpn"
"2026-06-11 18:09:42","2026-06-12 02:09:42","0.00639425110132169","pod=cartservice-dc9f4fb6d-t9hpn"
"2026-06-11 18:09:57","2026-06-12 02:09:57","0.00656832188141967","pod=cartservice-dc9f4fb6d-t9hpn"
"2026-06-11 18:10:12","2026-06-12 02:10:12","0.00531562740569674","pod=cartservice-dc9f4fb6d-t9hpn"
"2026-06-11 18:10:27","2026-06-12 02:10:27","0.0059361627974519","pod=cartservice-dc9f4fb6d-t9hpn"
"2026-06-11 18:10:42","2026-06-12 02:10:42","0.00506322246566881","pod=cartservice-dc9f4fb6d-t9hpn"
"2026-06-11 18:10:57","2026-06-12 02:10:57","0.00590273946987028","pod=cartservice-dc9f4fb6d-t9hpn"
"2026-06-11 18:11:12","2026-06-12 02:11:12","0.00526120769324645","pod=cartservice-dc9f4fb6d-t9hpn"
"2026-06-11 18:11:27","2026-06-12 02:11:27","0.0039453449797977","pod=cartservice-dc9f4fb6d-t9hpn"
"2026-06-11 18:11:42","2026-06-12 02:11:42","0.00502099357524226","pod=cartservice-dc9f4fb6d-t9hpn"
"2026-06-11 18:11:57","2026-06-12 02:11:57","0.00429943699917857","pod=cartservice-dc9f4fb6d-t9hpn"
"2026-06-11 18:12:12","2026-06-12 02:12:12","0.00768839913014378","pod=cartservice-dc9f4fb6d-t9hpn"
"2026-06-11 18:12:27","2026-06-12 02:12:27","0.00877052151360798","pod=cartservice-dc9f4fb6d-t9hpn"
"2026-06-11 18:12:42","2026-06-12 02:12:42","0.00714881840010109","pod=cartservice-dc9f4fb6d-t9hpn"
"2026-06-11 18:12:57","2026-06-12 02:12:57","0.00703851846156822","pod=cartservice-dc9f4fb6d-t9hpn"
"2026-06-11 18:13:12","2026-06-12 02:13:12","0.00348446672457899","pod=cartservice-dc9f4fb6d-t9hpn"
"2026-06-11 18:13:27","2026-06-12 02:13:27","0.00464536496699511","pod=cartservice-dc9f4fb6d-t9hpn"
"2026-06-11 18:13:42","2026-06-12 02:13:42","0.00410799831562242","pod=cartservice-dc9f4fb6d-t9hpn"
"2026-06-11 18:13:57","2026-06-12 02:13:57","0.00491731319968754","pod=cartservice-dc9f4fb6d-t9hpn"
"2026-06-11 18:14:12","2026-06-12 02:14:12","0.00579162568497969","pod=cartservice-dc9f4fb6d-t9hpn"
"2026-06-11 18:14:27","2026-06-12 02:14:27","0.00615498684525231","pod=cartservice-dc9f4fb6d-t9hpn"
"2026-06-11 18:14:42","2026-06-12 02:14:42","0.00576036660115583","pod=cartservice-dc9f4fb6d-t9hpn"
"2026-06-11 18:14:57","2026-06-12 02:14:57","0.00581943346202156","pod=cartservice-dc9f4fb6d-t9hpn"
"2026-06-11 18:15:12","2026-06-12 02:15:12","0.00513702315528069","pod=cartservice-dc9f4fb6d-t9hpn"
"2026-06-11 18:15:27","2026-06-12 02:15:27","0.00522103680366633","pod=cartservice-dc9f4fb6d-t9hpn"
"2026-06-11 18:15:42","2026-06-12 02:15:42","0.00487675242643671","pod=cartservice-dc9f4fb6d-t9hpn"
"2026-06-11 18:15:57","2026-06-12 02:15:57","0.00530883301096077","pod=cartservice-dc9f4fb6d-t9hpn"
"2026-06-11 18:16:12","2026-06-12 02:16:12","0.00531783846600796","pod=cartservice-dc9f4fb6d-t9hpn"
"2026-06-11 18:16:27","2026-06-12 02:16:27","0.0056759596777823","pod=cartservice-dc9f4fb6d-t9hpn"
"2026-06-11 18:16:42","2026-06-12 02:16:42","0.00642149052148386","pod=cartservice-dc9f4fb6d-t9hpn"
"2026-06-11 18:16:57","2026-06-12 02:16:57","0.00703425737244809","pod=cartservice-dc9f4fb6d-t9hpn"
"2026-06-11 18:17:12","2026-06-12 02:17:12","0.00675569555053689","pod=cartservice-dc9f4fb6d-t9hpn"
"2026-06-11 18:17:27","2026-06-12 02:17:27","0.00620482365498609","pod=cartservice-dc9f4fb6d-t9hpn"
"2026-06-11 18:17:42","2026-06-12 02:17:42","0.00549963547423602","pod=cartservice-dc9f4fb6d-t9hpn"
"2026-06-11 18:17:57","2026-06-12 02:17:57","0.00429343045103679","pod=cartservice-dc9f4fb6d-t9hpn"
"2026-06-11 18:18:12","2026-06-12 02:18:12","0.00604341711001024","pod=cartservice-dc9f4fb6d-t9hpn"
"2026-06-11 18:18:27","2026-06-12 02:18:27","0.00599621395198995","pod=cartservice-dc9f4fb6d-t9hpn"
"2026-06-11 18:18:42","2026-06-12 02:18:42","0.0038235643429924","pod=cartservice-dc9f4fb6d-t9hpn"
"2026-06-11 18:18:57","2026-06-12 02:18:57","0.00565017328246515","pod=cartservice-dc9f4fb6d-t9hpn"
"2026-06-11 18:19:12","2026-06-12 02:19:12","0.00532249778294216","pod=cartservice-dc9f4fb6d-t9hpn"
"2026-06-11 18:19:27","2026-06-12 02:19:27","0.00404119078824181","pod=cartservice-dc9f4fb6d-t9hpn"
"2026-06-11 18:19:42","2026-06-12 02:19:42","0.00458875280918438","pod=cartservice-dc9f4fb6d-t9hpn"
"2026-06-11 18:19:57","2026-06-12 02:19:57","0.0037713550814031","pod=cartservice-dc9f4fb6d-t9hpn"
"2026-06-11 18:20:12","2026-06-12 02:20:12","0.00575159264446745","pod=cartservice-dc9f4fb6d-t9hpn"
"2026-06-11 18:20:27","2026-06-12 02:20:27","0.00574671507607193","pod=cartservice-dc9f4fb6d-t9hpn"
"2026-06-11 18:20:42","2026-06-12 02:20:42","0.00564730887450151","pod=cartservice-dc9f4fb6d-t9hpn"
"2026-06-11 18:20:57","2026-06-12 02:20:57","0.0057109166824028","pod=cartservice-dc9f4fb6d-t9hpn"
"2026-06-11 18:21:12","2026-06-12 02:21:12","0.00562704826038169","pod=cartservice-dc9f4fb6d-t9hpn"
"2026-06-11 18:21:27","2026-06-12 02:21:27","0.00491436025881848","pod=cartservice-dc9f4fb6d-t9hpn"
"2026-06-11 18:21:42","2026-06-12 02:21:42","0.00451614271003715","pod=cartservice-dc9f4fb6d-t9hpn"
"2026-06-11 18:21:57","2026-06-12 02:21:57","0.00491450134328673","pod=cartservice-dc9f4fb6d-t9hpn"
"2026-06-11 18:22:12","2026-06-12 02:22:12","0.00578023278753218","pod=cartservice-dc9f4fb6d-t9hpn"
"2026-06-11 18:22:27","2026-06-12 02:22:27","0.00613584304552961","pod=cartservice-dc9f4fb6d-t9hpn"
"2026-06-11 18:22:42","2026-06-12 02:22:42","0.00608055786021866","pod=cartservice-dc9f4fb6d-t9hpn"
"2026-06-11 18:22:57","2026-06-12 02:22:57","0.00580698777446124","pod=cartservice-dc9f4fb6d-t9hpn"
"2026-06-11 18:23:12","2026-06-12 02:23:12","0.00554486738430815","pod=cartservice-dc9f4fb6d-t9hpn"
"2026-06-11 18:23:27","2026-06-12 02:23:27","0.00524450718852464","pod=cartservice-dc9f4fb6d-t9hpn"
"2026-06-11 18:23:42","2026-06-12 02:23:42","0.00418735398071037","pod=cartservice-dc9f4fb6d-t9hpn"
"2026-06-11 18:23:57","2026-06-12 02:23:57","0.00473718267794895","pod=cartservice-dc9f4fb6d-t9hpn"
"2026-06-11 18:24:12","2026-06-12 02:24:12","0.00517321022647544","pod=cartservice-dc9f4fb6d-t9hpn"
"2026-06-11 18:24:27","2026-06-12 02:24:27","0.00496299406342775","pod=cartservice-dc9f4fb6d-t9hpn"
"2026-06-11 18:24:42","2026-06-12 02:24:42","0.00505638415486365","pod=cartservice-dc9f4fb6d-t9hpn"
"2026-06-11 18:24:57","2026-06-12 02:24:57","0.00527154128933921","pod=cartservice-dc9f4fb6d-t9hpn"
"2026-06-11 18:25:12","2026-06-12 02:25:12","0.00557034695677721","pod=cartservice-dc9f4fb6d-t9hpn"
"2026-06-11 18:25:27","2026-06-12 02:25:27","0.00479017296357146","pod=cartservice-dc9f4fb6d-t9hpn"
"2026-06-11 18:25:42","2026-06-12 02:25:42","0.00447556639944259","pod=cartservice-dc9f4fb6d-t9hpn"
"2026-06-11 18:25:57","2026-06-12 02:25:57","0.00460905698778859","pod=cartservice-dc9f4fb6d-t9hpn"
"2026-06-11 18:26:12","2026-06-12 02:26:12","0.00540365405148868","pod=cartservice-dc9f4fb6d-t9hpn"
"2026-06-11 18:26:27","2026-06-12 02:26:27","0.00503215224259778","pod=cartservice-dc9f4fb6d-t9hpn"
"2026-06-11 18:26:42","2026-06-12 02:26:42","0.00583663336603333","pod=cartservice-dc9f4fb6d-t9hpn"
"2026-06-11 18:26:57","2026-06-12 02:26:57","0.00446553519836518","pod=cartservice-dc9f4fb6d-t9hpn"
"2026-06-11 18:27:12","2026-06-12 02:27:12","0.00516630087973305","pod=cartservice-dc9f4fb6d-t9hpn"
"2026-06-11 18:27:27","2026-06-12 02:27:27","0.00515587253308178","pod=cartservice-dc9f4fb6d-t9hpn"
"2026-06-11 18:27:42","2026-06-12 02:27:42","0.00410391640304923","pod=cartservice-dc9f4fb6d-t9hpn"
"2026-06-11 18:27:57","2026-06-12 02:27:57","0.00542408533275421","pod=cartservice-dc9f4fb6d-t9hpn"
"2026-06-11 18:28:12","2026-06-12 02:28:12","0.00576479265694159","pod=cartservice-dc9f4fb6d-t9hpn"
"2026-06-11 18:28:27","2026-06-12 02:28:27","0.0063013315196066","pod=cartservice-dc9f4fb6d-t9hpn"
"2026-06-11 18:28:42","2026-06-12 02:28:42","0.00632750923221065","pod=cartservice-dc9f4fb6d-t9hpn"
"2026-06-11 18:28:57","2026-06-12 02:28:57","0.00625759728554749","pod=cartservice-dc9f4fb6d-t9hpn"
"2026-06-11 18:29:12","2026-06-12 02:29:12","0.0054445369787329","pod=cartservice-dc9f4fb6d-t9hpn"
"2026-06-11 18:29:27","2026-06-12 02:29:27","0.00409752822107527","pod=cartservice-dc9f4fb6d-t9hpn"
"2026-06-11 18:29:42","2026-06-12 02:29:42","0.00470082612116446","pod=cartservice-dc9f4fb6d-t9hpn"
"2026-06-11 18:29:57","2026-06-12 02:29:57","0.0054257514498454","pod=cartservice-dc9f4fb6d-t9hpn"
"2026-06-11 18:30:12","2026-06-12 02:30:12","0.00361584999999991","pod=cartservice-dc9f4fb6d-t9hpn"
"2026-06-11 18:30:27","2026-06-12 02:30:27","0.00511981305442757","pod=cartservice-dc9f4fb6d-t9hpn"
"2026-06-11 18:30:42","2026-06-12 02:30:42","0.00541027899046276","pod=cartservice-dc9f4fb6d-t9hpn"
"2026-06-11 18:30:57","2026-06-12 02:30:57","0.00647183946085785","pod=cartservice-dc9f4fb6d-t9hpn"
"2026-06-11 18:31:12","2026-06-12 02:31:12","0.0054157916429509","pod=cartservice-dc9f4fb6d-t9hpn"
"2026-06-11 18:31:27","2026-06-12 02:31:27","0.00519874293723453","pod=cartservice-dc9f4fb6d-t9hpn"
"2026-06-11 18:31:42","2026-06-12 02:31:42","0.00514732466847002","pod=cartservice-dc9f4fb6d-t9hpn"
"2026-06-11 18:31:57","2026-06-12 02:31:57","0.00501446845784213","pod=cartservice-dc9f4fb6d-t9hpn"
"2026-06-11 18:32:12","2026-06-12 02:32:12","0.00642793506777456","pod=cartservice-dc9f4fb6d-t9hpn"
"2026-06-11 18:32:27","2026-06-12 02:32:27","0.00632225695939496","pod=cartservice-dc9f4fb6d-t9hpn"
"2026-06-11 18:32:42","2026-06-12 02:32:42","0.00576080582671554","pod=cartservice-dc9f4fb6d-t9hpn"
"2026-06-11 18:32:57","2026-06-12 02:32:57","0.00632008664132251","pod=cartservice-dc9f4fb6d-t9hpn"
"2026-06-11 18:33:12","2026-06-12 02:33:12","0.00678247988295524","pod=cartservice-dc9f4fb6d-t9hpn"
"2026-06-11 18:33:27","2026-06-12 02:33:27","0.00694257840342099","pod=cartservice-dc9f4fb6d-t9hpn"
"2026-06-11 18:33:42","2026-06-12 02:33:42","0.00624691507869066","pod=cartservice-dc9f4fb6d-t9hpn"
"2026-06-11 18:33:57","2026-06-12 02:33:57","0.0061905160636377","pod=cartservice-dc9f4fb6d-t9hpn"
"2026-06-11 18:34:12","2026-06-12 02:34:12","0.00461907526973755","pod=cartservice-dc9f4fb6d-t9hpn"
"2026-06-11 18:34:27","2026-06-12 02:34:27","0.00650310411828829","pod=cartservice-dc9f4fb6d-t9hpn"
"2026-06-11 18:34:42","2026-06-12 02:34:42","0.00579294647446095","pod=cartservice-dc9f4fb6d-t9hpn"
"2026-06-11 18:34:57","2026-06-12 02:34:57","0.00632434418563229","pod=cartservice-dc9f4fb6d-t9hpn"
"2026-06-11 18:35:12","2026-06-12 02:35:12","0.00457419236880638","pod=cartservice-dc9f4fb6d-t9hpn"
"2026-06-11 18:35:27","2026-06-12 02:35:27","0.00588793507434073","pod=cartservice-dc9f4fb6d-t9hpn"
"2026-06-11 18:35:42","2026-06-12 02:35:42","0.00565791188067896","pod=cartservice-dc9f4fb6d-t9hpn"
"2026-06-11 18:35:57","2026-06-12 02:35:57","0.00422092986801276","pod=cartservice-dc9f4fb6d-t9hpn"
"2026-06-11 18:36:12","2026-06-12 02:36:12","0.00422092986801276","pod=cartservice-dc9f4fb6d-t9hpn"
"2026-06-11 18:36:27","2026-06-12 02:36:27","0.0059169254923377","pod=cartservice-dc9f4fb6d-t9hpn"
"2026-06-11 18:36:42","2026-06-12 02:36:42","0.00596653534289243","pod=cartservice-dc9f4fb6d-t9hpn"
"2026-06-11 18:36:57","2026-06-12 02:36:57","0.00492148658877003","pod=cartservice-dc9f4fb6d-t9hpn"
"2026-06-11 18:37:12","2026-06-12 02:37:12","0.00688295323453712","pod=cartservice-dc9f4fb6d-t9hpn"
"2026-06-11 18:37:27","2026-06-12 02:37:27","0.00718802013559039","pod=cartservice-dc9f4fb6d-t9hpn"
"2026-06-11 18:37:42","2026-06-12 02:37:42","0.0066952542372882","pod=cartservice-dc9f4fb6d-t9hpn"
"2026-06-11 18:37:57","2026-06-12 02:37:57","0.0062762387432862","pod=cartservice-dc9f4fb6d-t9hpn"
"2026-06-11 18:38:12","2026-06-12 02:38:12","0.00580562998353605","pod=cartservice-dc9f4fb6d-t9hpn"
"2026-06-11 18:38:27","2026-06-12 02:38:27","0.00659706641238501","pod=cartservice-dc9f4fb6d-t9hpn"
"2026-06-11 18:38:42","2026-06-12 02:38:42","0.00679466596250351","pod=cartservice-dc9f4fb6d-t9hpn"
"2026-06-11 18:38:57","2026-06-12 02:38:57","0.00614206225471722","pod=cartservice-dc9f4fb6d-t9hpn"
"2026-06-11 18:39:12","2026-06-12 02:39:12","0.00619711670577286","pod=cartservice-dc9f4fb6d-t9hpn"
"2026-06-11 18:39:27","2026-06-12 02:39:27","0.00622540127069043","pod=cartservice-dc9f4fb6d-t9hpn"
"2026-06-11 18:39:42","2026-06-12 02:39:42","0.00611999903246118","pod=cartservice-dc9f4fb6d-t9hpn"
"2026-06-11 18:39:57","2026-06-12 02:39:57","0.00556077359013994","pod=cartservice-dc9f4fb6d-t9hpn"
"2026-06-11 18:40:12","2026-06-12 02:40:12","0.00541321839080478","pod=cartservice-dc9f4fb6d-t9hpn"
"2026-06-11 18:40:27","2026-06-12 02:40:27","0.00571651355336275","pod=cartservice-dc9f4fb6d-t9hpn"
"2026-06-11 18:40:42","2026-06-12 02:40:42","0.00519585901926034","pod=cartservice-dc9f4fb6d-t9hpn"
"2026-06-11 18:40:57","2026-06-12 02:40:57","0.00506270514211873","pod=cartservice-dc9f4fb6d-t9hpn"
"2026-06-11 18:41:12","2026-06-12 02:41:12","0.00553467901324935","pod=cartservice-dc9f4fb6d-t9hpn"
"2026-06-11 18:41:27","2026-06-12 02:41:27","0.004553621008778","pod=cartservice-dc9f4fb6d-t9hpn"
"2026-06-11 18:41:42","2026-06-12 02:41:42","0.00541833891268177","pod=cartservice-dc9f4fb6d-t9hpn"
"2026-06-11 18:41:57","2026-06-12 02:41:57","0.00518979784415491","pod=cartservice-dc9f4fb6d-t9hpn"
"2026-06-11 18:42:12","2026-06-12 02:42:12","0.00429538996746192","pod=cartservice-dc9f4fb6d-t9hpn"
"2026-06-11 18:42:27","2026-06-12 02:42:27","0.00569926024806703","pod=cartservice-dc9f4fb6d-t9hpn"
"2026-06-11 18:42:42","2026-06-12 02:42:42","0.0058698782153428","pod=cartservice-dc9f4fb6d-t9hpn"
"2026-06-11 18:42:57","2026-06-12 02:42:57","0.00503861223458054","pod=cartservice-dc9f4fb6d-t9hpn"
"2026-06-11 18:43:12","2026-06-12 02:43:12","0.00405057062753051","pod=cartservice-dc9f4fb6d-t9hpn"
"2026-06-11 18:43:27","2026-06-12 02:43:27","0.00471931714256679","pod=cartservice-dc9f4fb6d-t9hpn"
"2026-06-11 18:43:42","2026-06-12 02:43:42","0.00537237501958936","pod=cartservice-dc9f4fb6d-t9hpn"
"2026-06-11 18:43:57","2026-06-12 02:43:57","0.00570085633824401","pod=cartservice-dc9f4fb6d-t9hpn"
"2026-06-11 18:44:12","2026-06-12 02:44:12","0.00599991595402665","pod=cartservice-dc9f4fb6d-t9hpn"
"2026-06-11 18:44:27","2026-06-12 02:44:27","0.00447719609268999","pod=cartservice-dc9f4fb6d-t9hpn"
"2026-06-11 18:44:42","2026-06-12 02:44:42","0.00565626362130606","pod=cartservice-dc9f4fb6d-t9hpn"
"2026-06-11 18:44:57","2026-06-12 02:44:57","0.00628230262841769","pod=cartservice-dc9f4fb6d-t9hpn"
"2026-06-11 18:45:12","2026-06-12 02:45:12","0.00286367499999969","pod=cartservice-dc9f4fb6d-t9hpn"
"2026-06-11 18:45:27","2026-06-12 02:45:27","0.004938153029062","pod=cartservice-dc9f4fb6d-t9hpn"
"2026-06-11 18:45:42","2026-06-12 02:45:42","0.00439897568776688","pod=cartservice-dc9f4fb6d-t9hpn"
"2026-06-11 18:45:57","2026-06-12 02:45:57","0.00568066286374483","pod=cartservice-dc9f4fb6d-t9hpn"
"2026-06-11 18:46:12","2026-06-12 02:46:12","0.0064210819854992","pod=cartservice-dc9f4fb6d-t9hpn"
"2026-06-11 18:46:27","2026-06-12 02:46:27","0.00702342078594786","pod=cartservice-dc9f4fb6d-t9hpn"
"2026-06-11 18:46:42","2026-06-12 02:46:42","0.00628054491272873","pod=cartservice-dc9f4fb6d-t9hpn"
"2026-06-11 18:46:57","2026-06-12 02:46:57","0.00554783904619945","pod=cartservice-dc9f4fb6d-t9hpn"
"2026-06-11 18:47:12","2026-06-12 02:47:12","0.00527978449377659","pod=cartservice-dc9f4fb6d-t9hpn"
"2026-06-11 18:47:27","2026-06-12 02:47:27","0.00463263436482075","pod=cartservice-dc9f4fb6d-t9hpn"
"2026-06-11 18:47:42","2026-06-12 02:47:42","0.00372376403993511","pod=cartservice-dc9f4fb6d-t9hpn"
"2026-06-11 18:47:57","2026-06-12 02:47:57","0.00565610248047387","pod=cartservice-dc9f4fb6d-t9hpn"
"2026-06-11 18:48:12","2026-06-12 02:48:12","0.00527573036447142","pod=cartservice-dc9f4fb6d-t9hpn"
"2026-06-11 18:48:27","2026-06-12 02:48:27","0.00325513297041156","pod=cartservice-dc9f4fb6d-t9hpn"
"2026-06-11 18:48:42","2026-06-12 02:48:42","0.00427021690689085","pod=cartservice-dc9f4fb6d-t9hpn"
"2026-06-11 18:48:57","2026-06-12 02:48:57","0.00551998673080076","pod=cartservice-dc9f4fb6d-t9hpn"
"2026-06-11 18:49:12","2026-06-12 02:49:12","0.00565216737282824","pod=cartservice-dc9f4fb6d-t9hpn"
"2026-06-11 18:49:27","2026-06-12 02:49:27","0.00506278544542102","pod=cartservice-dc9f4fb6d-t9hpn"
"2026-06-11 18:49:42","2026-06-12 02:49:42","0.00579589552238812","pod=cartservice-dc9f4fb6d-t9hpn"
"2026-06-11 18:49:57","2026-06-12 02:49:57","0.006221403976173","pod=cartservice-dc9f4fb6d-t9hpn"
"2026-06-11 18:50:12","2026-06-12 02:50:12","0.00408236896204872","pod=cartservice-dc9f4fb6d-t9hpn"
"2026-06-11 18:50:27","2026-06-12 02:50:27","0.00502046316174114","pod=cartservice-dc9f4fb6d-t9hpn"
"2026-06-11 18:50:42","2026-06-12 02:50:42","0.00516023068701971","pod=cartservice-dc9f4fb6d-t9hpn"
"2026-06-11 18:50:57","2026-06-12 02:50:57","0.00509291220005154","pod=cartservice-dc9f4fb6d-t9hpn"
"2026-06-11 18:51:12","2026-06-12 02:51:12","0.00533510614424866","pod=cartservice-dc9f4fb6d-t9hpn"
"2026-06-11 18:51:27","2026-06-12 02:51:27","0.0054222732769044","pod=cartservice-dc9f4fb6d-t9hpn"
"2026-06-11 18:51:42","2026-06-12 02:51:42","0.00575767698512864","pod=cartservice-dc9f4fb6d-t9hpn"
"2026-06-11 18:51:57","2026-06-12 02:51:57","0.00676191021005894","pod=cartservice-dc9f4fb6d-t9hpn"
"2026-06-11 18:52:12","2026-06-12 02:52:12","0.00668680925936115","pod=cartservice-dc9f4fb6d-t9hpn"
"2026-06-11 18:52:27","2026-06-12 02:52:27","0.00671847419858564","pod=cartservice-dc9f4fb6d-t9hpn"
"2026-06-11 18:52:42","2026-06-12 02:52:42","0.00537993047335652","pod=cartservice-dc9f4fb6d-t9hpn"
"2026-06-11 18:52:57","2026-06-12 02:52:57","0.00639063542800951","pod=cartservice-dc9f4fb6d-t9hpn"
"2026-06-11 18:53:12","2026-06-12 02:53:12","0.00630336183671076","pod=cartservice-dc9f4fb6d-t9hpn"
"2026-06-11 18:53:27","2026-06-12 02:53:27","0.00406582499999999","pod=cartservice-dc9f4fb6d-t9hpn"
"2026-06-11 18:53:42","2026-06-12 02:53:42","0.00621277683892215","pod=cartservice-dc9f4fb6d-t9hpn"
"2026-06-11 18:53:57","2026-06-12 02:53:57","0.00705629924719555","pod=cartservice-dc9f4fb6d-t9hpn"
"2026-06-11 18:54:12","2026-06-12 02:54:12","0.00792504505488481","pod=cartservice-dc9f4fb6d-t9hpn"
"2026-06-11 18:54:27","2026-06-12 02:54:27","0.0075258611141877","pod=cartservice-dc9f4fb6d-t9hpn"
"2026-06-11 18:54:42","2026-06-12 02:54:42","0.00677026876943584","pod=cartservice-dc9f4fb6d-t9hpn"
"2026-06-11 18:54:57","2026-06-12 02:54:57","0.0057262440215734","pod=cartservice-dc9f4fb6d-t9hpn"
"2026-06-11 18:55:12","2026-06-12 02:55:12","0.00511202357917445","pod=cartservice-dc9f4fb6d-t9hpn"
"2026-06-11 18:55:27","2026-06-12 02:55:27","0.00511853488372083","pod=cartservice-dc9f4fb6d-t9hpn"
"2026-06-11 18:55:42","2026-06-12 02:55:42","0.00558142169357107","pod=cartservice-dc9f4fb6d-t9hpn"
"2026-06-11 18:55:57","2026-06-12 02:55:57","0.00622860171987292","pod=cartservice-dc9f4fb6d-t9hpn"
"2026-06-11 18:56:12","2026-06-12 02:56:12","0.00621225448849249","pod=cartservice-dc9f4fb6d-t9hpn"
"2026-06-11 18:56:27","2026-06-12 02:56:27","0.0063358665532662","pod=cartservice-dc9f4fb6d-t9hpn"
"2026-06-11 18:56:42","2026-06-12 02:56:42","0.0057029360504087","pod=cartservice-dc9f4fb6d-t9hpn"
"2026-06-11 18:56:57","2026-06-12 02:56:57","0.00595388009902067","pod=cartservice-dc9f4fb6d-t9hpn"
"2026-06-11 18:57:12","2026-06-12 02:57:12","0.00590972203090996","pod=cartservice-dc9f4fb6d-t9hpn"
"2026-06-11 18:57:27","2026-06-12 02:57:27","0.00589041653936256","pod=cartservice-dc9f4fb6d-t9hpn"
"2026-06-11 18:57:42","2026-06-12 02:57:42","0.00541197832386267","pod=cartservice-dc9f4fb6d-t9hpn"
"2026-06-11 18:57:57","2026-06-12 02:57:57","0.00453020909434995","pod=cartservice-dc9f4fb6d-t9hpn"
"2026-06-11 18:58:12","2026-06-12 02:58:12","0.00533585282373082","pod=cartservice-dc9f4fb6d-t9hpn"
"2026-06-11 18:58:27","2026-06-12 02:58:27","0.00491613625389586","pod=cartservice-dc9f4fb6d-t9hpn"
"2026-06-11 18:58:42","2026-06-12 02:58:42","0.00403056940228925","pod=cartservice-dc9f4fb6d-t9hpn"
"2026-06-11 18:58:57","2026-06-12 02:58:57","0.00541948370650789","pod=cartservice-dc9f4fb6d-t9hpn"
"2026-06-11 18:59:12","2026-06-12 02:59:12","0.00636370712075487","pod=cartservice-dc9f4fb6d-t9hpn"
"2026-06-11 18:59:27","2026-06-12 02:59:27","0.0073309519759597","pod=cartservice-dc9f4fb6d-t9hpn"
"2026-06-11 18:59:42","2026-06-12 02:59:42","0.00632870203030945","pod=cartservice-dc9f4fb6d-t9hpn"
"2026-06-11 18:59:57","2026-06-12 02:59:57","0.00712490547573486","pod=cartservice-dc9f4fb6d-t9hpn"
"2026-06-11 19:00:12","2026-06-12 03:00:12","0.00777747982799428","pod=cartservice-dc9f4fb6d-t9hpn"
"2026-06-11 19:00:27","2026-06-12 03:00:27","0.00588674325989553","pod=cartservice-dc9f4fb6d-t9hpn"
"2026-06-11 19:00:42","2026-06-12 03:00:42","0.00749430335942078","pod=cartservice-dc9f4fb6d-t9hpn"
"2026-06-11 19:00:57","2026-06-12 03:00:57","0.00583031887289305","pod=cartservice-dc9f4fb6d-t9hpn"
"2026-06-11 19:01:12","2026-06-12 03:01:12","0.00459811701477836","pod=cartservice-dc9f4fb6d-t9hpn"
"2026-06-11 19:01:27","2026-06-12 03:01:27","0.00766658884414111","pod=cartservice-dc9f4fb6d-t9hpn"
"2026-06-11 19:01:42","2026-06-12 03:01:42","0.00886581016454574","pod=cartservice-dc9f4fb6d-t9hpn"
"2026-06-11 19:01:57","2026-06-12 03:01:57","0.00502218339932243","pod=cartservice-dc9f4fb6d-t9hpn"
"2026-06-11 19:02:12","2026-06-12 03:02:12","0.00619028950542826","pod=cartservice-dc9f4fb6d-t9hpn"
"2026-06-11 19:02:27","2026-06-12 03:02:27","0.00479251920293881","pod=cartservice-dc9f4fb6d-t9hpn"
"2026-06-11 19:02:42","2026-06-12 03:02:42","0.00513965759579713","pod=cartservice-dc9f4fb6d-t9hpn"
"2026-06-11 19:02:57","2026-06-12 03:02:57","0.00602256670268462","pod=cartservice-dc9f4fb6d-t9hpn"
"2026-06-11 19:03:12","2026-06-12 03:03:12","0.0059514696417079","pod=cartservice-dc9f4fb6d-t9hpn"
"2026-06-11 19:03:27","2026-06-12 03:03:27","0.00609885895776994","pod=cartservice-dc9f4fb6d-t9hpn"
"2026-06-11 19:03:42","2026-06-12 03:03:42","0.00609568730006773","pod=cartservice-dc9f4fb6d-t9hpn"
"2026-06-11 19:03:57","2026-06-12 03:03:57","0.00696864870095289","pod=cartservice-dc9f4fb6d-t9hpn"
"2026-06-11 19:04:12","2026-06-12 03:04:12","0.00646898460680627","pod=cartservice-dc9f4fb6d-t9hpn"
"2026-06-11 19:04:27","2026-06-12 03:04:27","0.00593723877730833","pod=cartservice-dc9f4fb6d-t9hpn"
"2026-06-11 19:04:42","2026-06-12 03:04:42","0.00508775712987043","pod=cartservice-dc9f4fb6d-t9hpn"
"2026-06-11 19:04:57","2026-06-12 03:04:57","0.00448021623244999","pod=cartservice-dc9f4fb6d-t9hpn"
"2026-06-11 19:05:12","2026-06-12 03:05:12","0.00442492580268016","pod=cartservice-dc9f4fb6d-t9hpn"
"2026-06-11 19:05:27","2026-06-12 03:05:27","0.00463190904704992","pod=cartservice-dc9f4fb6d-t9hpn"
"2026-06-11 19:05:42","2026-06-12 03:05:42","0.00577203909723646","pod=cartservice-dc9f4fb6d-t9hpn"
"2026-06-11 19:05:57","2026-06-12 03:05:57","0.0064017711781018","pod=cartservice-dc9f4fb6d-t9hpn"
"2026-06-11 19:06:12","2026-06-12 03:06:12","0.00692613215569018","pod=cartservice-dc9f4fb6d-t9hpn"
"2026-06-11 19:06:27","2026-06-12 03:06:27","0.00602147640263613","pod=cartservice-dc9f4fb6d-t9hpn"
"2026-06-11 19:06:42","2026-06-12 03:06:42","0.00546744588998852","pod=cartservice-dc9f4fb6d-t9hpn"
"2026-06-11 19:06:57","2026-06-12 03:06:57","0.00528121409153298","pod=cartservice-dc9f4fb6d-t9hpn"
"2026-06-11 19:07:12","2026-06-12 03:07:12","0.0054639230244067","pod=cartservice-dc9f4fb6d-t9hpn"
"2026-06-11 19:07:27","2026-06-12 03:07:27","0.00574227460974836","pod=cartservice-dc9f4fb6d-t9hpn"
"2026-06-11 19:07:42","2026-06-12 03:07:42","0.00625023506391197","pod=cartservice-dc9f4fb6d-t9hpn"
"2026-06-11 19:07:57","2026-06-12 03:07:57","0.00636868697635759","pod=cartservice-dc9f4fb6d-t9hpn"
"2026-06-11 19:08:12","2026-06-12 03:08:12","0.00593183032375255","pod=cartservice-dc9f4fb6d-t9hpn"
"2026-06-11 19:08:27","2026-06-12 03:08:27","0.00570858476482837","pod=cartservice-dc9f4fb6d-t9hpn"
"2026-06-11 19:08:42","2026-06-12 03:08:42","0.0053982119469277","pod=cartservice-dc9f4fb6d-t9hpn"
"2026-06-11 19:08:57","2026-06-12 03:08:57","0.00461312940035011","pod=cartservice-dc9f4fb6d-t9hpn"
"2026-06-11 19:09:12","2026-06-12 03:09:12","0.00591590829976631","pod=cartservice-dc9f4fb6d-t9hpn"
"2026-06-11 19:09:27","2026-06-12 03:09:27","0.00584186851211072","pod=cartservice-dc9f4fb6d-t9hpn"
"2026-06-11 19:09:42","2026-06-12 03:09:42","0.00473374485406695","pod=cartservice-dc9f4fb6d-t9hpn"
"2026-06-11 19:09:57","2026-06-12 03:09:57","0.00454194359522713","pod=cartservice-dc9f4fb6d-t9hpn"
"2026-06-11 19:10:12","2026-06-12 03:10:12","0.00562958713474115","pod=cartservice-dc9f4fb6d-t9hpn"
"2026-06-11 19:10:27","2026-06-12 03:10:27","0.00518280348406063","pod=cartservice-dc9f4fb6d-t9hpn"
"2026-06-11 19:10:42","2026-06-12 03:10:42","0.00373743488624624","pod=cartservice-dc9f4fb6d-t9hpn"
"2026-06-11 19:10:57","2026-06-12 03:10:57","0.00512928876454095","pod=cartservice-dc9f4fb6d-t9hpn"
"2026-06-11 19:11:12","2026-06-12 03:11:12","0.00438724302129954","pod=cartservice-dc9f4fb6d-t9hpn"
"2026-06-11 19:11:27","2026-06-12 03:11:27","0.00460826289354407","pod=cartservice-dc9f4fb6d-t9hpn"
"2026-06-11 19:11:42","2026-06-12 03:11:42","0.00626422319673987","pod=cartservice-dc9f4fb6d-t9hpn"
"2026-06-11 19:11:57","2026-06-12 03:11:57","0.00671460276135821","pod=cartservice-dc9f4fb6d-t9hpn"
"2026-06-11 19:12:12","2026-06-12 03:12:12","0.00644407210285396","pod=cartservice-dc9f4fb6d-t9hpn"
"2026-06-11 19:12:27","2026-06-12 03:12:27","0.00508336821416218","pod=cartservice-dc9f4fb6d-t9hpn"
"2026-06-11 19:12:42","2026-06-12 03:12:42","0.00426571670695903","pod=cartservice-dc9f4fb6d-t9hpn"
"2026-06-11 19:12:57","2026-06-12 03:12:57","0.00508411459795293","pod=cartservice-dc9f4fb6d-t9hpn"
"2026-06-11 19:13:12","2026-06-12 03:13:12","0.0053297888884569","pod=cartservice-dc9f4fb6d-t9hpn"
"2026-06-11 19:13:27","2026-06-12 03:13:27","0.00390803792258939","pod=cartservice-dc9f4fb6d-t9hpn"
"2026-06-11 19:13:42","2026-06-12 03:13:42","0.00575882156009356","pod=cartservice-dc9f4fb6d-t9hpn"
"2026-06-11 19:13:57","2026-06-12 03:13:57","0.00604690658317172","pod=cartservice-dc9f4fb6d-t9hpn"
"2026-06-11 19:14:12","2026-06-12 03:14:12","0.00587651750709785","pod=cartservice-dc9f4fb6d-t9hpn"
"2026-06-11 19:14:27","2026-06-12 03:14:27","0.00601804952338003","pod=cartservice-dc9f4fb6d-t9hpn"
"2026-06-11 19:14:42","2026-06-12 03:14:42","0.00656005427241027","pod=cartservice-dc9f4fb6d-t9hpn"
"2026-06-11 19:14:57","2026-06-12 03:14:57","0.00656936593757648","pod=cartservice-dc9f4fb6d-t9hpn"
"2026-06-11 19:15:12","2026-06-12 03:15:12","0.00541838247973785","pod=cartservice-dc9f4fb6d-t9hpn"
"2026-06-11 19:15:27","2026-06-12 03:15:27","0.00485689749680241","pod=cartservice-dc9f4fb6d-t9hpn"
"2026-06-11 19:15:42","2026-06-12 03:15:42","0.00468755935422618","pod=cartservice-dc9f4fb6d-t9hpn"
"2026-06-11 19:15:57","2026-06-12 03:15:57","0.00409780841441375","pod=cartservice-dc9f4fb6d-t9hpn"
"2026-06-11 19:16:12","2026-06-12 03:16:12","0.00522194031935197","pod=cartservice-dc9f4fb6d-t9hpn"
"2026-06-11 19:16:27","2026-06-12 03:16:27","0.00490682008869688","pod=cartservice-dc9f4fb6d-t9hpn"
"2026-06-11 19:16:42","2026-06-12 03:16:42","0.00353232778520354","pod=cartservice-dc9f4fb6d-t9hpn"
"2026-06-11 19:16:57","2026-06-12 03:16:57","0.00394025805876276","pod=cartservice-dc9f4fb6d-t9hpn"
"2026-06-11 19:17:12","2026-06-12 03:17:12","0.00476468973091706","pod=cartservice-dc9f4fb6d-t9hpn"
"2026-06-11 19:17:27","2026-06-12 03:17:27","0.00494423585737691","pod=cartservice-dc9f4fb6d-t9hpn"
"2026-06-11 19:17:42","2026-06-12 03:17:42","0.00380555774235008","pod=cartservice-dc9f4fb6d-t9hpn"
"2026-06-11 19:17:57","2026-06-12 03:17:57","0.0054478922308676","pod=cartservice-dc9f4fb6d-t9hpn"
"2026-06-11 19:18:12","2026-06-12 03:18:12","0.00522698723576704","pod=cartservice-dc9f4fb6d-t9hpn"
"2026-06-11 19:18:27","2026-06-12 03:18:27","0.00595070694915976","pod=cartservice-dc9f4fb6d-t9hpn"
"2026-06-11 19:18:42","2026-06-12 03:18:42","0.00579946648109498","pod=cartservice-dc9f4fb6d-t9hpn"
"2026-06-11 19:18:57","2026-06-12 03:18:57","0.00544945772928255","pod=cartservice-dc9f4fb6d-t9hpn"
"2026-06-11 19:19:12","2026-06-12 03:19:12","0.00407715642931056","pod=cartservice-dc9f4fb6d-t9hpn"
"2026-06-11 19:19:27","2026-06-12 03:19:27","0.00376085400763338","pod=cartservice-dc9f4fb6d-t9hpn"
"2026-06-11 19:19:42","2026-06-12 03:19:42","0.00450336652248434","pod=cartservice-dc9f4fb6d-t9hpn"
"2026-06-11 19:19:57","2026-06-12 03:19:57","0.00509894239336771","pod=cartservice-dc9f4fb6d-t9hpn"
"2026-06-11 19:20:12","2026-06-12 03:20:12","0.00540717465784802","pod=cartservice-dc9f4fb6d-t9hpn"
"2026-06-11 19:20:27","2026-06-12 03:20:27","0.00432173234830187","pod=cartservice-dc9f4fb6d-t9hpn"
"2026-06-11 19:20:42","2026-06-12 03:20:42","0.00533209116699495","pod=cartservice-dc9f4fb6d-t9hpn"
"2026-06-11 19:20:57","2026-06-12 03:20:57","0.00510680659820745","pod=cartservice-dc9f4fb6d-t9hpn"
"2026-06-11 19:21:12","2026-06-12 03:21:12","0.00313848281677326","pod=cartservice-dc9f4fb6d-t9hpn"
"2026-06-11 19:21:27","2026-06-12 03:21:27","0.00482473441571463","pod=cartservice-dc9f4fb6d-t9hpn"
"2026-06-11 19:21:42","2026-06-12 03:21:42","0.00407867830048482","pod=cartservice-dc9f4fb6d-t9hpn"
"2026-06-11 19:21:57","2026-06-12 03:21:57","0.00439352416705774","pod=cartservice-dc9f4fb6d-t9hpn"
"2026-06-11 19:22:12","2026-06-12 03:22:12","0.00474572212215501","pod=cartservice-dc9f4fb6d-t9hpn"
"2026-06-11 19:22:27","2026-06-12 03:22:27","0.00525680248308174","pod=cartservice-dc9f4fb6d-t9hpn"
"2026-06-11 19:22:42","2026-06-12 03:22:42","0.00646853857967026","pod=cartservice-dc9f4fb6d-t9hpn"
"2026-06-11 19:22:57","2026-06-12 03:22:57","0.00614744072261959","pod=cartservice-dc9f4fb6d-t9hpn"
"2026-06-11 19:23:12","2026-06-12 03:23:12","0.00598884653395463","pod=cartservice-dc9f4fb6d-t9hpn"
"2026-06-11 19:23:27","2026-06-12 03:23:27","0.00489832222128142","pod=cartservice-dc9f4fb6d-t9hpn"
"2026-06-11 19:23:42","2026-06-12 03:23:42","0.00554140093252592","pod=cartservice-dc9f4fb6d-t9hpn"
"2026-06-11 19:23:57","2026-06-12 03:23:57","0.00607569780148552","pod=cartservice-dc9f4fb6d-t9hpn"
"2026-06-11 19:24:12","2026-06-12 03:24:12","0.00461400000000012","pod=cartservice-dc9f4fb6d-t9hpn"
"2026-06-11 19:24:27","2026-06-12 03:24:27","0.00687246357674215","pod=cartservice-dc9f4fb6d-t9hpn"
"2026-06-11 19:24:42","2026-06-12 03:24:42","0.00588321100917423","pod=cartservice-dc9f4fb6d-t9hpn"
"2026-06-11 19:24:57","2026-06-12 03:24:57","0.00481563394301325","pod=cartservice-dc9f4fb6d-t9hpn"
"2026-06-11 19:25:12","2026-06-12 03:25:12","0.00506490066225147","pod=cartservice-dc9f4fb6d-t9hpn"
"2026-06-11 19:25:27","2026-06-12 03:25:27","0.0054586709178661","pod=cartservice-dc9f4fb6d-t9hpn"
"2026-06-11 19:25:42","2026-06-12 03:25:42","0.00555233252938767","pod=cartservice-dc9f4fb6d-t9hpn"
"2026-06-11 19:25:57","2026-06-12 03:25:57","0.00602978911381706","pod=cartservice-dc9f4fb6d-t9hpn"
"2026-06-11 19:26:12","2026-06-12 03:26:12","0.00581314495324068","pod=cartservice-dc9f4fb6d-t9hpn"
"2026-06-11 19:26:27","2026-06-12 03:26:27","0.0057908307526591","pod=cartservice-dc9f4fb6d-t9hpn"
"2026-06-11 19:26:42","2026-06-12 03:26:42","0.00519248599575044","pod=cartservice-dc9f4fb6d-t9hpn"
"2026-06-11 19:26:57","2026-06-12 03:26:57","0.0057349778621128","pod=cartservice-dc9f4fb6d-t9hpn"
"2026-06-11 17:26:57","2026-06-12 01:26:57","0.000784512955556103","pod=checkoutservice-6d7ccbb6cf-jhbpr"
"2026-06-11 17:27:12","2026-06-12 01:27:12","0.000977449219934242","pod=checkoutservice-6d7ccbb6cf-jhbpr"
"2026-06-11 17:27:27","2026-06-12 01:27:27","0.000585960677296064","pod=checkoutservice-6d7ccbb6cf-jhbpr"
"2026-06-11 17:27:42","2026-06-12 01:27:42","0.000491953341241597","pod=checkoutservice-6d7ccbb6cf-jhbpr"
"2026-06-11 17:27:57","2026-06-12 01:27:57","0.000321077705089919","pod=checkoutservice-6d7ccbb6cf-jhbpr"
"2026-06-11 17:28:12","2026-06-12 01:28:12","0.000346003632765991","pod=checkoutservice-6d7ccbb6cf-jhbpr"
"2026-06-11 17:28:27","2026-06-12 01:28:27","0.000654098091235659","pod=checkoutservice-6d7ccbb6cf-jhbpr"
"2026-06-11 17:28:42","2026-06-12 01:28:42","0.000733466322459506","pod=checkoutservice-6d7ccbb6cf-jhbpr"
"2026-06-11 17:28:57","2026-06-12 01:28:57","0.000819000085316951","pod=checkoutservice-6d7ccbb6cf-jhbpr"
"2026-06-11 17:29:12","2026-06-12 01:29:12","0.00079046790668629","pod=checkoutservice-6d7ccbb6cf-jhbpr"
"2026-06-11 17:29:27","2026-06-12 01:29:27","0.000734945971919473","pod=checkoutservice-6d7ccbb6cf-jhbpr"
"2026-06-11 17:29:42","2026-06-12 01:29:42","0.000707118175535587","pod=checkoutservice-6d7ccbb6cf-jhbpr"
"2026-06-11 17:29:57","2026-06-12 01:29:57","0.000824121531144658","pod=checkoutservice-6d7ccbb6cf-jhbpr"
"2026-06-11 17:30:12","2026-06-12 01:30:12","0.000938082125212606","pod=checkoutservice-6d7ccbb6cf-jhbpr"
"2026-06-11 17:30:27","2026-06-12 01:30:27","0.000829254810247694","pod=checkoutservice-6d7ccbb6cf-jhbpr"
"2026-06-11 17:30:42","2026-06-12 01:30:42","0.000543781525019521","pod=checkoutservice-6d7ccbb6cf-jhbpr"
"2026-06-11 17:30:57","2026-06-12 01:30:57","0.00038266971279372","pod=checkoutservice-6d7ccbb6cf-jhbpr"
"2026-06-11 17:31:12","2026-06-12 01:31:12","0.0005287356321839","pod=checkoutservice-6d7ccbb6cf-jhbpr"
"2026-06-11 17:31:27","2026-06-12 01:31:27","0.000533394548617821","pod=checkoutservice-6d7ccbb6cf-jhbpr"
"2026-06-11 17:31:42","2026-06-12 01:31:42","0.000620773571090156","pod=checkoutservice-6d7ccbb6cf-jhbpr"
"2026-06-11 17:31:57","2026-06-12 01:31:57","0.000686198024732357","pod=checkoutservice-6d7ccbb6cf-jhbpr"
"2026-06-11 17:32:12","2026-06-12 01:32:12","0.00100494468848464","pod=checkoutservice-6d7ccbb6cf-jhbpr"
"2026-06-11 17:32:27","2026-06-12 01:32:27","0.00113579117709139","pod=checkoutservice-6d7ccbb6cf-jhbpr"
"2026-06-11 17:32:42","2026-06-12 01:32:42","0.00090476086719686","pod=checkoutservice-6d7ccbb6cf-jhbpr"
"2026-06-11 17:32:57","2026-06-12 01:32:57","0.000780218914875172","pod=checkoutservice-6d7ccbb6cf-jhbpr"
"2026-06-11 17:33:12","2026-06-12 01:33:12","0.000749043596078748","pod=checkoutservice-6d7ccbb6cf-jhbpr"
"2026-06-11 17:33:27","2026-06-12 01:33:27","0.000776973429311352","pod=checkoutservice-6d7ccbb6cf-jhbpr"
"2026-06-11 17:33:42","2026-06-12 01:33:42","0.00060821935157043","pod=checkoutservice-6d7ccbb6cf-jhbpr"
"2026-06-11 17:33:57","2026-06-12 01:33:57","0.000365839573044451","pod=checkoutservice-6d7ccbb6cf-jhbpr"
"2026-06-11 17:34:12","2026-06-12 01:34:12","0.000308805647003011","pod=checkoutservice-6d7ccbb6cf-jhbpr"
"2026-06-11 17:34:27","2026-06-12 01:34:27","0.000446564885496167","pod=checkoutservice-6d7ccbb6cf-jhbpr"
"2026-06-11 17:34:42","2026-06-12 01:34:42","0.000893555906105049","pod=checkoutservice-6d7ccbb6cf-jhbpr"
"2026-06-11 17:34:57","2026-06-12 01:34:57","0.00104118113111067","pod=checkoutservice-6d7ccbb6cf-jhbpr"
"2026-06-11 17:35:12","2026-06-12 01:35:12","0.000970915579346507","pod=checkoutservice-6d7ccbb6cf-jhbpr"
"2026-06-11 17:35:27","2026-06-12 01:35:27","0.000717043807825208","pod=checkoutservice-6d7ccbb6cf-jhbpr"
"2026-06-11 17:35:42","2026-06-12 01:35:42","0.000582028354447596","pod=checkoutservice-6d7ccbb6cf-jhbpr"
"2026-06-11 17:35:57","2026-06-12 01:35:57","0.000651192288178586","pod=checkoutservice-6d7ccbb6cf-jhbpr"
"2026-06-11 17:36:12","2026-06-12 01:36:12","0.000570851601477301","pod=checkoutservice-6d7ccbb6cf-jhbpr"
"2026-06-11 17:36:27","2026-06-12 01:36:27","0.000377125","pod=checkoutservice-6d7ccbb6cf-jhbpr"
"2026-06-11 17:36:42","2026-06-12 01:36:42","0.00059423547903644","pod=checkoutservice-6d7ccbb6cf-jhbpr"
"2026-06-11 17:36:57","2026-06-12 01:36:57","0.000554049668810962","pod=checkoutservice-6d7ccbb6cf-jhbpr"
"2026-06-11 17:37:12","2026-06-12 01:37:12","0.000693585767421367","pod=checkoutservice-6d7ccbb6cf-jhbpr"
"2026-06-11 17:37:27","2026-06-12 01:37:27","0.000811417471537264","pod=checkoutservice-6d7ccbb6cf-jhbpr"
"2026-06-11 17:37:42","2026-06-12 01:37:42","0.000768122228648549","pod=checkoutservice-6d7ccbb6cf-jhbpr"
"2026-06-11 17:37:57","2026-06-12 01:37:57","0.000418220527337794","pod=checkoutservice-6d7ccbb6cf-jhbpr"
"2026-06-11 17:38:12","2026-06-12 01:38:12","0.000426332288401251","pod=checkoutservice-6d7ccbb6cf-jhbpr"
"2026-06-11 17:38:27","2026-06-12 01:38:27","0.000334900949648658","pod=checkoutservice-6d7ccbb6cf-jhbpr"
"2026-06-11 17:38:42","2026-06-12 01:38:42","0.00022090721104731","pod=checkoutservice-6d7ccbb6cf-jhbpr"
"2026-06-11 17:38:57","2026-06-12 01:38:57","0.000293262293262289","pod=checkoutservice-6d7ccbb6cf-jhbpr"
"2026-06-11 17:39:12","2026-06-12 01:39:12","0.000252599190701595","pod=checkoutservice-6d7ccbb6cf-jhbpr"
"2026-06-11 17:39:27","2026-06-12 01:39:27","0.000443429185702785","pod=checkoutservice-6d7ccbb6cf-jhbpr"
"2026-06-11 17:39:42","2026-06-12 01:39:42","0.000679542449847683","pod=checkoutservice-6d7ccbb6cf-jhbpr"
"2026-06-11 17:39:57","2026-06-12 01:39:57","0.000582685621444068","pod=checkoutservice-6d7ccbb6cf-jhbpr"
"2026-06-11 17:40:12","2026-06-12 01:40:12","0.000789457601222307","pod=checkoutservice-6d7ccbb6cf-jhbpr"
"2026-06-11 17:40:27","2026-06-12 01:40:27","0.000697177655463178","pod=checkoutservice-6d7ccbb6cf-jhbpr"
"2026-06-11 17:40:42","2026-06-12 01:40:42","0.000775932578684554","pod=checkoutservice-6d7ccbb6cf-jhbpr"
"2026-06-11 17:40:57","2026-06-12 01:40:57","0.000894489534387001","pod=checkoutservice-6d7ccbb6cf-jhbpr"
"2026-06-11 17:41:12","2026-06-12 01:41:12","0.000678457921546431","pod=checkoutservice-6d7ccbb6cf-jhbpr"
"2026-06-11 17:41:27","2026-06-12 01:41:27","0.000776988666567431","pod=checkoutservice-6d7ccbb6cf-jhbpr"
"2026-06-11 17:41:42","2026-06-12 01:41:42","0.000668604034533238","pod=checkoutservice-6d7ccbb6cf-jhbpr"
"2026-06-11 17:41:57","2026-06-12 01:41:57","0.000735781835328617","pod=checkoutservice-6d7ccbb6cf-jhbpr"
"2026-06-11 17:42:12","2026-06-12 01:42:12","0.000477284558232012","pod=checkoutservice-6d7ccbb6cf-jhbpr"
"2026-06-11 17:42:27","2026-06-12 01:42:27","0.000322061953180417","pod=checkoutservice-6d7ccbb6cf-jhbpr"
"2026-06-11 17:42:42","2026-06-12 01:42:42","0.000500641154077328","pod=checkoutservice-6d7ccbb6cf-jhbpr"
"2026-06-11 17:42:57","2026-06-12 01:42:57","0.000577550615323544","pod=checkoutservice-6d7ccbb6cf-jhbpr"
"2026-06-11 17:43:12","2026-06-12 01:43:12","0.000812766422559828","pod=checkoutservice-6d7ccbb6cf-jhbpr"
"2026-06-11 17:43:27","2026-06-12 01:43:27","0.000572662317489915","pod=checkoutservice-6d7ccbb6cf-jhbpr"
"2026-06-11 17:43:42","2026-06-12 01:43:42","0.000615894361239898","pod=checkoutservice-6d7ccbb6cf-jhbpr"
"2026-06-11 17:43:57","2026-06-12 01:43:57","0.000499942392331276","pod=checkoutservice-6d7ccbb6cf-jhbpr"
"2026-06-11 17:44:12","2026-06-12 01:44:12","0.000667337264423647","pod=checkoutservice-6d7ccbb6cf-jhbpr"
"2026-06-11 17:44:27","2026-06-12 01:44:27","0.000595868698230906","pod=checkoutservice-6d7ccbb6cf-jhbpr"
"2026-06-11 17:44:42","2026-06-12 01:44:42","0.000621255207988912","pod=checkoutservice-6d7ccbb6cf-jhbpr"
"2026-06-11 17:44:57","2026-06-12 01:44:57","0.000438727826471043","pod=checkoutservice-6d7ccbb6cf-jhbpr"
"2026-06-11 17:45:12","2026-06-12 01:45:12","0.000589829335793356","pod=checkoutservice-6d7ccbb6cf-jhbpr"
"2026-06-11 17:45:27","2026-06-12 01:45:27","0.000532001835543988","pod=checkoutservice-6d7ccbb6cf-jhbpr"
"2026-06-11 17:45:42","2026-06-12 01:45:42","0.000594909766093784","pod=checkoutservice-6d7ccbb6cf-jhbpr"
"2026-06-11 17:45:57","2026-06-12 01:45:57","0.00094769379165204","pod=checkoutservice-6d7ccbb6cf-jhbpr"
"2026-06-11 17:46:12","2026-06-12 01:46:12","0.000907406974842885","pod=checkoutservice-6d7ccbb6cf-jhbpr"
"2026-06-11 17:46:27","2026-06-12 01:46:27","0.000950334356631222","pod=checkoutservice-6d7ccbb6cf-jhbpr"
"2026-06-11 17:46:42","2026-06-12 01:46:42","0.000365154643390098","pod=checkoutservice-6d7ccbb6cf-jhbpr"
"2026-06-11 17:46:57","2026-06-12 01:46:57","0.000336856671422849","pod=checkoutservice-6d7ccbb6cf-jhbpr"
"2026-06-11 17:47:12","2026-06-12 01:47:12","0.000564679596443565","pod=checkoutservice-6d7ccbb6cf-jhbpr"
"2026-06-11 17:47:27","2026-06-12 01:47:27","0.000580009315718163","pod=checkoutservice-6d7ccbb6cf-jhbpr"
"2026-06-11 17:47:42","2026-06-12 01:47:42","0.0007976108855018","pod=checkoutservice-6d7ccbb6cf-jhbpr"
"2026-06-11 17:47:57","2026-06-12 01:47:57","0.000724231646146811","pod=checkoutservice-6d7ccbb6cf-jhbpr"
"2026-06-11 17:48:12","2026-06-12 01:48:12","0.000909663007055873","pod=checkoutservice-6d7ccbb6cf-jhbpr"
"2026-06-11 17:48:27","2026-06-12 01:48:27","0.000534384984025554","pod=checkoutservice-6d7ccbb6cf-jhbpr"
"2026-06-11 17:48:42","2026-06-12 01:48:42","0.000521536003858096","pod=checkoutservice-6d7ccbb6cf-jhbpr"
"2026-06-11 17:48:57","2026-06-12 01:48:57","0.000603631630741867","pod=checkoutservice-6d7ccbb6cf-jhbpr"
"2026-06-11 17:49:12","2026-06-12 01:49:12","0.00049292868503631","pod=checkoutservice-6d7ccbb6cf-jhbpr"
"2026-06-11 17:49:27","2026-06-12 01:49:27","0.000371257485029939","pod=checkoutservice-6d7ccbb6cf-jhbpr"
"2026-06-11 17:49:42","2026-06-12 01:49:42","0.000441327783114519","pod=checkoutservice-6d7ccbb6cf-jhbpr"
"2026-06-11 17:49:57","2026-06-12 01:49:57","0.000579912928588439","pod=checkoutservice-6d7ccbb6cf-jhbpr"
"2026-06-11 17:50:12","2026-06-12 01:50:12","0.000563263054376258","pod=checkoutservice-6d7ccbb6cf-jhbpr"
"2026-06-11 17:50:27","2026-06-12 01:50:27","0.000411858076563974","pod=checkoutservice-6d7ccbb6cf-jhbpr"
"2026-06-11 17:50:42","2026-06-12 01:50:42","0.000412365653530583","pod=checkoutservice-6d7ccbb6cf-jhbpr"
"2026-06-11 17:50:57","2026-06-12 01:50:57","0.000527330436264463","pod=checkoutservice-6d7ccbb6cf-jhbpr"
"2026-06-11 17:51:12","2026-06-12 01:51:12","0.000596137015854916","pod=checkoutservice-6d7ccbb6cf-jhbpr"
"2026-06-11 17:51:27","2026-06-12 01:51:27","0.000672057066029279","pod=checkoutservice-6d7ccbb6cf-jhbpr"
"2026-06-11 17:51:42","2026-06-12 01:51:42","0.000661250344257795","pod=checkoutservice-6d7ccbb6cf-jhbpr"
"2026-06-11 17:51:57","2026-06-12 01:51:57","0.000807848581987477","pod=checkoutservice-6d7ccbb6cf-jhbpr"
"2026-06-11 17:52:12","2026-06-12 01:52:12","0.000635675919471907","pod=checkoutservice-6d7ccbb6cf-jhbpr"
"2026-06-11 17:52:27","2026-06-12 01:52:27","0.000325365983994952","pod=checkoutservice-6d7ccbb6cf-jhbpr"
"2026-06-11 17:52:42","2026-06-12 01:52:42","0.000587551623750316","pod=checkoutservice-6d7ccbb6cf-jhbpr"
"2026-06-11 17:52:57","2026-06-12 01:52:57","0.000698265987281277","pod=checkoutservice-6d7ccbb6cf-jhbpr"
"2026-06-11 17:53:12","2026-06-12 01:53:12","0.000918399239026997","pod=checkoutservice-6d7ccbb6cf-jhbpr"
"2026-06-11 17:53:27","2026-06-12 01:53:27","0.000784531301755547","pod=checkoutservice-6d7ccbb6cf-jhbpr"
"2026-06-11 17:53:42","2026-06-12 01:53:42","0.000587003116229418","pod=checkoutservice-6d7ccbb6cf-jhbpr"
"2026-06-11 17:53:57","2026-06-12 01:53:57","0.000660217917937778","pod=checkoutservice-6d7ccbb6cf-jhbpr"
"2026-06-11 17:54:12","2026-06-12 01:54:12","0.000609300496485263","pod=checkoutservice-6d7ccbb6cf-jhbpr"
"2026-06-11 17:54:27","2026-06-12 01:54:27","0.000466162151740094","pod=checkoutservice-6d7ccbb6cf-jhbpr"
"2026-06-11 17:54:42","2026-06-12 01:54:42","0.000324633333333324","pod=checkoutservice-6d7ccbb6cf-jhbpr"
"2026-06-11 17:54:57","2026-06-12 01:54:57","0.000509837177747636","pod=checkoutservice-6d7ccbb6cf-jhbpr"
"2026-06-11 17:55:12","2026-06-12 01:55:12","0.000447001489102476","pod=checkoutservice-6d7ccbb6cf-jhbpr"
"2026-06-11 17:55:27","2026-06-12 01:55:27","0.000504076393261972","pod=checkoutservice-6d7ccbb6cf-jhbpr"
"2026-06-11 17:55:42","2026-06-12 01:55:42","0.000789020334732581","pod=checkoutservice-6d7ccbb6cf-jhbpr"
"2026-06-11 17:55:57","2026-06-12 01:55:57","0.000790522011065666","pod=checkoutservice-6d7ccbb6cf-jhbpr"
"2026-06-11 17:56:12","2026-06-12 01:56:12","0.000725386216719596","pod=checkoutservice-6d7ccbb6cf-jhbpr"
"2026-06-11 17:56:27","2026-06-12 01:56:27","0.000703317118014331","pod=checkoutservice-6d7ccbb6cf-jhbpr"
"2026-06-11 17:56:42","2026-06-12 01:56:42","0.000735014127363619","pod=checkoutservice-6d7ccbb6cf-jhbpr"
"2026-06-11 17:56:57","2026-06-12 01:56:57","0.000712606591380504","pod=checkoutservice-6d7ccbb6cf-jhbpr"
"2026-06-11 17:57:12","2026-06-12 01:57:12","0.000475395409680097","pod=checkoutservice-6d7ccbb6cf-jhbpr"
"2026-06-11 17:57:27","2026-06-12 01:57:27","0.000567963462052785","pod=checkoutservice-6d7ccbb6cf-jhbpr"
"2026-06-11 17:57:42","2026-06-12 01:57:42","0.0005146765838757","pod=checkoutservice-6d7ccbb6cf-jhbpr"
"2026-06-11 17:57:57","2026-06-12 01:57:57","0.000662682045904708","pod=checkoutservice-6d7ccbb6cf-jhbpr"
"2026-06-11 17:58:12","2026-06-12 01:58:12","0.000723356412259804","pod=checkoutservice-6d7ccbb6cf-jhbpr"
"2026-06-11 17:58:27","2026-06-12 01:58:27","0.000740482695810568","pod=checkoutservice-6d7ccbb6cf-jhbpr"
"2026-06-11 17:58:42","2026-06-12 01:58:42","0.000634502309953803","pod=checkoutservice-6d7ccbb6cf-jhbpr"
"2026-06-11 17:58:57","2026-06-12 01:58:57","0.000459328618388294","pod=checkoutservice-6d7ccbb6cf-jhbpr"
"2026-06-11 17:59:12","2026-06-12 01:59:12","0.000502417555169841","pod=checkoutservice-6d7ccbb6cf-jhbpr"
"2026-06-11 17:59:27","2026-06-12 01:59:27","0.000560660537817282","pod=checkoutservice-6d7ccbb6cf-jhbpr"
"2026-06-11 17:59:42","2026-06-12 01:59:42","0.000424171751035957","pod=checkoutservice-6d7ccbb6cf-jhbpr"
"2026-06-11 17:59:57","2026-06-12 01:59:57","0.000367093005580758","pod=checkoutservice-6d7ccbb6cf-jhbpr"
"2026-06-11 18:00:12","2026-06-12 02:00:12","0.000418600422736892","pod=checkoutservice-6d7ccbb6cf-jhbpr"
"2026-06-11 18:00:27","2026-06-12 02:00:27","0.000611793008641008","pod=checkoutservice-6d7ccbb6cf-jhbpr"
"2026-06-11 18:00:42","2026-06-12 02:00:42","0.000666788540388084","pod=checkoutservice-6d7ccbb6cf-jhbpr"
"2026-06-11 18:00:57","2026-06-12 02:00:57","0.00126835438149307","pod=checkoutservice-6d7ccbb6cf-jhbpr"
"2026-06-11 18:01:12","2026-06-12 02:01:12","0.00122252335917214","pod=checkoutservice-6d7ccbb6cf-jhbpr"
"2026-06-11 18:01:27","2026-06-12 02:01:27","0.00117587933518945","pod=checkoutservice-6d7ccbb6cf-jhbpr"
"2026-06-11 18:01:42","2026-06-12 02:01:42","0.0014896629164006","pod=checkoutservice-6d7ccbb6cf-jhbpr"
"2026-06-11 18:01:57","2026-06-12 02:01:57","0.000451076564967988","pod=checkoutservice-6d7ccbb6cf-jhbpr"
"2026-06-11 18:02:12","2026-06-12 02:02:12","0.000499364272091555","pod=checkoutservice-6d7ccbb6cf-jhbpr"
"2026-06-11 18:02:27","2026-06-12 02:02:27","0.000418287978313035","pod=checkoutservice-6d7ccbb6cf-jhbpr"
"2026-06-11 18:02:42","2026-06-12 02:02:42","0.000569740287311587","pod=checkoutservice-6d7ccbb6cf-jhbpr"
"2026-06-11 18:02:57","2026-06-12 02:02:57","0.000742271683448169","pod=checkoutservice-6d7ccbb6cf-jhbpr"
"2026-06-11 18:03:12","2026-06-12 02:03:12","0.000800089426856113","pod=checkoutservice-6d7ccbb6cf-jhbpr"
"2026-06-11 18:03:27","2026-06-12 02:03:27","0.000950773461670668","pod=checkoutservice-6d7ccbb6cf-jhbpr"
"2026-06-11 18:03:42","2026-06-12 02:03:42","0.00102732470888424","pod=checkoutservice-6d7ccbb6cf-jhbpr"
"2026-06-11 18:03:57","2026-06-12 02:03:57","0.00125876922172237","pod=checkoutservice-6d7ccbb6cf-jhbpr"
"2026-06-11 18:04:12","2026-06-12 02:04:12","0.000931999692827522","pod=checkoutservice-6d7ccbb6cf-jhbpr"
"2026-06-11 18:04:27","2026-06-12 02:04:27","0.000366945338430365","pod=checkoutservice-6d7ccbb6cf-jhbpr"
"2026-06-11 18:04:42","2026-06-12 02:04:42","0.000826346035583276","pod=checkoutservice-6d7ccbb6cf-jhbpr"
"2026-06-11 18:04:57","2026-06-12 02:04:57","0.00123934644422517","pod=checkoutservice-6d7ccbb6cf-jhbpr"
"2026-06-11 18:05:12","2026-06-12 02:05:12","0.00121956671660604","pod=checkoutservice-6d7ccbb6cf-jhbpr"
"2026-06-11 18:05:27","2026-06-12 02:05:27","0.000751571594877767","pod=checkoutservice-6d7ccbb6cf-jhbpr"
"2026-06-11 18:05:42","2026-06-12 02:05:42","0.000370819734538495","pod=checkoutservice-6d7ccbb6cf-jhbpr"
"2026-06-11 18:05:57","2026-06-12 02:05:57","0.000550749741468449","pod=checkoutservice-6d7ccbb6cf-jhbpr"
"2026-06-11 18:06:12","2026-06-12 02:06:12","0.000798310047257008","pod=checkoutservice-6d7ccbb6cf-jhbpr"
"2026-06-11 18:06:27","2026-06-12 02:06:27","0.0008623994568056","pod=checkoutservice-6d7ccbb6cf-jhbpr"
"2026-06-11 18:06:42","2026-06-12 02:06:42","0.00096354027979763","pod=checkoutservice-6d7ccbb6cf-jhbpr"
"2026-06-11 18:06:57","2026-06-12 02:06:57","0.00100857817839861","pod=checkoutservice-6d7ccbb6cf-jhbpr"
"2026-06-11 18:07:12","2026-06-12 02:07:12","0.0011559153558436","pod=checkoutservice-6d7ccbb6cf-jhbpr"
"2026-06-11 18:07:27","2026-06-12 02:07:27","0.000912478671368446","pod=checkoutservice-6d7ccbb6cf-jhbpr"
"2026-06-11 18:07:42","2026-06-12 02:07:42","0.00116812007715801","pod=checkoutservice-6d7ccbb6cf-jhbpr"
"2026-06-11 18:07:57","2026-06-12 02:07:57","0.000845693689613523","pod=checkoutservice-6d7ccbb6cf-jhbpr"
"2026-06-11 18:08:12","2026-06-12 02:08:12","0.000945546610756162","pod=checkoutservice-6d7ccbb6cf-jhbpr"
"2026-06-11 18:08:27","2026-06-12 02:08:27","0.000852951143181775","pod=checkoutservice-6d7ccbb6cf-jhbpr"
"2026-06-11 18:08:42","2026-06-12 02:08:42","0.00120131284316436","pod=checkoutservice-6d7ccbb6cf-jhbpr"
"2026-06-11 18:08:57","2026-06-12 02:08:57","0.00104926301243668","pod=checkoutservice-6d7ccbb6cf-jhbpr"
"2026-06-11 18:09:12","2026-06-12 02:09:12","0.000591679200840029","pod=checkoutservice-6d7ccbb6cf-jhbpr"
"2026-06-11 18:09:27","2026-06-12 02:09:27","0.000581767253345444","pod=checkoutservice-6d7ccbb6cf-jhbpr"
"2026-06-11 18:09:42","2026-06-12 02:09:42","0.000924888119279454","pod=checkoutservice-6d7ccbb6cf-jhbpr"
"2026-06-11 18:09:57","2026-06-12 02:09:57","0.00111197905489503","pod=checkoutservice-6d7ccbb6cf-jhbpr"
"2026-06-11 18:10:12","2026-06-12 02:10:12","0.000921767831643999","pod=checkoutservice-6d7ccbb6cf-jhbpr"
"2026-06-11 18:10:27","2026-06-12 02:10:27","0.000818856686592299","pod=checkoutservice-6d7ccbb6cf-jhbpr"
"2026-06-11 18:10:42","2026-06-12 02:10:42","0.000678875026432657","pod=checkoutservice-6d7ccbb6cf-jhbpr"
"2026-06-11 18:10:57","2026-06-12 02:10:57","0.00057237649998925","pod=checkoutservice-6d7ccbb6cf-jhbpr"
"2026-06-11 18:11:12","2026-06-12 02:11:12","0.000578557622310899","pod=checkoutservice-6d7ccbb6cf-jhbpr"
"2026-06-11 18:11:27","2026-06-12 02:11:27","0.000638442521631635","pod=checkoutservice-6d7ccbb6cf-jhbpr"
"2026-06-11 18:11:42","2026-06-12 02:11:42","0.00090737505954944","pod=checkoutservice-6d7ccbb6cf-jhbpr"
"2026-06-11 18:11:57","2026-06-12 02:11:57","0.000811415982375324","pod=checkoutservice-6d7ccbb6cf-jhbpr"
"2026-06-11 18:12:12","2026-06-12 02:12:12","0.00139377220665154","pod=checkoutservice-6d7ccbb6cf-jhbpr"
"2026-06-11 18:12:27","2026-06-12 02:12:27","0.0012409614699244","pod=checkoutservice-6d7ccbb6cf-jhbpr"
"2026-06-11 18:12:42","2026-06-12 02:12:42","0.00107052594283915","pod=checkoutservice-6d7ccbb6cf-jhbpr"
"2026-06-11 18:12:57","2026-06-12 02:12:57","0.000517828129154225","pod=checkoutservice-6d7ccbb6cf-jhbpr"
"2026-06-11 18:13:12","2026-06-12 02:13:12","0.000493556593544081","pod=checkoutservice-6d7ccbb6cf-jhbpr"
"2026-06-11 18:13:27","2026-06-12 02:13:27","0.000613627577319603","pod=checkoutservice-6d7ccbb6cf-jhbpr"
"2026-06-11 18:13:42","2026-06-12 02:13:42","0.000409385819724257","pod=checkoutservice-6d7ccbb6cf-jhbpr"
"2026-06-11 18:13:57","2026-06-12 02:13:57","0.000408672396860956","pod=checkoutservice-6d7ccbb6cf-jhbpr"
"2026-06-11 18:14:12","2026-06-12 02:14:12","0.000237797935026782","pod=checkoutservice-6d7ccbb6cf-jhbpr"
"2026-06-11 18:14:27","2026-06-12 02:14:27","0.000495896569148487","pod=checkoutservice-6d7ccbb6cf-jhbpr"
"2026-06-11 18:14:42","2026-06-12 02:14:42","0.000570936018417677","pod=checkoutservice-6d7ccbb6cf-jhbpr"
"2026-06-11 18:14:57","2026-06-12 02:14:57","0.000545769259332619","pod=checkoutservice-6d7ccbb6cf-jhbpr"
"2026-06-11 18:15:12","2026-06-12 02:15:12","0.00046177580378899","pod=checkoutservice-6d7ccbb6cf-jhbpr"
"2026-06-11 18:15:27","2026-06-12 02:15:27","0.000572399728076145","pod=checkoutservice-6d7ccbb6cf-jhbpr"
"2026-06-11 18:15:42","2026-06-12 02:15:42","0.000614260448803045","pod=checkoutservice-6d7ccbb6cf-jhbpr"
"2026-06-11 18:15:57","2026-06-12 02:15:57","0.000880725881501391","pod=checkoutservice-6d7ccbb6cf-jhbpr"
"2026-06-11 18:16:12","2026-06-12 02:16:12","0.000519450371655672","pod=checkoutservice-6d7ccbb6cf-jhbpr"
"2026-06-11 18:16:27","2026-06-12 02:16:27","0.000441541838017537","pod=checkoutservice-6d7ccbb6cf-jhbpr"
"2026-06-11 18:16:42","2026-06-12 02:16:42","0.000752778262640374","pod=checkoutservice-6d7ccbb6cf-jhbpr"
"2026-06-11 18:16:57","2026-06-12 02:16:57","0.000831820316997401","pod=checkoutservice-6d7ccbb6cf-jhbpr"
"2026-06-11 18:17:12","2026-06-12 02:17:12","0.000805416248746249","pod=checkoutservice-6d7ccbb6cf-jhbpr"
"2026-06-11 18:17:27","2026-06-12 02:17:27","0.00040114907630145","pod=checkoutservice-6d7ccbb6cf-jhbpr"
"2026-06-11 18:17:42","2026-06-12 02:17:42","0.000382079496578662","pod=checkoutservice-6d7ccbb6cf-jhbpr"
"2026-06-11 18:17:57","2026-06-12 02:17:57","0.000541375245579556","pod=checkoutservice-6d7ccbb6cf-jhbpr"
"2026-06-11 18:18:12","2026-06-12 02:18:12","0.000614196600422054","pod=checkoutservice-6d7ccbb6cf-jhbpr"
"2026-06-11 18:18:27","2026-06-12 02:18:27","0.00062884255265429","pod=checkoutservice-6d7ccbb6cf-jhbpr"
"2026-06-11 18:18:42","2026-06-12 02:18:42","0.000533850255331931","pod=checkoutservice-6d7ccbb6cf-jhbpr"
"2026-06-11 18:18:57","2026-06-12 02:18:57","0.00036222675225541","pod=checkoutservice-6d7ccbb6cf-jhbpr"
"2026-06-11 18:19:12","2026-06-12 02:19:12","0.000244454422990561","pod=checkoutservice-6d7ccbb6cf-jhbpr"
"2026-06-11 18:19:27","2026-06-12 02:19:27","0.00022787472552873","pod=checkoutservice-6d7ccbb6cf-jhbpr"
"2026-06-11 18:19:42","2026-06-12 02:19:42","0.000243740952056522","pod=checkoutservice-6d7ccbb6cf-jhbpr"
"2026-06-11 18:19:57","2026-06-12 02:19:57","0.000649908486435156","pod=checkoutservice-6d7ccbb6cf-jhbpr"
"2026-06-11 18:20:12","2026-06-12 02:20:12","0.000607064458191951","pod=checkoutservice-6d7ccbb6cf-jhbpr"
"2026-06-11 18:20:27","2026-06-12 02:20:27","0.000789472558497667","pod=checkoutservice-6d7ccbb6cf-jhbpr"
"2026-06-11 18:20:42","2026-06-12 02:20:42","0.000550376751344125","pod=checkoutservice-6d7ccbb6cf-jhbpr"
"2026-06-11 18:20:57","2026-06-12 02:20:57","0.000621388196793977","pod=checkoutservice-6d7ccbb6cf-jhbpr"
"2026-06-11 18:21:12","2026-06-12 02:21:12","0.000831868855436731","pod=checkoutservice-6d7ccbb6cf-jhbpr"
"2026-06-11 18:21:27","2026-06-12 02:21:27","0.0006306732497366","pod=checkoutservice-6d7ccbb6cf-jhbpr"
"2026-06-11 18:21:42","2026-06-12 02:21:42","0.000158017248062046","pod=checkoutservice-6d7ccbb6cf-jhbpr"
"2026-06-11 18:21:57","2026-06-12 02:21:57","0.000697046153846168","pod=checkoutservice-6d7ccbb6cf-jhbpr"
"2026-06-11 18:22:12","2026-06-12 02:22:12","0.000993736329290115","pod=checkoutservice-6d7ccbb6cf-jhbpr"
"2026-06-11 18:22:27","2026-06-12 02:22:27","0.000971506849315082","pod=checkoutservice-6d7ccbb6cf-jhbpr"
"2026-06-11 18:22:42","2026-06-12 02:22:42","0.000762543467461506","pod=checkoutservice-6d7ccbb6cf-jhbpr"
"2026-06-11 18:22:57","2026-06-12 02:22:57","0.000572690833552779","pod=checkoutservice-6d7ccbb6cf-jhbpr"
"2026-06-11 18:23:12","2026-06-12 02:23:12","0.000559062066647046","pod=checkoutservice-6d7ccbb6cf-jhbpr"
"2026-06-11 18:23:27","2026-06-12 02:23:27","0.00105569890559656","pod=checkoutservice-6d7ccbb6cf-jhbpr"
"2026-06-11 18:23:42","2026-06-12 02:23:42","0.000876043615128425","pod=checkoutservice-6d7ccbb6cf-jhbpr"
"2026-06-11 18:23:57","2026-06-12 02:23:57","0.00087440057137026","pod=checkoutservice-6d7ccbb6cf-jhbpr"
"2026-06-11 18:24:12","2026-06-12 02:24:12","0.000326916100856448","pod=checkoutservice-6d7ccbb6cf-jhbpr"
"2026-06-11 18:24:27","2026-06-12 02:24:27","0.000579890170013552","pod=checkoutservice-6d7ccbb6cf-jhbpr"
"2026-06-11 18:24:42","2026-06-12 02:24:42","0.00066733887908582","pod=checkoutservice-6d7ccbb6cf-jhbpr"
"2026-06-11 18:24:57","2026-06-12 02:24:57","0.000473073091161502","pod=checkoutservice-6d7ccbb6cf-jhbpr"
"2026-06-11 18:25:12","2026-06-12 02:25:12","0.00063257751041185","pod=checkoutservice-6d7ccbb6cf-jhbpr"
"2026-06-11 18:25:27","2026-06-12 02:25:27","0.000784517697919443","pod=checkoutservice-6d7ccbb6cf-jhbpr"
"2026-06-11 18:25:42","2026-06-12 02:25:42","0.000765999787730849","pod=checkoutservice-6d7ccbb6cf-jhbpr"
"2026-06-11 18:25:57","2026-06-12 02:25:57","0.000629171223558935","pod=checkoutservice-6d7ccbb6cf-jhbpr"
"2026-06-11 18:26:12","2026-06-12 02:26:12","0.00062375407367879","pod=checkoutservice-6d7ccbb6cf-jhbpr"
"2026-06-11 18:26:27","2026-06-12 02:26:27","0.000736803322615218","pod=checkoutservice-6d7ccbb6cf-jhbpr"
"2026-06-11 18:26:42","2026-06-12 02:26:42","0.000604395318595585","pod=checkoutservice-6d7ccbb6cf-jhbpr"
"2026-06-11 18:26:57","2026-06-12 02:26:57","0.000646764082127324","pod=checkoutservice-6d7ccbb6cf-jhbpr"
"2026-06-11 18:27:12","2026-06-12 02:27:12","0.000486718720671886","pod=checkoutservice-6d7ccbb6cf-jhbpr"
"2026-06-11 18:27:27","2026-06-12 02:27:27","0.000849559218091197","pod=checkoutservice-6d7ccbb6cf-jhbpr"
"2026-06-11 18:27:42","2026-06-12 02:27:42","0.000805255023183899","pod=checkoutservice-6d7ccbb6cf-jhbpr"
"2026-06-11 18:27:57","2026-06-12 02:27:57","0.00041318242444033","pod=checkoutservice-6d7ccbb6cf-jhbpr"
"2026-06-11 18:28:12","2026-06-12 02:28:12","0.000810466024472812","pod=checkoutservice-6d7ccbb6cf-jhbpr"
"2026-06-11 18:28:27","2026-06-12 02:28:27","0.000787870791543428","pod=checkoutservice-6d7ccbb6cf-jhbpr"
"2026-06-11 18:28:42","2026-06-12 02:28:42","0.000965296571046529","pod=checkoutservice-6d7ccbb6cf-jhbpr"
"2026-06-11 18:28:57","2026-06-12 02:28:57","0.000829663078889876","pod=checkoutservice-6d7ccbb6cf-jhbpr"
"2026-06-11 18:29:12","2026-06-12 02:29:12","0.00048171795293732","pod=checkoutservice-6d7ccbb6cf-jhbpr"
"2026-06-11 18:29:27","2026-06-12 02:29:27","0.000737764391813278","pod=checkoutservice-6d7ccbb6cf-jhbpr"
"2026-06-11 18:29:42","2026-06-12 02:29:42","0.000741989030023072","pod=checkoutservice-6d7ccbb6cf-jhbpr"
"2026-06-11 18:29:57","2026-06-12 02:29:57","0.000780289499144141","pod=checkoutservice-6d7ccbb6cf-jhbpr"
"2026-06-11 18:30:12","2026-06-12 02:30:12","0.000704377266336101","pod=checkoutservice-6d7ccbb6cf-jhbpr"
"2026-06-11 18:30:27","2026-06-12 02:30:27","0.000805800638257937","pod=checkoutservice-6d7ccbb6cf-jhbpr"
"2026-06-11 18:30:42","2026-06-12 02:30:42","0.000809692098029718","pod=checkoutservice-6d7ccbb6cf-jhbpr"
"2026-06-11 18:30:57","2026-06-12 02:30:57","0.000786681018158627","pod=checkoutservice-6d7ccbb6cf-jhbpr"
"2026-06-11 18:31:12","2026-06-12 02:31:12","0.000573279579597652","pod=checkoutservice-6d7ccbb6cf-jhbpr"
"2026-06-11 18:31:27","2026-06-12 02:31:27","0.000728165332125731","pod=checkoutservice-6d7ccbb6cf-jhbpr"
"2026-06-11 18:31:42","2026-06-12 02:31:42","0.000434495106482931","pod=checkoutservice-6d7ccbb6cf-jhbpr"
"2026-06-11 18:31:57","2026-06-12 02:31:57","0.00065274509219817","pod=checkoutservice-6d7ccbb6cf-jhbpr"
"2026-06-11 18:32:12","2026-06-12 02:32:12","0.000594592930163784","pod=checkoutservice-6d7ccbb6cf-jhbpr"
"2026-06-11 18:32:27","2026-06-12 02:32:27","0.00101799361776301","pod=checkoutservice-6d7ccbb6cf-jhbpr"
"2026-06-11 18:32:42","2026-06-12 02:32:42","0.00101845506462276","pod=checkoutservice-6d7ccbb6cf-jhbpr"
"2026-06-11 18:32:57","2026-06-12 02:32:57","0.000965107617516764","pod=checkoutservice-6d7ccbb6cf-jhbpr"
"2026-06-11 18:33:12","2026-06-12 02:33:12","0.000759950473340715","pod=checkoutservice-6d7ccbb6cf-jhbpr"
"2026-06-11 18:33:27","2026-06-12 02:33:27","0.000491039767724128","pod=checkoutservice-6d7ccbb6cf-jhbpr"
"2026-06-11 18:33:42","2026-06-12 02:33:42","0.000602930438592232","pod=checkoutservice-6d7ccbb6cf-jhbpr"
"2026-06-11 18:33:57","2026-06-12 02:33:57","0.0007702470868703","pod=checkoutservice-6d7ccbb6cf-jhbpr"
"2026-06-11 18:34:12","2026-06-12 02:34:12","0.000918273506127315","pod=checkoutservice-6d7ccbb6cf-jhbpr"
"2026-06-11 18:34:27","2026-06-12 02:34:27","0.00114774268362193","pod=checkoutservice-6d7ccbb6cf-jhbpr"
"2026-06-11 18:34:42","2026-06-12 02:34:42","0.000971352876558902","pod=checkoutservice-6d7ccbb6cf-jhbpr"
"2026-06-11 18:34:57","2026-06-12 02:34:57","0.000860718463638159","pod=checkoutservice-6d7ccbb6cf-jhbpr"
"2026-06-11 18:35:12","2026-06-12 02:35:12","0.000800363054847226","pod=checkoutservice-6d7ccbb6cf-jhbpr"
"2026-06-11 18:35:27","2026-06-12 02:35:27","0.000842317249118313","pod=checkoutservice-6d7ccbb6cf-jhbpr"
"2026-06-11 18:35:42","2026-06-12 02:35:42","0.000899139721150995","pod=checkoutservice-6d7ccbb6cf-jhbpr"
"2026-06-11 18:35:57","2026-06-12 02:35:57","0.000491324844478983","pod=checkoutservice-6d7ccbb6cf-jhbpr"
"2026-06-11 18:36:12","2026-06-12 02:36:12","0.000586303965095588","pod=checkoutservice-6d7ccbb6cf-jhbpr"
"2026-06-11 18:36:27","2026-06-12 02:36:27","0.000751450999145284","pod=checkoutservice-6d7ccbb6cf-jhbpr"
"2026-06-11 18:36:42","2026-06-12 02:36:42","0.000828021581277347","pod=checkoutservice-6d7ccbb6cf-jhbpr"
"2026-06-11 18:36:57","2026-06-12 02:36:57","0.000956656282016445","pod=checkoutservice-6d7ccbb6cf-jhbpr"
"2026-06-11 18:37:12","2026-06-12 02:37:12","0.000859350214440999","pod=checkoutservice-6d7ccbb6cf-jhbpr"
"2026-06-11 18:37:27","2026-06-12 02:37:27","0.0010096030115044","pod=checkoutservice-6d7ccbb6cf-jhbpr"
"2026-06-11 18:37:42","2026-06-12 02:37:42","0.000987524160955888","pod=checkoutservice-6d7ccbb6cf-jhbpr"
"2026-06-11 18:37:57","2026-06-12 02:37:57","0.00098900901709208","pod=checkoutservice-6d7ccbb6cf-jhbpr"
"2026-06-11 18:38:12","2026-06-12 02:38:12","0.000784296603969531","pod=checkoutservice-6d7ccbb6cf-jhbpr"
"2026-06-11 18:38:27","2026-06-12 02:38:27","0.000819848367029549","pod=checkoutservice-6d7ccbb6cf-jhbpr"
"2026-06-11 18:38:42","2026-06-12 02:38:42","0.000831275975435767","pod=checkoutservice-6d7ccbb6cf-jhbpr"
"2026-06-11 18:38:57","2026-06-12 02:38:57","0.00084825710663163","pod=checkoutservice-6d7ccbb6cf-jhbpr"
"2026-06-11 18:39:12","2026-06-12 02:39:12","0.000754437422515209","pod=checkoutservice-6d7ccbb6cf-jhbpr"
"2026-06-11 18:39:27","2026-06-12 02:39:27","0.000884839970145351","pod=checkoutservice-6d7ccbb6cf-jhbpr"
"2026-06-11 18:39:42","2026-06-12 02:39:42","0.000879576804606915","pod=checkoutservice-6d7ccbb6cf-jhbpr"
"2026-06-11 18:39:57","2026-06-12 02:39:57","0.000316785562053385","pod=checkoutservice-6d7ccbb6cf-jhbpr"
"2026-06-11 18:40:12","2026-06-12 02:40:12","0.000508673026886384","pod=checkoutservice-6d7ccbb6cf-jhbpr"
"2026-06-11 18:40:27","2026-06-12 02:40:27","0.000447902338376937","pod=checkoutservice-6d7ccbb6cf-jhbpr"
"2026-06-11 18:40:42","2026-06-12 02:40:42","0.000764023210831719","pod=checkoutservice-6d7ccbb6cf-jhbpr"
"2026-06-11 18:40:57","2026-06-12 02:40:57","0.000933462144935255","pod=checkoutservice-6d7ccbb6cf-jhbpr"
"2026-06-11 18:41:12","2026-06-12 02:41:12","0.000777097582549681","pod=checkoutservice-6d7ccbb6cf-jhbpr"
"2026-06-11 18:41:27","2026-06-12 02:41:27","0.000903542943020287","pod=checkoutservice-6d7ccbb6cf-jhbpr"
"2026-06-11 18:41:42","2026-06-12 02:41:42","0.00100718624347676","pod=checkoutservice-6d7ccbb6cf-jhbpr"
"2026-06-11 18:41:57","2026-06-12 02:41:57","0.000846486982218402","pod=checkoutservice-6d7ccbb6cf-jhbpr"
"2026-06-11 18:42:12","2026-06-12 02:42:12","0.000760122609837974","pod=checkoutservice-6d7ccbb6cf-jhbpr"
"2026-06-11 18:42:27","2026-06-12 02:42:27","0.000893255155518963","pod=checkoutservice-6d7ccbb6cf-jhbpr"
"2026-06-11 18:42:42","2026-06-12 02:42:42","0.000780880091767755","pod=checkoutservice-6d7ccbb6cf-jhbpr"
"2026-06-11 18:42:57","2026-06-12 02:42:57","0.000736863004632707","pod=checkoutservice-6d7ccbb6cf-jhbpr"
"2026-06-11 18:43:12","2026-06-12 02:43:12","0.000730848710281305","pod=checkoutservice-6d7ccbb6cf-jhbpr"
"2026-06-11 18:43:27","2026-06-12 02:43:27","0.000831784470469339","pod=checkoutservice-6d7ccbb6cf-jhbpr"
"2026-06-11 18:43:42","2026-06-12 02:43:42","0.000915302261015079","pod=checkoutservice-6d7ccbb6cf-jhbpr"
"2026-06-11 18:43:57","2026-06-12 02:43:57","0.000674086623987575","pod=checkoutservice-6d7ccbb6cf-jhbpr"
"2026-06-11 18:44:12","2026-06-12 02:44:12","0.000819085444852711","pod=checkoutservice-6d7ccbb6cf-jhbpr"
"2026-06-11 18:44:27","2026-06-12 02:44:27","0.000630259958855437","pod=checkoutservice-6d7ccbb6cf-jhbpr"
"2026-06-11 18:44:42","2026-06-12 02:44:42","0.000480500000000017","pod=checkoutservice-6d7ccbb6cf-jhbpr"
"2026-06-11 18:44:57","2026-06-12 02:44:57","0.000948481185725327","pod=checkoutservice-6d7ccbb6cf-jhbpr"
"2026-06-11 18:45:12","2026-06-12 02:45:12","0.000911851505098384","pod=checkoutservice-6d7ccbb6cf-jhbpr"
"2026-06-11 18:45:27","2026-06-12 02:45:27","0.000733672517938933","pod=checkoutservice-6d7ccbb6cf-jhbpr"
"2026-06-11 18:45:42","2026-06-12 02:45:42","0.000425409542565583","pod=checkoutservice-6d7ccbb6cf-jhbpr"
"2026-06-11 18:45:57","2026-06-12 02:45:57","0.000600483250961034","pod=checkoutservice-6d7ccbb6cf-jhbpr"
"2026-06-11 18:46:12","2026-06-12 02:46:12","0.00103535115797404","pod=checkoutservice-6d7ccbb6cf-jhbpr"
"2026-06-11 18:46:27","2026-06-12 02:46:27","0.00110248579545454","pod=checkoutservice-6d7ccbb6cf-jhbpr"
"2026-06-11 18:46:42","2026-06-12 02:46:42","0.000829122037065197","pod=checkoutservice-6d7ccbb6cf-jhbpr"
"2026-06-11 18:46:57","2026-06-12 02:46:57","0.000435663852818679","pod=checkoutservice-6d7ccbb6cf-jhbpr"
"2026-06-11 18:47:12","2026-06-12 02:47:12","0.000503561212540075","pod=checkoutservice-6d7ccbb6cf-jhbpr"
"2026-06-11 18:47:27","2026-06-12 02:47:27","0.000527476744589685","pod=checkoutservice-6d7ccbb6cf-jhbpr"
"2026-06-11 18:47:42","2026-06-12 02:47:42","0.000658011769462258","pod=checkoutservice-6d7ccbb6cf-jhbpr"
"2026-06-11 18:47:57","2026-06-12 02:47:57","0.000582179832808505","pod=checkoutservice-6d7ccbb6cf-jhbpr"
"2026-06-11 18:48:12","2026-06-12 02:48:12","0.000501242382235241","pod=checkoutservice-6d7ccbb6cf-jhbpr"
"2026-06-11 18:48:27","2026-06-12 02:48:27","0.000450702458605136","pod=checkoutservice-6d7ccbb6cf-jhbpr"
"2026-06-11 18:48:42","2026-06-12 02:48:42","0.000339576686070588","pod=checkoutservice-6d7ccbb6cf-jhbpr"
"2026-06-11 18:48:57","2026-06-12 02:48:57","0.000565181073507268","pod=checkoutservice-6d7ccbb6cf-jhbpr"
"2026-06-11 18:49:12","2026-06-12 02:49:12","0.000620727572619816","pod=checkoutservice-6d7ccbb6cf-jhbpr"
"2026-06-11 18:49:27","2026-06-12 02:49:27","0.000415516145803247","pod=checkoutservice-6d7ccbb6cf-jhbpr"
"2026-06-11 18:49:42","2026-06-12 02:49:42","0.000637434037506203","pod=checkoutservice-6d7ccbb6cf-jhbpr"
"2026-06-11 18:49:57","2026-06-12 02:49:57","0.000994032485133743","pod=checkoutservice-6d7ccbb6cf-jhbpr"
"2026-06-11 18:50:12","2026-06-12 02:50:12","0.00100202073534699","pod=checkoutservice-6d7ccbb6cf-jhbpr"
"2026-06-11 18:50:27","2026-06-12 02:50:27","0.00126582942011578","pod=checkoutservice-6d7ccbb6cf-jhbpr"
"2026-06-11 18:50:42","2026-06-12 02:50:42","0.000551246864394239","pod=checkoutservice-6d7ccbb6cf-jhbpr"
"2026-06-11 18:50:57","2026-06-12 02:50:57","0.000283706184257043","pod=checkoutservice-6d7ccbb6cf-jhbpr"
"2026-06-11 18:51:12","2026-06-12 02:51:12","0.000294056035611432","pod=checkoutservice-6d7ccbb6cf-jhbpr"
"2026-06-11 18:51:27","2026-06-12 02:51:27","0.00038399674233941","pod=checkoutservice-6d7ccbb6cf-jhbpr"
"2026-06-11 18:51:42","2026-06-12 02:51:42","0.000504706748276125","pod=checkoutservice-6d7ccbb6cf-jhbpr"
"2026-06-11 18:51:57","2026-06-12 02:51:57","0.000623730834052678","pod=checkoutservice-6d7ccbb6cf-jhbpr"
"2026-06-11 18:52:12","2026-06-12 02:52:12","0.00079941883607995","pod=checkoutservice-6d7ccbb6cf-jhbpr"
"2026-06-11 18:52:27","2026-06-12 02:52:27","0.000667802206245394","pod=checkoutservice-6d7ccbb6cf-jhbpr"
"2026-06-11 18:52:42","2026-06-12 02:52:42","0.000970920840064618","pod=checkoutservice-6d7ccbb6cf-jhbpr"
"2026-06-11 18:52:57","2026-06-12 02:52:57","0.000802441531739884","pod=checkoutservice-6d7ccbb6cf-jhbpr"
"2026-06-11 18:53:12","2026-06-12 02:53:12","0.000329800000000002","pod=checkoutservice-6d7ccbb6cf-jhbpr"
"2026-06-11 18:53:27","2026-06-12 02:53:27","0.00054647922214653","pod=checkoutservice-6d7ccbb6cf-jhbpr"
"2026-06-11 18:53:42","2026-06-12 02:53:42","0.000501464169987673","pod=checkoutservice-6d7ccbb6cf-jhbpr"
"2026-06-11 18:53:57","2026-06-12 02:53:57","0.000811265297397458","pod=checkoutservice-6d7ccbb6cf-jhbpr"
"2026-06-11 18:54:12","2026-06-12 02:54:12","0.000773254134872209","pod=checkoutservice-6d7ccbb6cf-jhbpr"
"2026-06-11 18:54:27","2026-06-12 02:54:27","0.00109074959744289","pod=checkoutservice-6d7ccbb6cf-jhbpr"
"2026-06-11 18:54:42","2026-06-12 02:54:42","0.00103161521793188","pod=checkoutservice-6d7ccbb6cf-jhbpr"
"2026-06-11 18:54:57","2026-06-12 02:54:57","0.000365420541778987","pod=checkoutservice-6d7ccbb6cf-jhbpr"
"2026-06-11 18:55:12","2026-06-12 02:55:12","0.00053667941563732","pod=checkoutservice-6d7ccbb6cf-jhbpr"
"2026-06-11 18:55:27","2026-06-12 02:55:27","0.00023307628914526","pod=checkoutservice-6d7ccbb6cf-jhbpr"
"2026-06-11 18:55:42","2026-06-12 02:55:42","0.000720729582373133","pod=checkoutservice-6d7ccbb6cf-jhbpr"
"2026-06-11 18:55:57","2026-06-12 02:55:57","0.000797029997030032","pod=checkoutservice-6d7ccbb6cf-jhbpr"
"2026-06-11 18:56:12","2026-06-12 02:56:12","0.000897894841863742","pod=checkoutservice-6d7ccbb6cf-jhbpr"
"2026-06-11 18:56:27","2026-06-12 02:56:27","0.00079095654361359","pod=checkoutservice-6d7ccbb6cf-jhbpr"
"2026-06-11 18:56:42","2026-06-12 02:56:42","0.000851719240693681","pod=checkoutservice-6d7ccbb6cf-jhbpr"
"2026-06-11 18:56:57","2026-06-12 02:56:57","0.000744214399233662","pod=checkoutservice-6d7ccbb6cf-jhbpr"
"2026-06-11 18:57:12","2026-06-12 02:57:12","0.000761737389725588","pod=checkoutservice-6d7ccbb6cf-jhbpr"
"2026-06-11 18:57:27","2026-06-12 02:57:27","0.000812683267395873","pod=checkoutservice-6d7ccbb6cf-jhbpr"
"2026-06-11 18:57:42","2026-06-12 02:57:42","0.000729455077830628","pod=checkoutservice-6d7ccbb6cf-jhbpr"
"2026-06-11 18:57:57","2026-06-12 02:57:57","0.000535083477259618","pod=checkoutservice-6d7ccbb6cf-jhbpr"
"2026-06-11 18:58:12","2026-06-12 02:58:12","0.00041574817232669","pod=checkoutservice-6d7ccbb6cf-jhbpr"
"2026-06-11 18:58:27","2026-06-12 02:58:27","0.000512975327934851","pod=checkoutservice-6d7ccbb6cf-jhbpr"
"2026-06-11 18:58:42","2026-06-12 02:58:42","0.000596367305751774","pod=checkoutservice-6d7ccbb6cf-jhbpr"
"2026-06-11 18:58:57","2026-06-12 02:58:57","0.000602826338264075","pod=checkoutservice-6d7ccbb6cf-jhbpr"
"2026-06-11 18:59:12","2026-06-12 02:59:12","0.000774921587344894","pod=checkoutservice-6d7ccbb6cf-jhbpr"
"2026-06-11 18:59:27","2026-06-12 02:59:27","0.00106541180146056","pod=checkoutservice-6d7ccbb6cf-jhbpr"
"2026-06-11 18:59:42","2026-06-12 02:59:42","0.00136547172002634","pod=checkoutservice-6d7ccbb6cf-jhbpr"
"2026-06-11 18:59:57","2026-06-12 02:59:57","0.00136858030749101","pod=checkoutservice-6d7ccbb6cf-jhbpr"
"2026-06-11 19:00:12","2026-06-12 03:00:12","0.0009550067218873","pod=checkoutservice-6d7ccbb6cf-jhbpr"
"2026-06-11 19:00:27","2026-06-12 03:00:27","0.00075934971203611","pod=checkoutservice-6d7ccbb6cf-jhbpr"
"2026-06-11 19:00:42","2026-06-12 03:00:42","0.000580495093212034","pod=checkoutservice-6d7ccbb6cf-jhbpr"
"2026-06-11 19:00:57","2026-06-12 03:00:57","0.000654426097282276","pod=checkoutservice-6d7ccbb6cf-jhbpr"
"2026-06-11 19:01:12","2026-06-12 03:01:12","0.00059947534903872","pod=checkoutservice-6d7ccbb6cf-jhbpr"
"2026-06-11 19:01:27","2026-06-12 03:01:27","0.00100623742053763","pod=checkoutservice-6d7ccbb6cf-jhbpr"
"2026-06-11 19:01:42","2026-06-12 03:01:42","0.0010966654284653","pod=checkoutservice-6d7ccbb6cf-jhbpr"
"2026-06-11 19:01:57","2026-06-12 03:01:57","0.00082361743656473","pod=checkoutservice-6d7ccbb6cf-jhbpr"
"2026-06-11 19:02:12","2026-06-12 03:02:12","0.000463375913756191","pod=checkoutservice-6d7ccbb6cf-jhbpr"
"2026-06-11 19:02:27","2026-06-12 03:02:27","0.000733853124012265","pod=checkoutservice-6d7ccbb6cf-jhbpr"
"2026-06-11 19:02:42","2026-06-12 03:02:42","0.000712575769201251","pod=checkoutservice-6d7ccbb6cf-jhbpr"
"2026-06-11 19:02:57","2026-06-12 03:02:57","0.000531349999999975","pod=checkoutservice-6d7ccbb6cf-jhbpr"
"2026-06-11 19:03:12","2026-06-12 03:03:12","0.000811390532544378","pod=checkoutservice-6d7ccbb6cf-jhbpr"
"2026-06-11 19:03:27","2026-06-12 03:03:27","0.000723913358097377","pod=checkoutservice-6d7ccbb6cf-jhbpr"
"2026-06-11 19:03:42","2026-06-12 03:03:42","0.000697010987109626","pod=checkoutservice-6d7ccbb6cf-jhbpr"
"2026-06-11 19:03:57","2026-06-12 03:03:57","0.000760537829473892","pod=checkoutservice-6d7ccbb6cf-jhbpr"
"2026-06-11 19:04:12","2026-06-12 03:04:12","0.000804345480829392","pod=checkoutservice-6d7ccbb6cf-jhbpr"
"2026-06-11 19:04:27","2026-06-12 03:04:27","0.00103369978192937","pod=checkoutservice-6d7ccbb6cf-jhbpr"
"2026-06-11 19:04:42","2026-06-12 03:04:42","0.001017186275101","pod=checkoutservice-6d7ccbb6cf-jhbpr"
"2026-06-11 19:04:57","2026-06-12 03:04:57","0.000935666163901459","pod=checkoutservice-6d7ccbb6cf-jhbpr"
"2026-06-11 19:05:12","2026-06-12 03:05:12","0.000477411131567741","pod=checkoutservice-6d7ccbb6cf-jhbpr"
"2026-06-11 19:05:27","2026-06-12 03:05:27","0.000375208235444891","pod=checkoutservice-6d7ccbb6cf-jhbpr"
"2026-06-11 19:05:42","2026-06-12 03:05:42","0.000679295446992339","pod=checkoutservice-6d7ccbb6cf-jhbpr"
"2026-06-11 19:05:57","2026-06-12 03:05:57","0.000845122261594812","pod=checkoutservice-6d7ccbb6cf-jhbpr"
"2026-06-11 19:06:12","2026-06-12 03:06:12","0.00103783218503937","pod=checkoutservice-6d7ccbb6cf-jhbpr"
"2026-06-11 19:06:27","2026-06-12 03:06:27","0.00102547365069259","pod=checkoutservice-6d7ccbb6cf-jhbpr"
"2026-06-11 19:06:42","2026-06-12 03:06:42","0.000997464228178085","pod=checkoutservice-6d7ccbb6cf-jhbpr"
"2026-06-11 19:06:57","2026-06-12 03:06:57","0.000726378926539682","pod=checkoutservice-6d7ccbb6cf-jhbpr"
"2026-06-11 19:07:12","2026-06-12 03:07:12","0.000358714043993212","pod=checkoutservice-6d7ccbb6cf-jhbpr"
"2026-06-11 19:07:27","2026-06-12 03:07:27","0.000661000413882806","pod=checkoutservice-6d7ccbb6cf-jhbpr"
"2026-06-11 19:07:42","2026-06-12 03:07:42","0.000680597125913249","pod=checkoutservice-6d7ccbb6cf-jhbpr"
"2026-06-11 19:07:57","2026-06-12 03:07:57","0.00069387605427209","pod=checkoutservice-6d7ccbb6cf-jhbpr"
"2026-06-11 19:08:12","2026-06-12 03:08:12","0.000600316539171712","pod=checkoutservice-6d7ccbb6cf-jhbpr"
"2026-06-11 19:08:27","2026-06-12 03:08:27","0.000617707075334207","pod=checkoutservice-6d7ccbb6cf-jhbpr"
"2026-06-11 19:08:42","2026-06-12 03:08:42","0.00061267379335461","pod=checkoutservice-6d7ccbb6cf-jhbpr"
"2026-06-11 19:08:57","2026-06-12 03:08:57","0.000564986645473246","pod=checkoutservice-6d7ccbb6cf-jhbpr"
"2026-06-11 19:09:12","2026-06-12 03:09:12","0.000587336356326628","pod=checkoutservice-6d7ccbb6cf-jhbpr"
"2026-06-11 19:09:27","2026-06-12 03:09:27","0.000672850180789217","pod=checkoutservice-6d7ccbb6cf-jhbpr"
"2026-06-11 19:09:42","2026-06-12 03:09:42","0.000708365780398273","pod=checkoutservice-6d7ccbb6cf-jhbpr"
"2026-06-11 19:09:57","2026-06-12 03:09:57","0.000392270222274216","pod=checkoutservice-6d7ccbb6cf-jhbpr"
"2026-06-11 19:10:12","2026-06-12 03:10:12","0.000766568831660645","pod=checkoutservice-6d7ccbb6cf-jhbpr"
"2026-06-11 19:10:27","2026-06-12 03:10:27","0.000586975282689003","pod=checkoutservice-6d7ccbb6cf-jhbpr"
"2026-06-11 19:10:42","2026-06-12 03:10:42","0.000815417731736832","pod=checkoutservice-6d7ccbb6cf-jhbpr"
"2026-06-11 19:10:57","2026-06-12 03:10:57","0.000559562760261766","pod=checkoutservice-6d7ccbb6cf-jhbpr"
"2026-06-11 19:11:12","2026-06-12 03:11:12","0.000638748370273819","pod=checkoutservice-6d7ccbb6cf-jhbpr"
"2026-06-11 19:11:27","2026-06-12 03:11:27","0.000737756307031681","pod=checkoutservice-6d7ccbb6cf-jhbpr"
"2026-06-11 19:11:42","2026-06-12 03:11:42","0.001050439489378","pod=checkoutservice-6d7ccbb6cf-jhbpr"
"2026-06-11 19:11:57","2026-06-12 03:11:57","0.00063106666666665","pod=checkoutservice-6d7ccbb6cf-jhbpr"
"2026-06-11 19:12:12","2026-06-12 03:12:12","0.000881068684783839","pod=checkoutservice-6d7ccbb6cf-jhbpr"
"2026-06-11 19:12:27","2026-06-12 03:12:27","0.000671039944903575","pod=checkoutservice-6d7ccbb6cf-jhbpr"
"2026-06-11 19:12:42","2026-06-12 03:12:42","0.000248941631387751","pod=checkoutservice-6d7ccbb6cf-jhbpr"
"2026-06-11 19:12:57","2026-06-12 03:12:57","0.000601734230404915","pod=checkoutservice-6d7ccbb6cf-jhbpr"
"2026-06-11 19:13:12","2026-06-12 03:13:12","0.000626552586845018","pod=checkoutservice-6d7ccbb6cf-jhbpr"
"2026-06-11 19:13:27","2026-06-12 03:13:27","0.000825050722334933","pod=checkoutservice-6d7ccbb6cf-jhbpr"
"2026-06-11 19:13:42","2026-06-12 03:13:42","0.000853679106051021","pod=checkoutservice-6d7ccbb6cf-jhbpr"
"2026-06-11 19:13:57","2026-06-12 03:13:57","0.000807928194108684","pod=checkoutservice-6d7ccbb6cf-jhbpr"
"2026-06-11 19:14:12","2026-06-12 03:14:12","0.000711733541418514","pod=checkoutservice-6d7ccbb6cf-jhbpr"
"2026-06-11 19:14:27","2026-06-12 03:14:27","0.000464554113249999","pod=checkoutservice-6d7ccbb6cf-jhbpr"
"2026-06-11 19:14:42","2026-06-12 03:14:42","0.000803002872522735","pod=checkoutservice-6d7ccbb6cf-jhbpr"
"2026-06-11 19:14:57","2026-06-12 03:14:57","0.000753204018011777","pod=checkoutservice-6d7ccbb6cf-jhbpr"
"2026-06-11 19:15:12","2026-06-12 03:15:12","0.000638789997195096","pod=checkoutservice-6d7ccbb6cf-jhbpr"
"2026-06-11 19:15:27","2026-06-12 03:15:27","0.000351199265674259","pod=checkoutservice-6d7ccbb6cf-jhbpr"
"2026-06-11 19:15:42","2026-06-12 03:15:42","0.000811975490889974","pod=checkoutservice-6d7ccbb6cf-jhbpr"
"2026-06-11 19:15:57","2026-06-12 03:15:57","0.00085433098788861","pod=checkoutservice-6d7ccbb6cf-jhbpr"
"2026-06-11 19:16:12","2026-06-12 03:16:12","0.000919249433840191","pod=checkoutservice-6d7ccbb6cf-jhbpr"
"2026-06-11 19:16:27","2026-06-12 03:16:27","0.000466217414435195","pod=checkoutservice-6d7ccbb6cf-jhbpr"
"2026-06-11 19:16:42","2026-06-12 03:16:42","0.000298484223972009","pod=checkoutservice-6d7ccbb6cf-jhbpr"
"2026-06-11 19:16:57","2026-06-12 03:16:57","0.000602396848238921","pod=checkoutservice-6d7ccbb6cf-jhbpr"
"2026-06-11 19:17:12","2026-06-12 03:17:12","0.00065416403268477","pod=checkoutservice-6d7ccbb6cf-jhbpr"
"2026-06-11 19:17:27","2026-06-12 03:17:27","0.000408326623477171","pod=checkoutservice-6d7ccbb6cf-jhbpr"
"2026-06-11 19:17:42","2026-06-12 03:17:42","0.000632726789746303","pod=checkoutservice-6d7ccbb6cf-jhbpr"
"2026-06-11 19:17:57","2026-06-12 03:17:57","0.000650473759863929","pod=checkoutservice-6d7ccbb6cf-jhbpr"
"2026-06-11 19:18:12","2026-06-12 03:18:12","0.000397454327643048","pod=checkoutservice-6d7ccbb6cf-jhbpr"
"2026-06-11 19:18:27","2026-06-12 03:18:27","0.00066910218780577","pod=checkoutservice-6d7ccbb6cf-jhbpr"
"2026-06-11 19:18:42","2026-06-12 03:18:42","0.000932229095988819","pod=checkoutservice-6d7ccbb6cf-jhbpr"
"2026-06-11 19:18:57","2026-06-12 03:18:57","0.000936777116282793","pod=checkoutservice-6d7ccbb6cf-jhbpr"
"2026-06-11 19:19:12","2026-06-12 03:19:12","0.000723155842823422","pod=checkoutservice-6d7ccbb6cf-jhbpr"
"2026-06-11 19:19:27","2026-06-12 03:19:27","0.000342915042181546","pod=checkoutservice-6d7ccbb6cf-jhbpr"
"2026-06-11 19:19:42","2026-06-12 03:19:42","0.000284624404592134","pod=checkoutservice-6d7ccbb6cf-jhbpr"
"2026-06-11 19:19:57","2026-06-12 03:19:57","0.000575451844515976","pod=checkoutservice-6d7ccbb6cf-jhbpr"
"2026-06-11 19:20:12","2026-06-12 03:20:12","0.000596256018595373","pod=checkoutservice-6d7ccbb6cf-jhbpr"
"2026-06-11 19:20:27","2026-06-12 03:20:27","0.000192101966618949","pod=checkoutservice-6d7ccbb6cf-jhbpr"
"2026-06-11 19:20:42","2026-06-12 03:20:42","0.00027250760694471","pod=checkoutservice-6d7ccbb6cf-jhbpr"
"2026-06-11 19:20:57","2026-06-12 03:20:57","0.000493900343642593","pod=checkoutservice-6d7ccbb6cf-jhbpr"
"2026-06-11 19:21:12","2026-06-12 03:21:12","0.000483982860640649","pod=checkoutservice-6d7ccbb6cf-jhbpr"
"2026-06-11 19:21:27","2026-06-12 03:21:27","0.000398914439126917","pod=checkoutservice-6d7ccbb6cf-jhbpr"
"2026-06-11 19:21:42","2026-06-12 03:21:42","0.000631924417853915","pod=checkoutservice-6d7ccbb6cf-jhbpr"
"2026-06-11 19:21:57","2026-06-12 03:21:57","0.000653965288362271","pod=checkoutservice-6d7ccbb6cf-jhbpr"
"2026-06-11 19:22:12","2026-06-12 03:22:12","0.00112161073240848","pod=checkoutservice-6d7ccbb6cf-jhbpr"
"2026-06-11 19:22:27","2026-06-12 03:22:27","0.0009351088708762","pod=checkoutservice-6d7ccbb6cf-jhbpr"
"2026-06-11 19:22:42","2026-06-12 03:22:42","0.00118684050939965","pod=checkoutservice-6d7ccbb6cf-jhbpr"
"2026-06-11 19:22:57","2026-06-12 03:22:57","0.000843470521837287","pod=checkoutservice-6d7ccbb6cf-jhbpr"
"2026-06-11 19:23:12","2026-06-12 03:23:12","0.00090302911093629","pod=checkoutservice-6d7ccbb6cf-jhbpr"
"2026-06-11 19:23:27","2026-06-12 03:23:27","0.000786941503678421","pod=checkoutservice-6d7ccbb6cf-jhbpr"
"2026-06-11 19:23:42","2026-06-12 03:23:42","0.000796040205805067","pod=checkoutservice-6d7ccbb6cf-jhbpr"
"2026-06-11 19:23:57","2026-06-12 03:23:57","0.000851619824072066","pod=checkoutservice-6d7ccbb6cf-jhbpr"
"2026-06-11 19:24:12","2026-06-12 03:24:12","0.00104633474489167","pod=checkoutservice-6d7ccbb6cf-jhbpr"
"2026-06-11 19:24:27","2026-06-12 03:24:27","0.000816679158142078","pod=checkoutservice-6d7ccbb6cf-jhbpr"
"2026-06-11 19:24:42","2026-06-12 03:24:42","0.000577184523574276","pod=checkoutservice-6d7ccbb6cf-jhbpr"
"2026-06-11 19:24:57","2026-06-12 03:24:57","0.000566779631560652","pod=checkoutservice-6d7ccbb6cf-jhbpr"
"2026-06-11 19:25:12","2026-06-12 03:25:12","0.000733674448353069","pod=checkoutservice-6d7ccbb6cf-jhbpr"
"2026-06-11 19:25:27","2026-06-12 03:25:27","0.000879906714127896","pod=checkoutservice-6d7ccbb6cf-jhbpr"
"2026-06-11 19:25:42","2026-06-12 03:25:42","0.000601400238836726","pod=checkoutservice-6d7ccbb6cf-jhbpr"
"2026-06-11 19:25:57","2026-06-12 03:25:57","0.00061566256371393","pod=checkoutservice-6d7ccbb6cf-jhbpr"
"2026-06-11 19:26:12","2026-06-12 03:26:12","0.000666490881125057","pod=checkoutservice-6d7ccbb6cf-jhbpr"
"2026-06-11 19:26:27","2026-06-12 03:26:27","0.000705865947754947","pod=checkoutservice-6d7ccbb6cf-jhbpr"
"2026-06-11 19:26:42","2026-06-12 03:26:42","0.000536704915070482","pod=checkoutservice-6d7ccbb6cf-jhbpr"
"2026-06-11 19:26:57","2026-06-12 03:26:57","0.000508648400815379","pod=checkoutservice-6d7ccbb6cf-jhbpr"
"2026-06-11 17:26:57","2026-06-12 01:26:57","0.00474863727316633","pod=currencyservice-7f9f695db5-mb6pd"
"2026-06-11 17:27:12","2026-06-12 01:27:12","0.00402561087771944","pod=currencyservice-7f9f695db5-mb6pd"
"2026-06-11 17:27:27","2026-06-12 01:27:27","0.00572395792601861","pod=currencyservice-7f9f695db5-mb6pd"
"2026-06-11 17:27:42","2026-06-12 01:27:42","0.00619106192210705","pod=currencyservice-7f9f695db5-mb6pd"
"2026-06-11 17:27:57","2026-06-12 01:27:57","0.00511650421640558","pod=currencyservice-7f9f695db5-mb6pd"
"2026-06-11 17:28:12","2026-06-12 01:28:12","0.00490767692736913","pod=currencyservice-7f9f695db5-mb6pd"
"2026-06-11 17:28:27","2026-06-12 01:28:27","0.0038569845058839","pod=currencyservice-7f9f695db5-mb6pd"
"2026-06-11 17:28:42","2026-06-12 01:28:42","0.00530981238234241","pod=currencyservice-7f9f695db5-mb6pd"
"2026-06-11 17:28:57","2026-06-12 01:28:57","0.00503354570276941","pod=currencyservice-7f9f695db5-mb6pd"
"2026-06-11 17:29:12","2026-06-12 01:29:12","0.00495833094678968","pod=currencyservice-7f9f695db5-mb6pd"
"2026-06-11 17:29:27","2026-06-12 01:29:27","0.00541565032102501","pod=currencyservice-7f9f695db5-mb6pd"
"2026-06-11 17:29:42","2026-06-12 01:29:42","0.00541628278361271","pod=currencyservice-7f9f695db5-mb6pd"
"2026-06-11 17:29:57","2026-06-12 01:29:57","0.00516697515154314","pod=currencyservice-7f9f695db5-mb6pd"
"2026-06-11 17:30:12","2026-06-12 01:30:12","0.00514038422870936","pod=currencyservice-7f9f695db5-mb6pd"
"2026-06-11 17:30:27","2026-06-12 01:30:27","0.00435662748536879","pod=currencyservice-7f9f695db5-mb6pd"
"2026-06-11 17:30:42","2026-06-12 01:30:42","0.00507159996572115","pod=currencyservice-7f9f695db5-mb6pd"
"2026-06-11 17:30:57","2026-06-12 01:30:57","0.00467226622962755","pod=currencyservice-7f9f695db5-mb6pd"
"2026-06-11 17:31:12","2026-06-12 01:31:12","0.00444936337104719","pod=currencyservice-7f9f695db5-mb6pd"
"2026-06-11 17:31:27","2026-06-12 01:31:27","0.00549013847338904","pod=currencyservice-7f9f695db5-mb6pd"
"2026-06-11 17:31:42","2026-06-12 01:31:42","0.00580648228176325","pod=currencyservice-7f9f695db5-mb6pd"
"2026-06-11 17:31:57","2026-06-12 01:31:57","0.00494083418305351","pod=currencyservice-7f9f695db5-mb6pd"
"2026-06-11 17:32:12","2026-06-12 01:32:12","0.00605725150298476","pod=currencyservice-7f9f695db5-mb6pd"
"2026-06-11 17:32:27","2026-06-12 01:32:27","0.00570511711266281","pod=currencyservice-7f9f695db5-mb6pd"
"2026-06-11 17:32:42","2026-06-12 01:32:42","0.00457099003214875","pod=currencyservice-7f9f695db5-mb6pd"
"2026-06-11 17:32:57","2026-06-12 01:32:57","0.00563433685633957","pod=currencyservice-7f9f695db5-mb6pd"
"2026-06-11 17:33:12","2026-06-12 01:33:12","0.00490250751252189","pod=currencyservice-7f9f695db5-mb6pd"
"2026-06-11 17:33:27","2026-06-12 01:33:27","0.00562555172489504","pod=currencyservice-7f9f695db5-mb6pd"
"2026-06-11 17:33:42","2026-06-12 01:33:42","0.00581220873662111","pod=currencyservice-7f9f695db5-mb6pd"
"2026-06-11 17:33:57","2026-06-12 01:33:57","0.00391192211044544","pod=currencyservice-7f9f695db5-mb6pd"
"2026-06-11 17:34:12","2026-06-12 01:34:12","0.00392370608033145","pod=currencyservice-7f9f695db5-mb6pd"
"2026-06-11 17:34:27","2026-06-12 01:34:27","0.00480179965982032","pod=currencyservice-7f9f695db5-mb6pd"
"2026-06-11 17:34:42","2026-06-12 01:34:42","0.00399549639916973","pod=currencyservice-7f9f695db5-mb6pd"
"2026-06-11 17:34:57","2026-06-12 01:34:57","0.00572796442433736","pod=currencyservice-7f9f695db5-mb6pd"
"2026-06-11 17:35:12","2026-06-12 01:35:12","0.00635848903823956","pod=currencyservice-7f9f695db5-mb6pd"
"2026-06-11 17:35:27","2026-06-12 01:35:27","0.00504795104262508","pod=currencyservice-7f9f695db5-mb6pd"
"2026-06-11 17:35:42","2026-06-12 01:35:42","0.00633895866038731","pod=currencyservice-7f9f695db5-mb6pd"
"2026-06-11 17:35:57","2026-06-12 01:35:57","0.00568498536356066","pod=currencyservice-7f9f695db5-mb6pd"
"2026-06-11 17:36:12","2026-06-12 01:36:12","0.00520374035626286","pod=currencyservice-7f9f695db5-mb6pd"
"2026-06-11 17:36:27","2026-06-12 01:36:27","0.00509401655531736","pod=currencyservice-7f9f695db5-mb6pd"
"2026-06-11 17:36:42","2026-06-12 01:36:42","0.00488329056547229","pod=currencyservice-7f9f695db5-mb6pd"
"2026-06-11 17:36:57","2026-06-12 01:36:57","0.00504412958752844","pod=currencyservice-7f9f695db5-mb6pd"
"2026-06-11 17:37:12","2026-06-12 01:37:12","0.00553218367300569","pod=currencyservice-7f9f695db5-mb6pd"
"2026-06-11 17:37:27","2026-06-12 01:37:27","0.00498728118469246","pod=currencyservice-7f9f695db5-mb6pd"
"2026-06-11 17:37:42","2026-06-12 01:37:42","0.00485425691804434","pod=currencyservice-7f9f695db5-mb6pd"
"2026-06-11 17:37:57","2026-06-12 01:37:57","0.00444549616431585","pod=currencyservice-7f9f695db5-mb6pd"
"2026-06-11 17:38:12","2026-06-12 01:38:12","0.00522021337616148","pod=currencyservice-7f9f695db5-mb6pd"
"2026-06-11 17:38:27","2026-06-12 01:38:27","0.00521045585532437","pod=currencyservice-7f9f695db5-mb6pd"
"2026-06-11 17:38:42","2026-06-12 01:38:42","0.00441098593546939","pod=currencyservice-7f9f695db5-mb6pd"
"2026-06-11 17:38:57","2026-06-12 01:38:57","0.00490892717776312","pod=currencyservice-7f9f695db5-mb6pd"
"2026-06-11 17:39:12","2026-06-12 01:39:12","0.0056587322347196","pod=currencyservice-7f9f695db5-mb6pd"
"2026-06-11 17:39:27","2026-06-12 01:39:27","0.00608952269432375","pod=currencyservice-7f9f695db5-mb6pd"
"2026-06-11 17:39:42","2026-06-12 01:39:42","0.00465604905207994","pod=currencyservice-7f9f695db5-mb6pd"
"2026-06-11 17:39:57","2026-06-12 01:39:57","0.0053114880189331","pod=currencyservice-7f9f695db5-mb6pd"
"2026-06-11 17:40:12","2026-06-12 01:40:12","0.00491616015436559","pod=currencyservice-7f9f695db5-mb6pd"
"2026-06-11 17:40:27","2026-06-12 01:40:27","0.00339937386706245","pod=currencyservice-7f9f695db5-mb6pd"
"2026-06-11 17:40:42","2026-06-12 01:40:42","0.00475482253534206","pod=currencyservice-7f9f695db5-mb6pd"
"2026-06-11 17:40:57","2026-06-12 01:40:57","0.00492578162857862","pod=currencyservice-7f9f695db5-mb6pd"
"2026-06-11 17:41:12","2026-06-12 01:41:12","0.00514511816709275","pod=currencyservice-7f9f695db5-mb6pd"
"2026-06-11 17:41:27","2026-06-12 01:41:27","0.00526539212081777","pod=currencyservice-7f9f695db5-mb6pd"
"2026-06-11 17:41:42","2026-06-12 01:41:42","0.00508197833894175","pod=currencyservice-7f9f695db5-mb6pd"
"2026-06-11 17:41:57","2026-06-12 01:41:57","0.00423414486123111","pod=currencyservice-7f9f695db5-mb6pd"
"2026-06-11 17:42:12","2026-06-12 01:42:12","0.00411461147735871","pod=currencyservice-7f9f695db5-mb6pd"
"2026-06-11 17:42:27","2026-06-12 01:42:27","0.00428452597571404","pod=currencyservice-7f9f695db5-mb6pd"
"2026-06-11 17:42:42","2026-06-12 01:42:42","0.00526509921305455","pod=currencyservice-7f9f695db5-mb6pd"
"2026-06-11 17:42:57","2026-06-12 01:42:57","0.005079072833132","pod=currencyservice-7f9f695db5-mb6pd"
"2026-06-11 17:43:12","2026-06-12 01:43:12","0.00523655093475758","pod=currencyservice-7f9f695db5-mb6pd"
"2026-06-11 17:43:27","2026-06-12 01:43:27","0.00456411856474258","pod=currencyservice-7f9f695db5-mb6pd"
"2026-06-11 17:43:42","2026-06-12 01:43:42","0.00446664150440716","pod=currencyservice-7f9f695db5-mb6pd"
"2026-06-11 17:43:57","2026-06-12 01:43:57","0.00459577874101079","pod=currencyservice-7f9f695db5-mb6pd"
"2026-06-11 17:44:12","2026-06-12 01:44:12","0.00479276962271029","pod=currencyservice-7f9f695db5-mb6pd"
"2026-06-11 17:44:27","2026-06-12 01:44:27","0.00459622355893707","pod=currencyservice-7f9f695db5-mb6pd"
"2026-06-11 17:44:42","2026-06-12 01:44:42","0.00351038298226749","pod=currencyservice-7f9f695db5-mb6pd"
"2026-06-11 17:44:57","2026-06-12 01:44:57","0.00418135959644488","pod=currencyservice-7f9f695db5-mb6pd"
"2026-06-11 17:45:12","2026-06-12 01:45:12","0.00720461817286836","pod=currencyservice-7f9f695db5-mb6pd"
"2026-06-11 17:45:27","2026-06-12 01:45:27","0.0103841707021791","pod=currencyservice-7f9f695db5-mb6pd"
"2026-06-11 17:45:42","2026-06-12 01:45:42","0.00924169051707681","pod=currencyservice-7f9f695db5-mb6pd"
"2026-06-11 17:45:57","2026-06-12 01:45:57","0.00793510675277622","pod=currencyservice-7f9f695db5-mb6pd"
"2026-06-11 17:46:12","2026-06-12 01:46:12","0.00762642117994891","pod=currencyservice-7f9f695db5-mb6pd"
"2026-06-11 17:46:27","2026-06-12 01:46:27","0.00913664528456399","pod=currencyservice-7f9f695db5-mb6pd"
"2026-06-11 17:46:42","2026-06-12 01:46:42","0.00855401148240838","pod=currencyservice-7f9f695db5-mb6pd"
"2026-06-11 17:46:57","2026-06-12 01:46:57","0.00648093508851567","pod=currencyservice-7f9f695db5-mb6pd"
"2026-06-11 17:47:12","2026-06-12 01:47:12","0.00648093508851567","pod=currencyservice-7f9f695db5-mb6pd"
"2026-06-11 17:47:27","2026-06-12 01:47:27","0.00613479658780456","pod=currencyservice-7f9f695db5-mb6pd"
"2026-06-11 17:47:42","2026-06-12 01:47:42","0.00639501422460555","pod=currencyservice-7f9f695db5-mb6pd"
"2026-06-11 17:47:57","2026-06-12 01:47:57","0.00474263586763821","pod=currencyservice-7f9f695db5-mb6pd"
"2026-06-11 17:48:12","2026-06-12 01:48:12","0.00604385009148296","pod=currencyservice-7f9f695db5-mb6pd"
"2026-06-11 17:48:27","2026-06-12 01:48:27","0.00577640873993755","pod=currencyservice-7f9f695db5-mb6pd"
"2026-06-11 17:48:42","2026-06-12 01:48:42","0.00571198896619879","pod=currencyservice-7f9f695db5-mb6pd"
"2026-06-11 17:48:57","2026-06-12 01:48:57","0.00591033592901117","pod=currencyservice-7f9f695db5-mb6pd"
"2026-06-11 17:49:12","2026-06-12 01:49:12","0.0056334447295967","pod=currencyservice-7f9f695db5-mb6pd"
"2026-06-11 17:49:27","2026-06-12 01:49:27","0.00552624573254655","pod=currencyservice-7f9f695db5-mb6pd"
"2026-06-11 17:49:42","2026-06-12 01:49:42","0.00653123205054577","pod=currencyservice-7f9f695db5-mb6pd"
"2026-06-11 17:49:57","2026-06-12 01:49:57","0.00587741553662869","pod=currencyservice-7f9f695db5-mb6pd"
"2026-06-11 17:50:12","2026-06-12 01:50:12","0.00394572309662348","pod=currencyservice-7f9f695db5-mb6pd"
"2026-06-11 17:50:27","2026-06-12 01:50:27","0.00536424446708977","pod=currencyservice-7f9f695db5-mb6pd"
"2026-06-11 17:50:42","2026-06-12 01:50:42","0.00567306214738881","pod=currencyservice-7f9f695db5-mb6pd"
"2026-06-11 17:50:57","2026-06-12 01:50:57","0.00538605125476628","pod=currencyservice-7f9f695db5-mb6pd"
"2026-06-11 17:51:12","2026-06-12 01:51:12","0.00573371556584977","pod=currencyservice-7f9f695db5-mb6pd"
"2026-06-11 17:51:27","2026-06-12 01:51:27","0.00547329428648998","pod=currencyservice-7f9f695db5-mb6pd"
"2026-06-11 17:51:42","2026-06-12 01:51:42","0.00582030697053642","pod=currencyservice-7f9f695db5-mb6pd"
"2026-06-11 17:51:57","2026-06-12 01:51:57","0.0046786928085822","pod=currencyservice-7f9f695db5-mb6pd"
"2026-06-11 17:52:12","2026-06-12 01:52:12","0.00610860990206751","pod=currencyservice-7f9f695db5-mb6pd"
"2026-06-11 17:52:27","2026-06-12 01:52:27","0.00615874366001963","pod=currencyservice-7f9f695db5-mb6pd"
"2026-06-11 17:52:42","2026-06-12 01:52:42","0.00538845869987993","pod=currencyservice-7f9f695db5-mb6pd"
"2026-06-11 17:52:57","2026-06-12 01:52:57","0.00645680697348557","pod=currencyservice-7f9f695db5-mb6pd"
"2026-06-11 17:53:12","2026-06-12 01:53:12","0.0047702000000001","pod=currencyservice-7f9f695db5-mb6pd"
"2026-06-11 17:53:27","2026-06-12 01:53:27","0.00629822722590663","pod=currencyservice-7f9f695db5-mb6pd"
"2026-06-11 17:53:42","2026-06-12 01:53:42","0.00542191399500838","pod=currencyservice-7f9f695db5-mb6pd"
"2026-06-11 17:53:57","2026-06-12 01:53:57","0.0043980197020905","pod=currencyservice-7f9f695db5-mb6pd"
"2026-06-11 17:54:12","2026-06-12 01:54:12","0.00625887634995753","pod=currencyservice-7f9f695db5-mb6pd"
"2026-06-11 17:54:27","2026-06-12 01:54:27","0.00607268530072382","pod=currencyservice-7f9f695db5-mb6pd"
"2026-06-11 17:54:42","2026-06-12 01:54:42","0.00461528076256493","pod=currencyservice-7f9f695db5-mb6pd"
"2026-06-11 17:54:57","2026-06-12 01:54:57","0.0050113189102977","pod=currencyservice-7f9f695db5-mb6pd"
"2026-06-11 17:55:12","2026-06-12 01:55:12","0.00572251491855288","pod=currencyservice-7f9f695db5-mb6pd"
"2026-06-11 17:55:27","2026-06-12 01:55:27","0.00674013535214519","pod=currencyservice-7f9f695db5-mb6pd"
"2026-06-11 17:55:42","2026-06-12 01:55:42","0.00643641133714682","pod=currencyservice-7f9f695db5-mb6pd"
"2026-06-11 17:55:57","2026-06-12 01:55:57","0.00585627049643772","pod=currencyservice-7f9f695db5-mb6pd"
"2026-06-11 17:56:12","2026-06-12 01:56:12","0.00548461826429709","pod=currencyservice-7f9f695db5-mb6pd"
"2026-06-11 17:56:27","2026-06-12 01:56:27","0.00546148826485109","pod=currencyservice-7f9f695db5-mb6pd"
"2026-06-11 17:56:42","2026-06-12 01:56:42","0.00559670113836775","pod=currencyservice-7f9f695db5-mb6pd"
"2026-06-11 17:56:57","2026-06-12 01:56:57","0.00567714447592051","pod=currencyservice-7f9f695db5-mb6pd"
"2026-06-11 17:57:12","2026-06-12 01:57:12","0.00581085003726517","pod=currencyservice-7f9f695db5-mb6pd"
"2026-06-11 17:57:27","2026-06-12 01:57:27","0.00557996301740096","pod=currencyservice-7f9f695db5-mb6pd"
"2026-06-11 17:57:42","2026-06-12 01:57:42","0.00575666190042922","pod=currencyservice-7f9f695db5-mb6pd"
"2026-06-11 17:57:57","2026-06-12 01:57:57","0.0057712543723279","pod=currencyservice-7f9f695db5-mb6pd"
"2026-06-11 17:58:12","2026-06-12 01:58:12","0.00606491435750018","pod=currencyservice-7f9f695db5-mb6pd"
"2026-06-11 17:58:27","2026-06-12 01:58:27","0.00594073712131777","pod=currencyservice-7f9f695db5-mb6pd"
"2026-06-11 17:58:42","2026-06-12 01:58:42","0.00610842039381854","pod=currencyservice-7f9f695db5-mb6pd"
"2026-06-11 17:58:57","2026-06-12 01:58:57","0.00588084315431454","pod=currencyservice-7f9f695db5-mb6pd"
"2026-06-11 17:59:12","2026-06-12 01:59:12","0.00635010515773671","pod=currencyservice-7f9f695db5-mb6pd"
"2026-06-11 17:59:27","2026-06-12 01:59:27","0.00655183504680934","pod=currencyservice-7f9f695db5-mb6pd"
"2026-06-11 17:59:42","2026-06-12 01:59:42","0.00654473025267465","pod=currencyservice-7f9f695db5-mb6pd"
"2026-06-11 17:59:57","2026-06-12 01:59:57","0.00591809661139145","pod=currencyservice-7f9f695db5-mb6pd"
"2026-06-11 18:00:12","2026-06-12 02:00:12","0.00574041256113996","pod=currencyservice-7f9f695db5-mb6pd"
"2026-06-11 18:00:27","2026-06-12 02:00:27","0.00633835120951721","pod=currencyservice-7f9f695db5-mb6pd"
"2026-06-11 18:00:42","2026-06-12 02:00:42","0.00647548463249636","pod=currencyservice-7f9f695db5-mb6pd"
"2026-06-11 18:00:57","2026-06-12 02:00:57","0.00646265354566624","pod=currencyservice-7f9f695db5-mb6pd"
"2026-06-11 18:01:12","2026-06-12 02:01:12","0.00783908667162079","pod=currencyservice-7f9f695db5-mb6pd"
"2026-06-11 18:01:27","2026-06-12 02:01:27","0.00711477229921295","pod=currencyservice-7f9f695db5-mb6pd"
"2026-06-11 18:01:42","2026-06-12 02:01:42","0.00662681151777236","pod=currencyservice-7f9f695db5-mb6pd"
"2026-06-11 18:01:57","2026-06-12 02:01:57","0.00500988294204178","pod=currencyservice-7f9f695db5-mb6pd"
"2026-06-11 18:02:12","2026-06-12 02:02:12","0.00510663794597555","pod=currencyservice-7f9f695db5-mb6pd"
"2026-06-11 18:02:27","2026-06-12 02:02:27","0.00590833848326982","pod=currencyservice-7f9f695db5-mb6pd"
"2026-06-11 18:02:42","2026-06-12 02:02:42","0.00563657278473367","pod=currencyservice-7f9f695db5-mb6pd"
"2026-06-11 18:02:57","2026-06-12 02:02:57","0.00555815776128346","pod=currencyservice-7f9f695db5-mb6pd"
"2026-06-11 18:03:12","2026-06-12 02:03:12","0.0104921187804504","pod=currencyservice-7f9f695db5-mb6pd"
"2026-06-11 18:03:27","2026-06-12 02:03:27","0.0110439781838901","pod=currencyservice-7f9f695db5-mb6pd"
"2026-06-11 18:03:42","2026-06-12 02:03:42","0.0141582712112723","pod=currencyservice-7f9f695db5-mb6pd"
"2026-06-11 18:03:57","2026-06-12 02:03:57","0.00947205496746593","pod=currencyservice-7f9f695db5-mb6pd"
"2026-06-11 18:04:12","2026-06-12 02:04:12","0.00869332855949415","pod=currencyservice-7f9f695db5-mb6pd"
"2026-06-11 18:04:27","2026-06-12 02:04:27","0.00606717301463196","pod=currencyservice-7f9f695db5-mb6pd"
"2026-06-11 18:04:42","2026-06-12 02:04:42","0.006564192697931","pod=currencyservice-7f9f695db5-mb6pd"
"2026-06-11 18:04:57","2026-06-12 02:04:57","0.00647003160925323","pod=currencyservice-7f9f695db5-mb6pd"
"2026-06-11 18:05:12","2026-06-12 02:05:12","0.00628466206235768","pod=currencyservice-7f9f695db5-mb6pd"
"2026-06-11 18:05:27","2026-06-12 02:05:27","0.00451275020930881","pod=currencyservice-7f9f695db5-mb6pd"
"2026-06-11 18:05:42","2026-06-12 02:05:42","0.00512109834045105","pod=currencyservice-7f9f695db5-mb6pd"
"2026-06-11 18:05:57","2026-06-12 02:05:57","0.00501501187379849","pod=currencyservice-7f9f695db5-mb6pd"
"2026-06-11 18:06:12","2026-06-12 02:06:12","0.00595140996459276","pod=currencyservice-7f9f695db5-mb6pd"
"2026-06-11 18:06:27","2026-06-12 02:06:27","0.00594285531860575","pod=currencyservice-7f9f695db5-mb6pd"
"2026-06-11 18:06:42","2026-06-12 02:06:42","0.00645045486068632","pod=currencyservice-7f9f695db5-mb6pd"
"2026-06-11 18:06:57","2026-06-12 02:06:57","0.00614566432684627","pod=currencyservice-7f9f695db5-mb6pd"
"2026-06-11 18:07:12","2026-06-12 02:07:12","0.00594268631477206","pod=currencyservice-7f9f695db5-mb6pd"
"2026-06-11 18:07:27","2026-06-12 02:07:27","0.00538696860430405","pod=currencyservice-7f9f695db5-mb6pd"
"2026-06-11 18:07:42","2026-06-12 02:07:42","0.00565871356832228","pod=currencyservice-7f9f695db5-mb6pd"
"2026-06-11 18:07:57","2026-06-12 02:07:57","0.00583613007753733","pod=currencyservice-7f9f695db5-mb6pd"
"2026-06-11 18:08:12","2026-06-12 02:08:12","0.00548991015230855","pod=currencyservice-7f9f695db5-mb6pd"
"2026-06-11 18:08:27","2026-06-12 02:08:27","0.00518987507073531","pod=currencyservice-7f9f695db5-mb6pd"
"2026-06-11 18:08:42","2026-06-12 02:08:42","0.00522270443968404","pod=currencyservice-7f9f695db5-mb6pd"
"2026-06-11 18:08:57","2026-06-12 02:08:57","0.00564227290332883","pod=currencyservice-7f9f695db5-mb6pd"
"2026-06-11 18:09:12","2026-06-12 02:09:12","0.00629592496765854","pod=currencyservice-7f9f695db5-mb6pd"
"2026-06-11 18:09:27","2026-06-12 02:09:27","0.00667591149216242","pod=currencyservice-7f9f695db5-mb6pd"
"2026-06-11 18:09:42","2026-06-12 02:09:42","0.00673353310340923","pod=currencyservice-7f9f695db5-mb6pd"
"2026-06-11 18:09:57","2026-06-12 02:09:57","0.00634718875501985","pod=currencyservice-7f9f695db5-mb6pd"
"2026-06-11 18:10:12","2026-06-12 02:10:12","0.00569801680417815","pod=currencyservice-7f9f695db5-mb6pd"
"2026-06-11 18:10:27","2026-06-12 02:10:27","0.0057670660127038","pod=currencyservice-7f9f695db5-mb6pd"
"2026-06-11 18:10:42","2026-06-12 02:10:42","0.00591704886473014","pod=currencyservice-7f9f695db5-mb6pd"
"2026-06-11 18:10:57","2026-06-12 02:10:57","0.00527864135864132","pod=currencyservice-7f9f695db5-mb6pd"
"2026-06-11 18:11:12","2026-06-12 02:11:12","0.00491369911053018","pod=currencyservice-7f9f695db5-mb6pd"
"2026-06-11 18:11:27","2026-06-12 02:11:27","0.00573208218734824","pod=currencyservice-7f9f695db5-mb6pd"
"2026-06-11 18:11:42","2026-06-12 02:11:42","0.0057974014231236","pod=currencyservice-7f9f695db5-mb6pd"
"2026-06-11 18:11:57","2026-06-12 02:11:57","0.00559176571367364","pod=currencyservice-7f9f695db5-mb6pd"
"2026-06-11 18:12:12","2026-06-12 02:12:12","0.00667834249084242","pod=currencyservice-7f9f695db5-mb6pd"
"2026-06-11 18:12:27","2026-06-12 02:12:27","0.00710134456064113","pod=currencyservice-7f9f695db5-mb6pd"
"2026-06-11 18:12:42","2026-06-12 02:12:42","0.00744402286769037","pod=currencyservice-7f9f695db5-mb6pd"
"2026-06-11 18:12:57","2026-06-12 02:12:57","0.0182889650325074","pod=currencyservice-7f9f695db5-mb6pd"
"2026-06-11 18:13:12","2026-06-12 02:13:12","0.0154076440457359","pod=currencyservice-7f9f695db5-mb6pd"
"2026-06-11 18:13:27","2026-06-12 02:13:27","0.0148642335420224","pod=currencyservice-7f9f695db5-mb6pd"
"2026-06-11 18:13:42","2026-06-12 02:13:42","0.00497676981199987","pod=currencyservice-7f9f695db5-mb6pd"
"2026-06-11 18:13:57","2026-06-12 02:13:57","0.00566577677004117","pod=currencyservice-7f9f695db5-mb6pd"
"2026-06-11 18:14:12","2026-06-12 02:14:12","0.00485852711858996","pod=currencyservice-7f9f695db5-mb6pd"
"2026-06-11 18:14:27","2026-06-12 02:14:27","0.0054288354898335","pod=currencyservice-7f9f695db5-mb6pd"
"2026-06-11 18:14:42","2026-06-12 02:14:42","0.00534067190850623","pod=currencyservice-7f9f695db5-mb6pd"
"2026-06-11 18:14:57","2026-06-12 02:14:57","0.00328204510236459","pod=currencyservice-7f9f695db5-mb6pd"
"2026-06-11 18:15:12","2026-06-12 02:15:12","0.00486043183850773","pod=currencyservice-7f9f695db5-mb6pd"
"2026-06-11 18:15:27","2026-06-12 02:15:27","0.00507496778085502","pod=currencyservice-7f9f695db5-mb6pd"
"2026-06-11 18:15:42","2026-06-12 02:15:42","0.00494393420449832","pod=currencyservice-7f9f695db5-mb6pd"
"2026-06-11 18:15:57","2026-06-12 02:15:57","0.00504647795823663","pod=currencyservice-7f9f695db5-mb6pd"
"2026-06-11 18:16:12","2026-06-12 02:16:12","0.00476908711680225","pod=currencyservice-7f9f695db5-mb6pd"
"2026-06-11 18:16:27","2026-06-12 02:16:27","0.00478524130037897","pod=currencyservice-7f9f695db5-mb6pd"
"2026-06-11 18:16:42","2026-06-12 02:16:42","0.00557274500571756","pod=currencyservice-7f9f695db5-mb6pd"
"2026-06-11 18:16:57","2026-06-12 02:16:57","0.00429067500000002","pod=currencyservice-7f9f695db5-mb6pd"
"2026-06-11 18:17:12","2026-06-12 02:17:12","0.00562536839718863","pod=currencyservice-7f9f695db5-mb6pd"
"2026-06-11 18:17:27","2026-06-12 02:17:27","0.00477932041585837","pod=currencyservice-7f9f695db5-mb6pd"
"2026-06-11 18:17:42","2026-06-12 02:17:42","0.00525557598766184","pod=currencyservice-7f9f695db5-mb6pd"
"2026-06-11 18:17:57","2026-06-12 02:17:57","0.00491476626692143","pod=currencyservice-7f9f695db5-mb6pd"
"2026-06-11 18:18:12","2026-06-12 02:18:12","0.00552409217250975","pod=currencyservice-7f9f695db5-mb6pd"
"2026-06-11 18:18:27","2026-06-12 02:18:27","0.00485409262793997","pod=currencyservice-7f9f695db5-mb6pd"
"2026-06-11 18:18:42","2026-06-12 02:18:42","0.00622406233671828","pod=currencyservice-7f9f695db5-mb6pd"
"2026-06-11 18:18:57","2026-06-12 02:18:57","0.00617695539016506","pod=currencyservice-7f9f695db5-mb6pd"
"2026-06-11 18:19:12","2026-06-12 02:19:12","0.00530895360715473","pod=currencyservice-7f9f695db5-mb6pd"
"2026-06-11 18:19:27","2026-06-12 02:19:27","0.00587679385541344","pod=currencyservice-7f9f695db5-mb6pd"
"2026-06-11 18:19:42","2026-06-12 02:19:42","0.00553745000732859","pod=currencyservice-7f9f695db5-mb6pd"
"2026-06-11 18:19:57","2026-06-12 02:19:57","0.0057994955605223","pod=currencyservice-7f9f695db5-mb6pd"
"2026-06-11 18:20:12","2026-06-12 02:20:12","0.00573550239605768","pod=currencyservice-7f9f695db5-mb6pd"
"2026-06-11 18:20:27","2026-06-12 02:20:27","0.0058380190869231","pod=currencyservice-7f9f695db5-mb6pd"
"2026-06-11 18:20:42","2026-06-12 02:20:42","0.00571318470619212","pod=currencyservice-7f9f695db5-mb6pd"
"2026-06-11 18:20:57","2026-06-12 02:20:57","0.00589230828784898","pod=currencyservice-7f9f695db5-mb6pd"
"2026-06-11 18:21:12","2026-06-12 02:21:12","0.00597118003446168","pod=currencyservice-7f9f695db5-mb6pd"
"2026-06-11 18:21:27","2026-06-12 02:21:27","0.00560265970078369","pod=currencyservice-7f9f695db5-mb6pd"
"2026-06-11 18:21:42","2026-06-12 02:21:42","0.00471313131313112","pod=currencyservice-7f9f695db5-mb6pd"
"2026-06-11 18:21:57","2026-06-12 02:21:57","0.00255932984212829","pod=currencyservice-7f9f695db5-mb6pd"
"2026-06-11 18:22:12","2026-06-12 02:22:12","0.00543188910059908","pod=currencyservice-7f9f695db5-mb6pd"
"2026-06-11 18:22:27","2026-06-12 02:22:27","0.00601676179032754","pod=currencyservice-7f9f695db5-mb6pd"
"2026-06-11 18:22:42","2026-06-12 02:22:42","0.00596680521879705","pod=currencyservice-7f9f695db5-mb6pd"
"2026-06-11 18:22:57","2026-06-12 02:22:57","0.00535987721905058","pod=currencyservice-7f9f695db5-mb6pd"
"2026-06-11 18:23:12","2026-06-12 02:23:12","0.00548920452381853","pod=currencyservice-7f9f695db5-mb6pd"
"2026-06-11 18:23:27","2026-06-12 02:23:27","0.00553408225437927","pod=currencyservice-7f9f695db5-mb6pd"
"2026-06-11 18:23:42","2026-06-12 02:23:42","0.00654438047860707","pod=currencyservice-7f9f695db5-mb6pd"
"2026-06-11 18:23:57","2026-06-12 02:23:57","0.00662133032231572","pod=currencyservice-7f9f695db5-mb6pd"
"2026-06-11 18:24:12","2026-06-12 02:24:12","0.00588982151916229","pod=currencyservice-7f9f695db5-mb6pd"
"2026-06-11 18:24:27","2026-06-12 02:24:27","0.0042336897753056","pod=currencyservice-7f9f695db5-mb6pd"
"2026-06-11 18:24:42","2026-06-12 02:24:42","0.00445653298835733","pod=currencyservice-7f9f695db5-mb6pd"
"2026-06-11 18:24:57","2026-06-12 02:24:57","0.00495424871864052","pod=currencyservice-7f9f695db5-mb6pd"
"2026-06-11 18:25:12","2026-06-12 02:25:12","0.00537517539366119","pod=currencyservice-7f9f695db5-mb6pd"
"2026-06-11 18:25:27","2026-06-12 02:25:27","0.00586872128168823","pod=currencyservice-7f9f695db5-mb6pd"
"2026-06-11 18:25:42","2026-06-12 02:25:42","0.0046254838298071","pod=currencyservice-7f9f695db5-mb6pd"
"2026-06-11 18:25:57","2026-06-12 02:25:57","0.00496865872316746","pod=currencyservice-7f9f695db5-mb6pd"
"2026-06-11 18:26:12","2026-06-12 02:26:12","0.00577832278922015","pod=currencyservice-7f9f695db5-mb6pd"
"2026-06-11 18:26:27","2026-06-12 02:26:27","0.00624861482302339","pod=currencyservice-7f9f695db5-mb6pd"
"2026-06-11 18:26:42","2026-06-12 02:26:42","0.00619777715067204","pod=currencyservice-7f9f695db5-mb6pd"
"2026-06-11 18:26:57","2026-06-12 02:26:57","0.00528596859986279","pod=currencyservice-7f9f695db5-mb6pd"
"2026-06-11 18:27:12","2026-06-12 02:27:12","0.00505990935492397","pod=currencyservice-7f9f695db5-mb6pd"
"2026-06-11 18:27:27","2026-06-12 02:27:27","0.00496923715121595","pod=currencyservice-7f9f695db5-mb6pd"
"2026-06-11 18:27:42","2026-06-12 02:27:42","0.00484884647794299","pod=currencyservice-7f9f695db5-mb6pd"
"2026-06-11 18:27:57","2026-06-12 02:27:57","0.00510322053366311","pod=currencyservice-7f9f695db5-mb6pd"
"2026-06-11 18:28:12","2026-06-12 02:28:12","0.00531362800070086","pod=currencyservice-7f9f695db5-mb6pd"
"2026-06-11 18:28:27","2026-06-12 02:28:27","0.00592062210613796","pod=currencyservice-7f9f695db5-mb6pd"
"2026-06-11 18:28:42","2026-06-12 02:28:42","0.00595945399847329","pod=currencyservice-7f9f695db5-mb6pd"
"2026-06-11 18:28:57","2026-06-12 02:28:57","0.00595895466666692","pod=currencyservice-7f9f695db5-mb6pd"
"2026-06-11 18:29:12","2026-06-12 02:29:12","0.00583062448348208","pod=currencyservice-7f9f695db5-mb6pd"
"2026-06-11 18:29:27","2026-06-12 02:29:27","0.00606374591964534","pod=currencyservice-7f9f695db5-mb6pd"
"2026-06-11 18:29:42","2026-06-12 02:29:42","0.00535701845324461","pod=currencyservice-7f9f695db5-mb6pd"
"2026-06-11 18:29:57","2026-06-12 02:29:57","0.0055117378893101","pod=currencyservice-7f9f695db5-mb6pd"
"2026-06-11 18:30:12","2026-06-12 02:30:12","0.00532289439052486","pod=currencyservice-7f9f695db5-mb6pd"
"2026-06-11 18:30:27","2026-06-12 02:30:27","0.00564664191697605","pod=currencyservice-7f9f695db5-mb6pd"
"2026-06-11 18:30:42","2026-06-12 02:30:42","0.00560892136127658","pod=currencyservice-7f9f695db5-mb6pd"
"2026-06-11 18:30:57","2026-06-12 02:30:57","0.0059228794336846","pod=currencyservice-7f9f695db5-mb6pd"
"2026-06-11 18:31:12","2026-06-12 02:31:12","0.0049750248962836","pod=currencyservice-7f9f695db5-mb6pd"
"2026-06-11 18:31:27","2026-06-12 02:31:27","0.00554210909090905","pod=currencyservice-7f9f695db5-mb6pd"
"2026-06-11 18:31:42","2026-06-12 02:31:42","0.00505596929159201","pod=currencyservice-7f9f695db5-mb6pd"
"2026-06-11 18:31:57","2026-06-12 02:31:57","0.00527684657181803","pod=currencyservice-7f9f695db5-mb6pd"
"2026-06-11 18:32:12","2026-06-12 02:32:12","0.00722919858059758","pod=currencyservice-7f9f695db5-mb6pd"
"2026-06-11 18:32:27","2026-06-12 02:32:27","0.00770017062503673","pod=currencyservice-7f9f695db5-mb6pd"
"2026-06-11 18:32:42","2026-06-12 02:32:42","0.00820268931650034","pod=currencyservice-7f9f695db5-mb6pd"
"2026-06-11 18:32:57","2026-06-12 02:32:57","0.00582653084478506","pod=currencyservice-7f9f695db5-mb6pd"
"2026-06-11 18:33:12","2026-06-12 02:33:12","0.00554931987523835","pod=currencyservice-7f9f695db5-mb6pd"
"2026-06-11 18:33:27","2026-06-12 02:33:27","0.00528626584486568","pod=currencyservice-7f9f695db5-mb6pd"
"2026-06-11 18:33:42","2026-06-12 02:33:42","0.00530362832514125","pod=currencyservice-7f9f695db5-mb6pd"
"2026-06-11 18:33:57","2026-06-12 02:33:57","0.00538327994444558","pod=currencyservice-7f9f695db5-mb6pd"
"2026-06-11 18:34:12","2026-06-12 02:34:12","0.00592745023776478","pod=currencyservice-7f9f695db5-mb6pd"
"2026-06-11 18:34:27","2026-06-12 02:34:27","0.00600148227751929","pod=currencyservice-7f9f695db5-mb6pd"
"2026-06-11 18:34:42","2026-06-12 02:34:42","0.00610061528401141","pod=currencyservice-7f9f695db5-mb6pd"
"2026-06-11 18:34:57","2026-06-12 02:34:57","0.00494401145992649","pod=currencyservice-7f9f695db5-mb6pd"
"2026-06-11 18:35:12","2026-06-12 02:35:12","0.00534596512417926","pod=currencyservice-7f9f695db5-mb6pd"
"2026-06-11 18:35:27","2026-06-12 02:35:27","0.00399525897672452","pod=currencyservice-7f9f695db5-mb6pd"
"2026-06-11 18:35:42","2026-06-12 02:35:42","0.00521383063144771","pod=currencyservice-7f9f695db5-mb6pd"
"2026-06-11 18:35:57","2026-06-12 02:35:57","0.00453287070854645","pod=currencyservice-7f9f695db5-mb6pd"
"2026-06-11 18:36:12","2026-06-12 02:36:12","0.00528079329681513","pod=currencyservice-7f9f695db5-mb6pd"
"2026-06-11 18:36:27","2026-06-12 02:36:27","0.00515969667392455","pod=currencyservice-7f9f695db5-mb6pd"
"2026-06-11 18:36:42","2026-06-12 02:36:42","0.00558167050755988","pod=currencyservice-7f9f695db5-mb6pd"
"2026-06-11 18:36:57","2026-06-12 02:36:57","0.00599692103222943","pod=currencyservice-7f9f695db5-mb6pd"
"2026-06-11 18:37:12","2026-06-12 02:37:12","0.00583314262175031","pod=currencyservice-7f9f695db5-mb6pd"
"2026-06-11 18:37:27","2026-06-12 02:37:27","0.00316688892734128","pod=currencyservice-7f9f695db5-mb6pd"
"2026-06-11 18:37:42","2026-06-12 02:37:42","0.00370659175012773","pod=currencyservice-7f9f695db5-mb6pd"
"2026-06-11 18:37:57","2026-06-12 02:37:57","0.00497472401520158","pod=currencyservice-7f9f695db5-mb6pd"
"2026-06-11 18:38:12","2026-06-12 02:38:12","0.00523410073950034","pod=currencyservice-7f9f695db5-mb6pd"
"2026-06-11 18:38:27","2026-06-12 02:38:27","0.00570839393309792","pod=currencyservice-7f9f695db5-mb6pd"
"2026-06-11 18:38:42","2026-06-12 02:38:42","0.00542844936322576","pod=currencyservice-7f9f695db5-mb6pd"
"2026-06-11 18:38:57","2026-06-12 02:38:57","0.00534261160847814","pod=currencyservice-7f9f695db5-mb6pd"
"2026-06-11 18:39:12","2026-06-12 02:39:12","0.00518783037707044","pod=currencyservice-7f9f695db5-mb6pd"
"2026-06-11 18:39:27","2026-06-12 02:39:27","0.00585828752031001","pod=currencyservice-7f9f695db5-mb6pd"
"2026-06-11 18:39:42","2026-06-12 02:39:42","0.00660687338976794","pod=currencyservice-7f9f695db5-mb6pd"
"2026-06-11 18:39:57","2026-06-12 02:39:57","0.00578360485628309","pod=currencyservice-7f9f695db5-mb6pd"
"2026-06-11 18:40:12","2026-06-12 02:40:12","0.00520995184590692","pod=currencyservice-7f9f695db5-mb6pd"
"2026-06-11 18:40:27","2026-06-12 02:40:27","0.00518749872664686","pod=currencyservice-7f9f695db5-mb6pd"
"2026-06-11 18:40:42","2026-06-12 02:40:42","0.00578195247270373","pod=currencyservice-7f9f695db5-mb6pd"
"2026-06-11 18:40:57","2026-06-12 02:40:57","0.00618096503070158","pod=currencyservice-7f9f695db5-mb6pd"
"2026-06-11 18:41:12","2026-06-12 02:41:12","0.0056799013248834","pod=currencyservice-7f9f695db5-mb6pd"
"2026-06-11 18:41:27","2026-06-12 02:41:27","0.00480942123093211","pod=currencyservice-7f9f695db5-mb6pd"
"2026-06-11 18:41:42","2026-06-12 02:41:42","0.00973518596787819","pod=currencyservice-7f9f695db5-mb6pd"
"2026-06-11 18:41:57","2026-06-12 02:41:57","0.0100053105925389","pod=currencyservice-7f9f695db5-mb6pd"
"2026-06-11 18:42:12","2026-06-12 02:42:12","0.00929377500000008","pod=currencyservice-7f9f695db5-mb6pd"
"2026-06-11 18:42:27","2026-06-12 02:42:27","0.010203028025341","pod=currencyservice-7f9f695db5-mb6pd"
"2026-06-11 18:42:42","2026-06-12 02:42:42","0.00525156497571362","pod=currencyservice-7f9f695db5-mb6pd"
"2026-06-11 18:42:57","2026-06-12 02:42:57","0.00632906917118716","pod=currencyservice-7f9f695db5-mb6pd"
"2026-06-11 18:43:12","2026-06-12 02:43:12","0.00509408317803771","pod=currencyservice-7f9f695db5-mb6pd"
"2026-06-11 18:43:27","2026-06-12 02:43:27","0.00662287955680468","pod=currencyservice-7f9f695db5-mb6pd"
"2026-06-11 18:43:42","2026-06-12 02:43:42","0.00611970320042912","pod=currencyservice-7f9f695db5-mb6pd"
"2026-06-11 18:43:57","2026-06-12 02:43:57","0.00384567444579509","pod=currencyservice-7f9f695db5-mb6pd"
"2026-06-11 18:44:12","2026-06-12 02:44:12","0.00570924513149973","pod=currencyservice-7f9f695db5-mb6pd"
"2026-06-11 18:44:27","2026-06-12 02:44:27","0.0055196112368527","pod=currencyservice-7f9f695db5-mb6pd"
"2026-06-11 18:44:42","2026-06-12 02:44:42","0.00609974593247653","pod=currencyservice-7f9f695db5-mb6pd"
"2026-06-11 18:44:57","2026-06-12 02:44:57","0.00633186754452035","pod=currencyservice-7f9f695db5-mb6pd"
"2026-06-11 18:45:12","2026-06-12 02:45:12","0.00627763506382286","pod=currencyservice-7f9f695db5-mb6pd"
"2026-06-11 18:45:27","2026-06-12 02:45:27","0.00645797189553182","pod=currencyservice-7f9f695db5-mb6pd"
"2026-06-11 18:45:42","2026-06-12 02:45:42","0.00633393288101604","pod=currencyservice-7f9f695db5-mb6pd"
"2026-06-11 18:45:57","2026-06-12 02:45:57","0.00580960207412236","pod=currencyservice-7f9f695db5-mb6pd"
"2026-06-11 18:46:12","2026-06-12 02:46:12","0.00552400639244044","pod=currencyservice-7f9f695db5-mb6pd"
"2026-06-11 18:46:27","2026-06-12 02:46:27","0.00527737654599647","pod=currencyservice-7f9f695db5-mb6pd"
"2026-06-11 18:46:42","2026-06-12 02:46:42","0.00552693501431553","pod=currencyservice-7f9f695db5-mb6pd"
"2026-06-11 18:46:57","2026-06-12 02:46:57","0.00474163330994906","pod=currencyservice-7f9f695db5-mb6pd"
"2026-06-11 18:47:12","2026-06-12 02:47:12","0.00423555817687354","pod=currencyservice-7f9f695db5-mb6pd"
"2026-06-11 18:47:27","2026-06-12 02:47:27","0.00428989453577433","pod=currencyservice-7f9f695db5-mb6pd"
"2026-06-11 18:47:42","2026-06-12 02:47:42","0.00526456178551984","pod=currencyservice-7f9f695db5-mb6pd"
"2026-06-11 18:47:57","2026-06-12 02:47:57","0.00595073405675136","pod=currencyservice-7f9f695db5-mb6pd"
"2026-06-11 18:48:12","2026-06-12 02:48:12","0.00593083322985239","pod=currencyservice-7f9f695db5-mb6pd"
"2026-06-11 18:48:27","2026-06-12 02:48:27","0.00590779388972654","pod=currencyservice-7f9f695db5-mb6pd"
"2026-06-11 18:48:42","2026-06-12 02:48:42","0.00422981995904151","pod=currencyservice-7f9f695db5-mb6pd"
"2026-06-11 18:48:57","2026-06-12 02:48:57","0.00559792050254511","pod=currencyservice-7f9f695db5-mb6pd"
"2026-06-11 18:49:12","2026-06-12 02:49:12","0.00535032990490944","pod=currencyservice-7f9f695db5-mb6pd"
"2026-06-11 18:49:27","2026-06-12 02:49:27","0.00376663823915459","pod=currencyservice-7f9f695db5-mb6pd"
"2026-06-11 18:49:42","2026-06-12 02:49:42","0.00609427188657376","pod=currencyservice-7f9f695db5-mb6pd"
"2026-06-11 18:49:57","2026-06-12 02:49:57","0.00618690393114705","pod=currencyservice-7f9f695db5-mb6pd"
"2026-06-11 18:50:12","2026-06-12 02:50:12","0.00688413769497833","pod=currencyservice-7f9f695db5-mb6pd"
"2026-06-11 18:50:27","2026-06-12 02:50:27","0.00504930261415126","pod=currencyservice-7f9f695db5-mb6pd"
"2026-06-11 18:50:42","2026-06-12 02:50:42","0.00530269198199381","pod=currencyservice-7f9f695db5-mb6pd"
"2026-06-11 18:50:57","2026-06-12 02:50:57","0.00453991600984705","pod=currencyservice-7f9f695db5-mb6pd"
"2026-06-11 18:51:12","2026-06-12 02:51:12","0.00365378716898182","pod=currencyservice-7f9f695db5-mb6pd"
"2026-06-11 18:51:27","2026-06-12 02:51:27","0.0108661621151644","pod=currencyservice-7f9f695db5-mb6pd"
"2026-06-11 18:51:42","2026-06-12 02:51:42","0.0146120524947538","pod=currencyservice-7f9f695db5-mb6pd"
"2026-06-11 18:51:57","2026-06-12 02:51:57","0.0049520370960319","pod=currencyservice-7f9f695db5-mb6pd"
"2026-06-11 18:52:12","2026-06-12 02:52:12","0.00556301439030532","pod=currencyservice-7f9f695db5-mb6pd"
"2026-06-11 18:52:27","2026-06-12 02:52:27","0.00448737280701012","pod=currencyservice-7f9f695db5-mb6pd"
"2026-06-11 18:52:42","2026-06-12 02:52:42","0.00594649051432468","pod=currencyservice-7f9f695db5-mb6pd"
"2026-06-11 18:52:57","2026-06-12 02:52:57","0.00534026742880484","pod=currencyservice-7f9f695db5-mb6pd"
"2026-06-11 18:53:12","2026-06-12 02:53:12","0.00405810876026175","pod=currencyservice-7f9f695db5-mb6pd"
"2026-06-11 18:53:27","2026-06-12 02:53:27","0.00458998775047985","pod=currencyservice-7f9f695db5-mb6pd"
"2026-06-11 18:53:42","2026-06-12 02:53:42","0.00481653734355097","pod=currencyservice-7f9f695db5-mb6pd"
"2026-06-11 18:53:57","2026-06-12 02:53:57","0.00463524171152063","pod=currencyservice-7f9f695db5-mb6pd"
"2026-06-11 18:54:12","2026-06-12 02:54:12","0.00653742072799916","pod=currencyservice-7f9f695db5-mb6pd"
"2026-06-11 18:54:27","2026-06-12 02:54:27","0.00675901946776217","pod=currencyservice-7f9f695db5-mb6pd"
"2026-06-11 18:54:42","2026-06-12 02:54:42","0.00754050870147258","pod=currencyservice-7f9f695db5-mb6pd"
"2026-06-11 18:54:57","2026-06-12 02:54:57","0.00769330916282128","pod=currencyservice-7f9f695db5-mb6pd"
"2026-06-11 18:55:12","2026-06-12 02:55:12","0.00770954098501431","pod=currencyservice-7f9f695db5-mb6pd"
"2026-06-11 18:55:27","2026-06-12 02:55:27","0.0076129245158493","pod=currencyservice-7f9f695db5-mb6pd"
"2026-06-11 18:55:42","2026-06-12 02:55:42","0.00616834884464724","pod=currencyservice-7f9f695db5-mb6pd"
"2026-06-11 18:55:57","2026-06-12 02:55:57","0.00700479656315822","pod=currencyservice-7f9f695db5-mb6pd"
"2026-06-11 18:56:12","2026-06-12 02:56:12","0.00565413263932508","pod=currencyservice-7f9f695db5-mb6pd"
"2026-06-11 18:56:27","2026-06-12 02:56:27","0.00443719402193058","pod=currencyservice-7f9f695db5-mb6pd"
"2026-06-11 18:56:42","2026-06-12 02:56:42","0.00607200564058853","pod=currencyservice-7f9f695db5-mb6pd"
"2026-06-11 18:56:57","2026-06-12 02:56:57","0.00696782536273182","pod=currencyservice-7f9f695db5-mb6pd"
"2026-06-11 18:57:12","2026-06-12 02:57:12","0.00657354188874627","pod=currencyservice-7f9f695db5-mb6pd"
"2026-06-11 18:57:27","2026-06-12 02:57:27","0.00462477738070461","pod=currencyservice-7f9f695db5-mb6pd"
"2026-06-11 18:57:42","2026-06-12 02:57:42","0.00656048297238702","pod=currencyservice-7f9f695db5-mb6pd"
"2026-06-11 18:57:57","2026-06-12 02:57:57","0.00674290744801041","pod=currencyservice-7f9f695db5-mb6pd"
"2026-06-11 18:58:12","2026-06-12 02:58:12","0.00632488108906014","pod=currencyservice-7f9f695db5-mb6pd"
"2026-06-11 18:58:27","2026-06-12 02:58:27","0.00633057598663429","pod=currencyservice-7f9f695db5-mb6pd"
"2026-06-11 18:58:42","2026-06-12 02:58:42","0.00637435527702291","pod=currencyservice-7f9f695db5-mb6pd"
"2026-06-11 18:58:57","2026-06-12 02:58:57","0.00610052064967123","pod=currencyservice-7f9f695db5-mb6pd"
"2026-06-11 18:59:12","2026-06-12 02:59:12","0.00616604060459696","pod=currencyservice-7f9f695db5-mb6pd"
"2026-06-11 18:59:27","2026-06-12 02:59:27","0.00605923408229992","pod=currencyservice-7f9f695db5-mb6pd"
"2026-06-11 18:59:42","2026-06-12 02:59:42","0.00663592090726651","pod=currencyservice-7f9f695db5-mb6pd"
"2026-06-11 18:59:57","2026-06-12 02:59:57","0.00619776993969743","pod=currencyservice-7f9f695db5-mb6pd"
"2026-06-11 19:00:12","2026-06-12 03:00:12","0.00585083816552436","pod=currencyservice-7f9f695db5-mb6pd"
"2026-06-11 19:00:27","2026-06-12 03:00:27","0.00622262057911744","pod=currencyservice-7f9f695db5-mb6pd"
"2026-06-11 19:00:42","2026-06-12 03:00:42","0.0176372336884156","pod=currencyservice-7f9f695db5-mb6pd"
"2026-06-11 19:00:57","2026-06-12 03:00:57","0.0167593278972079","pod=currencyservice-7f9f695db5-mb6pd"
"2026-06-11 19:01:12","2026-06-12 03:01:12","0.0169178245572186","pod=currencyservice-7f9f695db5-mb6pd"
"2026-06-11 19:01:27","2026-06-12 03:01:27","0.00638090830313517","pod=currencyservice-7f9f695db5-mb6pd"
"2026-06-11 19:01:42","2026-06-12 03:01:42","0.00574044104997602","pod=currencyservice-7f9f695db5-mb6pd"
"2026-06-11 19:01:57","2026-06-12 03:01:57","0.00540696732379122","pod=currencyservice-7f9f695db5-mb6pd"
"2026-06-11 19:02:12","2026-06-12 03:02:12","0.00504246965465765","pod=currencyservice-7f9f695db5-mb6pd"
"2026-06-11 19:02:27","2026-06-12 03:02:27","0.00559242915465902","pod=currencyservice-7f9f695db5-mb6pd"
"2026-06-11 19:02:42","2026-06-12 03:02:42","0.00553815399330465","pod=currencyservice-7f9f695db5-mb6pd"
"2026-06-11 19:02:57","2026-06-12 03:02:57","0.0053849650203174","pod=currencyservice-7f9f695db5-mb6pd"
"2026-06-11 19:03:12","2026-06-12 03:03:12","0.00513333590168354","pod=currencyservice-7f9f695db5-mb6pd"
"2026-06-11 19:03:27","2026-06-12 03:03:27","0.00530094729171736","pod=currencyservice-7f9f695db5-mb6pd"
"2026-06-11 19:03:42","2026-06-12 03:03:42","0.00548603814172853","pod=currencyservice-7f9f695db5-mb6pd"
"2026-06-11 19:03:57","2026-06-12 03:03:57","0.00599465128717953","pod=currencyservice-7f9f695db5-mb6pd"
"2026-06-11 19:04:12","2026-06-12 03:04:12","0.00605783487590359","pod=currencyservice-7f9f695db5-mb6pd"
"2026-06-11 19:04:27","2026-06-12 03:04:27","0.00585920639591931","pod=currencyservice-7f9f695db5-mb6pd"
"2026-06-11 19:04:42","2026-06-12 03:04:42","0.00592684145475586","pod=currencyservice-7f9f695db5-mb6pd"
"2026-06-11 19:04:57","2026-06-12 03:04:57","0.00450014590793056","pod=currencyservice-7f9f695db5-mb6pd"
"2026-06-11 19:05:12","2026-06-12 03:05:12","0.00497144778126385","pod=currencyservice-7f9f695db5-mb6pd"
"2026-06-11 19:05:27","2026-06-12 03:05:27","0.00549452373683391","pod=currencyservice-7f9f695db5-mb6pd"
"2026-06-11 19:05:42","2026-06-12 03:05:42","0.00634859956145801","pod=currencyservice-7f9f695db5-mb6pd"
"2026-06-11 19:05:57","2026-06-12 03:05:57","0.00654340066167504","pod=currencyservice-7f9f695db5-mb6pd"
"2026-06-11 19:06:12","2026-06-12 03:06:12","0.00616737137156172","pod=currencyservice-7f9f695db5-mb6pd"
"2026-06-11 19:06:27","2026-06-12 03:06:27","0.00557871684824496","pod=currencyservice-7f9f695db5-mb6pd"
"2026-06-11 19:06:42","2026-06-12 03:06:42","0.00597915749583721","pod=currencyservice-7f9f695db5-mb6pd"
"2026-06-11 19:06:57","2026-06-12 03:06:57","0.00479543728103629","pod=currencyservice-7f9f695db5-mb6pd"
"2026-06-11 19:07:12","2026-06-12 03:07:12","0.00572774662064975","pod=currencyservice-7f9f695db5-mb6pd"
"2026-06-11 19:07:27","2026-06-12 03:07:27","0.00518914010714617","pod=currencyservice-7f9f695db5-mb6pd"
"2026-06-11 19:07:42","2026-06-12 03:07:42","0.00376927499999979","pod=currencyservice-7f9f695db5-mb6pd"
"2026-06-11 19:07:57","2026-06-12 03:07:57","0.00600979320397174","pod=currencyservice-7f9f695db5-mb6pd"
"2026-06-11 19:08:12","2026-06-12 03:08:12","0.00567266474534394","pod=currencyservice-7f9f695db5-mb6pd"
"2026-06-11 19:08:27","2026-06-12 03:08:27","0.00540855710792048","pod=currencyservice-7f9f695db5-mb6pd"
"2026-06-11 19:08:42","2026-06-12 03:08:42","0.00540855710792048","pod=currencyservice-7f9f695db5-mb6pd"
"2026-06-11 19:08:57","2026-06-12 03:08:57","0.00549149333187009","pod=currencyservice-7f9f695db5-mb6pd"
"2026-06-11 19:09:12","2026-06-12 03:09:12","0.00533745693704977","pod=currencyservice-7f9f695db5-mb6pd"
"2026-06-11 19:09:27","2026-06-12 03:09:27","0.00509532112757926","pod=currencyservice-7f9f695db5-mb6pd"
"2026-06-11 19:09:42","2026-06-12 03:09:42","0.00516491533728951","pod=currencyservice-7f9f695db5-mb6pd"
"2026-06-11 19:09:57","2026-06-12 03:09:57","0.00484583367008805","pod=currencyservice-7f9f695db5-mb6pd"
"2026-06-11 19:10:12","2026-06-12 03:10:12","0.00754760007790219","pod=currencyservice-7f9f695db5-mb6pd"
"2026-06-11 19:10:27","2026-06-12 03:10:27","0.00925843148165342","pod=currencyservice-7f9f695db5-mb6pd"
"2026-06-11 19:10:42","2026-06-12 03:10:42","0.00870235448378081","pod=currencyservice-7f9f695db5-mb6pd"
"2026-06-11 19:10:57","2026-06-12 03:10:57","0.00440245520902452","pod=currencyservice-7f9f695db5-mb6pd"
"2026-06-11 19:11:12","2026-06-12 03:11:12","0.004920036744113","pod=currencyservice-7f9f695db5-mb6pd"
"2026-06-11 19:11:27","2026-06-12 03:11:27","0.004920036744113","pod=currencyservice-7f9f695db5-mb6pd"
"2026-06-11 19:11:42","2026-06-12 03:11:42","0.00537805716353103","pod=currencyservice-7f9f695db5-mb6pd"
"2026-06-11 19:11:57","2026-06-12 03:11:57","0.00485739571552707","pod=currencyservice-7f9f695db5-mb6pd"
"2026-06-11 19:12:12","2026-06-12 03:12:12","0.00541697220745068","pod=currencyservice-7f9f695db5-mb6pd"
"2026-06-11 19:12:27","2026-06-12 03:12:27","0.00530708938976086","pod=currencyservice-7f9f695db5-mb6pd"
"2026-06-11 19:12:42","2026-06-12 03:12:42","0.00345312185990333","pod=currencyservice-7f9f695db5-mb6pd"
"2026-06-11 19:12:57","2026-06-12 03:12:57","0.0049474885328873","pod=currencyservice-7f9f695db5-mb6pd"
"2026-06-11 19:13:12","2026-06-12 03:13:12","0.00452787452373725","pod=currencyservice-7f9f695db5-mb6pd"
"2026-06-11 19:13:27","2026-06-12 03:13:27","0.0050496299712322","pod=currencyservice-7f9f695db5-mb6pd"
"2026-06-11 19:13:42","2026-06-12 03:13:42","0.00524599417334291","pod=currencyservice-7f9f695db5-mb6pd"
"2026-06-11 19:13:57","2026-06-12 03:13:57","0.00546354278823371","pod=currencyservice-7f9f695db5-mb6pd"
"2026-06-11 19:14:12","2026-06-12 03:14:12","0.00521826007402147","pod=currencyservice-7f9f695db5-mb6pd"
"2026-06-11 19:14:27","2026-06-12 03:14:27","0.00481251162790716","pod=currencyservice-7f9f695db5-mb6pd"
"2026-06-11 19:14:42","2026-06-12 03:14:42","0.00510257459040598","pod=currencyservice-7f9f695db5-mb6pd"
"2026-06-11 19:14:57","2026-06-12 03:14:57","0.004936380345546","pod=currencyservice-7f9f695db5-mb6pd"
"2026-06-11 19:15:12","2026-06-12 03:15:12","0.00501817210048097","pod=currencyservice-7f9f695db5-mb6pd"
"2026-06-11 19:15:27","2026-06-12 03:15:27","0.00476301800045169","pod=currencyservice-7f9f695db5-mb6pd"
"2026-06-11 19:15:42","2026-06-12 03:15:42","0.00479955050179138","pod=currencyservice-7f9f695db5-mb6pd"
"2026-06-11 19:15:57","2026-06-12 03:15:57","0.00459992281469096","pod=currencyservice-7f9f695db5-mb6pd"
"2026-06-11 19:16:12","2026-06-12 03:16:12","0.00458767827644763","pod=currencyservice-7f9f695db5-mb6pd"
"2026-06-11 19:16:27","2026-06-12 03:16:27","0.0047063257122461","pod=currencyservice-7f9f695db5-mb6pd"
"2026-06-11 19:16:42","2026-06-12 03:16:42","0.00510269840875797","pod=currencyservice-7f9f695db5-mb6pd"
"2026-06-11 19:16:57","2026-06-12 03:16:57","0.00513877814118945","pod=currencyservice-7f9f695db5-mb6pd"
"2026-06-11 19:17:12","2026-06-12 03:17:12","0.00523105722503245","pod=currencyservice-7f9f695db5-mb6pd"
"2026-06-11 19:17:27","2026-06-12 03:17:27","0.00499708841789759","pod=currencyservice-7f9f695db5-mb6pd"
"2026-06-11 19:17:42","2026-06-12 03:17:42","0.00496320066680567","pod=currencyservice-7f9f695db5-mb6pd"
"2026-06-11 19:17:57","2026-06-12 03:17:57","0.00481028404716559","pod=currencyservice-7f9f695db5-mb6pd"
"2026-06-11 19:18:12","2026-06-12 03:18:12","0.00491048875432539","pod=currencyservice-7f9f695db5-mb6pd"
"2026-06-11 19:18:27","2026-06-12 03:18:27","0.00642433165275582","pod=currencyservice-7f9f695db5-mb6pd"
"2026-06-11 19:18:42","2026-06-12 03:18:42","0.0065995631341599","pod=currencyservice-7f9f695db5-mb6pd"
"2026-06-11 19:18:57","2026-06-12 03:18:57","0.00688249298729475","pod=currencyservice-7f9f695db5-mb6pd"
"2026-06-11 19:19:12","2026-06-12 03:19:12","0.00481386812301359","pod=currencyservice-7f9f695db5-mb6pd"
"2026-06-11 19:19:27","2026-06-12 03:19:27","0.00358794058328988","pod=currencyservice-7f9f695db5-mb6pd"
"2026-06-11 19:19:42","2026-06-12 03:19:42","0.00466799325595966","pod=currencyservice-7f9f695db5-mb6pd"
"2026-06-11 19:19:57","2026-06-12 03:19:57","0.00509984729237656","pod=currencyservice-7f9f695db5-mb6pd"
"2026-06-11 19:20:12","2026-06-12 03:20:12","0.00446915851069802","pod=currencyservice-7f9f695db5-mb6pd"
"2026-06-11 19:20:27","2026-06-12 03:20:27","0.00632853495245175","pod=currencyservice-7f9f695db5-mb6pd"
"2026-06-11 19:20:42","2026-06-12 03:20:42","0.00656258252167075","pod=currencyservice-7f9f695db5-mb6pd"
"2026-06-11 19:20:57","2026-06-12 03:20:57","0.00585512800593868","pod=currencyservice-7f9f695db5-mb6pd"
"2026-06-11 19:21:12","2026-06-12 03:21:12","0.00490139146870044","pod=currencyservice-7f9f695db5-mb6pd"
"2026-06-11 19:21:27","2026-06-12 03:21:27","0.00537836432944459","pod=currencyservice-7f9f695db5-mb6pd"
"2026-06-11 19:21:42","2026-06-12 03:21:42","0.00566390904364713","pod=currencyservice-7f9f695db5-mb6pd"
"2026-06-11 19:21:57","2026-06-12 03:21:57","0.00339664999999982","pod=currencyservice-7f9f695db5-mb6pd"
"2026-06-11 19:22:12","2026-06-12 03:22:12","0.0058863620605975","pod=currencyservice-7f9f695db5-mb6pd"
"2026-06-11 19:22:27","2026-06-12 03:22:27","0.00576115403136325","pod=currencyservice-7f9f695db5-mb6pd"
"2026-06-11 19:22:42","2026-06-12 03:22:42","0.00501361268276281","pod=currencyservice-7f9f695db5-mb6pd"
"2026-06-11 19:22:57","2026-06-12 03:22:57","0.00472700254160858","pod=currencyservice-7f9f695db5-mb6pd"
"2026-06-11 19:23:12","2026-06-12 03:23:12","0.00528832228902451","pod=currencyservice-7f9f695db5-mb6pd"
"2026-06-11 19:23:27","2026-06-12 03:23:27","0.00556826970983917","pod=currencyservice-7f9f695db5-mb6pd"
"2026-06-11 19:23:42","2026-06-12 03:23:42","0.00698620864051049","pod=currencyservice-7f9f695db5-mb6pd"
"2026-06-11 19:23:57","2026-06-12 03:23:57","0.0068774751441221","pod=currencyservice-7f9f695db5-mb6pd"
"2026-06-11 19:24:12","2026-06-12 03:24:12","0.00679409072821326","pod=currencyservice-7f9f695db5-mb6pd"
"2026-06-11 19:24:27","2026-06-12 03:24:27","0.00636599314611235","pod=currencyservice-7f9f695db5-mb6pd"
"2026-06-11 19:24:42","2026-06-12 03:24:42","0.00643213893064697","pod=currencyservice-7f9f695db5-mb6pd"
"2026-06-11 19:24:57","2026-06-12 03:24:57","0.00655258098223617","pod=currencyservice-7f9f695db5-mb6pd"
"2026-06-11 19:25:12","2026-06-12 03:25:12","0.00509294815658882","pod=currencyservice-7f9f695db5-mb6pd"
"2026-06-11 19:25:27","2026-06-12 03:25:27","0.00579748142449336","pod=currencyservice-7f9f695db5-mb6pd"
"2026-06-11 19:25:42","2026-06-12 03:25:42","0.00523622772212114","pod=currencyservice-7f9f695db5-mb6pd"
"2026-06-11 19:25:57","2026-06-12 03:25:57","0.00363499786163844","pod=currencyservice-7f9f695db5-mb6pd"
"2026-06-11 19:26:12","2026-06-12 03:26:12","0.00513626347088463","pod=currencyservice-7f9f695db5-mb6pd"
"2026-06-11 19:26:27","2026-06-12 03:26:27","0.00526110119047611","pod=currencyservice-7f9f695db5-mb6pd"
"2026-06-11 19:26:42","2026-06-12 03:26:42","0.00647066851670721","pod=currencyservice-7f9f695db5-mb6pd"
"2026-06-11 19:26:57","2026-06-12 03:26:57","0.0050183999999998","pod=currencyservice-7f9f695db5-mb6pd"
"2026-06-11 17:26:57","2026-06-12 01:26:57","0.00145921608706465","pod=emailservice-58dc4788c5-8g5bc"
"2026-06-11 17:27:12","2026-06-12 01:27:12","0.00149622833843017","pod=emailservice-58dc4788c5-8g5bc"
"2026-06-11 17:27:27","2026-06-12 01:27:27","0.00147915279072859","pod=emailservice-58dc4788c5-8g5bc"
"2026-06-11 17:27:42","2026-06-12 01:27:42","0.00143128030836818","pod=emailservice-58dc4788c5-8g5bc"
"2026-06-11 17:27:57","2026-06-12 01:27:57","0.00132447749272581","pod=emailservice-58dc4788c5-8g5bc"
"2026-06-11 17:28:12","2026-06-12 01:28:12","0.00105173607271052","pod=emailservice-58dc4788c5-8g5bc"
"2026-06-11 17:28:27","2026-06-12 01:28:27","0.00136705693091429","pod=emailservice-58dc4788c5-8g5bc"
"2026-06-11 17:28:42","2026-06-12 01:28:42","0.00139435644021612","pod=emailservice-58dc4788c5-8g5bc"
"2026-06-11 17:28:57","2026-06-12 01:28:57","0.00144952445028893","pod=emailservice-58dc4788c5-8g5bc"
"2026-06-11 17:29:12","2026-06-12 01:29:12","0.00145915808156803","pod=emailservice-58dc4788c5-8g5bc"
"2026-06-11 17:29:27","2026-06-12 01:29:27","0.00120579719064209","pod=emailservice-58dc4788c5-8g5bc"
"2026-06-11 17:29:42","2026-06-12 01:29:42","0.00149299215635853","pod=emailservice-58dc4788c5-8g5bc"
"2026-06-11 17:29:57","2026-06-12 01:29:57","0.00152843801270457","pod=emailservice-58dc4788c5-8g5bc"
"2026-06-11 17:30:12","2026-06-12 01:30:12","0.00152418625678123","pod=emailservice-58dc4788c5-8g5bc"
"2026-06-11 17:30:27","2026-06-12 01:30:27","0.00120791109003158","pod=emailservice-58dc4788c5-8g5bc"
"2026-06-11 17:30:42","2026-06-12 01:30:42","0.00137546452148823","pod=emailservice-58dc4788c5-8g5bc"
"2026-06-11 17:30:57","2026-06-12 01:30:57","0.0013458980570994","pod=emailservice-58dc4788c5-8g5bc"
"2026-06-11 17:31:12","2026-06-12 01:31:12","0.000937535359242956","pod=emailservice-58dc4788c5-8g5bc"
"2026-06-11 17:31:27","2026-06-12 01:31:27","0.00141316763487507","pod=emailservice-58dc4788c5-8g5bc"
"2026-06-11 17:31:42","2026-06-12 01:31:42","0.00148090650317497","pod=emailservice-58dc4788c5-8g5bc"
"2026-06-11 17:31:57","2026-06-12 01:31:57","0.00157025681287575","pod=emailservice-58dc4788c5-8g5bc"
"2026-06-11 17:32:12","2026-06-12 01:32:12","0.001566794536717","pod=emailservice-58dc4788c5-8g5bc"
"2026-06-11 17:32:27","2026-06-12 01:32:27","0.001523503610828","pod=emailservice-58dc4788c5-8g5bc"
"2026-06-11 17:32:42","2026-06-12 01:32:42","0.00140211366491762","pod=emailservice-58dc4788c5-8g5bc"
"2026-06-11 17:32:57","2026-06-12 01:32:57","0.00135372463992567","pod=emailservice-58dc4788c5-8g5bc"
"2026-06-11 17:33:12","2026-06-12 01:33:12","0.00142791806235511","pod=emailservice-58dc4788c5-8g5bc"
"2026-06-11 17:33:27","2026-06-12 01:33:27","0.00142527687586174","pod=emailservice-58dc4788c5-8g5bc"
"2026-06-11 17:33:42","2026-06-12 01:33:42","0.00144273020439414","pod=emailservice-58dc4788c5-8g5bc"
"2026-06-11 17:33:57","2026-06-12 01:33:57","0.001333117661155","pod=emailservice-58dc4788c5-8g5bc"
"2026-06-11 17:34:12","2026-06-12 01:34:12","0.00130484491490425","pod=emailservice-58dc4788c5-8g5bc"
"2026-06-11 17:34:27","2026-06-12 01:34:27","0.00133336121275483","pod=emailservice-58dc4788c5-8g5bc"
"2026-06-11 17:34:42","2026-06-12 01:34:42","0.00137028889017545","pod=emailservice-58dc4788c5-8g5bc"
"2026-06-11 17:34:57","2026-06-12 01:34:57","0.00142800114876508","pod=emailservice-58dc4788c5-8g5bc"
"2026-06-11 17:35:12","2026-06-12 01:35:12","0.00135924006908458","pod=emailservice-58dc4788c5-8g5bc"
"2026-06-11 17:35:27","2026-06-12 01:35:27","0.00135993910395819","pod=emailservice-58dc4788c5-8g5bc"
"2026-06-11 17:35:42","2026-06-12 01:35:42","0.0013757281802551","pod=emailservice-58dc4788c5-8g5bc"
"2026-06-11 17:35:57","2026-06-12 01:35:57","0.00137715606328213","pod=emailservice-58dc4788c5-8g5bc"
"2026-06-11 17:36:12","2026-06-12 01:36:12","0.00133187669215792","pod=emailservice-58dc4788c5-8g5bc"
"2026-06-11 17:36:27","2026-06-12 01:36:27","0.00132294760034492","pod=emailservice-58dc4788c5-8g5bc"
"2026-06-11 17:36:42","2026-06-12 01:36:42","0.00131346733668339","pod=emailservice-58dc4788c5-8g5bc"
"2026-06-11 17:36:57","2026-06-12 01:36:57","0.00132369905152527","pod=emailservice-58dc4788c5-8g5bc"
"2026-06-11 17:37:12","2026-06-12 01:37:12","0.00137364119160235","pod=emailservice-58dc4788c5-8g5bc"
"2026-06-11 17:37:27","2026-06-12 01:37:27","0.00137315350032114","pod=emailservice-58dc4788c5-8g5bc"
"2026-06-11 17:37:42","2026-06-12 01:37:42","0.001382371636415","pod=emailservice-58dc4788c5-8g5bc"
"2026-06-11 17:37:57","2026-06-12 01:37:57","0.00132533049688497","pod=emailservice-58dc4788c5-8g5bc"
"2026-06-11 17:38:12","2026-06-12 01:38:12","0.00126256097560975","pod=emailservice-58dc4788c5-8g5bc"
"2026-06-11 17:38:27","2026-06-12 01:38:27","0.00125033304239974","pod=emailservice-58dc4788c5-8g5bc"
"2026-06-11 17:38:42","2026-06-12 01:38:42","0.00122189616706531","pod=emailservice-58dc4788c5-8g5bc"
"2026-06-11 17:38:57","2026-06-12 01:38:57","0.000985197535445218","pod=emailservice-58dc4788c5-8g5bc"
"2026-06-11 17:39:12","2026-06-12 01:39:12","0.00124103054600216","pod=emailservice-58dc4788c5-8g5bc"
"2026-06-11 17:39:27","2026-06-12 01:39:27","0.00123104608219043","pod=emailservice-58dc4788c5-8g5bc"
"2026-06-11 17:39:42","2026-06-12 01:39:42","0.000924384513297072","pod=emailservice-58dc4788c5-8g5bc"
"2026-06-11 17:39:57","2026-06-12 01:39:57","0.00129982024922745","pod=emailservice-58dc4788c5-8g5bc"
"2026-06-11 17:40:12","2026-06-12 01:40:12","0.00134326235531154","pod=emailservice-58dc4788c5-8g5bc"
"2026-06-11 17:40:27","2026-06-12 01:40:27","0.0014055321729205","pod=emailservice-58dc4788c5-8g5bc"
"2026-06-11 17:40:42","2026-06-12 01:40:42","0.00145766635151435","pod=emailservice-58dc4788c5-8g5bc"
"2026-06-11 17:40:57","2026-06-12 01:40:57","0.00141264383751562","pod=emailservice-58dc4788c5-8g5bc"
"2026-06-11 17:41:12","2026-06-12 01:41:12","0.0013290349188892","pod=emailservice-58dc4788c5-8g5bc"
"2026-06-11 17:41:27","2026-06-12 01:41:27","0.00135721921866883","pod=emailservice-58dc4788c5-8g5bc"
"2026-06-11 17:41:42","2026-06-12 01:41:42","0.00136597980972952","pod=emailservice-58dc4788c5-8g5bc"
"2026-06-11 17:41:57","2026-06-12 01:41:57","0.00134607153146481","pod=emailservice-58dc4788c5-8g5bc"
"2026-06-11 17:42:12","2026-06-12 01:42:12","0.00132156413095047","pod=emailservice-58dc4788c5-8g5bc"
"2026-06-11 17:42:27","2026-06-12 01:42:27","0.00127819899190987","pod=emailservice-58dc4788c5-8g5bc"
"2026-06-11 17:42:42","2026-06-12 01:42:42","0.00129775364951806","pod=emailservice-58dc4788c5-8g5bc"
"2026-06-11 17:42:57","2026-06-12 01:42:57","0.00129622251550087","pod=emailservice-58dc4788c5-8g5bc"
"2026-06-11 17:43:12","2026-06-12 01:43:12","0.00130836639490782","pod=emailservice-58dc4788c5-8g5bc"
"2026-06-11 17:43:27","2026-06-12 01:43:27","0.00128280031892276","pod=emailservice-58dc4788c5-8g5bc"
"2026-06-11 17:43:42","2026-06-12 01:43:42","0.00127890520694265","pod=emailservice-58dc4788c5-8g5bc"
"2026-06-11 17:43:57","2026-06-12 01:43:57","0.00132147694359358","pod=emailservice-58dc4788c5-8g5bc"
"2026-06-11 17:44:12","2026-06-12 01:44:12","0.00129866315576256","pod=emailservice-58dc4788c5-8g5bc"
"2026-06-11 17:44:27","2026-06-12 01:44:27","0.00132127944838154","pod=emailservice-58dc4788c5-8g5bc"
"2026-06-11 17:44:42","2026-06-12 01:44:42","0.00111449765864579","pod=emailservice-58dc4788c5-8g5bc"
"2026-06-11 17:44:57","2026-06-12 01:44:57","0.00129152944666968","pod=emailservice-58dc4788c5-8g5bc"
"2026-06-11 17:45:12","2026-06-12 01:45:12","0.00126067865308661","pod=emailservice-58dc4788c5-8g5bc"
"2026-06-11 17:45:27","2026-06-12 01:45:27","0.00123283283871537","pod=emailservice-58dc4788c5-8g5bc"
"2026-06-11 17:45:42","2026-06-12 01:45:42","0.00125005331172426","pod=emailservice-58dc4788c5-8g5bc"
"2026-06-11 17:45:57","2026-06-12 01:45:57","0.00130820793125942","pod=emailservice-58dc4788c5-8g5bc"
"2026-06-11 17:46:12","2026-06-12 01:46:12","0.00131673896118336","pod=emailservice-58dc4788c5-8g5bc"
"2026-06-11 17:46:27","2026-06-12 01:46:27","0.00131132307188473","pod=emailservice-58dc4788c5-8g5bc"
"2026-06-11 17:46:42","2026-06-12 01:46:42","0.00124183272608845","pod=emailservice-58dc4788c5-8g5bc"
"2026-06-11 17:46:57","2026-06-12 01:46:57","0.00124753347427772","pod=emailservice-58dc4788c5-8g5bc"
"2026-06-11 17:47:12","2026-06-12 01:47:12","0.00126266935345572","pod=emailservice-58dc4788c5-8g5bc"
"2026-06-11 17:47:27","2026-06-12 01:47:27","0.00129706219514941","pod=emailservice-58dc4788c5-8g5bc"
"2026-06-11 17:47:42","2026-06-12 01:47:42","0.00105326293361041","pod=emailservice-58dc4788c5-8g5bc"
"2026-06-11 17:47:57","2026-06-12 01:47:57","0.00129693132452165","pod=emailservice-58dc4788c5-8g5bc"
"2026-06-11 17:48:12","2026-06-12 01:48:12","0.00129463234056869","pod=emailservice-58dc4788c5-8g5bc"
"2026-06-11 17:48:27","2026-06-12 01:48:27","0.000887654170030264","pod=emailservice-58dc4788c5-8g5bc"
"2026-06-11 17:48:42","2026-06-12 01:48:42","0.0012713659053093","pod=emailservice-58dc4788c5-8g5bc"
"2026-06-11 17:48:57","2026-06-12 01:48:57","0.00123812597760509","pod=emailservice-58dc4788c5-8g5bc"
"2026-06-11 17:49:12","2026-06-12 01:49:12","0.00120660743904935","pod=emailservice-58dc4788c5-8g5bc"
"2026-06-11 17:49:27","2026-06-12 01:49:27","0.0011744009298999","pod=emailservice-58dc4788c5-8g5bc"
"2026-06-11 17:49:42","2026-06-12 01:49:42","0.0011895900810761","pod=emailservice-58dc4788c5-8g5bc"
"2026-06-11 17:49:57","2026-06-12 01:49:57","0.00121425899438879","pod=emailservice-58dc4788c5-8g5bc"
"2026-06-11 17:50:12","2026-06-12 01:50:12","0.00119120226374494","pod=emailservice-58dc4788c5-8g5bc"
"2026-06-11 17:50:27","2026-06-12 01:50:27","0.00114562027567807","pod=emailservice-58dc4788c5-8g5bc"
"2026-06-11 17:50:42","2026-06-12 01:50:42","0.00116580025686505","pod=emailservice-58dc4788c5-8g5bc"
"2026-06-11 17:50:57","2026-06-12 01:50:57","0.00126720387672315","pod=emailservice-58dc4788c5-8g5bc"
"2026-06-11 17:51:12","2026-06-12 01:51:12","0.00134506364922204","pod=emailservice-58dc4788c5-8g5bc"
"2026-06-11 17:51:27","2026-06-12 01:51:27","0.0014162819713038","pod=emailservice-58dc4788c5-8g5bc"
"2026-06-11 17:51:42","2026-06-12 01:51:42","0.00140769436877601","pod=emailservice-58dc4788c5-8g5bc"
"2026-06-11 17:51:57","2026-06-12 01:51:57","0.000970028508804702","pod=emailservice-58dc4788c5-8g5bc"
"2026-06-11 17:52:12","2026-06-12 01:52:12","0.00139446605741117","pod=emailservice-58dc4788c5-8g5bc"
"2026-06-11 17:52:27","2026-06-12 01:52:27","0.00136373314407375","pod=emailservice-58dc4788c5-8g5bc"
"2026-06-11 17:52:42","2026-06-12 01:52:42","0.00137948234891135","pod=emailservice-58dc4788c5-8g5bc"
"2026-06-11 17:52:57","2026-06-12 01:52:57","0.00140455476510361","pod=emailservice-58dc4788c5-8g5bc"
"2026-06-11 17:53:12","2026-06-12 01:53:12","0.00143551214625597","pod=emailservice-58dc4788c5-8g5bc"
"2026-06-11 17:53:27","2026-06-12 01:53:27","0.00136172853964166","pod=emailservice-58dc4788c5-8g5bc"
"2026-06-11 17:53:42","2026-06-12 01:53:42","0.00135807948810388","pod=emailservice-58dc4788c5-8g5bc"
"2026-06-11 17:53:57","2026-06-12 01:53:57","0.0013052978072677","pod=emailservice-58dc4788c5-8g5bc"
"2026-06-11 17:54:12","2026-06-12 01:54:12","0.00132652522809719","pod=emailservice-58dc4788c5-8g5bc"
"2026-06-11 17:54:27","2026-06-12 01:54:27","0.00127410203666447","pod=emailservice-58dc4788c5-8g5bc"
"2026-06-11 17:54:42","2026-06-12 01:54:42","0.00131225592678784","pod=emailservice-58dc4788c5-8g5bc"
"2026-06-11 17:54:57","2026-06-12 01:54:57","0.0013200527493606","pod=emailservice-58dc4788c5-8g5bc"
"2026-06-11 17:55:12","2026-06-12 01:55:12","0.00133573806881239","pod=emailservice-58dc4788c5-8g5bc"
"2026-06-11 17:55:27","2026-06-12 01:55:27","0.0013356111024551","pod=emailservice-58dc4788c5-8g5bc"
"2026-06-11 17:55:42","2026-06-12 01:55:42","0.00136926513290153","pod=emailservice-58dc4788c5-8g5bc"
"2026-06-11 17:55:57","2026-06-12 01:55:57","0.00100818474702386","pod=emailservice-58dc4788c5-8g5bc"
"2026-06-11 17:56:12","2026-06-12 01:56:12","0.00131930000417663","pod=emailservice-58dc4788c5-8g5bc"
"2026-06-11 17:56:27","2026-06-12 01:56:27","0.00135719792692848","pod=emailservice-58dc4788c5-8g5bc"
"2026-06-11 17:56:42","2026-06-12 01:56:42","0.000957074999999996","pod=emailservice-58dc4788c5-8g5bc"
"2026-06-11 17:56:57","2026-06-12 01:56:57","0.00138062119314008","pod=emailservice-58dc4788c5-8g5bc"
"2026-06-11 17:57:12","2026-06-12 01:57:12","0.00134514407684104","pod=emailservice-58dc4788c5-8g5bc"
"2026-06-11 17:57:27","2026-06-12 01:57:27","0.00105417403916093","pod=emailservice-58dc4788c5-8g5bc"
"2026-06-11 17:57:42","2026-06-12 01:57:42","0.00130254528080615","pod=emailservice-58dc4788c5-8g5bc"
"2026-06-11 17:57:57","2026-06-12 01:57:57","0.0013076276424774","pod=emailservice-58dc4788c5-8g5bc"
"2026-06-11 17:58:12","2026-06-12 01:58:12","0.00140002101061037","pod=emailservice-58dc4788c5-8g5bc"
"2026-06-11 17:58:27","2026-06-12 01:58:27","0.00136797864485719","pod=emailservice-58dc4788c5-8g5bc"
"2026-06-11 17:58:42","2026-06-12 01:58:42","0.00139068273911162","pod=emailservice-58dc4788c5-8g5bc"
"2026-06-11 17:58:57","2026-06-12 01:58:57","0.00130782450947623","pod=emailservice-58dc4788c5-8g5bc"
"2026-06-11 17:59:12","2026-06-12 01:59:12","0.00138978832233465","pod=emailservice-58dc4788c5-8g5bc"
"2026-06-11 17:59:27","2026-06-12 01:59:27","0.00146394563530362","pod=emailservice-58dc4788c5-8g5bc"
"2026-06-11 17:59:42","2026-06-12 01:59:42","0.0014027527381991","pod=emailservice-58dc4788c5-8g5bc"
"2026-06-11 17:59:57","2026-06-12 01:59:57","0.00131882743248144","pod=emailservice-58dc4788c5-8g5bc"
"2026-06-11 18:00:12","2026-06-12 02:00:12","0.000970235280855058","pod=emailservice-58dc4788c5-8g5bc"
"2026-06-11 18:00:27","2026-06-12 02:00:27","0.00129866546030313","pod=emailservice-58dc4788c5-8g5bc"
"2026-06-11 18:00:42","2026-06-12 02:00:42","0.00132954877977409","pod=emailservice-58dc4788c5-8g5bc"
"2026-06-11 18:00:57","2026-06-12 02:00:57","0.00137899102499396","pod=emailservice-58dc4788c5-8g5bc"
"2026-06-11 18:01:12","2026-06-12 02:01:12","0.00166559112328513","pod=emailservice-58dc4788c5-8g5bc"
"2026-06-11 18:01:27","2026-06-12 02:01:27","0.00151575279849701","pod=emailservice-58dc4788c5-8g5bc"
"2026-06-11 18:01:42","2026-06-12 02:01:42","0.00161985010706638","pod=emailservice-58dc4788c5-8g5bc"
"2026-06-11 18:01:57","2026-06-12 02:01:57","0.00106332012912571","pod=emailservice-58dc4788c5-8g5bc"
"2026-06-11 18:02:12","2026-06-12 02:02:12","0.00135110863148801","pod=emailservice-58dc4788c5-8g5bc"
"2026-06-11 18:02:27","2026-06-12 02:02:27","0.00133737321643456","pod=emailservice-58dc4788c5-8g5bc"
"2026-06-11 18:02:42","2026-06-12 02:02:42","0.000886504613031195","pod=emailservice-58dc4788c5-8g5bc"
"2026-06-11 18:02:57","2026-06-12 02:02:57","0.00138273408416187","pod=emailservice-58dc4788c5-8g5bc"
"2026-06-11 18:03:12","2026-06-12 02:03:12","0.00145148267410006","pod=emailservice-58dc4788c5-8g5bc"
"2026-06-11 18:03:27","2026-06-12 02:03:27","0.00157072478619005","pod=emailservice-58dc4788c5-8g5bc"
"2026-06-11 18:03:42","2026-06-12 02:03:42","0.00131724424614141","pod=emailservice-58dc4788c5-8g5bc"
"2026-06-11 18:03:57","2026-06-12 02:03:57","0.00210917628182442","pod=emailservice-58dc4788c5-8g5bc"
"2026-06-11 18:04:12","2026-06-12 02:04:12","0.00210109799047029","pod=emailservice-58dc4788c5-8g5bc"
"2026-06-11 18:04:27","2026-06-12 02:04:27","0.0012717895993411","pod=emailservice-58dc4788c5-8g5bc"
"2026-06-11 18:04:42","2026-06-12 02:04:42","0.0017606421747267","pod=emailservice-58dc4788c5-8g5bc"
"2026-06-11 18:04:57","2026-06-12 02:04:57","0.00175105247754341","pod=emailservice-58dc4788c5-8g5bc"
"2026-06-11 18:05:12","2026-06-12 02:05:12","0.00171919052690933","pod=emailservice-58dc4788c5-8g5bc"
"2026-06-11 18:05:27","2026-06-12 02:05:27","0.00139359961075721","pod=emailservice-58dc4788c5-8g5bc"
"2026-06-11 18:05:42","2026-06-12 02:05:42","0.00146537018082567","pod=emailservice-58dc4788c5-8g5bc"
"2026-06-11 18:05:57","2026-06-12 02:05:57","0.00152521729075528","pod=emailservice-58dc4788c5-8g5bc"
"2026-06-11 18:06:12","2026-06-12 02:06:12","0.00163095915348735","pod=emailservice-58dc4788c5-8g5bc"
"2026-06-11 18:06:27","2026-06-12 02:06:27","0.0014740753796892","pod=emailservice-58dc4788c5-8g5bc"
"2026-06-11 18:06:42","2026-06-12 02:06:42","0.00158846982131417","pod=emailservice-58dc4788c5-8g5bc"
"2026-06-11 18:06:57","2026-06-12 02:06:57","0.00139008388004231","pod=emailservice-58dc4788c5-8g5bc"
"2026-06-11 18:07:12","2026-06-12 02:07:12","0.00137606788701345","pod=emailservice-58dc4788c5-8g5bc"
"2026-06-11 18:07:27","2026-06-12 02:07:27","0.00145060076973624","pod=emailservice-58dc4788c5-8g5bc"
"2026-06-11 18:07:42","2026-06-12 02:07:42","0.0014994674208477","pod=emailservice-58dc4788c5-8g5bc"
"2026-06-11 18:07:57","2026-06-12 02:07:57","0.00149543780107678","pod=emailservice-58dc4788c5-8g5bc"
"2026-06-11 18:08:12","2026-06-12 02:08:12","0.00149611098646322","pod=emailservice-58dc4788c5-8g5bc"
"2026-06-11 18:08:27","2026-06-12 02:08:27","0.00139474316467253","pod=emailservice-58dc4788c5-8g5bc"
"2026-06-11 18:08:42","2026-06-12 02:08:42","0.00151487965491135","pod=emailservice-58dc4788c5-8g5bc"
"2026-06-11 18:08:57","2026-06-12 02:08:57","0.00147478432339167","pod=emailservice-58dc4788c5-8g5bc"
"2026-06-11 18:09:12","2026-06-12 02:09:12","0.00141783252230337","pod=emailservice-58dc4788c5-8g5bc"
"2026-06-11 18:09:27","2026-06-12 02:09:27","0.00136445718099199","pod=emailservice-58dc4788c5-8g5bc"
"2026-06-11 18:09:42","2026-06-12 02:09:42","0.00139637640968757","pod=emailservice-58dc4788c5-8g5bc"
"2026-06-11 18:09:57","2026-06-12 02:09:57","0.00145965741564089","pod=emailservice-58dc4788c5-8g5bc"
"2026-06-11 18:10:12","2026-06-12 02:10:12","0.00156235559467488","pod=emailservice-58dc4788c5-8g5bc"
"2026-06-11 18:10:27","2026-06-12 02:10:27","0.00154661515709415","pod=emailservice-58dc4788c5-8g5bc"
"2026-06-11 18:10:42","2026-06-12 02:10:42","0.00118038119505525","pod=emailservice-58dc4788c5-8g5bc"
"2026-06-11 18:10:57","2026-06-12 02:10:57","0.0014299417850998","pod=emailservice-58dc4788c5-8g5bc"
"2026-06-11 18:11:12","2026-06-12 02:11:12","0.00138388093232235","pod=emailservice-58dc4788c5-8g5bc"
"2026-06-11 18:11:27","2026-06-12 02:11:27","0.0014110289267879","pod=emailservice-58dc4788c5-8g5bc"
"2026-06-11 18:11:42","2026-06-12 02:11:42","0.00152306206982467","pod=emailservice-58dc4788c5-8g5bc"
"2026-06-11 18:11:57","2026-06-12 02:11:57","0.00153621667371988","pod=emailservice-58dc4788c5-8g5bc"
"2026-06-11 18:12:12","2026-06-12 02:12:12","0.00152521743131934","pod=emailservice-58dc4788c5-8g5bc"
"2026-06-11 18:12:27","2026-06-12 02:12:27","0.00165704933364511","pod=emailservice-58dc4788c5-8g5bc"
"2026-06-11 18:12:42","2026-06-12 02:12:42","0.00169137600105902","pod=emailservice-58dc4788c5-8g5bc"
"2026-06-11 18:12:57","2026-06-12 02:12:57","0.00146692212608157","pod=emailservice-58dc4788c5-8g5bc"
"2026-06-11 18:13:12","2026-06-12 02:13:12","0.00146692212608157","pod=emailservice-58dc4788c5-8g5bc"
"2026-06-11 18:13:27","2026-06-12 02:13:27","0.00132732915706691","pod=emailservice-58dc4788c5-8g5bc"
"2026-06-11 18:13:42","2026-06-12 02:13:42","0.00124143186248448","pod=emailservice-58dc4788c5-8g5bc"
"2026-06-11 18:13:57","2026-06-12 02:13:57","0.00131930685184604","pod=emailservice-58dc4788c5-8g5bc"
"2026-06-11 18:14:12","2026-06-12 02:14:12","0.0012937683386894","pod=emailservice-58dc4788c5-8g5bc"
"2026-06-11 18:14:27","2026-06-12 02:14:27","0.000910903662818091","pod=emailservice-58dc4788c5-8g5bc"
"2026-06-11 18:14:42","2026-06-12 02:14:42","0.00134377611690816","pod=emailservice-58dc4788c5-8g5bc"
"2026-06-11 18:14:57","2026-06-12 02:14:57","0.00136409699601887","pod=emailservice-58dc4788c5-8g5bc"
"2026-06-11 18:15:12","2026-06-12 02:15:12","0.0013085596724101","pod=emailservice-58dc4788c5-8g5bc"
"2026-06-11 18:15:27","2026-06-12 02:15:27","0.00129999777119045","pod=emailservice-58dc4788c5-8g5bc"
"2026-06-11 18:15:42","2026-06-12 02:15:42","0.00132753616235274","pod=emailservice-58dc4788c5-8g5bc"
"2026-06-11 18:15:57","2026-06-12 02:15:57","0.00140275400653488","pod=emailservice-58dc4788c5-8g5bc"
"2026-06-11 18:16:12","2026-06-12 02:16:12","0.00136553057771329","pod=emailservice-58dc4788c5-8g5bc"
"2026-06-11 18:16:27","2026-06-12 02:16:27","0.0013284324120544","pod=emailservice-58dc4788c5-8g5bc"
"2026-06-11 18:16:42","2026-06-12 02:16:42","0.00133961694765223","pod=emailservice-58dc4788c5-8g5bc"
"2026-06-11 18:16:57","2026-06-12 02:16:57","0.00137681712388874","pod=emailservice-58dc4788c5-8g5bc"
"2026-06-11 18:17:12","2026-06-12 02:17:12","0.00136550765417211","pod=emailservice-58dc4788c5-8g5bc"
"2026-06-11 18:17:27","2026-06-12 02:17:27","0.00129394263953345","pod=emailservice-58dc4788c5-8g5bc"
"2026-06-11 18:17:42","2026-06-12 02:17:42","0.00125260572660836","pod=emailservice-58dc4788c5-8g5bc"
"2026-06-11 18:17:57","2026-06-12 02:17:57","0.00138561706100586","pod=emailservice-58dc4788c5-8g5bc"
"2026-06-11 18:18:12","2026-06-12 02:18:12","0.00147906712172928","pod=emailservice-58dc4788c5-8g5bc"
"2026-06-11 18:18:27","2026-06-12 02:18:27","0.0012691581728955","pod=emailservice-58dc4788c5-8g5bc"
"2026-06-11 18:18:42","2026-06-12 02:18:42","0.0012691581728955","pod=emailservice-58dc4788c5-8g5bc"
"2026-06-11 18:18:57","2026-06-12 02:18:57","0.00126501275214463","pod=emailservice-58dc4788c5-8g5bc"
"2026-06-11 18:19:12","2026-06-12 02:19:12","0.00123850808089009","pod=emailservice-58dc4788c5-8g5bc"
"2026-06-11 18:19:27","2026-06-12 02:19:27","0.000881480668968918","pod=emailservice-58dc4788c5-8g5bc"
"2026-06-11 18:19:42","2026-06-12 02:19:42","0.00121183773386954","pod=emailservice-58dc4788c5-8g5bc"
"2026-06-11 18:19:57","2026-06-12 02:19:57","0.00124191365979381","pod=emailservice-58dc4788c5-8g5bc"
"2026-06-11 18:20:12","2026-06-12 02:20:12","0.00127677377123835","pod=emailservice-58dc4788c5-8g5bc"
"2026-06-11 18:20:27","2026-06-12 02:20:27","0.0013084957467428","pod=emailservice-58dc4788c5-8g5bc"
"2026-06-11 18:20:42","2026-06-12 02:20:42","0.00132282147995492","pod=emailservice-58dc4788c5-8g5bc"
"2026-06-11 18:20:57","2026-06-12 02:20:57","0.00134609105326985","pod=emailservice-58dc4788c5-8g5bc"
"2026-06-11 18:21:12","2026-06-12 02:21:12","0.00134567901234566","pod=emailservice-58dc4788c5-8g5bc"
"2026-06-11 18:21:27","2026-06-12 02:21:27","0.00144047701427807","pod=emailservice-58dc4788c5-8g5bc"
"2026-06-11 18:21:42","2026-06-12 02:21:42","0.00138570422535209","pod=emailservice-58dc4788c5-8g5bc"
"2026-06-11 18:21:57","2026-06-12 02:21:57","0.00119589592706706","pod=emailservice-58dc4788c5-8g5bc"
"2026-06-11 18:22:12","2026-06-12 02:22:12","0.00133743609164933","pod=emailservice-58dc4788c5-8g5bc"
"2026-06-11 18:22:27","2026-06-12 02:22:27","0.00133537935379351","pod=emailservice-58dc4788c5-8g5bc"
"2026-06-11 18:22:42","2026-06-12 02:22:42","0.00105628077023156","pod=emailservice-58dc4788c5-8g5bc"
"2026-06-11 18:22:57","2026-06-12 02:22:57","0.00109573650793648","pod=emailservice-58dc4788c5-8g5bc"
"2026-06-11 18:23:12","2026-06-12 02:23:12","0.00133190433212996","pod=emailservice-58dc4788c5-8g5bc"
"2026-06-11 18:23:27","2026-06-12 02:23:27","0.00143142086119911","pod=emailservice-58dc4788c5-8g5bc"
"2026-06-11 18:23:42","2026-06-12 02:23:42","0.00148432136831701","pod=emailservice-58dc4788c5-8g5bc"
"2026-06-11 18:23:57","2026-06-12 02:23:57","0.00143899408393766","pod=emailservice-58dc4788c5-8g5bc"
"2026-06-11 18:24:12","2026-06-12 02:24:12","0.00139809380117388","pod=emailservice-58dc4788c5-8g5bc"
"2026-06-11 18:24:27","2026-06-12 02:24:27","0.00136487550154543","pod=emailservice-58dc4788c5-8g5bc"
"2026-06-11 18:24:42","2026-06-12 02:24:42","0.00136824801818962","pod=emailservice-58dc4788c5-8g5bc"
"2026-06-11 18:24:57","2026-06-12 02:24:57","0.00139879256965954","pod=emailservice-58dc4788c5-8g5bc"
"2026-06-11 18:25:12","2026-06-12 02:25:12","0.00140978398983476","pod=emailservice-58dc4788c5-8g5bc"
"2026-06-11 18:25:27","2026-06-12 02:25:27","0.00139419582460143","pod=emailservice-58dc4788c5-8g5bc"
"2026-06-11 18:25:42","2026-06-12 02:25:42","0.00137316295142977","pod=emailservice-58dc4788c5-8g5bc"
"2026-06-11 18:25:57","2026-06-12 02:25:57","0.00102104289471796","pod=emailservice-58dc4788c5-8g5bc"
"2026-06-11 18:26:12","2026-06-12 02:26:12","0.00142023423107291","pod=emailservice-58dc4788c5-8g5bc"
"2026-06-11 18:26:27","2026-06-12 02:26:27","0.00141950663054327","pod=emailservice-58dc4788c5-8g5bc"
"2026-06-11 18:26:42","2026-06-12 02:26:42","0.00107560931376016","pod=emailservice-58dc4788c5-8g5bc"
"2026-06-11 18:26:57","2026-06-12 02:26:57","0.00142017282901254","pod=emailservice-58dc4788c5-8g5bc"
"2026-06-11 18:27:12","2026-06-12 02:27:12","0.00144886679257857","pod=emailservice-58dc4788c5-8g5bc"
"2026-06-11 18:27:27","2026-06-12 02:27:27","0.00144662227709672","pod=emailservice-58dc4788c5-8g5bc"
"2026-06-11 18:27:42","2026-06-12 02:27:42","0.00118949220538722","pod=emailservice-58dc4788c5-8g5bc"
"2026-06-11 18:27:57","2026-06-12 02:27:57","0.0012327764814815","pod=emailservice-58dc4788c5-8g5bc"
"2026-06-11 18:28:12","2026-06-12 02:28:12","0.00148805820730092","pod=emailservice-58dc4788c5-8g5bc"
"2026-06-11 18:28:27","2026-06-12 02:28:27","0.00155181800505536","pod=emailservice-58dc4788c5-8g5bc"
"2026-06-11 18:28:42","2026-06-12 02:28:42","0.00148879315929269","pod=emailservice-58dc4788c5-8g5bc"
"2026-06-11 18:28:57","2026-06-12 02:28:57","0.00147343182996374","pod=emailservice-58dc4788c5-8g5bc"
"2026-06-11 18:29:12","2026-06-12 02:29:12","0.00121162257066315","pod=emailservice-58dc4788c5-8g5bc"
"2026-06-11 18:29:27","2026-06-12 02:29:27","0.00143439832663438","pod=emailservice-58dc4788c5-8g5bc"
"2026-06-11 18:29:42","2026-06-12 02:29:42","0.00139834791472009","pod=emailservice-58dc4788c5-8g5bc"
"2026-06-11 18:29:57","2026-06-12 02:29:57","0.00132664645552472","pod=emailservice-58dc4788c5-8g5bc"
"2026-06-11 18:30:12","2026-06-12 02:30:12","0.00135645228064189","pod=emailservice-58dc4788c5-8g5bc"
"2026-06-11 18:30:27","2026-06-12 02:30:27","0.00146356112209775","pod=emailservice-58dc4788c5-8g5bc"
"2026-06-11 18:30:42","2026-06-12 02:30:42","0.00132406438129176","pod=emailservice-58dc4788c5-8g5bc"
"2026-06-11 18:30:57","2026-06-12 02:30:57","0.00146665929244327","pod=emailservice-58dc4788c5-8g5bc"
"2026-06-11 18:31:12","2026-06-12 02:31:12","0.00138892009930954","pod=emailservice-58dc4788c5-8g5bc"
"2026-06-11 18:31:27","2026-06-12 02:31:27","0.00121600274725271","pod=emailservice-58dc4788c5-8g5bc"
"2026-06-11 18:31:42","2026-06-12 02:31:42","0.00128096651123356","pod=emailservice-58dc4788c5-8g5bc"
"2026-06-11 18:31:57","2026-06-12 02:31:57","0.00135609938818827","pod=emailservice-58dc4788c5-8g5bc"
"2026-06-11 18:32:12","2026-06-12 02:32:12","0.00135290081782752","pod=emailservice-58dc4788c5-8g5bc"
"2026-06-11 18:32:27","2026-06-12 02:32:27","0.00140910610679519","pod=emailservice-58dc4788c5-8g5bc"
"2026-06-11 18:32:42","2026-06-12 02:32:42","0.00110991948948955","pod=emailservice-58dc4788c5-8g5bc"
"2026-06-11 18:32:57","2026-06-12 02:32:57","0.00146364208106532","pod=emailservice-58dc4788c5-8g5bc"
"2026-06-11 18:33:12","2026-06-12 02:33:12","0.00140749499339551","pod=emailservice-58dc4788c5-8g5bc"
"2026-06-11 18:33:27","2026-06-12 02:33:27","0.000910841985143843","pod=emailservice-58dc4788c5-8g5bc"
"2026-06-11 18:33:42","2026-06-12 02:33:42","0.0009530661245518","pod=emailservice-58dc4788c5-8g5bc"
"2026-06-11 18:33:57","2026-06-12 02:33:57","0.00137995930824015","pod=emailservice-58dc4788c5-8g5bc"
"2026-06-11 18:34:12","2026-06-12 02:34:12","0.00144429865267067","pod=emailservice-58dc4788c5-8g5bc"
"2026-06-11 18:34:27","2026-06-12 02:34:27","0.00155357448997076","pod=emailservice-58dc4788c5-8g5bc"
"2026-06-11 18:34:42","2026-06-12 02:34:42","0.0015293205317577","pod=emailservice-58dc4788c5-8g5bc"
"2026-06-11 18:34:57","2026-06-12 02:34:57","0.00106048911002055","pod=emailservice-58dc4788c5-8g5bc"
"2026-06-11 18:35:12","2026-06-12 02:35:12","0.0014350898203593","pod=emailservice-58dc4788c5-8g5bc"
"2026-06-11 18:35:27","2026-06-12 02:35:27","0.00142546254366672","pod=emailservice-58dc4788c5-8g5bc"
"2026-06-11 18:35:42","2026-06-12 02:35:42","0.00137827186792702","pod=emailservice-58dc4788c5-8g5bc"
"2026-06-11 18:35:57","2026-06-12 02:35:57","0.00129682921724569","pod=emailservice-58dc4788c5-8g5bc"
"2026-06-11 18:36:12","2026-06-12 02:36:12","0.00134315218294065","pod=emailservice-58dc4788c5-8g5bc"
"2026-06-11 18:36:27","2026-06-12 02:36:27","0.00138270871273843","pod=emailservice-58dc4788c5-8g5bc"
"2026-06-11 18:36:42","2026-06-12 02:36:42","0.00138006288575758","pod=emailservice-58dc4788c5-8g5bc"
"2026-06-11 18:36:57","2026-06-12 02:36:57","0.00141689153899721","pod=emailservice-58dc4788c5-8g5bc"
"2026-06-11 18:37:12","2026-06-12 02:37:12","0.00140841348443008","pod=emailservice-58dc4788c5-8g5bc"
"2026-06-11 18:37:27","2026-06-12 02:37:27","0.00147384411880205","pod=emailservice-58dc4788c5-8g5bc"
"2026-06-11 18:37:42","2026-06-12 02:37:42","0.00152334458085054","pod=emailservice-58dc4788c5-8g5bc"
"2026-06-11 18:37:57","2026-06-12 02:37:57","0.00142918937257475","pod=emailservice-58dc4788c5-8g5bc"
"2026-06-11 18:38:12","2026-06-12 02:38:12","0.00138840535339399","pod=emailservice-58dc4788c5-8g5bc"
"2026-06-11 18:38:27","2026-06-12 02:38:27","0.00135455412999679","pod=emailservice-58dc4788c5-8g5bc"
"2026-06-11 18:38:42","2026-06-12 02:38:42","0.00106989221618663","pod=emailservice-58dc4788c5-8g5bc"
"2026-06-11 18:38:57","2026-06-12 02:38:57","0.00141879849918988","pod=emailservice-58dc4788c5-8g5bc"
"2026-06-11 18:39:12","2026-06-12 02:39:12","0.00140283490604082","pod=emailservice-58dc4788c5-8g5bc"
"2026-06-11 18:39:27","2026-06-12 02:39:27","0.00103510398689213","pod=emailservice-58dc4788c5-8g5bc"
"2026-06-11 18:39:42","2026-06-12 02:39:42","0.00141133372529515","pod=emailservice-58dc4788c5-8g5bc"
"2026-06-11 18:39:57","2026-06-12 02:39:57","0.00138542459685794","pod=emailservice-58dc4788c5-8g5bc"
"2026-06-11 18:40:12","2026-06-12 02:40:12","0.000736566666666623","pod=emailservice-58dc4788c5-8g5bc"
"2026-06-11 18:40:27","2026-06-12 02:40:27","0.00132257855662982","pod=emailservice-58dc4788c5-8g5bc"
"2026-06-11 18:40:42","2026-06-12 02:40:42","0.00129284816031802","pod=emailservice-58dc4788c5-8g5bc"
"2026-06-11 18:40:57","2026-06-12 02:40:57","0.000934654355281142","pod=emailservice-58dc4788c5-8g5bc"
"2026-06-11 18:41:12","2026-06-12 02:41:12","0.0013850543926158","pod=emailservice-58dc4788c5-8g5bc"
"2026-06-11 18:41:27","2026-06-12 02:41:27","0.00124722759470612","pod=emailservice-58dc4788c5-8g5bc"
"2026-06-11 18:41:42","2026-06-12 02:41:42","0.00150047112666583","pod=emailservice-58dc4788c5-8g5bc"
"2026-06-11 18:41:57","2026-06-12 02:41:57","0.00147195317760395","pod=emailservice-58dc4788c5-8g5bc"
"2026-06-11 18:42:12","2026-06-12 02:42:12","0.00144364142144164","pod=emailservice-58dc4788c5-8g5bc"
"2026-06-11 18:42:27","2026-06-12 02:42:27","0.00141961030305408","pod=emailservice-58dc4788c5-8g5bc"
"2026-06-11 18:42:42","2026-06-12 02:42:42","0.00138609645468848","pod=emailservice-58dc4788c5-8g5bc"
"2026-06-11 18:42:57","2026-06-12 02:42:57","0.00143767429507325","pod=emailservice-58dc4788c5-8g5bc"
"2026-06-11 18:43:12","2026-06-12 02:43:12","0.00150270233133329","pod=emailservice-58dc4788c5-8g5bc"
"2026-06-11 18:43:27","2026-06-12 02:43:27","0.00151377069110634","pod=emailservice-58dc4788c5-8g5bc"
"2026-06-11 18:43:42","2026-06-12 02:43:42","0.00149551747772441","pod=emailservice-58dc4788c5-8g5bc"
"2026-06-11 18:43:57","2026-06-12 02:43:57","0.00140418789768551","pod=emailservice-58dc4788c5-8g5bc"
"2026-06-11 18:44:12","2026-06-12 02:44:12","0.00143278598448826","pod=emailservice-58dc4788c5-8g5bc"
"2026-06-11 18:44:27","2026-06-12 02:44:27","0.00141277556332876","pod=emailservice-58dc4788c5-8g5bc"
"2026-06-11 18:44:42","2026-06-12 02:44:42","0.00145888048812841","pod=emailservice-58dc4788c5-8g5bc"
"2026-06-11 18:44:57","2026-06-12 02:44:57","0.00147173643794898","pod=emailservice-58dc4788c5-8g5bc"
"2026-06-11 18:45:12","2026-06-12 02:45:12","0.00153428932939684","pod=emailservice-58dc4788c5-8g5bc"
"2026-06-11 18:45:27","2026-06-12 02:45:27","0.00145950513924099","pod=emailservice-58dc4788c5-8g5bc"
"2026-06-11 18:45:42","2026-06-12 02:45:42","0.00148297618370943","pod=emailservice-58dc4788c5-8g5bc"
"2026-06-11 18:45:57","2026-06-12 02:45:57","0.00146269903904185","pod=emailservice-58dc4788c5-8g5bc"
"2026-06-11 18:46:12","2026-06-12 02:46:12","0.00154724208941343","pod=emailservice-58dc4788c5-8g5bc"
"2026-06-11 18:46:27","2026-06-12 02:46:27","0.00148871761744591","pod=emailservice-58dc4788c5-8g5bc"
"2026-06-11 18:46:42","2026-06-12 02:46:42","0.00142004217555575","pod=emailservice-58dc4788c5-8g5bc"
"2026-06-11 18:46:57","2026-06-12 02:46:57","0.00134781183412555","pod=emailservice-58dc4788c5-8g5bc"
"2026-06-11 18:47:12","2026-06-12 02:47:12","0.00133934021217851","pod=emailservice-58dc4788c5-8g5bc"
"2026-06-11 18:47:27","2026-06-12 02:47:27","0.00133265022948021","pod=emailservice-58dc4788c5-8g5bc"
"2026-06-11 18:47:42","2026-06-12 02:47:42","0.00133162678096597","pod=emailservice-58dc4788c5-8g5bc"
"2026-06-11 18:47:57","2026-06-12 02:47:57","0.00132986652148607","pod=emailservice-58dc4788c5-8g5bc"
"2026-06-11 18:48:12","2026-06-12 02:48:12","0.00130470085470083","pod=emailservice-58dc4788c5-8g5bc"
"2026-06-11 18:48:27","2026-06-12 02:48:27","0.00131102222508949","pod=emailservice-58dc4788c5-8g5bc"
"2026-06-11 18:48:42","2026-06-12 02:48:42","0.00127419913419912","pod=emailservice-58dc4788c5-8g5bc"
"2026-06-11 18:48:57","2026-06-12 02:48:57","0.00131404093033256","pod=emailservice-58dc4788c5-8g5bc"
"2026-06-11 18:49:12","2026-06-12 02:49:12","0.00106183820969473","pod=emailservice-58dc4788c5-8g5bc"
"2026-06-11 18:49:27","2026-06-12 02:49:27","0.00125394164552377","pod=emailservice-58dc4788c5-8g5bc"
"2026-06-11 18:49:42","2026-06-12 02:49:42","0.00120375939849619","pod=emailservice-58dc4788c5-8g5bc"
"2026-06-11 18:49:57","2026-06-12 02:49:57","0.00129624559220077","pod=emailservice-58dc4788c5-8g5bc"
"2026-06-11 18:50:12","2026-06-12 02:50:12","0.00139410415595713","pod=emailservice-58dc4788c5-8g5bc"
"2026-06-11 18:50:27","2026-06-12 02:50:27","0.00142282020790981","pod=emailservice-58dc4788c5-8g5bc"
"2026-06-11 18:50:42","2026-06-12 02:50:42","0.00135313442145755","pod=emailservice-58dc4788c5-8g5bc"
"2026-06-11 18:50:57","2026-06-12 02:50:57","0.00127533880700364","pod=emailservice-58dc4788c5-8g5bc"
"2026-06-11 18:51:12","2026-06-12 02:51:12","0.00121168750125809","pod=emailservice-58dc4788c5-8g5bc"
"2026-06-11 18:51:27","2026-06-12 02:51:27","0.00120790398126463","pod=emailservice-58dc4788c5-8g5bc"
"2026-06-11 18:51:42","2026-06-12 02:51:42","0.0012476635514019","pod=emailservice-58dc4788c5-8g5bc"
"2026-06-11 18:51:57","2026-06-12 02:51:57","0.00132222506393869","pod=emailservice-58dc4788c5-8g5bc"
"2026-06-11 18:52:12","2026-06-12 02:52:12","0.00141312233996977","pod=emailservice-58dc4788c5-8g5bc"
"2026-06-11 18:52:27","2026-06-12 02:52:27","0.00142526035549295","pod=emailservice-58dc4788c5-8g5bc"
"2026-06-11 18:52:42","2026-06-12 02:52:42","0.00150304919365765","pod=emailservice-58dc4788c5-8g5bc"
"2026-06-11 18:52:57","2026-06-12 02:52:57","0.00146626206632896","pod=emailservice-58dc4788c5-8g5bc"
"2026-06-11 18:53:12","2026-06-12 02:53:12","0.00145396484898709","pod=emailservice-58dc4788c5-8g5bc"
"2026-06-11 18:53:27","2026-06-12 02:53:27","0.00121508669172197","pod=emailservice-58dc4788c5-8g5bc"
"2026-06-11 18:53:42","2026-06-12 02:53:42","0.00133637881248868","pod=emailservice-58dc4788c5-8g5bc"
"2026-06-11 18:53:57","2026-06-12 02:53:57","0.00151356417709259","pod=emailservice-58dc4788c5-8g5bc"
"2026-06-11 18:54:12","2026-06-12 02:54:12","0.00163653799601509","pod=emailservice-58dc4788c5-8g5bc"
"2026-06-11 18:54:27","2026-06-12 02:54:27","0.00183083400622909","pod=emailservice-58dc4788c5-8g5bc"
"2026-06-11 18:54:42","2026-06-12 02:54:42","0.0016569775397306","pod=emailservice-58dc4788c5-8g5bc"
"2026-06-11 18:54:57","2026-06-12 02:54:57","0.00147850937357111","pod=emailservice-58dc4788c5-8g5bc"
"2026-06-11 18:55:12","2026-06-12 02:55:12","0.00130153800336108","pod=emailservice-58dc4788c5-8g5bc"
"2026-06-11 18:55:27","2026-06-12 02:55:27","0.00129397805451538","pod=emailservice-58dc4788c5-8g5bc"
"2026-06-11 18:55:42","2026-06-12 02:55:42","0.00133811118553245","pod=emailservice-58dc4788c5-8g5bc"
"2026-06-11 18:55:57","2026-06-12 02:55:57","0.00110536265733127","pod=emailservice-58dc4788c5-8g5bc"
"2026-06-11 18:56:12","2026-06-12 02:56:12","0.00139037526059767","pod=emailservice-58dc4788c5-8g5bc"
"2026-06-11 18:56:27","2026-06-12 02:56:27","0.00141629240324893","pod=emailservice-58dc4788c5-8g5bc"
"2026-06-11 18:56:42","2026-06-12 02:56:42","0.0010337329943014","pod=emailservice-58dc4788c5-8g5bc"
"2026-06-11 18:56:57","2026-06-12 02:56:57","0.00145915478969058","pod=emailservice-58dc4788c5-8g5bc"
"2026-06-11 18:57:12","2026-06-12 02:57:12","0.00135496743920892","pod=emailservice-58dc4788c5-8g5bc"
"2026-06-11 18:57:27","2026-06-12 02:57:27","0.00133500611478932","pod=emailservice-58dc4788c5-8g5bc"
"2026-06-11 18:57:42","2026-06-12 02:57:42","0.00128602998884717","pod=emailservice-58dc4788c5-8g5bc"
"2026-06-11 18:57:57","2026-06-12 02:57:57","0.0013233630678683","pod=emailservice-58dc4788c5-8g5bc"
"2026-06-11 18:58:12","2026-06-12 02:58:12","0.00124140092077034","pod=emailservice-58dc4788c5-8g5bc"
"2026-06-11 18:58:27","2026-06-12 02:58:27","0.00126001545083318","pod=emailservice-58dc4788c5-8g5bc"
"2026-06-11 18:58:42","2026-06-12 02:58:42","0.00127638759752601","pod=emailservice-58dc4788c5-8g5bc"
"2026-06-11 18:58:57","2026-06-12 02:58:57","0.00130837435667941","pod=emailservice-58dc4788c5-8g5bc"
"2026-06-11 18:59:12","2026-06-12 02:59:12","0.00142778258540407","pod=emailservice-58dc4788c5-8g5bc"
"2026-06-11 18:59:27","2026-06-12 02:59:27","0.00124069583333329","pod=emailservice-58dc4788c5-8g5bc"
"2026-06-11 18:59:42","2026-06-12 02:59:42","0.00143289685315439","pod=emailservice-58dc4788c5-8g5bc"
"2026-06-11 18:59:57","2026-06-12 02:59:57","0.00168222612984996","pod=emailservice-58dc4788c5-8g5bc"
"2026-06-11 19:00:12","2026-06-12 03:00:12","0.00148151822737791","pod=emailservice-58dc4788c5-8g5bc"
"2026-06-11 19:00:27","2026-06-12 03:00:27","0.00144363283647091","pod=emailservice-58dc4788c5-8g5bc"
"2026-06-11 19:00:42","2026-06-12 03:00:42","0.000489700000000089","pod=emailservice-58dc4788c5-8g5bc"
"2026-06-11 19:00:57","2026-06-12 03:00:57","0.00132297577012058","pod=emailservice-58dc4788c5-8g5bc"
"2026-06-11 19:01:12","2026-06-12 03:01:12","0.00136649654227699","pod=emailservice-58dc4788c5-8g5bc"
"2026-06-11 19:01:27","2026-06-12 03:01:27","0.00119905334320836","pod=emailservice-58dc4788c5-8g5bc"
"2026-06-11 19:01:42","2026-06-12 03:01:42","0.00151357392417698","pod=emailservice-58dc4788c5-8g5bc"
"2026-06-11 19:01:57","2026-06-12 03:01:57","0.00147627729209679","pod=emailservice-58dc4788c5-8g5bc"
"2026-06-11 19:02:12","2026-06-12 03:02:12","0.00134276953793496","pod=emailservice-58dc4788c5-8g5bc"
"2026-06-11 19:02:27","2026-06-12 03:02:27","0.00130187988839594","pod=emailservice-58dc4788c5-8g5bc"
"2026-06-11 19:02:42","2026-06-12 03:02:42","0.00131060720693464","pod=emailservice-58dc4788c5-8g5bc"
"2026-06-11 19:02:57","2026-06-12 03:02:57","0.0013323403118772","pod=emailservice-58dc4788c5-8g5bc"
"2026-06-11 19:03:12","2026-06-12 03:03:12","0.00134125445191926","pod=emailservice-58dc4788c5-8g5bc"
"2026-06-11 19:03:27","2026-06-12 03:03:27","0.00140246986761505","pod=emailservice-58dc4788c5-8g5bc"
"2026-06-11 19:03:42","2026-06-12 03:03:42","0.00140948299695881","pod=emailservice-58dc4788c5-8g5bc"
"2026-06-11 19:03:57","2026-06-12 03:03:57","0.00145152367781014","pod=emailservice-58dc4788c5-8g5bc"
"2026-06-11 19:04:12","2026-06-12 03:04:12","0.00143426682665095","pod=emailservice-58dc4788c5-8g5bc"
"2026-06-11 19:04:27","2026-06-12 03:04:27","0.0011179076865443","pod=emailservice-58dc4788c5-8g5bc"
"2026-06-11 19:04:42","2026-06-12 03:04:42","0.0014002361016986","pod=emailservice-58dc4788c5-8g5bc"
"2026-06-11 19:04:57","2026-06-12 03:04:57","0.00128866766810094","pod=emailservice-58dc4788c5-8g5bc"
"2026-06-11 19:05:12","2026-06-12 03:05:12","0.000784433575718373","pod=emailservice-58dc4788c5-8g5bc"
"2026-06-11 19:05:27","2026-06-12 03:05:27","0.0012306390285784","pod=emailservice-58dc4788c5-8g5bc"
"2026-06-11 19:05:42","2026-06-12 03:05:42","0.00132717931225615","pod=emailservice-58dc4788c5-8g5bc"
"2026-06-11 19:05:57","2026-06-12 03:05:57","0.00140131408144114","pod=emailservice-58dc4788c5-8g5bc"
"2026-06-11 19:06:12","2026-06-12 03:06:12","0.00140973843998135","pod=emailservice-58dc4788c5-8g5bc"
"2026-06-11 19:06:27","2026-06-12 03:06:27","0.00117088371095017","pod=emailservice-58dc4788c5-8g5bc"
"2026-06-11 19:06:42","2026-06-12 03:06:42","0.00135256935755275","pod=emailservice-58dc4788c5-8g5bc"
"2026-06-11 19:06:57","2026-06-12 03:06:57","0.00130976034653232","pod=emailservice-58dc4788c5-8g5bc"
"2026-06-11 19:07:12","2026-06-12 03:07:12","0.000876377346105832","pod=emailservice-58dc4788c5-8g5bc"
"2026-06-11 19:07:27","2026-06-12 03:07:27","0.00129817317894539","pod=emailservice-58dc4788c5-8g5bc"
"2026-06-11 19:07:42","2026-06-12 03:07:42","0.00137474696356276","pod=emailservice-58dc4788c5-8g5bc"
"2026-06-11 19:07:57","2026-06-12 03:07:57","0.00138119904891302","pod=emailservice-58dc4788c5-8g5bc"
"2026-06-11 19:08:12","2026-06-12 03:08:12","0.00136708323608665","pod=emailservice-58dc4788c5-8g5bc"
"2026-06-11 19:08:27","2026-06-12 03:08:27","0.00105991180123511","pod=emailservice-58dc4788c5-8g5bc"
"2026-06-11 19:08:42","2026-06-12 03:08:42","0.00133146252888744","pod=emailservice-58dc4788c5-8g5bc"
"2026-06-11 19:08:57","2026-06-12 03:08:57","0.0013232346570397","pod=emailservice-58dc4788c5-8g5bc"
"2026-06-11 19:09:12","2026-06-12 03:09:12","0.00132156673114116","pod=emailservice-58dc4788c5-8g5bc"
"2026-06-11 19:09:27","2026-06-12 03:09:27","0.00129467077924858","pod=emailservice-58dc4788c5-8g5bc"
"2026-06-11 19:09:42","2026-06-12 03:09:42","0.00129618893341294","pod=emailservice-58dc4788c5-8g5bc"
"2026-06-11 19:09:57","2026-06-12 03:09:57","0.00125928074245942","pod=emailservice-58dc4788c5-8g5bc"
"2026-06-11 19:10:12","2026-06-12 03:10:12","0.0010129804420592","pod=emailservice-58dc4788c5-8g5bc"
"2026-06-11 19:10:27","2026-06-12 03:10:27","0.00131639878610768","pod=emailservice-58dc4788c5-8g5bc"
"2026-06-11 19:10:42","2026-06-12 03:10:42","0.00137969241423092","pod=emailservice-58dc4788c5-8g5bc"
"2026-06-11 19:10:57","2026-06-12 03:10:57","0.00134630513013642","pod=emailservice-58dc4788c5-8g5bc"
"2026-06-11 19:11:12","2026-06-12 03:11:12","0.00130592788180524","pod=emailservice-58dc4788c5-8g5bc"
"2026-06-11 19:11:27","2026-06-12 03:11:27","0.0013377116286464","pod=emailservice-58dc4788c5-8g5bc"
"2026-06-11 19:11:42","2026-06-12 03:11:42","0.00131429758754183","pod=emailservice-58dc4788c5-8g5bc"
"2026-06-11 19:11:57","2026-06-12 03:11:57","0.00139789272030644","pod=emailservice-58dc4788c5-8g5bc"
"2026-06-11 19:12:12","2026-06-12 03:12:12","0.00141709386402806","pod=emailservice-58dc4788c5-8g5bc"
"2026-06-11 19:12:27","2026-06-12 03:12:27","0.00137737811484294","pod=emailservice-58dc4788c5-8g5bc"
"2026-06-11 19:12:42","2026-06-12 03:12:42","0.001010462060241","pod=emailservice-58dc4788c5-8g5bc"
"2026-06-11 19:12:57","2026-06-12 03:12:57","0.00127899394503958","pod=emailservice-58dc4788c5-8g5bc"
"2026-06-11 19:13:12","2026-06-12 03:13:12","0.00129149869312892","pod=emailservice-58dc4788c5-8g5bc"
"2026-06-11 19:13:27","2026-06-12 03:13:27","0.000955076227249781","pod=emailservice-58dc4788c5-8g5bc"
"2026-06-11 19:13:42","2026-06-12 03:13:42","0.00138640374614683","pod=emailservice-58dc4788c5-8g5bc"
"2026-06-11 19:13:57","2026-06-12 03:13:57","0.00137576567817215","pod=emailservice-58dc4788c5-8g5bc"
"2026-06-11 19:14:12","2026-06-12 03:14:12","0.00132441517459004","pod=emailservice-58dc4788c5-8g5bc"
"2026-06-11 19:14:27","2026-06-12 03:14:27","0.00124616800736384","pod=emailservice-58dc4788c5-8g5bc"
"2026-06-11 19:14:42","2026-06-12 03:14:42","0.0012821499428846","pod=emailservice-58dc4788c5-8g5bc"
"2026-06-11 19:14:57","2026-06-12 03:14:57","0.00130781086246227","pod=emailservice-58dc4788c5-8g5bc"
"2026-06-11 19:15:12","2026-06-12 03:15:12","0.00131773486855508","pod=emailservice-58dc4788c5-8g5bc"
"2026-06-11 19:15:27","2026-06-12 03:15:27","0.00131368476974722","pod=emailservice-58dc4788c5-8g5bc"
"2026-06-11 19:15:42","2026-06-12 03:15:42","0.00139114358658331","pod=emailservice-58dc4788c5-8g5bc"
"2026-06-11 19:15:57","2026-06-12 03:15:57","0.00139703861329079","pod=emailservice-58dc4788c5-8g5bc"
"2026-06-11 19:16:12","2026-06-12 03:16:12","0.00136883106120246","pod=emailservice-58dc4788c5-8g5bc"
"2026-06-11 19:16:27","2026-06-12 03:16:27","0.00131650212748122","pod=emailservice-58dc4788c5-8g5bc"
"2026-06-11 19:16:42","2026-06-12 03:16:42","0.00131155765555321","pod=emailservice-58dc4788c5-8g5bc"
"2026-06-11 19:16:57","2026-06-12 03:16:57","0.00139336821393436","pod=emailservice-58dc4788c5-8g5bc"
"2026-06-11 19:17:12","2026-06-12 03:17:12","0.00137639428148214","pod=emailservice-58dc4788c5-8g5bc"
"2026-06-11 19:17:27","2026-06-12 03:17:27","0.00104100005689425","pod=emailservice-58dc4788c5-8g5bc"
"2026-06-11 19:17:42","2026-06-12 03:17:42","0.00136730821360805","pod=emailservice-58dc4788c5-8g5bc"
"2026-06-11 19:17:57","2026-06-12 03:17:57","0.00139027756479067","pod=emailservice-58dc4788c5-8g5bc"
"2026-06-11 19:18:12","2026-06-12 03:18:12","0.00128118696901169","pod=emailservice-58dc4788c5-8g5bc"
"2026-06-11 19:18:27","2026-06-12 03:18:27","0.00126705976095613","pod=emailservice-58dc4788c5-8g5bc"
"2026-06-11 19:18:42","2026-06-12 03:18:42","0.00140876789912374","pod=emailservice-58dc4788c5-8g5bc"
"2026-06-11 19:18:57","2026-06-12 03:18:57","0.00134804038769242","pod=emailservice-58dc4788c5-8g5bc"
"2026-06-11 19:19:12","2026-06-12 03:19:12","0.00135668053629223","pod=emailservice-58dc4788c5-8g5bc"
"2026-06-11 19:19:27","2026-06-12 03:19:27","0.00120631990682751","pod=emailservice-58dc4788c5-8g5bc"
"2026-06-11 19:19:42","2026-06-12 03:19:42","0.00121603973376361","pod=emailservice-58dc4788c5-8g5bc"
"2026-06-11 19:19:57","2026-06-12 03:19:57","0.000914183751753871","pod=emailservice-58dc4788c5-8g5bc"
"2026-06-11 19:20:12","2026-06-12 03:20:12","0.00127841115552329","pod=emailservice-58dc4788c5-8g5bc"
"2026-06-11 19:20:27","2026-06-12 03:20:27","0.00125436414616496","pod=emailservice-58dc4788c5-8g5bc"
"2026-06-11 19:20:42","2026-06-12 03:20:42","0.00125707656612527","pod=emailservice-58dc4788c5-8g5bc"
"2026-06-11 19:20:57","2026-06-12 03:20:57","0.00123074137774959","pod=emailservice-58dc4788c5-8g5bc"
"2026-06-11 19:21:12","2026-06-12 03:21:12","0.0012691004246922","pod=emailservice-58dc4788c5-8g5bc"
"2026-06-11 19:21:27","2026-06-12 03:21:27","0.00131247989707299","pod=emailservice-58dc4788c5-8g5bc"
"2026-06-11 19:21:42","2026-06-12 03:21:42","0.00131893408709186","pod=emailservice-58dc4788c5-8g5bc"
"2026-06-11 19:21:57","2026-06-12 03:21:57","0.00133701510276852","pod=emailservice-58dc4788c5-8g5bc"
"2026-06-11 19:22:12","2026-06-12 03:22:12","0.00145477090506348","pod=emailservice-58dc4788c5-8g5bc"
"2026-06-11 19:22:27","2026-06-12 03:22:27","0.00147795491184529","pod=emailservice-58dc4788c5-8g5bc"
"2026-06-11 19:22:42","2026-06-12 03:22:42","0.00144772318451","pod=emailservice-58dc4788c5-8g5bc"
"2026-06-11 19:22:57","2026-06-12 03:22:57","0.00111708801798728","pod=emailservice-58dc4788c5-8g5bc"
"2026-06-11 19:23:12","2026-06-12 03:23:12","0.0014236109533007","pod=emailservice-58dc4788c5-8g5bc"
"2026-06-11 19:23:27","2026-06-12 03:23:27","0.00141781670205234","pod=emailservice-58dc4788c5-8g5bc"
"2026-06-11 19:23:42","2026-06-12 03:23:42","0.000862724999999998","pod=emailservice-58dc4788c5-8g5bc"
"2026-06-11 19:23:57","2026-06-12 03:23:57","0.00139108142878769","pod=emailservice-58dc4788c5-8g5bc"
"2026-06-11 19:24:12","2026-06-12 03:24:12","0.00140171673819742","pod=emailservice-58dc4788c5-8g5bc"
"2026-06-11 19:24:27","2026-06-12 03:24:27","0.000964775000000007","pod=emailservice-58dc4788c5-8g5bc"
"2026-06-11 19:24:42","2026-06-12 03:24:42","0.00139102963424401","pod=emailservice-58dc4788c5-8g5bc"
"2026-06-11 19:24:57","2026-06-12 03:24:57","0.0012604910967449","pod=emailservice-58dc4788c5-8g5bc"
"2026-06-11 19:25:12","2026-06-12 03:25:12","0.00129378099961846","pod=emailservice-58dc4788c5-8g5bc"
"2026-06-11 19:25:27","2026-06-12 03:25:27","0.00134465184694109","pod=emailservice-58dc4788c5-8g5bc"
"2026-06-11 19:25:42","2026-06-12 03:25:42","0.00137477811526169","pod=emailservice-58dc4788c5-8g5bc"
"2026-06-11 19:25:57","2026-06-12 03:25:57","0.00138023225582806","pod=emailservice-58dc4788c5-8g5bc"
"2026-06-11 19:26:12","2026-06-12 03:26:12","0.00134121934777114","pod=emailservice-58dc4788c5-8g5bc"
"2026-06-11 19:26:27","2026-06-12 03:26:27","0.0013434697052902","pod=emailservice-58dc4788c5-8g5bc"
"2026-06-11 19:26:42","2026-06-12 03:26:42","0.00133215681582513","pod=emailservice-58dc4788c5-8g5bc"
"2026-06-11 19:26:57","2026-06-12 03:26:57","0.00136541944513048","pod=emailservice-58dc4788c5-8g5bc"
"2026-06-11 17:26:57","2026-06-12 01:26:57","0.00630691749252461","pod=frontend-76c94f7cfb-jkmgk"
"2026-06-11 17:27:12","2026-06-12 01:27:12","0.00963466659966857","pod=frontend-76c94f7cfb-jkmgk"
"2026-06-11 17:27:27","2026-06-12 01:27:27","0.0099022142021069","pod=frontend-76c94f7cfb-jkmgk"
"2026-06-11 17:27:42","2026-06-12 01:27:42","0.00949574331746632","pod=frontend-76c94f7cfb-jkmgk"
"2026-06-11 17:27:57","2026-06-12 01:27:57","0.00817204204068733","pod=frontend-76c94f7cfb-jkmgk"
"2026-06-11 17:28:12","2026-06-12 01:28:12","0.00647200117403775","pod=frontend-76c94f7cfb-jkmgk"
"2026-06-11 17:28:27","2026-06-12 01:28:27","0.00767443283441569","pod=frontend-76c94f7cfb-jkmgk"
"2026-06-11 17:28:42","2026-06-12 01:28:42","0.00953236791334478","pod=frontend-76c94f7cfb-jkmgk"
"2026-06-11 17:28:57","2026-06-12 01:28:57","0.00978755133777249","pod=frontend-76c94f7cfb-jkmgk"
"2026-06-11 17:29:12","2026-06-12 01:29:12","0.0101240577889447","pod=frontend-76c94f7cfb-jkmgk"
"2026-06-11 17:29:27","2026-06-12 01:29:27","0.0096058683772866","pod=frontend-76c94f7cfb-jkmgk"
"2026-06-11 17:29:42","2026-06-12 01:29:42","0.00916060289798825","pod=frontend-76c94f7cfb-jkmgk"
"2026-06-11 17:29:57","2026-06-12 01:29:57","0.00971739366909593","pod=frontend-76c94f7cfb-jkmgk"
"2026-06-11 17:30:12","2026-06-12 01:30:12","0.00993174607269036","pod=frontend-76c94f7cfb-jkmgk"
"2026-06-11 17:30:27","2026-06-12 01:30:27","0.00933707653464961","pod=frontend-76c94f7cfb-jkmgk"
"2026-06-11 17:30:42","2026-06-12 01:30:42","0.00898263220503948","pod=frontend-76c94f7cfb-jkmgk"
"2026-06-11 17:30:57","2026-06-12 01:30:57","0.00699946348358676","pod=frontend-76c94f7cfb-jkmgk"
"2026-06-11 17:31:12","2026-06-12 01:31:12","0.00897194220800719","pod=frontend-76c94f7cfb-jkmgk"
"2026-06-11 17:31:27","2026-06-12 01:31:27","0.00966221579708273","pod=frontend-76c94f7cfb-jkmgk"
"2026-06-11 17:31:42","2026-06-12 01:31:42","0.00636062499999994","pod=frontend-76c94f7cfb-jkmgk"
"2026-06-11 17:31:57","2026-06-12 01:31:57","0.0105578805864149","pod=frontend-76c94f7cfb-jkmgk"
"2026-06-11 17:32:12","2026-06-12 01:32:12","0.0107092363201799","pod=frontend-76c94f7cfb-jkmgk"
"2026-06-11 17:32:27","2026-06-12 01:32:27","0.0107610625244745","pod=frontend-76c94f7cfb-jkmgk"
"2026-06-11 17:32:42","2026-06-12 01:32:42","0.0112863887829075","pod=frontend-76c94f7cfb-jkmgk"
"2026-06-11 17:32:57","2026-06-12 01:32:57","0.0536185066884413","pod=frontend-76c94f7cfb-jkmgk"
"2026-06-11 17:33:12","2026-06-12 01:33:12","0.122407586839444","pod=frontend-76c94f7cfb-jkmgk"
"2026-06-11 17:33:27","2026-06-12 01:33:27","0.181515254883681","pod=frontend-76c94f7cfb-jkmgk"
"2026-06-11 17:33:42","2026-06-12 01:33:42","0.200146617885153","pod=frontend-76c94f7cfb-jkmgk"
"2026-06-11 17:33:57","2026-06-12 01:33:57","0.199853369122547","pod=frontend-76c94f7cfb-jkmgk"
"2026-06-11 17:34:12","2026-06-12 01:34:12","0.200115874877434","pod=frontend-76c94f7cfb-jkmgk"
"2026-06-11 17:34:27","2026-06-12 01:34:27","0.199772999787776","pod=frontend-76c94f7cfb-jkmgk"
"2026-06-11 17:34:42","2026-06-12 01:34:42","0.200214162159795","pod=frontend-76c94f7cfb-jkmgk"
"2026-06-11 17:34:57","2026-06-12 01:34:57","0.199924648786718","pod=frontend-76c94f7cfb-jkmgk"
"2026-06-11 17:35:12","2026-06-12 01:35:12","0.145071181048519","pod=frontend-76c94f7cfb-jkmgk"
"2026-06-11 17:35:27","2026-06-12 01:35:27","0.199822569851096","pod=frontend-76c94f7cfb-jkmgk"
"2026-06-11 17:35:42","2026-06-12 01:35:42","0.169184015835885","pod=frontend-76c94f7cfb-jkmgk"
"2026-06-11 17:35:57","2026-06-12 01:35:57","0.200227692005757","pod=frontend-76c94f7cfb-jkmgk"
"2026-06-11 17:36:12","2026-06-12 01:36:12","0.199914352521991","pod=frontend-76c94f7cfb-jkmgk"
"2026-06-11 17:36:27","2026-06-12 01:36:27","0.199689979550102","pod=frontend-76c94f7cfb-jkmgk"
"2026-06-11 17:36:42","2026-06-12 01:36:42","0.199739143096356","pod=frontend-76c94f7cfb-jkmgk"
"2026-06-11 17:36:57","2026-06-12 01:36:57","0.162946469961845","pod=frontend-76c94f7cfb-jkmgk"
"2026-06-11 17:37:12","2026-06-12 01:37:12","0.200008426908838","pod=frontend-76c94f7cfb-jkmgk"
"2026-06-11 17:37:27","2026-06-12 01:37:27","0.199880918382685","pod=frontend-76c94f7cfb-jkmgk"
"2026-06-11 17:37:42","2026-06-12 01:37:42","0.133314994634425","pod=frontend-76c94f7cfb-jkmgk"
"2026-06-11 17:37:57","2026-06-12 01:37:57","0.123339126441227","pod=frontend-76c94f7cfb-jkmgk"
"2026-06-11 17:38:12","2026-06-12 01:38:12","0.0545193345742207","pod=frontend-76c94f7cfb-jkmgk"
"2026-06-11 17:38:27","2026-06-12 01:38:27","0.00956999271109052","pod=frontend-76c94f7cfb-jkmgk"
"2026-06-11 17:38:42","2026-06-12 01:38:42","0.00926125225813883","pod=frontend-76c94f7cfb-jkmgk"
"2026-06-11 17:38:57","2026-06-12 01:38:57","0.00896954810617664","pod=frontend-76c94f7cfb-jkmgk"
"2026-06-11 17:39:12","2026-06-12 01:39:12","0.00976189315953009","pod=frontend-76c94f7cfb-jkmgk"
"2026-06-11 17:39:27","2026-06-12 01:39:27","0.00970194819947807","pod=frontend-76c94f7cfb-jkmgk"
"2026-06-11 17:39:42","2026-06-12 01:39:42","0.00962857758355392","pod=frontend-76c94f7cfb-jkmgk"
"2026-06-11 17:39:57","2026-06-12 01:39:57","0.00957134013039518","pod=frontend-76c94f7cfb-jkmgk"
"2026-06-11 17:40:12","2026-06-12 01:40:12","0.0099372738238839","pod=frontend-76c94f7cfb-jkmgk"
"2026-06-11 17:40:27","2026-06-12 01:40:27","0.00902999006177288","pod=frontend-76c94f7cfb-jkmgk"
"2026-06-11 17:40:42","2026-06-12 01:40:42","0.00840888842413482","pod=frontend-76c94f7cfb-jkmgk"
"2026-06-11 17:40:57","2026-06-12 01:40:57","0.00856945237900924","pod=frontend-76c94f7cfb-jkmgk"
"2026-06-11 17:41:12","2026-06-12 01:41:12","0.00887068965517209","pod=frontend-76c94f7cfb-jkmgk"
"2026-06-11 17:41:27","2026-06-12 01:41:27","0.00982715051476167","pod=frontend-76c94f7cfb-jkmgk"
"2026-06-11 17:41:42","2026-06-12 01:41:42","0.00825498126835105","pod=frontend-76c94f7cfb-jkmgk"
"2026-06-11 17:41:57","2026-06-12 01:41:57","0.00936696836161205","pod=frontend-76c94f7cfb-jkmgk"
"2026-06-11 17:42:12","2026-06-12 01:42:12","0.00835985342019605","pod=frontend-76c94f7cfb-jkmgk"
"2026-06-11 17:42:27","2026-06-12 01:42:27","0.00823946403385061","pod=frontend-76c94f7cfb-jkmgk"
"2026-06-11 17:42:42","2026-06-12 01:42:42","0.00909730339190039","pod=frontend-76c94f7cfb-jkmgk"
"2026-06-11 17:42:57","2026-06-12 01:42:57","0.0092365257934809","pod=frontend-76c94f7cfb-jkmgk"
"2026-06-11 17:43:12","2026-06-12 01:43:12","0.00930344600977484","pod=frontend-76c94f7cfb-jkmgk"
"2026-06-11 17:43:27","2026-06-12 01:43:27","0.00825300769246226","pod=frontend-76c94f7cfb-jkmgk"
"2026-06-11 17:43:42","2026-06-12 01:43:42","0.008239921641406","pod=frontend-76c94f7cfb-jkmgk"
"2026-06-11 17:43:57","2026-06-12 01:43:57","0.00830701754385963","pod=frontend-76c94f7cfb-jkmgk"
"2026-06-11 17:44:12","2026-06-12 01:44:12","0.00910997660072359","pod=frontend-76c94f7cfb-jkmgk"
"2026-06-11 17:44:27","2026-06-12 01:44:27","0.00866310647207016","pod=frontend-76c94f7cfb-jkmgk"
"2026-06-11 17:44:42","2026-06-12 01:44:42","0.00859344752270382","pod=frontend-76c94f7cfb-jkmgk"
"2026-06-11 17:44:57","2026-06-12 01:44:57","0.00798815404424694","pod=frontend-76c94f7cfb-jkmgk"
"2026-06-11 17:45:12","2026-06-12 01:45:12","0.00870407126092681","pod=frontend-76c94f7cfb-jkmgk"
"2026-06-11 17:45:27","2026-06-12 01:45:27","0.0084494566331761","pod=frontend-76c94f7cfb-jkmgk"
"2026-06-11 17:45:42","2026-06-12 01:45:42","0.00732407233849361","pod=frontend-76c94f7cfb-jkmgk"
"2026-06-11 17:45:57","2026-06-12 01:45:57","0.00898169538152238","pod=frontend-76c94f7cfb-jkmgk"
"2026-06-11 17:46:12","2026-06-12 01:46:12","0.00940737071973713","pod=frontend-76c94f7cfb-jkmgk"
"2026-06-11 17:46:27","2026-06-12 01:46:27","0.00529459999999986","pod=frontend-76c94f7cfb-jkmgk"
"2026-06-11 17:46:42","2026-06-12 01:46:42","0.00845028984452705","pod=frontend-76c94f7cfb-jkmgk"
"2026-06-11 17:46:57","2026-06-12 01:46:57","0.00764171013901467","pod=frontend-76c94f7cfb-jkmgk"
"2026-06-11 17:47:12","2026-06-12 01:47:12","0.0084554221555218","pod=frontend-76c94f7cfb-jkmgk"
"2026-06-11 17:47:27","2026-06-12 01:47:27","0.00836701225622438","pod=frontend-76c94f7cfb-jkmgk"
"2026-06-11 17:47:42","2026-06-12 01:47:42","0.00892930679478366","pod=frontend-76c94f7cfb-jkmgk"
"2026-06-11 17:47:57","2026-06-12 01:47:57","0.00797449069195671","pod=frontend-76c94f7cfb-jkmgk"
"2026-06-11 17:48:12","2026-06-12 01:48:12","0.00818782271944915","pod=frontend-76c94f7cfb-jkmgk"
"2026-06-11 17:48:27","2026-06-12 01:48:27","0.00798987626546696","pod=frontend-76c94f7cfb-jkmgk"
"2026-06-11 17:48:42","2026-06-12 01:48:42","0.00834737284966347","pod=frontend-76c94f7cfb-jkmgk"
"2026-06-11 17:48:57","2026-06-12 01:48:57","0.00780289746076375","pod=frontend-76c94f7cfb-jkmgk"
"2026-06-11 17:49:12","2026-06-12 01:49:12","0.00820963123476351","pod=frontend-76c94f7cfb-jkmgk"
"2026-06-11 17:49:27","2026-06-12 01:49:27","0.00813198740909555","pod=frontend-76c94f7cfb-jkmgk"
"2026-06-11 17:49:42","2026-06-12 01:49:42","0.00858970064337747","pod=frontend-76c94f7cfb-jkmgk"
"2026-06-11 17:49:57","2026-06-12 01:49:57","0.00864796087141478","pod=frontend-76c94f7cfb-jkmgk"
"2026-06-11 17:50:12","2026-06-12 01:50:12","0.00922883513685606","pod=frontend-76c94f7cfb-jkmgk"
"2026-06-11 17:50:27","2026-06-12 01:50:27","0.00875196214219739","pod=frontend-76c94f7cfb-jkmgk"
"2026-06-11 17:50:42","2026-06-12 01:50:42","0.00889214227427621","pod=frontend-76c94f7cfb-jkmgk"
"2026-06-11 17:50:57","2026-06-12 01:50:57","0.00910035069774217","pod=frontend-76c94f7cfb-jkmgk"
"2026-06-11 17:51:12","2026-06-12 01:51:12","0.00984951962865696","pod=frontend-76c94f7cfb-jkmgk"
"2026-06-11 17:51:27","2026-06-12 01:51:27","0.00996411161761245","pod=frontend-76c94f7cfb-jkmgk"
"2026-06-11 17:51:42","2026-06-12 01:51:42","0.00933275430590348","pod=frontend-76c94f7cfb-jkmgk"
"2026-06-11 17:51:57","2026-06-12 01:51:57","0.0103934705916368","pod=frontend-76c94f7cfb-jkmgk"
"2026-06-11 17:52:12","2026-06-12 01:52:12","0.0113232929812849","pod=frontend-76c94f7cfb-jkmgk"
"2026-06-11 17:52:27","2026-06-12 01:52:27","0.0109486808742482","pod=frontend-76c94f7cfb-jkmgk"
"2026-06-11 17:52:42","2026-06-12 01:52:42","0.010238806290822","pod=frontend-76c94f7cfb-jkmgk"
"2026-06-11 17:52:57","2026-06-12 01:52:57","0.00966890066391649","pod=frontend-76c94f7cfb-jkmgk"
"2026-06-11 17:53:12","2026-06-12 01:53:12","0.0101361129447838","pod=frontend-76c94f7cfb-jkmgk"
"2026-06-11 17:53:27","2026-06-12 01:53:27","0.00988769730252459","pod=frontend-76c94f7cfb-jkmgk"
"2026-06-11 17:53:42","2026-06-12 01:53:42","0.00994901379045075","pod=frontend-76c94f7cfb-jkmgk"
"2026-06-11 17:53:57","2026-06-12 01:53:57","0.00779197356501687","pod=frontend-76c94f7cfb-jkmgk"
"2026-06-11 17:54:12","2026-06-12 01:54:12","0.00910274799575045","pod=frontend-76c94f7cfb-jkmgk"
"2026-06-11 17:54:27","2026-06-12 01:54:27","0.00987159977173327","pod=frontend-76c94f7cfb-jkmgk"
"2026-06-11 17:54:42","2026-06-12 01:54:42","0.0111993729178915","pod=frontend-76c94f7cfb-jkmgk"
"2026-06-11 17:54:57","2026-06-12 01:54:57","0.0101212589626596","pod=frontend-76c94f7cfb-jkmgk"
"2026-06-11 17:55:12","2026-06-12 01:55:12","0.00947196891424437","pod=frontend-76c94f7cfb-jkmgk"
"2026-06-11 17:55:27","2026-06-12 01:55:27","0.00731678695662211","pod=frontend-76c94f7cfb-jkmgk"
"2026-06-11 17:55:42","2026-06-12 01:55:42","0.0082681702750437","pod=frontend-76c94f7cfb-jkmgk"
"2026-06-11 17:55:57","2026-06-12 01:55:57","0.00940288892672723","pod=frontend-76c94f7cfb-jkmgk"
"2026-06-11 17:56:12","2026-06-12 01:56:12","0.00918994011420053","pod=frontend-76c94f7cfb-jkmgk"
"2026-06-11 17:56:27","2026-06-12 01:56:27","0.00936557974844111","pod=frontend-76c94f7cfb-jkmgk"
"2026-06-11 17:56:42","2026-06-12 01:56:42","0.00945054257095143","pod=frontend-76c94f7cfb-jkmgk"
"2026-06-11 17:56:57","2026-06-12 01:56:57","0.00924925957376316","pod=frontend-76c94f7cfb-jkmgk"
"2026-06-11 17:57:12","2026-06-12 01:57:12","0.00921234790708453","pod=frontend-76c94f7cfb-jkmgk"
"2026-06-11 17:57:27","2026-06-12 01:57:27","0.00914649003803873","pod=frontend-76c94f7cfb-jkmgk"
"2026-06-11 17:57:42","2026-06-12 01:57:42","0.0100452230811856","pod=frontend-76c94f7cfb-jkmgk"
"2026-06-11 17:57:57","2026-06-12 01:57:57","0.00977806372549084","pod=frontend-76c94f7cfb-jkmgk"
"2026-06-11 17:58:12","2026-06-12 01:58:12","0.0101556806756486","pod=frontend-76c94f7cfb-jkmgk"
"2026-06-11 17:58:27","2026-06-12 01:58:27","0.00990972708187526","pod=frontend-76c94f7cfb-jkmgk"
"2026-06-11 17:58:42","2026-06-12 01:58:42","0.00990359595614881","pod=frontend-76c94f7cfb-jkmgk"
"2026-06-11 17:58:57","2026-06-12 01:58:57","0.00973507708525486","pod=frontend-76c94f7cfb-jkmgk"
"2026-06-11 17:59:12","2026-06-12 01:59:12","0.0112156808274209","pod=frontend-76c94f7cfb-jkmgk"
"2026-06-11 17:59:27","2026-06-12 01:59:27","0.0121307713884989","pod=frontend-76c94f7cfb-jkmgk"
"2026-06-11 17:59:42","2026-06-12 01:59:42","0.0107961136525795","pod=frontend-76c94f7cfb-jkmgk"
"2026-06-11 17:59:57","2026-06-12 01:59:57","0.00952356863160173","pod=frontend-76c94f7cfb-jkmgk"
"2026-06-11 18:00:12","2026-06-12 02:00:12","0.00794883167119593","pod=frontend-76c94f7cfb-jkmgk"
"2026-06-11 18:00:27","2026-06-12 02:00:27","0.0102939970875356","pod=frontend-76c94f7cfb-jkmgk"
"2026-06-11 18:00:42","2026-06-12 02:00:42","0.00999943388596818","pod=frontend-76c94f7cfb-jkmgk"
"2026-06-11 18:00:57","2026-06-12 02:00:57","0.011112830905636","pod=frontend-76c94f7cfb-jkmgk"
"2026-06-11 18:01:12","2026-06-12 02:01:12","0.0130004128656808","pod=frontend-76c94f7cfb-jkmgk"
"2026-06-11 18:01:27","2026-06-12 02:01:27","0.0124665893576054","pod=frontend-76c94f7cfb-jkmgk"
"2026-06-11 18:01:42","2026-06-12 02:01:42","0.0103000701018729","pod=frontend-76c94f7cfb-jkmgk"
"2026-06-11 18:01:57","2026-06-12 02:01:57","0.00902655383717532","pod=frontend-76c94f7cfb-jkmgk"
"2026-06-11 18:02:12","2026-06-12 02:02:12","0.00966773130233631","pod=frontend-76c94f7cfb-jkmgk"
"2026-06-11 18:02:27","2026-06-12 02:02:27","0.00970664998879889","pod=frontend-76c94f7cfb-jkmgk"
"2026-06-11 18:02:42","2026-06-12 02:02:42","0.00945437895109983","pod=frontend-76c94f7cfb-jkmgk"
"2026-06-11 18:02:57","2026-06-12 02:02:57","0.00806089686070157","pod=frontend-76c94f7cfb-jkmgk"
"2026-06-11 18:03:12","2026-06-12 02:03:12","0.0106987080559103","pod=frontend-76c94f7cfb-jkmgk"
"2026-06-11 18:03:27","2026-06-12 02:03:27","0.0126995073891626","pod=frontend-76c94f7cfb-jkmgk"
"2026-06-11 18:03:42","2026-06-12 02:03:42","0.0108355578579121","pod=frontend-76c94f7cfb-jkmgk"
"2026-06-11 18:03:57","2026-06-12 02:03:57","0.0141891186804405","pod=frontend-76c94f7cfb-jkmgk"
"2026-06-11 18:04:12","2026-06-12 02:04:12","0.0128952165021783","pod=frontend-76c94f7cfb-jkmgk"
"2026-06-11 18:04:27","2026-06-12 02:04:27","0.0111952446374752","pod=frontend-76c94f7cfb-jkmgk"
"2026-06-11 18:04:42","2026-06-12 02:04:42","0.0108882445797488","pod=frontend-76c94f7cfb-jkmgk"
"2026-06-11 18:04:57","2026-06-12 02:04:57","0.0122891956413836","pod=frontend-76c94f7cfb-jkmgk"
"2026-06-11 18:05:12","2026-06-12 02:05:12","0.0122988090534518","pod=frontend-76c94f7cfb-jkmgk"
"2026-06-11 18:05:27","2026-06-12 02:05:27","0.00688691853360502","pod=frontend-76c94f7cfb-jkmgk"
"2026-06-11 18:05:42","2026-06-12 02:05:42","0.0108468350139817","pod=frontend-76c94f7cfb-jkmgk"
"2026-06-11 18:05:57","2026-06-12 02:05:57","0.00972568324209572","pod=frontend-76c94f7cfb-jkmgk"
"2026-06-11 18:06:12","2026-06-12 02:06:12","0.0116963245955214","pod=frontend-76c94f7cfb-jkmgk"
"2026-06-11 18:06:27","2026-06-12 02:06:27","0.0106429178360843","pod=frontend-76c94f7cfb-jkmgk"
"2026-06-11 18:06:42","2026-06-12 02:06:42","0.0130615909090906","pod=frontend-76c94f7cfb-jkmgk"
"2026-06-11 18:06:57","2026-06-12 02:06:57","0.0114003035985353","pod=frontend-76c94f7cfb-jkmgk"
"2026-06-11 18:07:12","2026-06-12 02:07:12","0.0111997872063229","pod=frontend-76c94f7cfb-jkmgk"
"2026-06-11 18:07:27","2026-06-12 02:07:27","0.00990153361868757","pod=frontend-76c94f7cfb-jkmgk"
"2026-06-11 18:07:42","2026-06-12 02:07:42","0.0104549631265529","pod=frontend-76c94f7cfb-jkmgk"
"2026-06-11 18:07:57","2026-06-12 02:07:57","0.0101404544714123","pod=frontend-76c94f7cfb-jkmgk"
"2026-06-11 18:08:12","2026-06-12 02:08:12","0.0111347984840078","pod=frontend-76c94f7cfb-jkmgk"
"2026-06-11 18:08:27","2026-06-12 02:08:27","0.00926579895026712","pod=frontend-76c94f7cfb-jkmgk"
"2026-06-11 18:08:42","2026-06-12 02:08:42","0.0108044804375259","pod=frontend-76c94f7cfb-jkmgk"
"2026-06-11 18:08:57","2026-06-12 02:08:57","0.00900422276917142","pod=frontend-76c94f7cfb-jkmgk"
"2026-06-11 18:09:12","2026-06-12 02:09:12","0.00995403012890157","pod=frontend-76c94f7cfb-jkmgk"
"2026-06-11 18:09:27","2026-06-12 02:09:27","0.009136110705875","pod=frontend-76c94f7cfb-jkmgk"
"2026-06-11 18:09:42","2026-06-12 02:09:42","0.0110602550886345","pod=frontend-76c94f7cfb-jkmgk"
"2026-06-11 18:09:57","2026-06-12 02:09:57","0.00900454595313055","pod=frontend-76c94f7cfb-jkmgk"
"2026-06-11 18:10:12","2026-06-12 02:10:12","0.0112191645498169","pod=frontend-76c94f7cfb-jkmgk"
"2026-06-11 18:10:27","2026-06-12 02:10:27","0.0105626383643702","pod=frontend-76c94f7cfb-jkmgk"
"2026-06-11 18:10:42","2026-06-12 02:10:42","0.00632733463461626","pod=frontend-76c94f7cfb-jkmgk"
"2026-06-11 18:10:57","2026-06-12 02:10:57","0.00913139779131916","pod=frontend-76c94f7cfb-jkmgk"
"2026-06-11 18:11:12","2026-06-12 02:11:12","0.0083471369994477","pod=frontend-76c94f7cfb-jkmgk"
"2026-06-11 18:11:27","2026-06-12 02:11:27","0.0101092232360262","pod=frontend-76c94f7cfb-jkmgk"
"2026-06-11 18:11:42","2026-06-12 02:11:42","0.0106415939636873","pod=frontend-76c94f7cfb-jkmgk"
"2026-06-11 18:11:57","2026-06-12 02:11:57","0.00764990482167339","pod=frontend-76c94f7cfb-jkmgk"
"2026-06-11 18:12:12","2026-06-12 02:12:12","0.0117304470524996","pod=frontend-76c94f7cfb-jkmgk"
"2026-06-11 18:12:27","2026-06-12 02:12:27","0.012430431711839","pod=frontend-76c94f7cfb-jkmgk"
"2026-06-11 18:12:42","2026-06-12 02:12:42","0.0130052610811524","pod=frontend-76c94f7cfb-jkmgk"
"2026-06-11 18:12:57","2026-06-12 02:12:57","0.0103582495767527","pod=frontend-76c94f7cfb-jkmgk"
"2026-06-11 18:13:12","2026-06-12 02:13:12","0.0082380888531332","pod=frontend-76c94f7cfb-jkmgk"
"2026-06-11 18:13:27","2026-06-12 02:13:27","0.00804725284906907","pod=frontend-76c94f7cfb-jkmgk"
"2026-06-11 18:13:42","2026-06-12 02:13:42","0.00876508458020645","pod=frontend-76c94f7cfb-jkmgk"
"2026-06-11 18:13:57","2026-06-12 02:13:57","0.00986688835639891","pod=frontend-76c94f7cfb-jkmgk"
"2026-06-11 18:14:12","2026-06-12 02:14:12","0.0100436178641422","pod=frontend-76c94f7cfb-jkmgk"
"2026-06-11 18:14:27","2026-06-12 02:14:27","0.00986843120786371","pod=frontend-76c94f7cfb-jkmgk"
"2026-06-11 18:14:42","2026-06-12 02:14:42","0.00941841987920062","pod=frontend-76c94f7cfb-jkmgk"
"2026-06-11 18:14:57","2026-06-12 02:14:57","0.00935724941817671","pod=frontend-76c94f7cfb-jkmgk"
"2026-06-11 18:15:12","2026-06-12 02:15:12","0.00953635374995129","pod=frontend-76c94f7cfb-jkmgk"
"2026-06-11 18:15:27","2026-06-12 02:15:27","0.00984214432518863","pod=frontend-76c94f7cfb-jkmgk"
"2026-06-11 18:15:42","2026-06-12 02:15:42","0.0097468046617838","pod=frontend-76c94f7cfb-jkmgk"
"2026-06-11 18:15:57","2026-06-12 02:15:57","0.00901978273766922","pod=frontend-76c94f7cfb-jkmgk"
"2026-06-11 18:16:12","2026-06-12 02:16:12","0.00881668015102486","pod=frontend-76c94f7cfb-jkmgk"
"2026-06-11 18:16:27","2026-06-12 02:16:27","0.00632568063838012","pod=frontend-76c94f7cfb-jkmgk"
"2026-06-11 18:16:42","2026-06-12 02:16:42","0.00777813592258615","pod=frontend-76c94f7cfb-jkmgk"
"2026-06-11 18:16:57","2026-06-12 02:16:57","0.0109226460844919","pod=frontend-76c94f7cfb-jkmgk"
"2026-06-11 18:17:12","2026-06-12 02:17:12","0.00987632671896642","pod=frontend-76c94f7cfb-jkmgk"
"2026-06-11 18:17:27","2026-06-12 02:17:27","0.00959503160077351","pod=frontend-76c94f7cfb-jkmgk"
"2026-06-11 18:17:42","2026-06-12 02:17:42","0.00914201444401553","pod=frontend-76c94f7cfb-jkmgk"
"2026-06-11 18:17:57","2026-06-12 02:17:57","0.010313171035063","pod=frontend-76c94f7cfb-jkmgk"
"2026-06-11 18:18:12","2026-06-12 02:18:12","0.0105467124166601","pod=frontend-76c94f7cfb-jkmgk"
"2026-06-11 18:18:27","2026-06-12 02:18:27","0.0106002007080531","pod=frontend-76c94f7cfb-jkmgk"
"2026-06-11 18:18:42","2026-06-12 02:18:42","0.00989725847190037","pod=frontend-76c94f7cfb-jkmgk"
"2026-06-11 18:18:57","2026-06-12 02:18:57","0.0102113241911298","pod=frontend-76c94f7cfb-jkmgk"
"2026-06-11 18:19:12","2026-06-12 02:19:12","0.00932205709072951","pod=frontend-76c94f7cfb-jkmgk"
"2026-06-11 18:19:27","2026-06-12 02:19:27","0.00884379329322721","pod=frontend-76c94f7cfb-jkmgk"
"2026-06-11 18:19:42","2026-06-12 02:19:42","0.00888429029437445","pod=frontend-76c94f7cfb-jkmgk"
"2026-06-11 18:19:57","2026-06-12 02:19:57","0.0103153350334329","pod=frontend-76c94f7cfb-jkmgk"
"2026-06-11 18:20:12","2026-06-12 02:20:12","0.010426976542137","pod=frontend-76c94f7cfb-jkmgk"
"2026-06-11 18:20:27","2026-06-12 02:20:27","0.00872789827504187","pod=frontend-76c94f7cfb-jkmgk"
"2026-06-11 18:20:42","2026-06-12 02:20:42","0.00993531374769089","pod=frontend-76c94f7cfb-jkmgk"
"2026-06-11 18:20:57","2026-06-12 02:20:57","0.00974269060605371","pod=frontend-76c94f7cfb-jkmgk"
"2026-06-11 18:21:12","2026-06-12 02:21:12","0.0102655181553147","pod=frontend-76c94f7cfb-jkmgk"
"2026-06-11 18:21:27","2026-06-12 02:21:27","0.00942134376139772","pod=frontend-76c94f7cfb-jkmgk"
"2026-06-11 18:21:42","2026-06-12 02:21:42","0.00911442145457776","pod=frontend-76c94f7cfb-jkmgk"
"2026-06-11 18:21:57","2026-06-12 02:21:57","0.00873554774116968","pod=frontend-76c94f7cfb-jkmgk"
"2026-06-11 18:22:12","2026-06-12 02:22:12","0.00973151733038342","pod=frontend-76c94f7cfb-jkmgk"
"2026-06-11 18:22:27","2026-06-12 02:22:27","0.00926167750042276","pod=frontend-76c94f7cfb-jkmgk"
"2026-06-11 18:22:42","2026-06-12 02:22:42","0.0086548188653448","pod=frontend-76c94f7cfb-jkmgk"
"2026-06-11 18:22:57","2026-06-12 02:22:57","0.00704573248522514","pod=frontend-76c94f7cfb-jkmgk"
"2026-06-11 18:23:12","2026-06-12 02:23:12","0.00906091944570106","pod=frontend-76c94f7cfb-jkmgk"
"2026-06-11 18:23:27","2026-06-12 02:23:27","0.00868208123034697","pod=frontend-76c94f7cfb-jkmgk"
"2026-06-11 18:23:42","2026-06-12 02:23:42","0.0110710345527764","pod=frontend-76c94f7cfb-jkmgk"
"2026-06-11 18:23:57","2026-06-12 02:23:57","0.0108050186758914","pod=frontend-76c94f7cfb-jkmgk"
"2026-06-11 18:24:12","2026-06-12 02:24:12","0.00634462951108768","pod=frontend-76c94f7cfb-jkmgk"
"2026-06-11 18:24:27","2026-06-12 02:24:27","0.00885485815317827","pod=frontend-76c94f7cfb-jkmgk"
"2026-06-11 18:24:42","2026-06-12 02:24:42","0.00732674894764275","pod=frontend-76c94f7cfb-jkmgk"
"2026-06-11 18:24:57","2026-06-12 02:24:57","0.0093583297031555","pod=frontend-76c94f7cfb-jkmgk"
"2026-06-11 18:25:12","2026-06-12 02:25:12","0.0106462217250815","pod=frontend-76c94f7cfb-jkmgk"
"2026-06-11 18:25:27","2026-06-12 02:25:27","0.00938930601737625","pod=frontend-76c94f7cfb-jkmgk"
"2026-06-11 18:25:42","2026-06-12 02:25:42","0.00919741915178204","pod=frontend-76c94f7cfb-jkmgk"
"2026-06-11 18:25:57","2026-06-12 02:25:57","0.00914176170262688","pod=frontend-76c94f7cfb-jkmgk"
"2026-06-11 18:26:12","2026-06-12 02:26:12","0.0102071789417709","pod=frontend-76c94f7cfb-jkmgk"
"2026-06-11 18:26:27","2026-06-12 02:26:27","0.0107690909537496","pod=frontend-76c94f7cfb-jkmgk"
"2026-06-11 18:26:42","2026-06-12 02:26:42","0.0109788979814511","pod=frontend-76c94f7cfb-jkmgk"
"2026-06-11 18:26:57","2026-06-12 02:26:57","0.0101731377812694","pod=frontend-76c94f7cfb-jkmgk"
"2026-06-11 18:27:12","2026-06-12 02:27:12","0.0096902860781816","pod=frontend-76c94f7cfb-jkmgk"
"2026-06-11 18:27:27","2026-06-12 02:27:27","0.00914917969317117","pod=frontend-76c94f7cfb-jkmgk"
"2026-06-11 18:27:42","2026-06-12 02:27:42","0.00903105604945994","pod=frontend-76c94f7cfb-jkmgk"
"2026-06-11 18:27:57","2026-06-12 02:27:57","0.00987631767757592","pod=frontend-76c94f7cfb-jkmgk"
"2026-06-11 18:28:12","2026-06-12 02:28:12","0.010472542091948","pod=frontend-76c94f7cfb-jkmgk"
"2026-06-11 18:28:27","2026-06-12 02:28:27","0.0109343802788141","pod=frontend-76c94f7cfb-jkmgk"
"2026-06-11 18:28:42","2026-06-12 02:28:42","0.0107622292215723","pod=frontend-76c94f7cfb-jkmgk"
"2026-06-11 18:28:57","2026-06-12 02:28:57","0.0102768651134447","pod=frontend-76c94f7cfb-jkmgk"
"2026-06-11 18:29:12","2026-06-12 02:29:12","0.0107270229880005","pod=frontend-76c94f7cfb-jkmgk"
"2026-06-11 18:29:27","2026-06-12 02:29:27","0.0104915744466802","pod=frontend-76c94f7cfb-jkmgk"
"2026-06-11 18:29:42","2026-06-12 02:29:42","0.00593599827991779","pod=frontend-76c94f7cfb-jkmgk"
"2026-06-11 18:29:57","2026-06-12 02:29:57","0.00949847807098849","pod=frontend-76c94f7cfb-jkmgk"
"2026-06-11 18:30:12","2026-06-12 02:30:12","0.00996570277211908","pod=frontend-76c94f7cfb-jkmgk"
"2026-06-11 18:30:27","2026-06-12 02:30:27","0.00961643863757752","pod=frontend-76c94f7cfb-jkmgk"
"2026-06-11 18:30:42","2026-06-12 02:30:42","0.00980195172954584","pod=frontend-76c94f7cfb-jkmgk"
"2026-06-11 18:30:57","2026-06-12 02:30:57","0.00943870080208929","pod=frontend-76c94f7cfb-jkmgk"
"2026-06-11 18:31:12","2026-06-12 02:31:12","0.00926733455803821","pod=frontend-76c94f7cfb-jkmgk"
"2026-06-11 18:31:27","2026-06-12 02:31:27","0.00949794103431583","pod=frontend-76c94f7cfb-jkmgk"
"2026-06-11 18:31:42","2026-06-12 02:31:42","0.00972243642329765","pod=frontend-76c94f7cfb-jkmgk"
"2026-06-11 18:31:57","2026-06-12 02:31:57","0.0107692686227471","pod=frontend-76c94f7cfb-jkmgk"
"2026-06-11 18:32:12","2026-06-12 02:32:12","0.00878868988915717","pod=frontend-76c94f7cfb-jkmgk"
"2026-06-11 18:32:27","2026-06-12 02:32:27","0.0105708049659592","pod=frontend-76c94f7cfb-jkmgk"
"2026-06-11 18:32:42","2026-06-12 02:32:42","0.0106240272478391","pod=frontend-76c94f7cfb-jkmgk"
"2026-06-11 18:32:57","2026-06-12 02:32:57","0.0112328027617522","pod=frontend-76c94f7cfb-jkmgk"
"2026-06-11 18:33:12","2026-06-12 02:33:12","0.00957961501529133","pod=frontend-76c94f7cfb-jkmgk"
"2026-06-11 18:33:27","2026-06-12 02:33:27","0.0104862823796576","pod=frontend-76c94f7cfb-jkmgk"
"2026-06-11 18:33:42","2026-06-12 02:33:42","0.0100247630693987","pod=frontend-76c94f7cfb-jkmgk"
"2026-06-11 18:33:57","2026-06-12 02:33:57","0.00995453569346792","pod=frontend-76c94f7cfb-jkmgk"
"2026-06-11 18:34:12","2026-06-12 02:34:12","0.00996145201168801","pod=frontend-76c94f7cfb-jkmgk"
"2026-06-11 18:34:27","2026-06-12 02:34:27","0.00832298080397862","pod=frontend-76c94f7cfb-jkmgk"
"2026-06-11 18:34:42","2026-06-12 02:34:42","0.0104284800081919","pod=frontend-76c94f7cfb-jkmgk"
"2026-06-11 18:34:57","2026-06-12 02:34:57","0.0102118135346804","pod=frontend-76c94f7cfb-jkmgk"
"2026-06-11 18:35:12","2026-06-12 02:35:12","0.00962153150478469","pod=frontend-76c94f7cfb-jkmgk"
"2026-06-11 18:35:27","2026-06-12 02:35:27","0.00955985930877775","pod=frontend-76c94f7cfb-jkmgk"
"2026-06-11 18:35:42","2026-06-12 02:35:42","0.00960814528347049","pod=frontend-76c94f7cfb-jkmgk"
"2026-06-11 18:35:57","2026-06-12 02:35:57","0.0085272815162441","pod=frontend-76c94f7cfb-jkmgk"
"2026-06-11 18:36:12","2026-06-12 02:36:12","0.0091012705391409","pod=frontend-76c94f7cfb-jkmgk"
"2026-06-11 18:36:27","2026-06-12 02:36:27","0.0089443936926556","pod=frontend-76c94f7cfb-jkmgk"
"2026-06-11 18:36:42","2026-06-12 02:36:42","0.00959810253530158","pod=frontend-76c94f7cfb-jkmgk"
"2026-06-11 18:36:57","2026-06-12 02:36:57","0.00969763001974969","pod=frontend-76c94f7cfb-jkmgk"
"2026-06-11 18:37:12","2026-06-12 02:37:12","0.0105313027885342","pod=frontend-76c94f7cfb-jkmgk"
"2026-06-11 18:37:27","2026-06-12 02:37:27","0.0100071572580647","pod=frontend-76c94f7cfb-jkmgk"
"2026-06-11 18:37:42","2026-06-12 02:37:42","0.004447833333334","pod=frontend-76c94f7cfb-jkmgk"
"2026-06-11 18:37:57","2026-06-12 02:37:57","0.00897652239334382","pod=frontend-76c94f7cfb-jkmgk"
"2026-06-11 18:38:12","2026-06-12 02:38:12","0.0099896017141413","pod=frontend-76c94f7cfb-jkmgk"
"2026-06-11 18:38:27","2026-06-12 02:38:27","0.00813765061819446","pod=frontend-76c94f7cfb-jkmgk"
"2026-06-11 18:38:42","2026-06-12 02:38:42","0.0107032100725956","pod=frontend-76c94f7cfb-jkmgk"
"2026-06-11 18:38:57","2026-06-12 02:38:57","0.00897469746974671","pod=frontend-76c94f7cfb-jkmgk"
"2026-06-11 18:39:12","2026-06-12 02:39:12","0.00961964374201264","pod=frontend-76c94f7cfb-jkmgk"
"2026-06-11 18:39:27","2026-06-12 02:39:27","0.010697015097384","pod=frontend-76c94f7cfb-jkmgk"
"2026-06-11 18:39:42","2026-06-12 02:39:42","0.0109748323219419","pod=frontend-76c94f7cfb-jkmgk"
"2026-06-11 18:39:57","2026-06-12 02:39:57","0.00998337372964252","pod=frontend-76c94f7cfb-jkmgk"
"2026-06-11 18:40:12","2026-06-12 02:40:12","0.00999845325875094","pod=frontend-76c94f7cfb-jkmgk"
"2026-06-11 18:40:27","2026-06-12 02:40:27","0.074565632322927","pod=frontend-76c94f7cfb-jkmgk"
"2026-06-11 18:40:42","2026-06-12 02:40:42","0.105579395817196","pod=frontend-76c94f7cfb-jkmgk"
"2026-06-11 18:40:57","2026-06-12 02:40:57","0.126761325571227","pod=frontend-76c94f7cfb-jkmgk"
"2026-06-11 18:41:12","2026-06-12 02:41:12","0.081221751237624","pod=frontend-76c94f7cfb-jkmgk"
"2026-06-11 18:41:27","2026-06-12 02:41:27","0.104564423120241","pod=frontend-76c94f7cfb-jkmgk"
"2026-06-11 18:41:42","2026-06-12 02:41:42","0.126634979519283","pod=frontend-76c94f7cfb-jkmgk"
"2026-06-11 18:41:57","2026-06-12 02:41:57","0.13784282621746","pod=frontend-76c94f7cfb-jkmgk"
"2026-06-11 18:42:12","2026-06-12 02:42:12","0.104103564254683","pod=frontend-76c94f7cfb-jkmgk"
"2026-06-11 18:42:27","2026-06-12 02:42:27","0.0436708870519234","pod=frontend-76c94f7cfb-jkmgk"
"2026-06-11 18:42:42","2026-06-12 02:42:42","0.109206444785971","pod=frontend-76c94f7cfb-jkmgk"
"2026-06-11 18:42:57","2026-06-12 02:42:57","0.173807722027611","pod=frontend-76c94f7cfb-jkmgk"
"2026-06-11 18:43:12","2026-06-12 02:43:12","0.140502789315091","pod=frontend-76c94f7cfb-jkmgk"
"2026-06-11 18:43:27","2026-06-12 02:43:27","0.118208620834148","pod=frontend-76c94f7cfb-jkmgk"
"2026-06-11 18:43:42","2026-06-12 02:43:42","0.115925197292142","pod=frontend-76c94f7cfb-jkmgk"
"2026-06-11 18:43:57","2026-06-12 02:43:57","0.132849946579982","pod=frontend-76c94f7cfb-jkmgk"
"2026-06-11 18:44:12","2026-06-12 02:44:12","0.10905386711733","pod=frontend-76c94f7cfb-jkmgk"
"2026-06-11 18:44:27","2026-06-12 02:44:27","0.125149132075471","pod=frontend-76c94f7cfb-jkmgk"
"2026-06-11 18:44:42","2026-06-12 02:44:42","0.136632204162236","pod=frontend-76c94f7cfb-jkmgk"
"2026-06-11 18:44:57","2026-06-12 02:44:57","0.128666605279312","pod=frontend-76c94f7cfb-jkmgk"
"2026-06-11 18:45:12","2026-06-12 02:45:12","0.120200257566001","pod=frontend-76c94f7cfb-jkmgk"
"2026-06-11 18:45:27","2026-06-12 02:45:27","0.123886020004652","pod=frontend-76c94f7cfb-jkmgk"
"2026-06-11 18:45:42","2026-06-12 02:45:42","0.126270819174029","pod=frontend-76c94f7cfb-jkmgk"
"2026-06-11 18:45:57","2026-06-12 02:45:57","0.115698098054962","pod=frontend-76c94f7cfb-jkmgk"
"2026-06-11 18:46:12","2026-06-12 02:46:12","0.0599165560087873","pod=frontend-76c94f7cfb-jkmgk"
"2026-06-11 18:46:27","2026-06-12 02:46:27","0.106994880267613","pod=frontend-76c94f7cfb-jkmgk"
"2026-06-11 18:46:42","2026-06-12 02:46:42","0.125016674485053","pod=frontend-76c94f7cfb-jkmgk"
"2026-06-11 18:46:57","2026-06-12 02:46:57","0.0998070221719872","pod=frontend-76c94f7cfb-jkmgk"
"2026-06-11 18:47:12","2026-06-12 02:47:12","0.135911290086396","pod=frontend-76c94f7cfb-jkmgk"
"2026-06-11 18:47:27","2026-06-12 02:47:27","0.126987588611805","pod=frontend-76c94f7cfb-jkmgk"
"2026-06-11 18:47:42","2026-06-12 02:47:42","0.116564927998379","pod=frontend-76c94f7cfb-jkmgk"
"2026-06-11 18:47:57","2026-06-12 02:47:57","0.137586738062161","pod=frontend-76c94f7cfb-jkmgk"
"2026-06-11 18:48:12","2026-06-12 02:48:12","0.155106861033949","pod=frontend-76c94f7cfb-jkmgk"
"2026-06-11 18:48:27","2026-06-12 02:48:27","0.135964895263171","pod=frontend-76c94f7cfb-jkmgk"
"2026-06-11 18:48:42","2026-06-12 02:48:42","0.139972507030067","pod=frontend-76c94f7cfb-jkmgk"
"2026-06-11 18:48:57","2026-06-12 02:48:57","0.140733506481975","pod=frontend-76c94f7cfb-jkmgk"
"2026-06-11 18:49:12","2026-06-12 02:49:12","0.106858473923522","pod=frontend-76c94f7cfb-jkmgk"
"2026-06-11 18:49:27","2026-06-12 02:49:27","0.0252247436177171","pod=frontend-76c94f7cfb-jkmgk"
"2026-06-11 18:49:42","2026-06-12 02:49:42","0.00977881722645748","pod=frontend-76c94f7cfb-jkmgk"
"2026-06-11 18:49:57","2026-06-12 02:49:57","0.0103913604243498","pod=frontend-76c94f7cfb-jkmgk"
"2026-06-11 18:50:12","2026-06-12 02:50:12","0.0115935644098918","pod=frontend-76c94f7cfb-jkmgk"
"2026-06-11 18:50:27","2026-06-12 02:50:27","0.00964845277565255","pod=frontend-76c94f7cfb-jkmgk"
"2026-06-11 18:50:42","2026-06-12 02:50:42","0.00914036938077093","pod=frontend-76c94f7cfb-jkmgk"
"2026-06-11 18:50:57","2026-06-12 02:50:57","0.0057736821315494","pod=frontend-76c94f7cfb-jkmgk"
"2026-06-11 18:51:12","2026-06-12 02:51:12","0.00853557046979905","pod=frontend-76c94f7cfb-jkmgk"
"2026-06-11 18:51:27","2026-06-12 02:51:27","0.00905951289334205","pod=frontend-76c94f7cfb-jkmgk"
"2026-06-11 18:51:42","2026-06-12 02:51:42","0.00983940244677206","pod=frontend-76c94f7cfb-jkmgk"
"2026-06-11 18:51:57","2026-06-12 02:51:57","0.00998260953298037","pod=frontend-76c94f7cfb-jkmgk"
"2026-06-11 18:52:12","2026-06-12 02:52:12","0.00938943050599879","pod=frontend-76c94f7cfb-jkmgk"
"2026-06-11 18:52:27","2026-06-12 02:52:27","0.0096668392204624","pod=frontend-76c94f7cfb-jkmgk"
"2026-06-11 18:52:42","2026-06-12 02:52:42","0.0101751793400285","pod=frontend-76c94f7cfb-jkmgk"
"2026-06-11 18:52:57","2026-06-12 02:52:57","0.00987303076286357","pod=frontend-76c94f7cfb-jkmgk"
"2026-06-11 18:53:12","2026-06-12 02:53:12","0.0095746564174236","pod=frontend-76c94f7cfb-jkmgk"
"2026-06-11 18:53:27","2026-06-12 02:53:27","0.00959892004423906","pod=frontend-76c94f7cfb-jkmgk"
"2026-06-11 18:53:42","2026-06-12 02:53:42","0.010029399987355","pod=frontend-76c94f7cfb-jkmgk"
"2026-06-11 18:53:57","2026-06-12 02:53:57","0.0110907893600488","pod=frontend-76c94f7cfb-jkmgk"
"2026-06-11 18:54:12","2026-06-12 02:54:12","0.0103760176118516","pod=frontend-76c94f7cfb-jkmgk"
"2026-06-11 18:54:27","2026-06-12 02:54:27","0.0119466933769818","pod=frontend-76c94f7cfb-jkmgk"
"2026-06-11 18:54:42","2026-06-12 02:54:42","0.0117914469069088","pod=frontend-76c94f7cfb-jkmgk"
"2026-06-11 18:54:57","2026-06-12 02:54:57","0.0121791630442441","pod=frontend-76c94f7cfb-jkmgk"
"2026-06-11 18:55:12","2026-06-12 02:55:12","0.0104871757925074","pod=frontend-76c94f7cfb-jkmgk"
"2026-06-11 18:55:27","2026-06-12 02:55:27","0.0100685654008431","pod=frontend-76c94f7cfb-jkmgk"
"2026-06-11 18:55:42","2026-06-12 02:55:42","0.0111364637320113","pod=frontend-76c94f7cfb-jkmgk"
"2026-06-11 18:55:57","2026-06-12 02:55:57","0.0112430879187484","pod=frontend-76c94f7cfb-jkmgk"
"2026-06-11 18:56:12","2026-06-12 02:56:12","0.0108357785346262","pod=frontend-76c94f7cfb-jkmgk"
"2026-06-11 18:56:27","2026-06-12 02:56:27","0.0098898119807608","pod=frontend-76c94f7cfb-jkmgk"
"2026-06-11 18:56:42","2026-06-12 02:56:42","0.00986033861586549","pod=frontend-76c94f7cfb-jkmgk"
"2026-06-11 18:56:57","2026-06-12 02:56:57","0.0100129482853331","pod=frontend-76c94f7cfb-jkmgk"
"2026-06-11 18:57:12","2026-06-12 02:57:12","0.0097748131736073","pod=frontend-76c94f7cfb-jkmgk"
"2026-06-11 18:57:27","2026-06-12 02:57:27","0.00894670972951144","pod=frontend-76c94f7cfb-jkmgk"
"2026-06-11 18:57:42","2026-06-12 02:57:42","0.00947432497867117","pod=frontend-76c94f7cfb-jkmgk"
"2026-06-11 18:57:57","2026-06-12 02:57:57","0.00711160235953184","pod=frontend-76c94f7cfb-jkmgk"
"2026-06-11 18:58:12","2026-06-12 02:58:12","0.00950773366330387","pod=frontend-76c94f7cfb-jkmgk"
"2026-06-11 18:58:27","2026-06-12 02:58:27","0.00910607628274484","pod=frontend-76c94f7cfb-jkmgk"
"2026-06-11 18:58:42","2026-06-12 02:58:42","0.00679183255271618","pod=frontend-76c94f7cfb-jkmgk"
"2026-06-11 18:58:57","2026-06-12 02:58:57","0.00740230777574936","pod=frontend-76c94f7cfb-jkmgk"
"2026-06-11 18:59:12","2026-06-12 02:59:12","0.00988893867492255","pod=frontend-76c94f7cfb-jkmgk"
"2026-06-11 18:59:27","2026-06-12 02:59:27","0.0109027281087156","pod=frontend-76c94f7cfb-jkmgk"
"2026-06-11 18:59:42","2026-06-12 02:59:42","0.00855254072314192","pod=frontend-76c94f7cfb-jkmgk"
"2026-06-11 18:59:57","2026-06-12 02:59:57","0.00991573362389089","pod=frontend-76c94f7cfb-jkmgk"
"2026-06-11 19:00:12","2026-06-12 03:00:12","0.0108158880778597","pod=frontend-76c94f7cfb-jkmgk"
"2026-06-11 19:00:27","2026-06-12 03:00:27","0.01076897205116","pod=frontend-76c94f7cfb-jkmgk"
"2026-06-11 19:00:42","2026-06-12 03:00:42","0.00775584926580046","pod=frontend-76c94f7cfb-jkmgk"
"2026-06-11 19:00:57","2026-06-12 03:00:57","0.0104515505899548","pod=frontend-76c94f7cfb-jkmgk"
"2026-06-11 19:01:12","2026-06-12 03:01:12","0.0500827367804773","pod=frontend-76c94f7cfb-jkmgk"
"2026-06-11 19:01:27","2026-06-12 03:01:27","0.11347727162939","pod=frontend-76c94f7cfb-jkmgk"
"2026-06-11 19:01:42","2026-06-12 03:01:42","0.175540140002659","pod=frontend-76c94f7cfb-jkmgk"
"2026-06-11 19:01:57","2026-06-12 03:01:57","0.200273042878025","pod=frontend-76c94f7cfb-jkmgk"
"2026-06-11 19:02:12","2026-06-12 03:02:12","0.158983705941162","pod=frontend-76c94f7cfb-jkmgk"
"2026-06-11 19:02:27","2026-06-12 03:02:27","0.0869572092461816","pod=frontend-76c94f7cfb-jkmgk"
"2026-06-11 19:02:42","2026-06-12 03:02:42","0.0190870548461523","pod=frontend-76c94f7cfb-jkmgk"
"2026-06-11 19:02:57","2026-06-12 03:02:57","0.00999489667482952","pod=frontend-76c94f7cfb-jkmgk"
"2026-06-11 19:03:12","2026-06-12 03:03:12","0.00971020152011805","pod=frontend-76c94f7cfb-jkmgk"
"2026-06-11 19:03:27","2026-06-12 03:03:27","0.0357236533471725","pod=frontend-76c94f7cfb-jkmgk"
"2026-06-11 19:03:42","2026-06-12 03:03:42","0.0877968922527149","pod=frontend-76c94f7cfb-jkmgk"
"2026-06-11 19:03:57","2026-06-12 03:03:57","0.157493199152542","pod=frontend-76c94f7cfb-jkmgk"
"2026-06-11 19:04:12","2026-06-12 03:04:12","0.20000418182268","pod=frontend-76c94f7cfb-jkmgk"
"2026-06-11 19:04:27","2026-06-12 03:04:27","0.172616681337969","pod=frontend-76c94f7cfb-jkmgk"
"2026-06-11 19:04:42","2026-06-12 03:04:42","0.0991606528862097","pod=frontend-76c94f7cfb-jkmgk"
"2026-06-11 19:04:57","2026-06-12 03:04:57","0.0544036152356352","pod=frontend-76c94f7cfb-jkmgk"
"2026-06-11 19:05:12","2026-06-12 03:05:12","0.0113975517290251","pod=frontend-76c94f7cfb-jkmgk"
"2026-06-11 19:05:27","2026-06-12 03:05:27","0.00691852814837877","pod=frontend-76c94f7cfb-jkmgk"
"2026-06-11 19:05:42","2026-06-12 03:05:42","0.0102030609205674","pod=frontend-76c94f7cfb-jkmgk"
"2026-06-11 19:05:57","2026-06-12 03:05:57","0.0347216912625915","pod=frontend-76c94f7cfb-jkmgk"
"2026-06-11 19:06:12","2026-06-12 03:06:12","0.0944567644472078","pod=frontend-76c94f7cfb-jkmgk"
"2026-06-11 19:06:27","2026-06-12 03:06:27","0.16211800996011","pod=frontend-76c94f7cfb-jkmgk"
"2026-06-11 19:06:42","2026-06-12 03:06:42","0.199706092348161","pod=frontend-76c94f7cfb-jkmgk"
"2026-06-11 19:06:57","2026-06-12 03:06:57","0.175368759697941","pod=frontend-76c94f7cfb-jkmgk"
"2026-06-11 19:07:12","2026-06-12 03:07:12","0.121328386452065","pod=frontend-76c94f7cfb-jkmgk"
"2026-06-11 19:07:27","2026-06-12 03:07:27","0.0548353505593818","pod=frontend-76c94f7cfb-jkmgk"
"2026-06-11 19:07:42","2026-06-12 03:07:42","0.0106019237883834","pod=frontend-76c94f7cfb-jkmgk"
"2026-06-11 19:07:57","2026-06-12 03:07:57","0.010145965984663","pod=frontend-76c94f7cfb-jkmgk"
"2026-06-11 19:08:12","2026-06-12 03:08:12","0.00999321444475082","pod=frontend-76c94f7cfb-jkmgk"
"2026-06-11 19:08:27","2026-06-12 03:08:27","0.00937008079228544","pod=frontend-76c94f7cfb-jkmgk"
"2026-06-11 19:08:42","2026-06-12 03:08:42","0.0817099879290603","pod=frontend-76c94f7cfb-jkmgk"
"2026-06-11 19:08:57","2026-06-12 03:08:57","0.124935324067704","pod=frontend-76c94f7cfb-jkmgk"
"2026-06-11 19:09:12","2026-06-12 03:09:12","0.167674133466155","pod=frontend-76c94f7cfb-jkmgk"
"2026-06-11 19:09:27","2026-06-12 03:09:27","0.199859201124518","pod=frontend-76c94f7cfb-jkmgk"
"2026-06-11 19:09:42","2026-06-12 03:09:42","0.123121997782979","pod=frontend-76c94f7cfb-jkmgk"
"2026-06-11 19:09:57","2026-06-12 03:09:57","0.0657604199978681","pod=frontend-76c94f7cfb-jkmgk"
"2026-06-11 19:10:12","2026-06-12 03:10:12","0.0254653969127092","pod=frontend-76c94f7cfb-jkmgk"
"2026-06-11 19:10:27","2026-06-12 03:10:27","0.00862632206920236","pod=frontend-76c94f7cfb-jkmgk"
"2026-06-11 19:10:42","2026-06-12 03:10:42","0.00832515420592531","pod=frontend-76c94f7cfb-jkmgk"
"2026-06-11 19:10:57","2026-06-12 03:10:57","0.00888659463552593","pod=frontend-76c94f7cfb-jkmgk"
"2026-06-11 19:11:12","2026-06-12 03:11:12","0.0702289219676706","pod=frontend-76c94f7cfb-jkmgk"
"2026-06-11 19:11:27","2026-06-12 03:11:27","0.137991048132969","pod=frontend-76c94f7cfb-jkmgk"
"2026-06-11 19:11:42","2026-06-12 03:11:42","0.181908162874434","pod=frontend-76c94f7cfb-jkmgk"
"2026-06-11 19:11:57","2026-06-12 03:11:57","0.20018296667846","pod=frontend-76c94f7cfb-jkmgk"
"2026-06-11 19:12:12","2026-06-12 03:12:12","0.143514142147721","pod=frontend-76c94f7cfb-jkmgk"
"2026-06-11 19:12:27","2026-06-12 03:12:27","0.0696923217216858","pod=frontend-76c94f7cfb-jkmgk"
"2026-06-11 19:12:42","2026-06-12 03:12:42","0.0107698717704814","pod=frontend-76c94f7cfb-jkmgk"
"2026-06-11 19:12:57","2026-06-12 03:12:57","0.00850357227441379","pod=frontend-76c94f7cfb-jkmgk"
"2026-06-11 19:13:12","2026-06-12 03:13:12","0.00932995533872616","pod=frontend-76c94f7cfb-jkmgk"
"2026-06-11 19:13:27","2026-06-12 03:13:27","0.00785724778335433","pod=frontend-76c94f7cfb-jkmgk"
"2026-06-11 19:13:42","2026-06-12 03:13:42","0.0108726420359417","pod=frontend-76c94f7cfb-jkmgk"
"2026-06-11 19:13:57","2026-06-12 03:13:57","0.00994160762277061","pod=frontend-76c94f7cfb-jkmgk"
"2026-06-11 19:14:12","2026-06-12 03:14:12","0.0783634697026501","pod=frontend-76c94f7cfb-jkmgk"
"2026-06-11 19:14:27","2026-06-12 03:14:27","0.125914436590088","pod=frontend-76c94f7cfb-jkmgk"
"2026-06-11 19:14:42","2026-06-12 03:14:42","0.194809244178908","pod=frontend-76c94f7cfb-jkmgk"
"2026-06-11 19:14:57","2026-06-12 03:14:57","0.173700312434111","pod=frontend-76c94f7cfb-jkmgk"
"2026-06-11 19:15:12","2026-06-12 03:15:12","0.163831260821658","pod=frontend-76c94f7cfb-jkmgk"
"2026-06-11 19:15:27","2026-06-12 03:15:27","0.0720027084439733","pod=frontend-76c94f7cfb-jkmgk"
"2026-06-11 19:15:42","2026-06-12 03:15:42","0.00940431875961133","pod=frontend-76c94f7cfb-jkmgk"
"2026-06-11 19:15:57","2026-06-12 03:15:57","0.00713853269842238","pod=frontend-76c94f7cfb-jkmgk"
"2026-06-11 19:16:12","2026-06-12 03:16:12","0.00889791559883783","pod=frontend-76c94f7cfb-jkmgk"
"2026-06-11 19:16:27","2026-06-12 03:16:27","0.00894439010473998","pod=frontend-76c94f7cfb-jkmgk"
"2026-06-11 19:16:42","2026-06-12 03:16:42","0.0470457880091063","pod=frontend-76c94f7cfb-jkmgk"
"2026-06-11 19:16:57","2026-06-12 03:16:57","0.112124286591329","pod=frontend-76c94f7cfb-jkmgk"
"2026-06-11 19:17:12","2026-06-12 03:17:12","0.18007429752662","pod=frontend-76c94f7cfb-jkmgk"
"2026-06-11 19:17:27","2026-06-12 03:17:27","0.199721333923192","pod=frontend-76c94f7cfb-jkmgk"
"2026-06-11 19:17:42","2026-06-12 03:17:42","0.16107167909785","pod=frontend-76c94f7cfb-jkmgk"
"2026-06-11 19:17:57","2026-06-12 03:17:57","0.0827108842944984","pod=frontend-76c94f7cfb-jkmgk"
"2026-06-11 19:18:12","2026-06-12 03:18:12","0.0192468194883153","pod=frontend-76c94f7cfb-jkmgk"
"2026-06-11 19:18:27","2026-06-12 03:18:27","0.00961726432899559","pod=frontend-76c94f7cfb-jkmgk"
"2026-06-11 19:18:42","2026-06-12 03:18:42","0.00819027061304294","pod=frontend-76c94f7cfb-jkmgk"
"2026-06-11 19:18:57","2026-06-12 03:18:57","0.106816692204259","pod=frontend-76c94f7cfb-jkmgk"
"2026-06-11 19:19:12","2026-06-12 03:19:12","0.132478144554276","pod=frontend-76c94f7cfb-jkmgk"
"2026-06-11 19:19:27","2026-06-12 03:19:27","0.137855441097586","pod=frontend-76c94f7cfb-jkmgk"
"2026-06-11 19:19:42","2026-06-12 03:19:42","0.19986720517813","pod=frontend-76c94f7cfb-jkmgk"
"2026-06-11 19:19:57","2026-06-12 03:19:57","0.148070320483048","pod=frontend-76c94f7cfb-jkmgk"
"2026-06-11 19:20:12","2026-06-12 03:20:12","0.0852366998081285","pod=frontend-76c94f7cfb-jkmgk"
"2026-06-11 19:20:27","2026-06-12 03:20:27","0.0339024251264987","pod=frontend-76c94f7cfb-jkmgk"
"2026-06-11 19:20:42","2026-06-12 03:20:42","0.0099734619764918","pod=frontend-76c94f7cfb-jkmgk"
"2026-06-11 19:20:57","2026-06-12 03:20:57","0.00945583466812519","pod=frontend-76c94f7cfb-jkmgk"
"2026-06-11 19:21:12","2026-06-12 03:21:12","0.00883706412200134","pod=frontend-76c94f7cfb-jkmgk"
"2026-06-11 19:21:27","2026-06-12 03:21:27","0.00860156271570114","pod=frontend-76c94f7cfb-jkmgk"
"2026-06-11 19:21:42","2026-06-12 03:21:42","0.00878150590237134","pod=frontend-76c94f7cfb-jkmgk"
"2026-06-11 19:21:57","2026-06-12 03:21:57","0.00890419759246599","pod=frontend-76c94f7cfb-jkmgk"
"2026-06-11 19:22:12","2026-06-12 03:22:12","0.00853495482945638","pod=frontend-76c94f7cfb-jkmgk"
"2026-06-11 19:22:27","2026-06-12 03:22:27","0.0100694035072832","pod=frontend-76c94f7cfb-jkmgk"
"2026-06-11 19:22:42","2026-06-12 03:22:42","0.0108291966404273","pod=frontend-76c94f7cfb-jkmgk"
"2026-06-11 19:22:57","2026-06-12 03:22:57","0.00942173739411921","pod=frontend-76c94f7cfb-jkmgk"
"2026-06-11 19:23:12","2026-06-12 03:23:12","0.00914665153760674","pod=frontend-76c94f7cfb-jkmgk"
"2026-06-11 19:23:27","2026-06-12 03:23:27","0.00927289372876964","pod=frontend-76c94f7cfb-jkmgk"
"2026-06-11 19:23:42","2026-06-12 03:23:42","0.0102818655736403","pod=frontend-76c94f7cfb-jkmgk"
"2026-06-11 19:23:57","2026-06-12 03:23:57","0.010273947853869","pod=frontend-76c94f7cfb-jkmgk"
"2026-06-11 19:24:12","2026-06-12 03:24:12","0.0105761610667261","pod=frontend-76c94f7cfb-jkmgk"
"2026-06-11 19:24:27","2026-06-12 03:24:27","0.0108631998550453","pod=frontend-76c94f7cfb-jkmgk"
"2026-06-11 19:24:42","2026-06-12 03:24:42","0.0101071821130798","pod=frontend-76c94f7cfb-jkmgk"
"2026-06-11 19:24:57","2026-06-12 03:24:57","0.00916878795441417","pod=frontend-76c94f7cfb-jkmgk"
"2026-06-11 19:25:12","2026-06-12 03:25:12","0.00969069406864706","pod=frontend-76c94f7cfb-jkmgk"
"2026-06-11 19:25:27","2026-06-12 03:25:27","0.00998246763255321","pod=frontend-76c94f7cfb-jkmgk"
"2026-06-11 19:25:42","2026-06-12 03:25:42","0.0078593486957083","pod=frontend-76c94f7cfb-jkmgk"
"2026-06-11 19:25:57","2026-06-12 03:25:57","0.0102253589386322","pod=frontend-76c94f7cfb-jkmgk"
"2026-06-11 19:26:12","2026-06-12 03:26:12","0.00940964332892901","pod=frontend-76c94f7cfb-jkmgk"
"2026-06-11 19:26:27","2026-06-12 03:26:27","0.00626081284606766","pod=frontend-76c94f7cfb-jkmgk"
"2026-06-11 19:26:42","2026-06-12 03:26:42","0.00855209809421931","pod=frontend-76c94f7cfb-jkmgk"
"2026-06-11 19:26:57","2026-06-12 03:26:57","0.00970948148927288","pod=frontend-76c94f7cfb-jkmgk"
"2026-06-11 17:26:57","2026-06-12 01:26:57","0.00260043459943675","pod=loadgenerator-69fdddd69d-5m544"
"2026-06-11 17:27:12","2026-06-12 01:27:12","0.00267378263937897","pod=loadgenerator-69fdddd69d-5m544"
"2026-06-11 17:27:27","2026-06-12 01:27:27","0.00263304633878896","pod=loadgenerator-69fdddd69d-5m544"
"2026-06-11 17:27:42","2026-06-12 01:27:42","0.0027293904229895","pod=loadgenerator-69fdddd69d-5m544"
"2026-06-11 17:27:57","2026-06-12 01:27:57","0.00240142201959348","pod=loadgenerator-69fdddd69d-5m544"
"2026-06-11 17:28:12","2026-06-12 01:28:12","0.00234542379252021","pod=loadgenerator-69fdddd69d-5m544"
"2026-06-11 17:28:27","2026-06-12 01:28:27","0.00197064465897521","pod=loadgenerator-69fdddd69d-5m544"
"2026-06-11 17:28:42","2026-06-12 01:28:42","0.00251651201165806","pod=loadgenerator-69fdddd69d-5m544"
"2026-06-11 17:28:57","2026-06-12 01:28:57","0.00258888067061145","pod=loadgenerator-69fdddd69d-5m544"
"2026-06-11 17:29:12","2026-06-12 01:29:12","0.00213599691539644","pod=loadgenerator-69fdddd69d-5m544"
"2026-06-11 17:29:27","2026-06-12 01:29:27","0.0021628882300792","pod=loadgenerator-69fdddd69d-5m544"
"2026-06-11 17:29:42","2026-06-12 01:29:42","0.00268281385478933","pod=loadgenerator-69fdddd69d-5m544"
"2026-06-11 17:29:57","2026-06-12 01:29:57","0.00259404435058075","pod=loadgenerator-69fdddd69d-5m544"
"2026-06-11 17:30:12","2026-06-12 01:30:12","0.00267004183593047","pod=loadgenerator-69fdddd69d-5m544"
"2026-06-11 17:30:27","2026-06-12 01:30:27","0.00254244984160508","pod=loadgenerator-69fdddd69d-5m544"
"2026-06-11 17:30:42","2026-06-12 01:30:42","0.00260121841369176","pod=loadgenerator-69fdddd69d-5m544"
"2026-06-11 17:30:57","2026-06-12 01:30:57","0.00230721595877942","pod=loadgenerator-69fdddd69d-5m544"
"2026-06-11 17:31:12","2026-06-12 01:31:12","0.00239838244714923","pod=loadgenerator-69fdddd69d-5m544"
"2026-06-11 17:31:27","2026-06-12 01:31:27","0.00217780418325015","pod=loadgenerator-69fdddd69d-5m544"
"2026-06-11 17:31:42","2026-06-12 01:31:42","0.00264894297388522","pod=loadgenerator-69fdddd69d-5m544"
"2026-06-11 17:31:57","2026-06-12 01:31:57","0.00271079795527667","pod=loadgenerator-69fdddd69d-5m544"
"2026-06-11 17:32:12","2026-06-12 01:32:12","0.00280468905585229","pod=loadgenerator-69fdddd69d-5m544"
"2026-06-11 17:32:27","2026-06-12 01:32:27","0.00288647956100274","pod=loadgenerator-69fdddd69d-5m544"
"2026-06-11 17:32:42","2026-06-12 01:32:42","0.00297876857749461","pod=loadgenerator-69fdddd69d-5m544"
"2026-06-11 17:32:57","2026-06-12 01:32:57","0.00285276698569128","pod=loadgenerator-69fdddd69d-5m544"
"2026-06-11 17:33:12","2026-06-12 01:33:12","0.00174452500000006","pod=loadgenerator-69fdddd69d-5m544"
"2026-06-11 17:33:27","2026-06-12 01:33:27","0.00271093097297178","pod=loadgenerator-69fdddd69d-5m544"
"2026-06-11 17:33:42","2026-06-12 01:33:42","0.00261383396555774","pod=loadgenerator-69fdddd69d-5m544"
"2026-06-11 17:33:57","2026-06-12 01:33:57","0.00197973398937283","pod=loadgenerator-69fdddd69d-5m544"
"2026-06-11 17:34:12","2026-06-12 01:34:12","0.00228322086685701","pod=loadgenerator-69fdddd69d-5m544"
"2026-06-11 17:34:27","2026-06-12 01:34:27","0.00237339180632313","pod=loadgenerator-69fdddd69d-5m544"
"2026-06-11 17:34:42","2026-06-12 01:34:42","0.00285714730032346","pod=loadgenerator-69fdddd69d-5m544"
"2026-06-11 17:34:57","2026-06-12 01:34:57","0.00271109701965757","pod=loadgenerator-69fdddd69d-5m544"
"2026-06-11 17:35:12","2026-06-12 01:35:12","0.00282576727036116","pod=loadgenerator-69fdddd69d-5m544"
"2026-06-11 17:35:27","2026-06-12 01:35:27","0.00267514088386086","pod=loadgenerator-69fdddd69d-5m544"
"2026-06-11 17:35:42","2026-06-12 01:35:42","0.00269649161037263","pod=loadgenerator-69fdddd69d-5m544"
"2026-06-11 17:35:57","2026-06-12 01:35:57","0.00263509839724083","pod=loadgenerator-69fdddd69d-5m544"
"2026-06-11 17:36:12","2026-06-12 01:36:12","0.00249767262231437","pod=loadgenerator-69fdddd69d-5m544"
"2026-06-11 17:36:27","2026-06-12 01:36:27","0.00251786370965463","pod=loadgenerator-69fdddd69d-5m544"
"2026-06-11 17:36:42","2026-06-12 01:36:42","0.0025279667103206","pod=loadgenerator-69fdddd69d-5m544"
"2026-06-11 17:36:57","2026-06-12 01:36:57","0.00251702425373133","pod=loadgenerator-69fdddd69d-5m544"
"2026-06-11 17:37:12","2026-06-12 01:37:12","0.00198522153436371","pod=loadgenerator-69fdddd69d-5m544"
"2026-06-11 17:37:27","2026-06-12 01:37:27","0.00260027599990487","pod=loadgenerator-69fdddd69d-5m544"
"2026-06-11 17:37:42","2026-06-12 01:37:42","0.00259862750219644","pod=loadgenerator-69fdddd69d-5m544"
"2026-06-11 17:37:57","2026-06-12 01:37:57","0.00243067158156479","pod=loadgenerator-69fdddd69d-5m544"
"2026-06-11 17:38:12","2026-06-12 01:38:12","0.00253483081075868","pod=loadgenerator-69fdddd69d-5m544"
"2026-06-11 17:38:27","2026-06-12 01:38:27","0.00262151774518891","pod=loadgenerator-69fdddd69d-5m544"
"2026-06-11 17:38:42","2026-06-12 01:38:42","0.00255447430150725","pod=loadgenerator-69fdddd69d-5m544"
"2026-06-11 17:38:57","2026-06-12 01:38:57","0.00262802558972897","pod=loadgenerator-69fdddd69d-5m544"
"2026-06-11 17:39:12","2026-06-12 01:39:12","0.00191446434453231","pod=loadgenerator-69fdddd69d-5m544"
"2026-06-11 17:39:27","2026-06-12 01:39:27","0.00272737229294102","pod=loadgenerator-69fdddd69d-5m544"
"2026-06-11 17:39:42","2026-06-12 01:39:42","0.00219970657498631","pod=loadgenerator-69fdddd69d-5m544"
"2026-06-11 17:39:57","2026-06-12 01:39:57","0.00265929702436395","pod=loadgenerator-69fdddd69d-5m544"
"2026-06-11 17:40:12","2026-06-12 01:40:12","0.00248458201430409","pod=loadgenerator-69fdddd69d-5m544"
"2026-06-11 17:40:27","2026-06-12 01:40:27","0.00194216230643429","pod=loadgenerator-69fdddd69d-5m544"
"2026-06-11 17:40:42","2026-06-12 01:40:42","0.00252126576885751","pod=loadgenerator-69fdddd69d-5m544"
"2026-06-11 17:40:57","2026-06-12 01:40:57","0.00245247417074501","pod=loadgenerator-69fdddd69d-5m544"
"2026-06-11 17:41:12","2026-06-12 01:41:12","0.00258808183722932","pod=loadgenerator-69fdddd69d-5m544"
"2026-06-11 17:41:27","2026-06-12 01:41:27","0.0023082983990241","pod=loadgenerator-69fdddd69d-5m544"
"2026-06-11 17:41:42","2026-06-12 01:41:42","0.00269558186650806","pod=loadgenerator-69fdddd69d-5m544"
"2026-06-11 17:41:57","2026-06-12 01:41:57","0.00253821633108816","pod=loadgenerator-69fdddd69d-5m544"
"2026-06-11 17:42:12","2026-06-12 01:42:12","0.00159516403801695","pod=loadgenerator-69fdddd69d-5m544"
"2026-06-11 17:42:27","2026-06-12 01:42:27","0.00232322288964828","pod=loadgenerator-69fdddd69d-5m544"
"2026-06-11 17:42:42","2026-06-12 01:42:42","0.00190966749817085","pod=loadgenerator-69fdddd69d-5m544"
"2026-06-11 17:42:57","2026-06-12 01:42:57","0.00258778364492648","pod=loadgenerator-69fdddd69d-5m544"
"2026-06-11 17:43:12","2026-06-12 01:43:12","0.0025707508693599","pod=loadgenerator-69fdddd69d-5m544"
"2026-06-11 17:43:27","2026-06-12 01:43:27","0.00169860000000002","pod=loadgenerator-69fdddd69d-5m544"
"2026-06-11 17:43:42","2026-06-12 01:43:42","0.00246880808169153","pod=loadgenerator-69fdddd69d-5m544"
"2026-06-11 17:43:57","2026-06-12 01:43:57","0.0023530970366066","pod=loadgenerator-69fdddd69d-5m544"
"2026-06-11 17:44:12","2026-06-12 01:44:12","0.00214172430702352","pod=loadgenerator-69fdddd69d-5m544"
"2026-06-11 17:44:27","2026-06-12 01:44:27","0.00241363989781186","pod=loadgenerator-69fdddd69d-5m544"
"2026-06-11 17:44:42","2026-06-12 01:44:42","0.00236778661757295","pod=loadgenerator-69fdddd69d-5m544"
"2026-06-11 17:44:57","2026-06-12 01:44:57","0.00225616515718798","pod=loadgenerator-69fdddd69d-5m544"
"2026-06-11 17:45:12","2026-06-12 01:45:12","0.00243152238805972","pod=loadgenerator-69fdddd69d-5m544"
"2026-06-11 17:45:27","2026-06-12 01:45:27","0.00239041567485687","pod=loadgenerator-69fdddd69d-5m544"
"2026-06-11 17:45:42","2026-06-12 01:45:42","0.00245455256264904","pod=loadgenerator-69fdddd69d-5m544"
"2026-06-11 17:45:57","2026-06-12 01:45:57","0.00244878557281352","pod=loadgenerator-69fdddd69d-5m544"
"2026-06-11 17:46:12","2026-06-12 01:46:12","0.00254294931264231","pod=loadgenerator-69fdddd69d-5m544"
"2026-06-11 17:46:27","2026-06-12 01:46:27","0.002584374848028","pod=loadgenerator-69fdddd69d-5m544"
"2026-06-11 17:46:42","2026-06-12 01:46:42","0.00218241582611513","pod=loadgenerator-69fdddd69d-5m544"
"2026-06-11 17:46:57","2026-06-12 01:46:57","0.00233855914429531","pod=loadgenerator-69fdddd69d-5m544"
"2026-06-11 17:47:12","2026-06-12 01:47:12","0.00233224794269146","pod=loadgenerator-69fdddd69d-5m544"
"2026-06-11 17:47:27","2026-06-12 01:47:27","0.00232304269573052","pod=loadgenerator-69fdddd69d-5m544"
"2026-06-11 17:47:42","2026-06-12 01:47:42","0.00239044026573589","pod=loadgenerator-69fdddd69d-5m544"
"2026-06-11 17:47:57","2026-06-12 01:47:57","0.00236441528044797","pod=loadgenerator-69fdddd69d-5m544"
"2026-06-11 17:48:12","2026-06-12 01:48:12","0.0017857970209943","pod=loadgenerator-69fdddd69d-5m544"
"2026-06-11 17:48:27","2026-06-12 01:48:27","0.00240451842383146","pod=loadgenerator-69fdddd69d-5m544"
"2026-06-11 17:48:42","2026-06-12 01:48:42","0.00242450595088779","pod=loadgenerator-69fdddd69d-5m544"
"2026-06-11 17:48:57","2026-06-12 01:48:57","0.00225994363501006","pod=loadgenerator-69fdddd69d-5m544"
"2026-06-11 17:49:12","2026-06-12 01:49:12","0.00232115411910219","pod=loadgenerator-69fdddd69d-5m544"
"2026-06-11 17:49:27","2026-06-12 01:49:27","0.00219545108057431","pod=loadgenerator-69fdddd69d-5m544"
"2026-06-11 17:49:42","2026-06-12 01:49:42","0.00239740486587639","pod=loadgenerator-69fdddd69d-5m544"
"2026-06-11 17:49:57","2026-06-12 01:49:57","0.0023967315342435","pod=loadgenerator-69fdddd69d-5m544"
"2026-06-11 17:50:12","2026-06-12 01:50:12","0.00189692529910608","pod=loadgenerator-69fdddd69d-5m544"
"2026-06-11 17:50:27","2026-06-12 01:50:27","0.00232532064716246","pod=loadgenerator-69fdddd69d-5m544"
"2026-06-11 17:50:42","2026-06-12 01:50:42","0.00233089930822444","pod=loadgenerator-69fdddd69d-5m544"
"2026-06-11 17:50:57","2026-06-12 01:50:57","0.0019961469157818","pod=loadgenerator-69fdddd69d-5m544"
"2026-06-11 17:51:12","2026-06-12 01:51:12","0.00260718670909864","pod=loadgenerator-69fdddd69d-5m544"
"2026-06-11 17:51:27","2026-06-12 01:51:27","0.00261404556702798","pod=loadgenerator-69fdddd69d-5m544"
"2026-06-11 17:51:42","2026-06-12 01:51:42","0.0025605646326553","pod=loadgenerator-69fdddd69d-5m544"
"2026-06-11 17:51:57","2026-06-12 01:51:57","0.00273939635686747","pod=loadgenerator-69fdddd69d-5m544"
"2026-06-11 17:52:12","2026-06-12 01:52:12","0.0022733013587361","pod=loadgenerator-69fdddd69d-5m544"
"2026-06-11 17:52:27","2026-06-12 01:52:27","0.00285017097829322","pod=loadgenerator-69fdddd69d-5m544"
"2026-06-11 17:52:42","2026-06-12 01:52:42","0.0028416200304079","pod=loadgenerator-69fdddd69d-5m544"
"2026-06-11 17:52:57","2026-06-12 01:52:57","0.00171443533729242","pod=loadgenerator-69fdddd69d-5m544"
"2026-06-11 17:53:12","2026-06-12 01:53:12","0.00264470143847654","pod=loadgenerator-69fdddd69d-5m544"
"2026-06-11 17:53:27","2026-06-12 01:53:27","0.00283388243907539","pod=loadgenerator-69fdddd69d-5m544"
"2026-06-11 17:53:42","2026-06-12 01:53:42","0.00283937486029353","pod=loadgenerator-69fdddd69d-5m544"
"2026-06-11 17:53:57","2026-06-12 01:53:57","0.0026334998388657","pod=loadgenerator-69fdddd69d-5m544"
"2026-06-11 17:54:12","2026-06-12 01:54:12","0.0026107906195433","pod=loadgenerator-69fdddd69d-5m544"
"2026-06-11 17:54:27","2026-06-12 01:54:27","0.00260577749140891","pod=loadgenerator-69fdddd69d-5m544"
"2026-06-11 17:54:42","2026-06-12 01:54:42","0.00258227481284715","pod=loadgenerator-69fdddd69d-5m544"
"2026-06-11 17:54:57","2026-06-12 01:54:57","0.00252715390055357","pod=loadgenerator-69fdddd69d-5m544"
"2026-06-11 17:55:12","2026-06-12 01:55:12","0.0025640518567348","pod=loadgenerator-69fdddd69d-5m544"
"2026-06-11 17:55:27","2026-06-12 01:55:27","0.0026752832778799","pod=loadgenerator-69fdddd69d-5m544"
"2026-06-11 17:55:42","2026-06-12 01:55:42","0.00272314863862706","pod=loadgenerator-69fdddd69d-5m544"
"2026-06-11 17:55:57","2026-06-12 01:55:57","0.00263586524377485","pod=loadgenerator-69fdddd69d-5m544"
"2026-06-11 17:56:12","2026-06-12 01:56:12","0.00254549575294134","pod=loadgenerator-69fdddd69d-5m544"
"2026-06-11 17:56:27","2026-06-12 01:56:27","0.00259576870632345","pod=loadgenerator-69fdddd69d-5m544"
"2026-06-11 17:56:42","2026-06-12 01:56:42","0.00253515507700233","pod=loadgenerator-69fdddd69d-5m544"
"2026-06-11 17:56:57","2026-06-12 01:56:57","0.00217647010099904","pod=loadgenerator-69fdddd69d-5m544"
"2026-06-11 17:57:12","2026-06-12 01:57:12","0.00244048827321359","pod=loadgenerator-69fdddd69d-5m544"
"2026-06-11 17:57:27","2026-06-12 01:57:27","0.00248799602304295","pod=loadgenerator-69fdddd69d-5m544"
"2026-06-11 17:57:42","2026-06-12 01:57:42","0.00291795869028211","pod=loadgenerator-69fdddd69d-5m544"
"2026-06-11 17:57:57","2026-06-12 01:57:57","0.00291674695715433","pod=loadgenerator-69fdddd69d-5m544"
"2026-06-11 17:58:12","2026-06-12 01:58:12","0.00293007095311236","pod=loadgenerator-69fdddd69d-5m544"
"2026-06-11 17:58:27","2026-06-12 01:58:27","0.00259312291186789","pod=loadgenerator-69fdddd69d-5m544"
"2026-06-11 17:58:42","2026-06-12 01:58:42","0.00247733566947378","pod=loadgenerator-69fdddd69d-5m544"
"2026-06-11 17:58:57","2026-06-12 01:58:57","0.00248624353683407","pod=loadgenerator-69fdddd69d-5m544"
"2026-06-11 17:59:12","2026-06-12 01:59:12","0.00295317213842067","pod=loadgenerator-69fdddd69d-5m544"
"2026-06-11 17:59:27","2026-06-12 01:59:27","0.00239358253142642","pod=loadgenerator-69fdddd69d-5m544"
"2026-06-11 17:59:42","2026-06-12 01:59:42","0.00284284184765991","pod=loadgenerator-69fdddd69d-5m544"
"2026-06-11 17:59:57","2026-06-12 01:59:57","0.00255483890782881","pod=loadgenerator-69fdddd69d-5m544"
"2026-06-11 18:00:12","2026-06-12 02:00:12","0.00240999595850734","pod=loadgenerator-69fdddd69d-5m544"
"2026-06-11 18:00:27","2026-06-12 02:00:27","0.00250181068931063","pod=loadgenerator-69fdddd69d-5m544"
"2026-06-11 18:00:42","2026-06-12 02:00:42","0.00212062566522753","pod=loadgenerator-69fdddd69d-5m544"
"2026-06-11 18:00:57","2026-06-12 02:00:57","0.00271972631578951","pod=loadgenerator-69fdddd69d-5m544"
"2026-06-11 18:01:12","2026-06-12 02:01:12","0.00316391268869855","pod=loadgenerator-69fdddd69d-5m544"
"2026-06-11 18:01:27","2026-06-12 02:01:27","0.00306865250727063","pod=loadgenerator-69fdddd69d-5m544"
"2026-06-11 18:01:42","2026-06-12 02:01:42","0.00291918345152595","pod=loadgenerator-69fdddd69d-5m544"
"2026-06-11 18:01:57","2026-06-12 02:01:57","0.00259968671679187","pod=loadgenerator-69fdddd69d-5m544"
"2026-06-11 18:02:12","2026-06-12 02:02:12","0.0025307310068585","pod=loadgenerator-69fdddd69d-5m544"
"2026-06-11 18:02:27","2026-06-12 02:02:27","0.00268282240465549","pod=loadgenerator-69fdddd69d-5m544"
"2026-06-11 18:02:42","2026-06-12 02:02:42","0.00244479139386376","pod=loadgenerator-69fdddd69d-5m544"
"2026-06-11 18:02:57","2026-06-12 02:02:57","0.00266425970307197","pod=loadgenerator-69fdddd69d-5m544"
"2026-06-11 18:03:12","2026-06-12 02:03:12","0.00269939090666721","pod=loadgenerator-69fdddd69d-5m544"
"2026-06-11 18:03:27","2026-06-12 02:03:27","0.00237935384900461","pod=loadgenerator-69fdddd69d-5m544"
"2026-06-11 18:03:42","2026-06-12 02:03:42","0.00333564691226208","pod=loadgenerator-69fdddd69d-5m544"
"2026-06-11 18:03:57","2026-06-12 02:03:57","0.00330899692164732","pod=loadgenerator-69fdddd69d-5m544"
"2026-06-11 18:04:12","2026-06-12 02:04:12","0.00216389172434796","pod=loadgenerator-69fdddd69d-5m544"
"2026-06-11 18:04:27","2026-06-12 02:04:27","0.00250748872815384","pod=loadgenerator-69fdddd69d-5m544"
"2026-06-11 18:04:42","2026-06-12 02:04:42","0.00296134357206283","pod=loadgenerator-69fdddd69d-5m544"
"2026-06-11 18:04:57","2026-06-12 02:04:57","0.00346393796280099","pod=loadgenerator-69fdddd69d-5m544"
"2026-06-11 18:05:12","2026-06-12 02:05:12","0.00331277689172426","pod=loadgenerator-69fdddd69d-5m544"
"2026-06-11 18:05:27","2026-06-12 02:05:27","0.00305456072696729","pod=loadgenerator-69fdddd69d-5m544"
"2026-06-11 18:05:42","2026-06-12 02:05:42","0.00209891807662777","pod=loadgenerator-69fdddd69d-5m544"
"2026-06-11 18:05:57","2026-06-12 02:05:57","0.00264696795741577","pod=loadgenerator-69fdddd69d-5m544"
"2026-06-11 18:06:12","2026-06-12 02:06:12","0.00301369378920403","pod=loadgenerator-69fdddd69d-5m544"
"2026-06-11 18:06:27","2026-06-12 02:06:27","0.00242697619016793","pod=loadgenerator-69fdddd69d-5m544"
"2026-06-11 18:06:42","2026-06-12 02:06:42","0.00335942766295696","pod=loadgenerator-69fdddd69d-5m544"
"2026-06-11 18:06:57","2026-06-12 02:06:57","0.00296035802614527","pod=loadgenerator-69fdddd69d-5m544"
"2026-06-11 18:07:12","2026-06-12 02:07:12","0.00284441587783889","pod=loadgenerator-69fdddd69d-5m544"
"2026-06-11 18:07:27","2026-06-12 02:07:27","0.00201503760559991","pod=loadgenerator-69fdddd69d-5m544"
"2026-06-11 18:07:42","2026-06-12 02:07:42","0.00293885096700804","pod=loadgenerator-69fdddd69d-5m544"
"2026-06-11 18:07:57","2026-06-12 02:07:57","0.00270302160288513","pod=loadgenerator-69fdddd69d-5m544"
"2026-06-11 18:08:12","2026-06-12 02:08:12","0.00168366553450123","pod=loadgenerator-69fdddd69d-5m544"
"2026-06-11 18:08:27","2026-06-12 02:08:27","0.00263632918245785","pod=loadgenerator-69fdddd69d-5m544"
"2026-06-11 18:08:42","2026-06-12 02:08:42","0.00301516293633291","pod=loadgenerator-69fdddd69d-5m544"
"2026-06-11 18:08:57","2026-06-12 02:08:57","0.00267783936716912","pod=loadgenerator-69fdddd69d-5m544"
"2026-06-11 18:09:12","2026-06-12 02:09:12","0.00272886844235598","pod=loadgenerator-69fdddd69d-5m544"
"2026-06-11 18:09:27","2026-06-12 02:09:27","0.0026757653766782","pod=loadgenerator-69fdddd69d-5m544"
"2026-06-11 18:09:42","2026-06-12 02:09:42","0.00303594130860782","pod=loadgenerator-69fdddd69d-5m544"
"2026-06-11 18:09:57","2026-06-12 02:09:57","0.00296715836348461","pod=loadgenerator-69fdddd69d-5m544"
"2026-06-11 18:10:12","2026-06-12 02:10:12","0.00305046363614688","pod=loadgenerator-69fdddd69d-5m544"
"2026-06-11 18:10:27","2026-06-12 02:10:27","0.00289963963181648","pod=loadgenerator-69fdddd69d-5m544"
"2026-06-11 18:10:42","2026-06-12 02:10:42","0.00274485391447801","pod=loadgenerator-69fdddd69d-5m544"
"2026-06-11 18:10:57","2026-06-12 02:10:57","0.00253428775948459","pod=loadgenerator-69fdddd69d-5m544"
"2026-06-11 18:11:12","2026-06-12 02:11:12","0.00236197579724489","pod=loadgenerator-69fdddd69d-5m544"
"2026-06-11 18:11:27","2026-06-12 02:11:27","0.00264125000000006","pod=loadgenerator-69fdddd69d-5m544"
"2026-06-11 18:11:42","2026-06-12 02:11:42","0.00291874816338526","pod=loadgenerator-69fdddd69d-5m544"
"2026-06-11 18:11:57","2026-06-12 02:11:57","0.00151152500000009","pod=loadgenerator-69fdddd69d-5m544"
"2026-06-11 18:12:12","2026-06-12 02:12:12","0.00309781219649347","pod=loadgenerator-69fdddd69d-5m544"
"2026-06-11 18:12:27","2026-06-12 02:12:27","0.0031284996814213","pod=loadgenerator-69fdddd69d-5m544"
"2026-06-11 18:12:42","2026-06-12 02:12:42","0.0027627002723445","pod=loadgenerator-69fdddd69d-5m544"
"2026-06-11 18:12:57","2026-06-12 02:12:57","0.00283511189390797","pod=loadgenerator-69fdddd69d-5m544"
"2026-06-11 18:13:12","2026-06-12 02:13:12","0.00262449181784022","pod=loadgenerator-69fdddd69d-5m544"
"2026-06-11 18:13:27","2026-06-12 02:13:27","0.00238283467259375","pod=loadgenerator-69fdddd69d-5m544"
"2026-06-11 18:13:42","2026-06-12 02:13:42","0.00249918685083602","pod=loadgenerator-69fdddd69d-5m544"
"2026-06-11 18:13:57","2026-06-12 02:13:57","0.0026332335329341","pod=loadgenerator-69fdddd69d-5m544"
"2026-06-11 18:14:12","2026-06-12 02:14:12","0.00260464359656901","pod=loadgenerator-69fdddd69d-5m544"
"2026-06-11 18:14:27","2026-06-12 02:14:27","0.00267379114975084","pod=loadgenerator-69fdddd69d-5m544"
"2026-06-11 18:14:42","2026-06-12 02:14:42","0.00267543452814774","pod=loadgenerator-69fdddd69d-5m544"
"2026-06-11 18:14:57","2026-06-12 02:14:57","0.00256423479795544","pod=loadgenerator-69fdddd69d-5m544"
"2026-06-11 18:15:12","2026-06-12 02:15:12","0.00251910697864519","pod=loadgenerator-69fdddd69d-5m544"
"2026-06-11 18:15:27","2026-06-12 02:15:27","0.00252897455892377","pod=loadgenerator-69fdddd69d-5m544"
"2026-06-11 18:15:42","2026-06-12 02:15:42","0.00254590137371048","pod=loadgenerator-69fdddd69d-5m544"
"2026-06-11 18:15:57","2026-06-12 02:15:57","0.00252125175984174","pod=loadgenerator-69fdddd69d-5m544"
"2026-06-11 18:16:12","2026-06-12 02:16:12","0.00252097385609288","pod=loadgenerator-69fdddd69d-5m544"
"2026-06-11 18:16:27","2026-06-12 02:16:27","0.00204440681223888","pod=loadgenerator-69fdddd69d-5m544"
"2026-06-11 18:16:42","2026-06-12 02:16:42","0.00260621402525379","pod=loadgenerator-69fdddd69d-5m544"
"2026-06-11 18:16:57","2026-06-12 02:16:57","0.00282166593470933","pod=loadgenerator-69fdddd69d-5m544"
"2026-06-11 18:17:12","2026-06-12 02:17:12","0.00259064132151103","pod=loadgenerator-69fdddd69d-5m544"
"2026-06-11 18:17:27","2026-06-12 02:17:27","0.00262972204743213","pod=loadgenerator-69fdddd69d-5m544"
"2026-06-11 18:17:42","2026-06-12 02:17:42","0.00246788113350238","pod=loadgenerator-69fdddd69d-5m544"
"2026-06-11 18:17:57","2026-06-12 02:17:57","0.00268792953629839","pod=loadgenerator-69fdddd69d-5m544"
"2026-06-11 18:18:12","2026-06-12 02:18:12","0.00262862900925909","pod=loadgenerator-69fdddd69d-5m544"
"2026-06-11 18:18:27","2026-06-12 02:18:27","0.0026221978021978","pod=loadgenerator-69fdddd69d-5m544"
"2026-06-11 18:18:42","2026-06-12 02:18:42","0.00251893371414964","pod=loadgenerator-69fdddd69d-5m544"
"2026-06-11 18:18:57","2026-06-12 02:18:57","0.00256925308194333","pod=loadgenerator-69fdddd69d-5m544"
"2026-06-11 18:19:12","2026-06-12 02:19:12","0.00243848829121269","pod=loadgenerator-69fdddd69d-5m544"
"2026-06-11 18:19:27","2026-06-12 02:19:27","0.0023997845882699","pod=loadgenerator-69fdddd69d-5m544"
"2026-06-11 18:19:42","2026-06-12 02:19:42","0.00240059661074327","pod=loadgenerator-69fdddd69d-5m544"
"2026-06-11 18:19:57","2026-06-12 02:19:57","0.0026211088295688","pod=loadgenerator-69fdddd69d-5m544"
"2026-06-11 18:20:12","2026-06-12 02:20:12","0.00265875106109734","pod=loadgenerator-69fdddd69d-5m544"
"2026-06-11 18:20:27","2026-06-12 02:20:27","0.00263444266732279","pod=loadgenerator-69fdddd69d-5m544"
"2026-06-11 18:20:42","2026-06-12 02:20:42","0.00260009850504116","pod=loadgenerator-69fdddd69d-5m544"
"2026-06-11 18:20:57","2026-06-12 02:20:57","0.00278952763053868","pod=loadgenerator-69fdddd69d-5m544"
"2026-06-11 18:21:12","2026-06-12 02:21:12","0.00273665680473363","pod=loadgenerator-69fdddd69d-5m544"
"2026-06-11 18:21:27","2026-06-12 02:21:27","0.00264931758580419","pod=loadgenerator-69fdddd69d-5m544"
"2026-06-11 18:21:42","2026-06-12 02:21:42","0.00250423815989797","pod=loadgenerator-69fdddd69d-5m544"
"2026-06-11 18:21:57","2026-06-12 02:21:57","0.00256881211926901","pod=loadgenerator-69fdddd69d-5m544"
"2026-06-11 18:22:12","2026-06-12 02:22:12","0.00258691623047313","pod=loadgenerator-69fdddd69d-5m544"
"2026-06-11 18:22:27","2026-06-12 02:22:27","0.00256781025153684","pod=loadgenerator-69fdddd69d-5m544"
"2026-06-11 18:22:42","2026-06-12 02:22:42","0.00242360746798325","pod=loadgenerator-69fdddd69d-5m544"
"2026-06-11 18:22:57","2026-06-12 02:22:57","0.00242348916071223","pod=loadgenerator-69fdddd69d-5m544"
"2026-06-11 18:23:12","2026-06-12 02:23:12","0.00248762179922956","pod=loadgenerator-69fdddd69d-5m544"
"2026-06-11 18:23:27","2026-06-12 02:23:27","0.00262213682252106","pod=loadgenerator-69fdddd69d-5m544"
"2026-06-11 18:23:42","2026-06-12 02:23:42","0.0026698735969679","pod=loadgenerator-69fdddd69d-5m544"
"2026-06-11 18:23:57","2026-06-12 02:23:57","0.00289978468022723","pod=loadgenerator-69fdddd69d-5m544"
"2026-06-11 18:24:12","2026-06-12 02:24:12","0.00275551102204411","pod=loadgenerator-69fdddd69d-5m544"
"2026-06-11 18:24:27","2026-06-12 02:24:27","0.00258918399560782","pod=loadgenerator-69fdddd69d-5m544"
"2026-06-11 18:24:42","2026-06-12 02:24:42","0.00248723913043492","pod=loadgenerator-69fdddd69d-5m544"
"2026-06-11 18:24:57","2026-06-12 02:24:57","0.00267581150700722","pod=loadgenerator-69fdddd69d-5m544"
"2026-06-11 18:25:12","2026-06-12 02:25:12","0.00241653410350578","pod=loadgenerator-69fdddd69d-5m544"
"2026-06-11 18:25:27","2026-06-12 02:25:27","0.00274292019928324","pod=loadgenerator-69fdddd69d-5m544"
"2026-06-11 18:25:42","2026-06-12 02:25:42","0.00260373972572376","pod=loadgenerator-69fdddd69d-5m544"
"2026-06-11 18:25:57","2026-06-12 02:25:57","0.00212134410351912","pod=loadgenerator-69fdddd69d-5m544"
"2026-06-11 18:26:12","2026-06-12 02:26:12","0.00280429398925445","pod=loadgenerator-69fdddd69d-5m544"
"2026-06-11 18:26:27","2026-06-12 02:26:27","0.00287801322122592","pod=loadgenerator-69fdddd69d-5m544"
"2026-06-11 18:26:42","2026-06-12 02:26:42","0.00298478668054113","pod=loadgenerator-69fdddd69d-5m544"
"2026-06-11 18:26:57","2026-06-12 02:26:57","0.00282684538238517","pod=loadgenerator-69fdddd69d-5m544"
"2026-06-11 18:27:12","2026-06-12 02:27:12","0.00275076621828703","pod=loadgenerator-69fdddd69d-5m544"
"2026-06-11 18:27:27","2026-06-12 02:27:27","0.00265768839535475","pod=loadgenerator-69fdddd69d-5m544"
"2026-06-11 18:27:42","2026-06-12 02:27:42","0.00260071297812898","pod=loadgenerator-69fdddd69d-5m544"
"2026-06-11 18:27:57","2026-06-12 02:27:57","0.00267263359055612","pod=loadgenerator-69fdddd69d-5m544"
"2026-06-11 18:28:12","2026-06-12 02:28:12","0.00289457048063123","pod=loadgenerator-69fdddd69d-5m544"
"2026-06-11 18:28:27","2026-06-12 02:28:27","0.00290240195238906","pod=loadgenerator-69fdddd69d-5m544"
"2026-06-11 18:28:42","2026-06-12 02:28:42","0.00290684899823655","pod=loadgenerator-69fdddd69d-5m544"
"2026-06-11 18:28:57","2026-06-12 02:28:57","0.0026323465445334","pod=loadgenerator-69fdddd69d-5m544"
"2026-06-11 18:29:12","2026-06-12 02:29:12","0.00284058343837625","pod=loadgenerator-69fdddd69d-5m544"
"2026-06-11 18:29:27","2026-06-12 02:29:27","0.00287614297589359","pod=loadgenerator-69fdddd69d-5m544"
"2026-06-11 18:29:42","2026-06-12 02:29:42","0.00270892450265182","pod=loadgenerator-69fdddd69d-5m544"
"2026-06-11 18:29:57","2026-06-12 02:29:57","0.00271355587217582","pod=loadgenerator-69fdddd69d-5m544"
"2026-06-11 18:30:12","2026-06-12 02:30:12","0.002589010989011","pod=loadgenerator-69fdddd69d-5m544"
"2026-06-11 18:30:27","2026-06-12 02:30:27","0.00266880545749458","pod=loadgenerator-69fdddd69d-5m544"
"2026-06-11 18:30:42","2026-06-12 02:30:42","0.00266973417462019","pod=loadgenerator-69fdddd69d-5m544"
"2026-06-11 18:30:57","2026-06-12 02:30:57","0.00277147377388345","pod=loadgenerator-69fdddd69d-5m544"
"2026-06-11 18:31:12","2026-06-12 02:31:12","0.00261570274225366","pod=loadgenerator-69fdddd69d-5m544"
"2026-06-11 18:31:27","2026-06-12 02:31:27","0.00266838190683781","pod=loadgenerator-69fdddd69d-5m544"
"2026-06-11 18:31:42","2026-06-12 02:31:42","0.00263709966476197","pod=loadgenerator-69fdddd69d-5m544"
"2026-06-11 18:31:57","2026-06-12 02:31:57","0.00272849652481408","pod=loadgenerator-69fdddd69d-5m544"
"2026-06-11 18:32:12","2026-06-12 02:32:12","0.00277322278891008","pod=loadgenerator-69fdddd69d-5m544"
"2026-06-11 18:32:27","2026-06-12 02:32:27","0.00277969773559616","pod=loadgenerator-69fdddd69d-5m544"
"2026-06-11 18:32:42","2026-06-12 02:32:42","0.00295735487912881","pod=loadgenerator-69fdddd69d-5m544"
"2026-06-11 18:32:57","2026-06-12 02:32:57","0.00283742552621263","pod=loadgenerator-69fdddd69d-5m544"
"2026-06-11 18:33:12","2026-06-12 02:33:12","0.00290440800075826","pod=loadgenerator-69fdddd69d-5m544"
"2026-06-11 18:33:27","2026-06-12 02:33:27","0.00283577093940821","pod=loadgenerator-69fdddd69d-5m544"
"2026-06-11 18:33:42","2026-06-12 02:33:42","0.00219432857358389","pod=loadgenerator-69fdddd69d-5m544"
"2026-06-11 18:33:57","2026-06-12 02:33:57","0.00278564564839389","pod=loadgenerator-69fdddd69d-5m544"
"2026-06-11 18:34:12","2026-06-12 02:34:12","0.00283541044141571","pod=loadgenerator-69fdddd69d-5m544"
"2026-06-11 18:34:27","2026-06-12 02:34:27","0.00223010982229349","pod=loadgenerator-69fdddd69d-5m544"
"2026-06-11 18:34:42","2026-06-12 02:34:42","0.00279813066984344","pod=loadgenerator-69fdddd69d-5m544"
"2026-06-11 18:34:57","2026-06-12 02:34:57","0.00279193857080278","pod=loadgenerator-69fdddd69d-5m544"
"2026-06-11 18:35:12","2026-06-12 02:35:12","0.00271684366792285","pod=loadgenerator-69fdddd69d-5m544"
"2026-06-11 18:35:27","2026-06-12 02:35:27","0.00278219910701143","pod=loadgenerator-69fdddd69d-5m544"
"2026-06-11 18:35:42","2026-06-12 02:35:42","0.00273242495209701","pod=loadgenerator-69fdddd69d-5m544"
"2026-06-11 18:35:57","2026-06-12 02:35:57","0.00260670360859571","pod=loadgenerator-69fdddd69d-5m544"
"2026-06-11 18:36:12","2026-06-12 02:36:12","0.00264249866100644","pod=loadgenerator-69fdddd69d-5m544"
"2026-06-11 18:36:27","2026-06-12 02:36:27","0.00203317736281189","pod=loadgenerator-69fdddd69d-5m544"
"2026-06-11 18:36:42","2026-06-12 02:36:42","0.00260881048585796","pod=loadgenerator-69fdddd69d-5m544"
"2026-06-11 18:36:57","2026-06-12 02:36:57","0.00282047039096295","pod=loadgenerator-69fdddd69d-5m544"
"2026-06-11 18:37:12","2026-06-12 02:37:12","0.0015413","pod=loadgenerator-69fdddd69d-5m544"
"2026-06-11 18:37:27","2026-06-12 02:37:27","0.00287639422197837","pod=loadgenerator-69fdddd69d-5m544"
"2026-06-11 18:37:42","2026-06-12 02:37:42","0.00285859353558377","pod=loadgenerator-69fdddd69d-5m544"
"2026-06-11 18:37:57","2026-06-12 02:37:57","0.00210177087070042","pod=loadgenerator-69fdddd69d-5m544"
"2026-06-11 18:38:12","2026-06-12 02:38:12","0.00273962377645312","pod=loadgenerator-69fdddd69d-5m544"
"2026-06-11 18:38:27","2026-06-12 02:38:27","0.0027610325438747","pod=loadgenerator-69fdddd69d-5m544"
"2026-06-11 18:38:42","2026-06-12 02:38:42","0.0028719591141397","pod=loadgenerator-69fdddd69d-5m544"
"2026-06-11 18:38:57","2026-06-12 02:38:57","0.00184039999999985","pod=loadgenerator-69fdddd69d-5m544"
"2026-06-11 18:39:12","2026-06-12 02:39:12","0.00271585512793242","pod=loadgenerator-69fdddd69d-5m544"
"2026-06-11 18:39:27","2026-06-12 02:39:27","0.00228367258779032","pod=loadgenerator-69fdddd69d-5m544"
"2026-06-11 18:39:42","2026-06-12 02:39:42","0.00247030829130112","pod=loadgenerator-69fdddd69d-5m544"
"2026-06-11 18:39:57","2026-06-12 02:39:57","0.00276292536577338","pod=loadgenerator-69fdddd69d-5m544"
"2026-06-11 18:40:12","2026-06-12 02:40:12","0.00256696625496266","pod=loadgenerator-69fdddd69d-5m544"
"2026-06-11 18:40:27","2026-06-12 02:40:27","0.00265086703055957","pod=loadgenerator-69fdddd69d-5m544"
"2026-06-11 18:40:42","2026-06-12 02:40:42","0.00272256142963516","pod=loadgenerator-69fdddd69d-5m544"
"2026-06-11 18:40:57","2026-06-12 02:40:57","0.00273460351536281","pod=loadgenerator-69fdddd69d-5m544"
"2026-06-11 18:41:12","2026-06-12 02:41:12","0.00295225194717249","pod=loadgenerator-69fdddd69d-5m544"
"2026-06-11 18:41:27","2026-06-12 02:41:27","0.00309659538762745","pod=loadgenerator-69fdddd69d-5m544"
"2026-06-11 18:41:42","2026-06-12 02:41:42","0.00189244221734359","pod=loadgenerator-69fdddd69d-5m544"
"2026-06-11 18:41:57","2026-06-12 02:41:57","0.00203047240427426","pod=loadgenerator-69fdddd69d-5m544"
"2026-06-11 18:42:12","2026-06-12 02:42:12","0.00262822926701111","pod=loadgenerator-69fdddd69d-5m544"
"2026-06-11 18:42:27","2026-06-12 02:42:27","0.00275331691084314","pod=loadgenerator-69fdddd69d-5m544"
"2026-06-11 18:42:42","2026-06-12 02:42:42","0.00192262328520047","pod=loadgenerator-69fdddd69d-5m544"
"2026-06-11 18:42:57","2026-06-12 02:42:57","0.00265515972775778","pod=loadgenerator-69fdddd69d-5m544"
"2026-06-11 18:43:12","2026-06-12 02:43:12","0.00261527501478586","pod=loadgenerator-69fdddd69d-5m544"
"2026-06-11 18:43:27","2026-06-12 02:43:27","0.00263311207416758","pod=loadgenerator-69fdddd69d-5m544"
"2026-06-11 18:43:42","2026-06-12 02:43:42","0.00280606192354259","pod=loadgenerator-69fdddd69d-5m544"
"2026-06-11 18:43:57","2026-06-12 02:43:57","0.00278622533514081","pod=loadgenerator-69fdddd69d-5m544"
"2026-06-11 18:44:12","2026-06-12 02:44:12","0.00285557467027114","pod=loadgenerator-69fdddd69d-5m544"
"2026-06-11 18:44:27","2026-06-12 02:44:27","0.00268487386657711","pod=loadgenerator-69fdddd69d-5m544"
"2026-06-11 18:44:42","2026-06-12 02:44:42","0.00262393986986758","pod=loadgenerator-69fdddd69d-5m544"
"2026-06-11 18:44:57","2026-06-12 02:44:57","0.00201815666247315","pod=loadgenerator-69fdddd69d-5m544"
"2026-06-11 18:45:12","2026-06-12 02:45:12","0.00277863407620432","pod=loadgenerator-69fdddd69d-5m544"
"2026-06-11 18:45:27","2026-06-12 02:45:27","0.00283215926493108","pod=loadgenerator-69fdddd69d-5m544"
"2026-06-11 18:45:42","2026-06-12 02:45:42","0.00287292158796409","pod=loadgenerator-69fdddd69d-5m544"
"2026-06-11 18:45:57","2026-06-12 02:45:57","0.00211696991166306","pod=loadgenerator-69fdddd69d-5m544"
"2026-06-11 18:46:12","2026-06-12 02:46:12","0.00296768016027344","pod=loadgenerator-69fdddd69d-5m544"
"2026-06-11 18:46:27","2026-06-12 02:46:27","0.00276733722175931","pod=loadgenerator-69fdddd69d-5m544"
"2026-06-11 18:46:42","2026-06-12 02:46:42","0.0025963255802052","pod=loadgenerator-69fdddd69d-5m544"
"2026-06-11 18:46:57","2026-06-12 02:46:57","0.00160326820920268","pod=loadgenerator-69fdddd69d-5m544"
"2026-06-11 18:47:12","2026-06-12 02:47:12","0.00179842716104013","pod=loadgenerator-69fdddd69d-5m544"
"2026-06-11 18:47:27","2026-06-12 02:47:27","0.00246687204009378","pod=loadgenerator-69fdddd69d-5m544"
"2026-06-11 18:47:42","2026-06-12 02:47:42","0.00276300103257311","pod=loadgenerator-69fdddd69d-5m544"
"2026-06-11 18:47:57","2026-06-12 02:47:57","0.00222888273327457","pod=loadgenerator-69fdddd69d-5m544"
"2026-06-11 18:48:12","2026-06-12 02:48:12","0.00278270525207204","pod=loadgenerator-69fdddd69d-5m544"
"2026-06-11 18:48:27","2026-06-12 02:48:27","0.00255666976168364","pod=loadgenerator-69fdddd69d-5m544"
"2026-06-11 18:48:42","2026-06-12 02:48:42","0.00246854333365468","pod=loadgenerator-69fdddd69d-5m544"
"2026-06-11 18:48:57","2026-06-12 02:48:57","0.00259698078682523","pod=loadgenerator-69fdddd69d-5m544"
"2026-06-11 18:49:12","2026-06-12 02:49:12","0.00253815792583482","pod=loadgenerator-69fdddd69d-5m544"
"2026-06-11 18:49:27","2026-06-12 02:49:27","0.00247951890173527","pod=loadgenerator-69fdddd69d-5m544"
"2026-06-11 18:49:42","2026-06-12 02:49:42","0.00198326703376253","pod=loadgenerator-69fdddd69d-5m544"
"2026-06-11 18:49:57","2026-06-12 02:49:57","0.00300286593985398","pod=loadgenerator-69fdddd69d-5m544"
"2026-06-11 18:50:12","2026-06-12 02:50:12","0.00272310448353463","pod=loadgenerator-69fdddd69d-5m544"
"2026-06-11 18:50:27","2026-06-12 02:50:27","0.00278521273347939","pod=loadgenerator-69fdddd69d-5m544"
"2026-06-11 18:50:42","2026-06-12 02:50:42","0.00278435050858756","pod=loadgenerator-69fdddd69d-5m544"
"2026-06-11 18:50:57","2026-06-12 02:50:57","0.00170939927921431","pod=loadgenerator-69fdddd69d-5m544"
"2026-06-11 18:51:12","2026-06-12 02:51:12","0.00197152853939719","pod=loadgenerator-69fdddd69d-5m544"
"2026-06-11 18:51:27","2026-06-12 02:51:27","0.00249825699719912","pod=loadgenerator-69fdddd69d-5m544"
"2026-06-11 18:51:42","2026-06-12 02:51:42","0.00221738177364717","pod=loadgenerator-69fdddd69d-5m544"
"2026-06-11 18:51:57","2026-06-12 02:51:57","0.00268280004309413","pod=loadgenerator-69fdddd69d-5m544"
"2026-06-11 18:52:12","2026-06-12 02:52:12","0.00270442167120542","pod=loadgenerator-69fdddd69d-5m544"
"2026-06-11 18:52:27","2026-06-12 02:52:27","0.00213150742900982","pod=loadgenerator-69fdddd69d-5m544"
"2026-06-11 18:52:42","2026-06-12 02:52:42","0.00277375276194911","pod=loadgenerator-69fdddd69d-5m544"
"2026-06-11 18:52:57","2026-06-12 02:52:57","0.0028336910569106","pod=loadgenerator-69fdddd69d-5m544"
"2026-06-11 18:53:12","2026-06-12 02:53:12","0.00233297985978827","pod=loadgenerator-69fdddd69d-5m544"
"2026-06-11 18:53:27","2026-06-12 02:53:27","0.0023428434382857","pod=loadgenerator-69fdddd69d-5m544"
"2026-06-11 18:53:42","2026-06-12 02:53:42","0.00269019168533722","pod=loadgenerator-69fdddd69d-5m544"
"2026-06-11 18:53:57","2026-06-12 02:53:57","0.00298558826898837","pod=loadgenerator-69fdddd69d-5m544"
"2026-06-11 18:54:12","2026-06-12 02:54:12","0.00267989281339073","pod=loadgenerator-69fdddd69d-5m544"
"2026-06-11 18:54:27","2026-06-12 02:54:27","0.00352227764626311","pod=loadgenerator-69fdddd69d-5m544"
"2026-06-11 18:54:42","2026-06-12 02:54:42","0.00323960713764764","pod=loadgenerator-69fdddd69d-5m544"
"2026-06-11 18:54:57","2026-06-12 02:54:57","0.00185899856724364","pod=loadgenerator-69fdddd69d-5m544"
"2026-06-11 18:55:12","2026-06-12 02:55:12","0.00260233354742034","pod=loadgenerator-69fdddd69d-5m544"
"2026-06-11 18:55:27","2026-06-12 02:55:27","0.00267225199447134","pod=loadgenerator-69fdddd69d-5m544"
"2026-06-11 18:55:42","2026-06-12 02:55:42","0.00294145277637976","pod=loadgenerator-69fdddd69d-5m544"
"2026-06-11 18:55:57","2026-06-12 02:55:57","0.00302286100508907","pod=loadgenerator-69fdddd69d-5m544"
"2026-06-11 18:56:12","2026-06-12 02:56:12","0.0031570274822016","pod=loadgenerator-69fdddd69d-5m544"
"2026-06-11 18:56:27","2026-06-12 02:56:27","0.00295924408014576","pod=loadgenerator-69fdddd69d-5m544"
"2026-06-11 18:56:42","2026-06-12 02:56:42","0.00278204795515875","pod=loadgenerator-69fdddd69d-5m544"
"2026-06-11 18:56:57","2026-06-12 02:56:57","0.00258701743002927","pod=loadgenerator-69fdddd69d-5m544"
"2026-06-11 18:57:12","2026-06-12 02:57:12","0.0025356309683037","pod=loadgenerator-69fdddd69d-5m544"
"2026-06-11 18:57:27","2026-06-12 02:57:27","0.0026574340841627","pod=loadgenerator-69fdddd69d-5m544"
"2026-06-11 18:57:42","2026-06-12 02:57:42","0.00261634051688542","pod=loadgenerator-69fdddd69d-5m544"
"2026-06-11 18:57:57","2026-06-12 02:57:57","0.00261259783474723","pod=loadgenerator-69fdddd69d-5m544"
"2026-06-11 18:58:12","2026-06-12 02:58:12","0.00252747707521075","pod=loadgenerator-69fdddd69d-5m544"
"2026-06-11 18:58:27","2026-06-12 02:58:27","0.00258756986061551","pod=loadgenerator-69fdddd69d-5m544"
"2026-06-11 18:58:42","2026-06-12 02:58:42","0.00263637949413701","pod=loadgenerator-69fdddd69d-5m544"
"2026-06-11 18:58:57","2026-06-12 02:58:57","0.00275039107008361","pod=loadgenerator-69fdddd69d-5m544"
"2026-06-11 18:59:12","2026-06-12 02:59:12","0.00264210397253544","pod=loadgenerator-69fdddd69d-5m544"
"2026-06-11 18:59:27","2026-06-12 02:59:27","0.00286885902875996","pod=loadgenerator-69fdddd69d-5m544"
"2026-06-11 18:59:42","2026-06-12 02:59:42","0.00305975537347104","pod=loadgenerator-69fdddd69d-5m544"
"2026-06-11 18:59:57","2026-06-12 02:59:57","0.00305845736803805","pod=loadgenerator-69fdddd69d-5m544"
"2026-06-11 19:00:12","2026-06-12 03:00:12","0.00293531290193817","pod=loadgenerator-69fdddd69d-5m544"
"2026-06-11 19:00:27","2026-06-12 03:00:27","0.00274577746822229","pod=loadgenerator-69fdddd69d-5m544"
"2026-06-11 19:00:42","2026-06-12 03:00:42","0.00281341398564215","pod=loadgenerator-69fdddd69d-5m544"
"2026-06-11 19:00:57","2026-06-12 03:00:57","0.00279485455215957","pod=loadgenerator-69fdddd69d-5m544"
"2026-06-11 19:01:12","2026-06-12 03:01:12","0.00271979127667543","pod=loadgenerator-69fdddd69d-5m544"
"2026-06-11 19:01:27","2026-06-12 03:01:27","0.00302995627500227","pod=loadgenerator-69fdddd69d-5m544"
"2026-06-11 19:01:42","2026-06-12 03:01:42","0.00286001869979197","pod=loadgenerator-69fdddd69d-5m544"
"2026-06-11 19:01:57","2026-06-12 03:01:57","0.00273052896166778","pod=loadgenerator-69fdddd69d-5m544"
"2026-06-11 19:02:12","2026-06-12 03:02:12","0.00252240457311447","pod=loadgenerator-69fdddd69d-5m544"
"2026-06-11 19:02:27","2026-06-12 03:02:27","0.00252313840478614","pod=loadgenerator-69fdddd69d-5m544"
"2026-06-11 19:02:42","2026-06-12 03:02:42","0.00263430568216344","pod=loadgenerator-69fdddd69d-5m544"
"2026-06-11 19:02:57","2026-06-12 03:02:57","0.00292361723786909","pod=loadgenerator-69fdddd69d-5m544"
"2026-06-11 19:03:12","2026-06-12 03:03:12","0.00283170395949508","pod=loadgenerator-69fdddd69d-5m544"
"2026-06-11 19:03:27","2026-06-12 03:03:27","0.00197862429938856","pod=loadgenerator-69fdddd69d-5m544"
"2026-06-11 19:03:42","2026-06-12 03:03:42","0.00279492782259004","pod=loadgenerator-69fdddd69d-5m544"
"2026-06-11 19:03:57","2026-06-12 03:03:57","0.00295748900577733","pod=loadgenerator-69fdddd69d-5m544"
"2026-06-11 19:04:12","2026-06-12 03:04:12","0.00296909988641371","pod=loadgenerator-69fdddd69d-5m544"
"2026-06-11 19:04:27","2026-06-12 03:04:27","0.00300676512625061","pod=loadgenerator-69fdddd69d-5m544"
"2026-06-11 19:04:42","2026-06-12 03:04:42","0.00305389414269448","pod=loadgenerator-69fdddd69d-5m544"
"2026-06-11 19:04:57","2026-06-12 03:04:57","0.00276272282630661","pod=loadgenerator-69fdddd69d-5m544"
"2026-06-11 19:05:12","2026-06-12 03:05:12","0.00227753497179001","pod=loadgenerator-69fdddd69d-5m544"
"2026-06-11 19:05:27","2026-06-12 03:05:27","0.00242267365661865","pod=loadgenerator-69fdddd69d-5m544"
"2026-06-11 19:05:42","2026-06-12 03:05:42","0.00261003489960043","pod=loadgenerator-69fdddd69d-5m544"
"2026-06-11 19:05:57","2026-06-12 03:05:57","0.00198024344079473","pod=loadgenerator-69fdddd69d-5m544"
"2026-06-11 19:06:12","2026-06-12 03:06:12","0.00299623379099923","pod=loadgenerator-69fdddd69d-5m544"
"2026-06-11 19:06:27","2026-06-12 03:06:27","0.00294474060067188","pod=loadgenerator-69fdddd69d-5m544"
"2026-06-11 19:06:42","2026-06-12 03:06:42","0.00290743670886085","pod=loadgenerator-69fdddd69d-5m544"
"2026-06-11 19:06:57","2026-06-12 03:06:57","0.00270056125941139","pod=loadgenerator-69fdddd69d-5m544"
"2026-06-11 19:07:12","2026-06-12 03:07:12","0.00260833533247548","pod=loadgenerator-69fdddd69d-5m544"
"2026-06-11 19:07:27","2026-06-12 03:07:27","0.00268447635196067","pod=loadgenerator-69fdddd69d-5m544"
"2026-06-11 19:07:42","2026-06-12 03:07:42","0.00193847111170488","pod=loadgenerator-69fdddd69d-5m544"
"2026-06-11 19:07:57","2026-06-12 03:07:57","0.00262786707375546","pod=loadgenerator-69fdddd69d-5m544"
"2026-06-11 19:08:12","2026-06-12 03:08:12","0.00261491851232751","pod=loadgenerator-69fdddd69d-5m544"
"2026-06-11 19:08:27","2026-06-12 03:08:27","0.00260432847726593","pod=loadgenerator-69fdddd69d-5m544"
"2026-06-11 19:08:42","2026-06-12 03:08:42","0.00256543777772817","pod=loadgenerator-69fdddd69d-5m544"
"2026-06-11 19:08:57","2026-06-12 03:08:57","0.00258021544463171","pod=loadgenerator-69fdddd69d-5m544"
"2026-06-11 19:09:12","2026-06-12 03:09:12","0.00258768331005585","pod=loadgenerator-69fdddd69d-5m544"
"2026-06-11 19:09:27","2026-06-12 03:09:27","0.00255461833391425","pod=loadgenerator-69fdddd69d-5m544"
"2026-06-11 19:09:42","2026-06-12 03:09:42","0.00259748895309304","pod=loadgenerator-69fdddd69d-5m544"
"2026-06-11 19:09:57","2026-06-12 03:09:57","0.00259977071804944","pod=loadgenerator-69fdddd69d-5m544"
"2026-06-11 19:10:12","2026-06-12 03:10:12","0.00268367000339669","pod=loadgenerator-69fdddd69d-5m544"
"2026-06-11 19:10:27","2026-06-12 03:10:27","0.00248994361319535","pod=loadgenerator-69fdddd69d-5m544"
"2026-06-11 19:10:42","2026-06-12 03:10:42","0.00256149212329468","pod=loadgenerator-69fdddd69d-5m544"
"2026-06-11 19:10:57","2026-06-12 03:10:57","0.00260357487922704","pod=loadgenerator-69fdddd69d-5m544"
"2026-06-11 19:11:12","2026-06-12 03:11:12","0.00237694073552255","pod=loadgenerator-69fdddd69d-5m544"
"2026-06-11 19:11:27","2026-06-12 03:11:27","0.00290655400872198","pod=loadgenerator-69fdddd69d-5m544"
"2026-06-11 19:11:42","2026-06-12 03:11:42","0.00277365556682961","pod=loadgenerator-69fdddd69d-5m544"
"2026-06-11 19:11:57","2026-06-12 03:11:57","0.00197114647599301","pod=loadgenerator-69fdddd69d-5m544"
"2026-06-11 19:12:12","2026-06-12 03:12:12","0.00279959453165662","pod=loadgenerator-69fdddd69d-5m544"
"2026-06-11 19:12:27","2026-06-12 03:12:27","0.00256563780021048","pod=loadgenerator-69fdddd69d-5m544"
"2026-06-11 19:12:42","2026-06-12 03:12:42","0.00151707500000011","pod=loadgenerator-69fdddd69d-5m544"
"2026-06-11 19:12:57","2026-06-12 03:12:57","0.00258808562905769","pod=loadgenerator-69fdddd69d-5m544"
"2026-06-11 19:13:12","2026-06-12 03:13:12","0.00248058282654269","pod=loadgenerator-69fdddd69d-5m544"
"2026-06-11 19:13:27","2026-06-12 03:13:27","0.00228228034466161","pod=loadgenerator-69fdddd69d-5m544"
"2026-06-11 19:13:42","2026-06-12 03:13:42","0.00232536146763216","pod=loadgenerator-69fdddd69d-5m544"
"2026-06-11 19:13:57","2026-06-12 03:13:57","0.00296864242938651","pod=loadgenerator-69fdddd69d-5m544"
"2026-06-11 19:14:12","2026-06-12 03:14:12","0.00272336187601383","pod=loadgenerator-69fdddd69d-5m544"
"2026-06-11 19:14:27","2026-06-12 03:14:27","0.00220434807378943","pod=loadgenerator-69fdddd69d-5m544"
"2026-06-11 19:14:42","2026-06-12 03:14:42","0.00258850061122129","pod=loadgenerator-69fdddd69d-5m544"
"2026-06-11 19:14:57","2026-06-12 03:14:57","0.00262958662331631","pod=loadgenerator-69fdddd69d-5m544"
"2026-06-11 19:15:12","2026-06-12 03:15:12","0.00259320665083142","pod=loadgenerator-69fdddd69d-5m544"
"2026-06-11 19:15:27","2026-06-12 03:15:27","0.00261060768649898","pod=loadgenerator-69fdddd69d-5m544"
"2026-06-11 19:15:42","2026-06-12 03:15:42","0.00208488483047127","pod=loadgenerator-69fdddd69d-5m544"
"2026-06-11 19:15:57","2026-06-12 03:15:57","0.00261842629482056","pod=loadgenerator-69fdddd69d-5m544"
"2026-06-11 19:16:12","2026-06-12 03:16:12","0.00262378542052693","pod=loadgenerator-69fdddd69d-5m544"
"2026-06-11 19:16:27","2026-06-12 03:16:27","0.00186434983438567","pod=loadgenerator-69fdddd69d-5m544"
"2026-06-11 19:16:42","2026-06-12 03:16:42","0.00261882322975037","pod=loadgenerator-69fdddd69d-5m544"
"2026-06-11 19:16:57","2026-06-12 03:16:57","0.00251092646846932","pod=loadgenerator-69fdddd69d-5m544"
"2026-06-11 19:17:12","2026-06-12 03:17:12","0.0026035971223022","pod=loadgenerator-69fdddd69d-5m544"
"2026-06-11 19:17:27","2026-06-12 03:17:27","0.00267890341893806","pod=loadgenerator-69fdddd69d-5m544"
"2026-06-11 19:17:42","2026-06-12 03:17:42","0.00268985450255604","pod=loadgenerator-69fdddd69d-5m544"
"2026-06-11 19:17:57","2026-06-12 03:17:57","0.00256181210094249","pod=loadgenerator-69fdddd69d-5m544"
"2026-06-11 19:18:12","2026-06-12 03:18:12","0.00247248971373553","pod=loadgenerator-69fdddd69d-5m544"
"2026-06-11 19:18:27","2026-06-12 03:18:27","0.00280057924781738","pod=loadgenerator-69fdddd69d-5m544"
"2026-06-11 19:18:42","2026-06-12 03:18:42","0.00233736968815127","pod=loadgenerator-69fdddd69d-5m544"
"2026-06-11 19:18:57","2026-06-12 03:18:57","0.00276783207722369","pod=loadgenerator-69fdddd69d-5m544"
"2026-06-11 19:19:12","2026-06-12 03:19:12","0.00201225878827174","pod=loadgenerator-69fdddd69d-5m544"
"2026-06-11 19:19:27","2026-06-12 03:19:27","0.00249269915437162","pod=loadgenerator-69fdddd69d-5m544"
"2026-06-11 19:19:42","2026-06-12 03:19:42","0.00251985298015584","pod=loadgenerator-69fdddd69d-5m544"
"2026-06-11 19:19:57","2026-06-12 03:19:57","0.00184869602602831","pod=loadgenerator-69fdddd69d-5m544"
"2026-06-11 19:20:12","2026-06-12 03:20:12","0.00269991350416256","pod=loadgenerator-69fdddd69d-5m544"
"2026-06-11 19:20:27","2026-06-12 03:20:27","0.00262015694638121","pod=loadgenerator-69fdddd69d-5m544"
"2026-06-11 19:20:42","2026-06-12 03:20:42","0.00260724882192105","pod=loadgenerator-69fdddd69d-5m544"
"2026-06-11 19:20:57","2026-06-12 03:20:57","0.00256976541125794","pod=loadgenerator-69fdddd69d-5m544"
"2026-06-11 19:21:12","2026-06-12 03:21:12","0.00254194258316796","pod=loadgenerator-69fdddd69d-5m544"
"2026-06-11 19:21:27","2026-06-12 03:21:27","0.00195045769022881","pod=loadgenerator-69fdddd69d-5m544"
"2026-06-11 19:21:42","2026-06-12 03:21:42","0.00249399813275241","pod=loadgenerator-69fdddd69d-5m544"
"2026-06-11 19:21:57","2026-06-12 03:21:57","0.00247777551804392","pod=loadgenerator-69fdddd69d-5m544"
"2026-06-11 19:22:12","2026-06-12 03:22:12","0.00210039863789882","pod=loadgenerator-69fdddd69d-5m544"
"2026-06-11 19:22:27","2026-06-12 03:22:27","0.00284650253310813","pod=loadgenerator-69fdddd69d-5m544"
"2026-06-11 19:22:42","2026-06-12 03:22:42","0.00302855004512529","pod=loadgenerator-69fdddd69d-5m544"
"2026-06-11 19:22:57","2026-06-12 03:22:57","0.00269670449207647","pod=loadgenerator-69fdddd69d-5m544"
"2026-06-11 19:23:12","2026-06-12 03:23:12","0.00197654457485636","pod=loadgenerator-69fdddd69d-5m544"
"2026-06-11 19:23:27","2026-06-12 03:23:27","0.0026435896839609","pod=loadgenerator-69fdddd69d-5m544"
"2026-06-11 19:23:42","2026-06-12 03:23:42","0.0028633078190097","pod=loadgenerator-69fdddd69d-5m544"
"2026-06-11 19:23:57","2026-06-12 03:23:57","0.00278963615889417","pod=loadgenerator-69fdddd69d-5m544"
"2026-06-11 19:24:12","2026-06-12 03:24:12","0.00253519886706817","pod=loadgenerator-69fdddd69d-5m544"
"2026-06-11 19:24:27","2026-06-12 03:24:27","0.00297309515129428","pod=loadgenerator-69fdddd69d-5m544"
"2026-06-11 19:24:42","2026-06-12 03:24:42","0.00276088521050737","pod=loadgenerator-69fdddd69d-5m544"
"2026-06-11 19:24:57","2026-06-12 03:24:57","0.0025450636394909","pod=loadgenerator-69fdddd69d-5m544"
"2026-06-11 19:25:12","2026-06-12 03:25:12","0.00265273092591561","pod=loadgenerator-69fdddd69d-5m544"
"2026-06-11 19:25:27","2026-06-12 03:25:27","0.00272364202785671","pod=loadgenerator-69fdddd69d-5m544"
"2026-06-11 19:25:42","2026-06-12 03:25:42","0.00187877773472214","pod=loadgenerator-69fdddd69d-5m544"
"2026-06-11 19:25:57","2026-06-12 03:25:57","0.00278178077856316","pod=loadgenerator-69fdddd69d-5m544"
"2026-06-11 19:26:12","2026-06-12 03:26:12","0.00269948133418071","pod=loadgenerator-69fdddd69d-5m544"
"2026-06-11 19:26:27","2026-06-12 03:26:27","0.00260393679597101","pod=loadgenerator-69fdddd69d-5m544"
"2026-06-11 19:26:42","2026-06-12 03:26:42","0.00291718733638176","pod=loadgenerator-69fdddd69d-5m544"
"2026-06-11 19:26:57","2026-06-12 03:26:57","0.002897765850078","pod=loadgenerator-69fdddd69d-5m544"
"2026-06-11 17:26:57","2026-06-12 01:26:57","0.00080589637979624","pod=paymentservice-7cff85ccd7-wtdrt"
"2026-06-11 17:27:12","2026-06-12 01:27:12","0.000633154092661973","pod=paymentservice-7cff85ccd7-wtdrt"
"2026-06-11 17:27:27","2026-06-12 01:27:27","0.000486150462272584","pod=paymentservice-7cff85ccd7-wtdrt"
"2026-06-11 17:27:42","2026-06-12 01:27:42","0.000545267802799751","pod=paymentservice-7cff85ccd7-wtdrt"
"2026-06-11 17:27:57","2026-06-12 01:27:57","0.000343883258570095","pod=paymentservice-7cff85ccd7-wtdrt"
"2026-06-11 17:28:12","2026-06-12 01:28:12","0.000480452486318039","pod=paymentservice-7cff85ccd7-wtdrt"
"2026-06-11 17:28:27","2026-06-12 01:28:27","0.000517426350362863","pod=paymentservice-7cff85ccd7-wtdrt"
"2026-06-11 17:28:42","2026-06-12 01:28:42","0.00048393026565465","pod=paymentservice-7cff85ccd7-wtdrt"
"2026-06-11 17:28:57","2026-06-12 01:28:57","0.000514839478331177","pod=paymentservice-7cff85ccd7-wtdrt"
"2026-06-11 17:29:12","2026-06-12 01:29:12","0.000480624779073892","pod=paymentservice-7cff85ccd7-wtdrt"
"2026-06-11 17:29:27","2026-06-12 01:29:27","0.000486105544422171","pod=paymentservice-7cff85ccd7-wtdrt"
"2026-06-11 17:29:42","2026-06-12 01:29:42","0.000454760280647042","pod=paymentservice-7cff85ccd7-wtdrt"
"2026-06-11 17:29:57","2026-06-12 01:29:57","0.000488307678336282","pod=paymentservice-7cff85ccd7-wtdrt"
"2026-06-11 17:30:12","2026-06-12 01:30:12","0.000881762361305611","pod=paymentservice-7cff85ccd7-wtdrt"
"2026-06-11 17:30:27","2026-06-12 01:30:27","0.000848368723038922","pod=paymentservice-7cff85ccd7-wtdrt"
"2026-06-11 17:30:42","2026-06-12 01:30:42","0.000760131891982122","pod=paymentservice-7cff85ccd7-wtdrt"
"2026-06-11 17:30:57","2026-06-12 01:30:57","0.000398162713144163","pod=paymentservice-7cff85ccd7-wtdrt"
"2026-06-11 17:31:12","2026-06-12 01:31:12","0.000541482300884956","pod=paymentservice-7cff85ccd7-wtdrt"
"2026-06-11 17:31:27","2026-06-12 01:31:27","0.000500314599443875","pod=paymentservice-7cff85ccd7-wtdrt"
"2026-06-11 17:31:42","2026-06-12 01:31:42","0.000508469239972283","pod=paymentservice-7cff85ccd7-wtdrt"
"2026-06-11 17:31:57","2026-06-12 01:31:57","0.000668051649194564","pod=paymentservice-7cff85ccd7-wtdrt"
"2026-06-11 17:32:12","2026-06-12 01:32:12","0.000921078177582182","pod=paymentservice-7cff85ccd7-wtdrt"
"2026-06-11 17:32:27","2026-06-12 01:32:27","0.000658362555990302","pod=paymentservice-7cff85ccd7-wtdrt"
"2026-06-11 17:32:42","2026-06-12 01:32:42","0.00068276454647602","pod=paymentservice-7cff85ccd7-wtdrt"
"2026-06-11 17:32:57","2026-06-12 01:32:57","0.000425210405508797","pod=paymentservice-7cff85ccd7-wtdrt"
"2026-06-11 17:33:12","2026-06-12 01:33:12","0.000451923076923083","pod=paymentservice-7cff85ccd7-wtdrt"
"2026-06-11 17:33:27","2026-06-12 01:33:27","0.000447553619302952","pod=paymentservice-7cff85ccd7-wtdrt"
"2026-06-11 17:33:42","2026-06-12 01:33:42","0.000393104791852891","pod=paymentservice-7cff85ccd7-wtdrt"
"2026-06-11 17:33:57","2026-06-12 01:33:57","0.000380998864926205","pod=paymentservice-7cff85ccd7-wtdrt"
"2026-06-11 17:34:12","2026-06-12 01:34:12","0.000361650364927255","pod=paymentservice-7cff85ccd7-wtdrt"
"2026-06-11 17:34:27","2026-06-12 01:34:27","0.000378391391478669","pod=paymentservice-7cff85ccd7-wtdrt"
"2026-06-11 17:34:42","2026-06-12 01:34:42","0.000570150191009477","pod=paymentservice-7cff85ccd7-wtdrt"
"2026-06-11 17:34:57","2026-06-12 01:34:57","0.000644749659068786","pod=paymentservice-7cff85ccd7-wtdrt"
"2026-06-11 17:35:12","2026-06-12 01:35:12","0.000567315510067426","pod=paymentservice-7cff85ccd7-wtdrt"
"2026-06-11 17:35:27","2026-06-12 01:35:27","0.000778383665993709","pod=paymentservice-7cff85ccd7-wtdrt"
"2026-06-11 17:35:42","2026-06-12 01:35:42","0.000681647940074909","pod=paymentservice-7cff85ccd7-wtdrt"
"2026-06-11 17:35:57","2026-06-12 01:35:57","0.000646552700101908","pod=paymentservice-7cff85ccd7-wtdrt"
"2026-06-11 17:36:12","2026-06-12 01:36:12","0.000591691773578882","pod=paymentservice-7cff85ccd7-wtdrt"
"2026-06-11 17:36:27","2026-06-12 01:36:27","0.000714361243286842","pod=paymentservice-7cff85ccd7-wtdrt"
"2026-06-11 17:36:42","2026-06-12 01:36:42","0.000646629926329934","pod=paymentservice-7cff85ccd7-wtdrt"
"2026-06-11 17:36:57","2026-06-12 01:36:57","0.000436629268894096","pod=paymentservice-7cff85ccd7-wtdrt"
"2026-06-11 17:37:12","2026-06-12 01:37:12","0.000353401013104275","pod=paymentservice-7cff85ccd7-wtdrt"
"2026-06-11 17:37:27","2026-06-12 01:37:27","0.000489349125878111","pod=paymentservice-7cff85ccd7-wtdrt"
"2026-06-11 17:37:42","2026-06-12 01:37:42","0.000415879782010467","pod=paymentservice-7cff85ccd7-wtdrt"
"2026-06-11 17:37:57","2026-06-12 01:37:57","0.000163124999999997","pod=paymentservice-7cff85ccd7-wtdrt"
"2026-06-11 17:38:12","2026-06-12 01:38:12","0.000292250049299938","pod=paymentservice-7cff85ccd7-wtdrt"
"2026-06-11 17:38:27","2026-06-12 01:38:27","0.000293446358229717","pod=paymentservice-7cff85ccd7-wtdrt"
"2026-06-11 17:38:42","2026-06-12 01:38:42","0.000227996901709401","pod=paymentservice-7cff85ccd7-wtdrt"
"2026-06-11 17:38:57","2026-06-12 01:38:57","0.000338888888888885","pod=paymentservice-7cff85ccd7-wtdrt"
"2026-06-11 17:39:12","2026-06-12 01:39:12","0.000317186960027647","pod=paymentservice-7cff85ccd7-wtdrt"
"2026-06-11 17:39:27","2026-06-12 01:39:27","0.00022407680860646","pod=paymentservice-7cff85ccd7-wtdrt"
"2026-06-11 17:39:42","2026-06-12 01:39:42","0.000527455510141906","pod=paymentservice-7cff85ccd7-wtdrt"
"2026-06-11 17:39:57","2026-06-12 01:39:57","0.000587997071340328","pod=paymentservice-7cff85ccd7-wtdrt"
"2026-06-11 17:40:12","2026-06-12 01:40:12","0.000596170707338465","pod=paymentservice-7cff85ccd7-wtdrt"
"2026-06-11 17:40:27","2026-06-12 01:40:27","0.00045040764397362","pod=paymentservice-7cff85ccd7-wtdrt"
"2026-06-11 17:40:42","2026-06-12 01:40:42","0.000520657313386543","pod=paymentservice-7cff85ccd7-wtdrt"
"2026-06-11 17:40:57","2026-06-12 01:40:57","0.000489694418098972","pod=paymentservice-7cff85ccd7-wtdrt"
"2026-06-11 17:41:12","2026-06-12 01:41:12","0.000383881503552619","pod=paymentservice-7cff85ccd7-wtdrt"
"2026-06-11 17:41:27","2026-06-12 01:41:27","0.000408746124925812","pod=paymentservice-7cff85ccd7-wtdrt"
"2026-06-11 17:41:42","2026-06-12 01:41:42","0.000432650444723397","pod=paymentservice-7cff85ccd7-wtdrt"
"2026-06-11 17:41:57","2026-06-12 01:41:57","0.000360587430468552","pod=paymentservice-7cff85ccd7-wtdrt"
"2026-06-11 17:42:12","2026-06-12 01:42:12","0.000389629964579086","pod=paymentservice-7cff85ccd7-wtdrt"
"2026-06-11 17:42:27","2026-06-12 01:42:27","0.000309229395787036","pod=paymentservice-7cff85ccd7-wtdrt"
"2026-06-11 17:42:42","2026-06-12 01:42:42","0.000403317552937724","pod=paymentservice-7cff85ccd7-wtdrt"
"2026-06-11 17:42:57","2026-06-12 01:42:57","0.000394787574123332","pod=paymentservice-7cff85ccd7-wtdrt"
"2026-06-11 17:43:12","2026-06-12 01:43:12","0.000447181441219337","pod=paymentservice-7cff85ccd7-wtdrt"
"2026-06-11 17:43:27","2026-06-12 01:43:27","0.000369396064238862","pod=paymentservice-7cff85ccd7-wtdrt"
"2026-06-11 17:43:42","2026-06-12 01:43:42","0.000369173018730618","pod=paymentservice-7cff85ccd7-wtdrt"
"2026-06-11 17:43:57","2026-06-12 01:43:57","0.000412673417317797","pod=paymentservice-7cff85ccd7-wtdrt"
"2026-06-11 17:44:12","2026-06-12 01:44:12","0.000436555636690427","pod=paymentservice-7cff85ccd7-wtdrt"
"2026-06-11 17:44:27","2026-06-12 01:44:27","0.000421251587371898","pod=paymentservice-7cff85ccd7-wtdrt"
"2026-06-11 17:44:42","2026-06-12 01:44:42","0.000357022504327761","pod=paymentservice-7cff85ccd7-wtdrt"
"2026-06-11 17:44:57","2026-06-12 01:44:57","0.000259349999999992","pod=paymentservice-7cff85ccd7-wtdrt"
"2026-06-11 17:45:12","2026-06-12 01:45:12","0.000432393309028518","pod=paymentservice-7cff85ccd7-wtdrt"
"2026-06-11 17:45:27","2026-06-12 01:45:27","0.000340717908098501","pod=paymentservice-7cff85ccd7-wtdrt"
"2026-06-11 17:45:42","2026-06-12 01:45:42","0.000339599879360607","pod=paymentservice-7cff85ccd7-wtdrt"
"2026-06-11 17:45:57","2026-06-12 01:45:57","0.000454849713586913","pod=paymentservice-7cff85ccd7-wtdrt"
"2026-06-11 17:46:12","2026-06-12 01:46:12","0.000571746921521771","pod=paymentservice-7cff85ccd7-wtdrt"
"2026-06-11 17:46:27","2026-06-12 01:46:27","0.000488278223723165","pod=paymentservice-7cff85ccd7-wtdrt"
"2026-06-11 17:46:42","2026-06-12 01:46:42","0.000406128109560536","pod=paymentservice-7cff85ccd7-wtdrt"
"2026-06-11 17:46:57","2026-06-12 01:46:57","0.00033771381895061","pod=paymentservice-7cff85ccd7-wtdrt"
"2026-06-11 17:47:12","2026-06-12 01:47:12","0.000307054447873811","pod=paymentservice-7cff85ccd7-wtdrt"
"2026-06-11 17:47:27","2026-06-12 01:47:27","0.000348895315211113","pod=paymentservice-7cff85ccd7-wtdrt"
"2026-06-11 17:47:42","2026-06-12 01:47:42","0.00127492649295346","pod=paymentservice-7cff85ccd7-wtdrt"
"2026-06-11 17:47:57","2026-06-12 01:47:57","0.00127417345073932","pod=paymentservice-7cff85ccd7-wtdrt"
"2026-06-11 17:48:12","2026-06-12 01:48:12","0.0012852937568993","pod=paymentservice-7cff85ccd7-wtdrt"
"2026-06-11 17:48:27","2026-06-12 01:48:27","0.000393807508098343","pod=paymentservice-7cff85ccd7-wtdrt"
"2026-06-11 17:48:42","2026-06-12 01:48:42","0.0005976319917485","pod=paymentservice-7cff85ccd7-wtdrt"
"2026-06-11 17:48:57","2026-06-12 01:48:57","0.000559544941100543","pod=paymentservice-7cff85ccd7-wtdrt"
"2026-06-11 17:49:12","2026-06-12 01:49:12","0.000637659180087137","pod=paymentservice-7cff85ccd7-wtdrt"
"2026-06-11 17:49:27","2026-06-12 01:49:27","0.000372752454077176","pod=paymentservice-7cff85ccd7-wtdrt"
"2026-06-11 17:49:42","2026-06-12 01:49:42","0.000457756583389604","pod=paymentservice-7cff85ccd7-wtdrt"
"2026-06-11 17:49:57","2026-06-12 01:49:57","0.000354103871368516","pod=paymentservice-7cff85ccd7-wtdrt"
"2026-06-11 17:50:12","2026-06-12 01:50:12","0.000421612046058472","pod=paymentservice-7cff85ccd7-wtdrt"
"2026-06-11 17:50:27","2026-06-12 01:50:27","0.00030723714155666","pod=paymentservice-7cff85ccd7-wtdrt"
"2026-06-11 17:50:42","2026-06-12 01:50:42","0.000282208040081097","pod=paymentservice-7cff85ccd7-wtdrt"
"2026-06-11 17:50:57","2026-06-12 01:50:57","0.000369045673666137","pod=paymentservice-7cff85ccd7-wtdrt"
"2026-06-11 17:51:12","2026-06-12 01:51:12","0.000440006955715278","pod=paymentservice-7cff85ccd7-wtdrt"
"2026-06-11 17:51:27","2026-06-12 01:51:27","0.000402087805650732","pod=paymentservice-7cff85ccd7-wtdrt"
"2026-06-11 17:51:42","2026-06-12 01:51:42","0.000460665277678","pod=paymentservice-7cff85ccd7-wtdrt"
"2026-06-11 17:51:57","2026-06-12 01:51:57","0.000454489492676706","pod=paymentservice-7cff85ccd7-wtdrt"
"2026-06-11 17:52:12","2026-06-12 01:52:12","0.000369394240955344","pod=paymentservice-7cff85ccd7-wtdrt"
"2026-06-11 17:52:27","2026-06-12 01:52:27","0.000379060972643041","pod=paymentservice-7cff85ccd7-wtdrt"
"2026-06-11 17:52:42","2026-06-12 01:52:42","0.000373822227267571","pod=paymentservice-7cff85ccd7-wtdrt"
"2026-06-11 17:52:57","2026-06-12 01:52:57","0.000407288179242847","pod=paymentservice-7cff85ccd7-wtdrt"
"2026-06-11 17:53:12","2026-06-12 01:53:12","0.000456866233605022","pod=paymentservice-7cff85ccd7-wtdrt"
"2026-06-11 17:53:27","2026-06-12 01:53:27","0.000424840046967485","pod=paymentservice-7cff85ccd7-wtdrt"
"2026-06-11 17:53:42","2026-06-12 01:53:42","0.00119167503890629","pod=paymentservice-7cff85ccd7-wtdrt"
"2026-06-11 17:53:57","2026-06-12 01:53:57","0.00127752964731249","pod=paymentservice-7cff85ccd7-wtdrt"
"2026-06-11 17:54:12","2026-06-12 01:54:12","0.0012125093415262","pod=paymentservice-7cff85ccd7-wtdrt"
"2026-06-11 17:54:27","2026-06-12 01:54:27","0.000423128291711827","pod=paymentservice-7cff85ccd7-wtdrt"
"2026-06-11 17:54:42","2026-06-12 01:54:42","0.000303888687454686","pod=paymentservice-7cff85ccd7-wtdrt"
"2026-06-11 17:54:57","2026-06-12 01:54:57","0.000446108603474211","pod=paymentservice-7cff85ccd7-wtdrt"
"2026-06-11 17:55:12","2026-06-12 01:55:12","0.000391834327282257","pod=paymentservice-7cff85ccd7-wtdrt"
"2026-06-11 17:55:27","2026-06-12 01:55:27","0.000581159613166522","pod=paymentservice-7cff85ccd7-wtdrt"
"2026-06-11 17:55:42","2026-06-12 01:55:42","0.000464470510626891","pod=paymentservice-7cff85ccd7-wtdrt"
"2026-06-11 17:55:57","2026-06-12 01:55:57","0.000681898101898103","pod=paymentservice-7cff85ccd7-wtdrt"
"2026-06-11 17:56:12","2026-06-12 01:56:12","0.00054054105291096","pod=paymentservice-7cff85ccd7-wtdrt"
"2026-06-11 17:56:27","2026-06-12 01:56:27","0.000622502599263785","pod=paymentservice-7cff85ccd7-wtdrt"
"2026-06-11 17:56:42","2026-06-12 01:56:42","0.000397138042487348","pod=paymentservice-7cff85ccd7-wtdrt"
"2026-06-11 17:56:57","2026-06-12 01:56:57","0.000412103567889","pod=paymentservice-7cff85ccd7-wtdrt"
"2026-06-11 17:57:12","2026-06-12 01:57:12","0.000385693356264725","pod=paymentservice-7cff85ccd7-wtdrt"
"2026-06-11 17:57:27","2026-06-12 01:57:27","0.000343604542915668","pod=paymentservice-7cff85ccd7-wtdrt"
"2026-06-11 17:57:42","2026-06-12 01:57:42","0.000445372518690388","pod=paymentservice-7cff85ccd7-wtdrt"
"2026-06-11 17:57:57","2026-06-12 01:57:57","0.000487988209285197","pod=paymentservice-7cff85ccd7-wtdrt"
"2026-06-11 17:58:12","2026-06-12 01:58:12","0.000465140918858449","pod=paymentservice-7cff85ccd7-wtdrt"
"2026-06-11 17:58:27","2026-06-12 01:58:27","0.000414041939044063","pod=paymentservice-7cff85ccd7-wtdrt"
"2026-06-11 17:58:42","2026-06-12 01:58:42","0.00038908120991998","pod=paymentservice-7cff85ccd7-wtdrt"
"2026-06-11 17:58:57","2026-06-12 01:58:57","0.000471936625653125","pod=paymentservice-7cff85ccd7-wtdrt"
"2026-06-11 17:59:12","2026-06-12 01:59:12","0.000482696452254638","pod=paymentservice-7cff85ccd7-wtdrt"
"2026-06-11 17:59:27","2026-06-12 01:59:27","0.000624010631437003","pod=paymentservice-7cff85ccd7-wtdrt"
"2026-06-11 17:59:42","2026-06-12 01:59:42","0.000546518885182403","pod=paymentservice-7cff85ccd7-wtdrt"
"2026-06-11 17:59:57","2026-06-12 01:59:57","0.000468788834719449","pod=paymentservice-7cff85ccd7-wtdrt"
"2026-06-11 18:00:12","2026-06-12 02:00:12","0.000298152245410522","pod=paymentservice-7cff85ccd7-wtdrt"
"2026-06-11 18:00:27","2026-06-12 02:00:27","0.000409311507773307","pod=paymentservice-7cff85ccd7-wtdrt"
"2026-06-11 18:00:42","2026-06-12 02:00:42","0.000495502309624781","pod=paymentservice-7cff85ccd7-wtdrt"
"2026-06-11 18:00:57","2026-06-12 02:00:57","0.000474922026468852","pod=paymentservice-7cff85ccd7-wtdrt"
"2026-06-11 18:01:12","2026-06-12 02:01:12","0.000515078315216336","pod=paymentservice-7cff85ccd7-wtdrt"
"2026-06-11 18:01:27","2026-06-12 02:01:27","0.000472961530539844","pod=paymentservice-7cff85ccd7-wtdrt"
"2026-06-11 18:01:42","2026-06-12 02:01:42","0.000524832758970191","pod=paymentservice-7cff85ccd7-wtdrt"
"2026-06-11 18:01:57","2026-06-12 02:01:57","0.000397989975450087","pod=paymentservice-7cff85ccd7-wtdrt"
"2026-06-11 18:02:12","2026-06-12 02:02:12","0.000435191051493237","pod=paymentservice-7cff85ccd7-wtdrt"
"2026-06-11 18:02:27","2026-06-12 02:02:27","0.00043775402977972","pod=paymentservice-7cff85ccd7-wtdrt"
"2026-06-11 18:02:42","2026-06-12 02:02:42","0.000395792975247045","pod=paymentservice-7cff85ccd7-wtdrt"
"2026-06-11 18:02:57","2026-06-12 02:02:57","0.000437176320611905","pod=paymentservice-7cff85ccd7-wtdrt"
"2026-06-11 18:03:12","2026-06-12 02:03:12","0.000378867313187677","pod=paymentservice-7cff85ccd7-wtdrt"
"2026-06-11 18:03:27","2026-06-12 02:03:27","0.000603257934193175","pod=paymentservice-7cff85ccd7-wtdrt"
"2026-06-11 18:03:42","2026-06-12 02:03:42","0.000622184323019333","pod=paymentservice-7cff85ccd7-wtdrt"
"2026-06-11 18:03:57","2026-06-12 02:03:57","0.000597283221267829","pod=paymentservice-7cff85ccd7-wtdrt"
"2026-06-11 18:04:12","2026-06-12 02:04:12","0.000509745219038308","pod=paymentservice-7cff85ccd7-wtdrt"
"2026-06-11 18:04:27","2026-06-12 02:04:27","0.000666101968376904","pod=paymentservice-7cff85ccd7-wtdrt"
"2026-06-11 18:04:42","2026-06-12 02:04:42","0.000858996585237732","pod=paymentservice-7cff85ccd7-wtdrt"
"2026-06-11 18:04:57","2026-06-12 02:04:57","0.000748482076020952","pod=paymentservice-7cff85ccd7-wtdrt"
"2026-06-11 18:05:12","2026-06-12 02:05:12","0.000809811017289909","pod=paymentservice-7cff85ccd7-wtdrt"
"2026-06-11 18:05:27","2026-06-12 02:05:27","0.000666941484428145","pod=paymentservice-7cff85ccd7-wtdrt"
"2026-06-11 18:05:42","2026-06-12 02:05:42","0.000614663970058353","pod=paymentservice-7cff85ccd7-wtdrt"
"2026-06-11 18:05:57","2026-06-12 02:05:57","0.000481375579598143","pod=paymentservice-7cff85ccd7-wtdrt"
"2026-06-11 18:06:12","2026-06-12 02:06:12","0.000549527398778679","pod=paymentservice-7cff85ccd7-wtdrt"
"2026-06-11 18:06:27","2026-06-12 02:06:27","0.000786336418072949","pod=paymentservice-7cff85ccd7-wtdrt"
"2026-06-11 18:06:42","2026-06-12 02:06:42","0.000679052998451906","pod=paymentservice-7cff85ccd7-wtdrt"
"2026-06-11 18:06:57","2026-06-12 02:06:57","0.000755366788236923","pod=paymentservice-7cff85ccd7-wtdrt"
"2026-06-11 18:07:12","2026-06-12 02:07:12","0.000562080671460273","pod=paymentservice-7cff85ccd7-wtdrt"
"2026-06-11 18:07:27","2026-06-12 02:07:27","0.000405876914682531","pod=paymentservice-7cff85ccd7-wtdrt"
"2026-06-11 18:07:42","2026-06-12 02:07:42","0.000567623267556295","pod=paymentservice-7cff85ccd7-wtdrt"
"2026-06-11 18:07:57","2026-06-12 02:07:57","0.000466671507167293","pod=paymentservice-7cff85ccd7-wtdrt"
"2026-06-11 18:08:12","2026-06-12 02:08:12","0.00050374913360357","pod=paymentservice-7cff85ccd7-wtdrt"
"2026-06-11 18:08:27","2026-06-12 02:08:27","0.000427567202789314","pod=paymentservice-7cff85ccd7-wtdrt"
"2026-06-11 18:08:42","2026-06-12 02:08:42","0.000532124289345561","pod=paymentservice-7cff85ccd7-wtdrt"
"2026-06-11 18:08:57","2026-06-12 02:08:57","0.000525753366103879","pod=paymentservice-7cff85ccd7-wtdrt"
"2026-06-11 18:09:12","2026-06-12 02:09:12","0.000475518035303163","pod=paymentservice-7cff85ccd7-wtdrt"
"2026-06-11 18:09:27","2026-06-12 02:09:27","0.000443000399596596","pod=paymentservice-7cff85ccd7-wtdrt"
"2026-06-11 18:09:42","2026-06-12 02:09:42","0.000588391661085063","pod=paymentservice-7cff85ccd7-wtdrt"
"2026-06-11 18:09:57","2026-06-12 02:09:57","0.000630890735014704","pod=paymentservice-7cff85ccd7-wtdrt"
"2026-06-11 18:10:12","2026-06-12 02:10:12","0.000933653985095885","pod=paymentservice-7cff85ccd7-wtdrt"
"2026-06-11 18:10:27","2026-06-12 02:10:27","0.000890811657626688","pod=paymentservice-7cff85ccd7-wtdrt"
"2026-06-11 18:10:42","2026-06-12 02:10:42","0.000911351283813348","pod=paymentservice-7cff85ccd7-wtdrt"
"2026-06-11 18:10:57","2026-06-12 02:10:57","0.000346329128811286","pod=paymentservice-7cff85ccd7-wtdrt"
"2026-06-11 18:11:12","2026-06-12 02:11:12","0.000620173627974727","pod=paymentservice-7cff85ccd7-wtdrt"
"2026-06-11 18:11:27","2026-06-12 02:11:27","0.00938826221347997","pod=paymentservice-7cff85ccd7-wtdrt"
"2026-06-11 18:11:42","2026-06-12 02:11:42","0.00902920995131674","pod=paymentservice-7cff85ccd7-wtdrt"
"2026-06-11 18:11:57","2026-06-12 02:11:57","0.0096291169151628","pod=paymentservice-7cff85ccd7-wtdrt"
"2026-06-11 18:12:12","2026-06-12 02:12:12","0.000506477131759307","pod=paymentservice-7cff85ccd7-wtdrt"
"2026-06-11 18:12:27","2026-06-12 02:12:27","0.000438761090342197","pod=paymentservice-7cff85ccd7-wtdrt"
"2026-06-11 18:12:42","2026-06-12 02:12:42","0.00042966066915782","pod=paymentservice-7cff85ccd7-wtdrt"
"2026-06-11 18:12:57","2026-06-12 02:12:57","0.000445676001871958","pod=paymentservice-7cff85ccd7-wtdrt"
"2026-06-11 18:13:12","2026-06-12 02:13:12","0.000318346951495936","pod=paymentservice-7cff85ccd7-wtdrt"
"2026-06-11 18:13:27","2026-06-12 02:13:27","0.000542890813984749","pod=paymentservice-7cff85ccd7-wtdrt"
"2026-06-11 18:13:42","2026-06-12 02:13:42","0.000438017468407198","pod=paymentservice-7cff85ccd7-wtdrt"
"2026-06-11 18:13:57","2026-06-12 02:13:57","0.000560338474136745","pod=paymentservice-7cff85ccd7-wtdrt"
"2026-06-11 18:14:12","2026-06-12 02:14:12","0.00034702460605729","pod=paymentservice-7cff85ccd7-wtdrt"
"2026-06-11 18:14:27","2026-06-12 02:14:27","0.000318634945874866","pod=paymentservice-7cff85ccd7-wtdrt"
"2026-06-11 18:14:42","2026-06-12 02:14:42","0.000420503007107703","pod=paymentservice-7cff85ccd7-wtdrt"
"2026-06-11 18:14:57","2026-06-12 02:14:57","0.000362066198595796","pod=paymentservice-7cff85ccd7-wtdrt"
"2026-06-11 18:15:12","2026-06-12 02:15:12","0.000290991470096969","pod=paymentservice-7cff85ccd7-wtdrt"
"2026-06-11 18:15:27","2026-06-12 02:15:27","0.00039509431386381","pod=paymentservice-7cff85ccd7-wtdrt"
"2026-06-11 18:15:42","2026-06-12 02:15:42","0.000422553289021303","pod=paymentservice-7cff85ccd7-wtdrt"
"2026-06-11 18:15:57","2026-06-12 02:15:57","0.000302100820391247","pod=paymentservice-7cff85ccd7-wtdrt"
"2026-06-11 18:16:12","2026-06-12 02:16:12","0.000749723960250272","pod=paymentservice-7cff85ccd7-wtdrt"
"2026-06-11 18:16:27","2026-06-12 02:16:27","0.000779640081333268","pod=paymentservice-7cff85ccd7-wtdrt"
"2026-06-11 18:16:42","2026-06-12 02:16:42","0.000861065277921011","pod=paymentservice-7cff85ccd7-wtdrt"
"2026-06-11 18:16:57","2026-06-12 02:16:57","0.000442321899736154","pod=paymentservice-7cff85ccd7-wtdrt"
"2026-06-11 18:17:12","2026-06-12 02:17:12","0.000478343981085567","pod=paymentservice-7cff85ccd7-wtdrt"
"2026-06-11 18:17:27","2026-06-12 02:17:27","0.00058329802758556","pod=paymentservice-7cff85ccd7-wtdrt"
"2026-06-11 18:17:42","2026-06-12 02:17:42","0.000427919892974408","pod=paymentservice-7cff85ccd7-wtdrt"
"2026-06-11 18:17:57","2026-06-12 02:17:57","0.0006480987324883","pod=paymentservice-7cff85ccd7-wtdrt"
"2026-06-11 18:18:12","2026-06-12 02:18:12","0.000591183342407034","pod=paymentservice-7cff85ccd7-wtdrt"
"2026-06-11 18:18:27","2026-06-12 02:18:27","0.000647697787941416","pod=paymentservice-7cff85ccd7-wtdrt"
"2026-06-11 18:18:42","2026-06-12 02:18:42","0.000291131753056135","pod=paymentservice-7cff85ccd7-wtdrt"
"2026-06-11 18:18:57","2026-06-12 02:18:57","0.000327580023312111","pod=paymentservice-7cff85ccd7-wtdrt"
"2026-06-11 18:19:12","2026-06-12 02:19:12","0.000268749864563239","pod=paymentservice-7cff85ccd7-wtdrt"
"2026-06-11 18:19:27","2026-06-12 02:19:27","0.000284127192406958","pod=paymentservice-7cff85ccd7-wtdrt"
"2026-06-11 18:19:42","2026-06-12 02:19:42","0.000253482855294367","pod=paymentservice-7cff85ccd7-wtdrt"
"2026-06-11 18:19:57","2026-06-12 02:19:57","0.00040679243387175","pod=paymentservice-7cff85ccd7-wtdrt"
"2026-06-11 18:20:12","2026-06-12 02:20:12","0.000421600370027731","pod=paymentservice-7cff85ccd7-wtdrt"
"2026-06-11 18:20:27","2026-06-12 02:20:27","0.000397610678149059","pod=paymentservice-7cff85ccd7-wtdrt"
"2026-06-11 18:20:42","2026-06-12 02:20:42","0.000367079006772009","pod=paymentservice-7cff85ccd7-wtdrt"
"2026-06-11 18:20:57","2026-06-12 02:20:57","0.00033915085478114","pod=paymentservice-7cff85ccd7-wtdrt"
"2026-06-11 18:21:12","2026-06-12 02:21:12","0.000278294261948389","pod=paymentservice-7cff85ccd7-wtdrt"
"2026-06-11 18:21:27","2026-06-12 02:21:27","0.000372266380236308","pod=paymentservice-7cff85ccd7-wtdrt"
"2026-06-11 18:21:42","2026-06-12 02:21:42","0.000401792075409671","pod=paymentservice-7cff85ccd7-wtdrt"
"2026-06-11 18:21:57","2026-06-12 02:21:57","0.000251034897769492","pod=paymentservice-7cff85ccd7-wtdrt"
"2026-06-11 18:22:12","2026-06-12 02:22:12","0.000477692455365696","pod=paymentservice-7cff85ccd7-wtdrt"
"2026-06-11 18:22:27","2026-06-12 02:22:27","0.000449967585707219","pod=paymentservice-7cff85ccd7-wtdrt"
"2026-06-11 18:22:42","2026-06-12 02:22:42","0.000490834394445404","pod=paymentservice-7cff85ccd7-wtdrt"
"2026-06-11 18:22:57","2026-06-12 02:22:57","0.000441912901563298","pod=paymentservice-7cff85ccd7-wtdrt"
"2026-06-11 18:23:12","2026-06-12 02:23:12","0.000561653130897591","pod=paymentservice-7cff85ccd7-wtdrt"
"2026-06-11 18:23:27","2026-06-12 02:23:27","0.000393368082094871","pod=paymentservice-7cff85ccd7-wtdrt"
"2026-06-11 18:23:42","2026-06-12 02:23:42","0.000544870131742091","pod=paymentservice-7cff85ccd7-wtdrt"
"2026-06-11 18:23:57","2026-06-12 02:23:57","0.000405406171195415","pod=paymentservice-7cff85ccd7-wtdrt"
"2026-06-11 18:24:12","2026-06-12 02:24:12","0.000353963819038744","pod=paymentservice-7cff85ccd7-wtdrt"
"2026-06-11 18:24:27","2026-06-12 02:24:27","0.000367659663426339","pod=paymentservice-7cff85ccd7-wtdrt"
"2026-06-11 18:24:42","2026-06-12 02:24:42","0.000587316550615945","pod=paymentservice-7cff85ccd7-wtdrt"
"2026-06-11 18:24:57","2026-06-12 02:24:57","0.000547828886474282","pod=paymentservice-7cff85ccd7-wtdrt"
"2026-06-11 18:25:12","2026-06-12 02:25:12","0.00053347351164489","pod=paymentservice-7cff85ccd7-wtdrt"
"2026-06-11 18:25:27","2026-06-12 02:25:27","0.000385657599331695","pod=paymentservice-7cff85ccd7-wtdrt"
"2026-06-11 18:25:42","2026-06-12 02:25:42","0.00042664627460033","pod=paymentservice-7cff85ccd7-wtdrt"
"2026-06-11 18:25:57","2026-06-12 02:25:57","0.000368666064778278","pod=paymentservice-7cff85ccd7-wtdrt"
"2026-06-11 18:26:12","2026-06-12 02:26:12","0.000421901579586899","pod=paymentservice-7cff85ccd7-wtdrt"
"2026-06-11 18:26:27","2026-06-12 02:26:27","0.000389060239128796","pod=paymentservice-7cff85ccd7-wtdrt"
"2026-06-11 18:26:42","2026-06-12 02:26:42","0.000390293310825047","pod=paymentservice-7cff85ccd7-wtdrt"
"2026-06-11 18:26:57","2026-06-12 02:26:57","0.000367844241719229","pod=paymentservice-7cff85ccd7-wtdrt"
"2026-06-11 18:27:12","2026-06-12 02:27:12","0.000525492387204923","pod=paymentservice-7cff85ccd7-wtdrt"
"2026-06-11 18:27:27","2026-06-12 02:27:27","0.000561435626703009","pod=paymentservice-7cff85ccd7-wtdrt"
"2026-06-11 18:27:42","2026-06-12 02:27:42","0.000539594463582166","pod=paymentservice-7cff85ccd7-wtdrt"
"2026-06-11 18:27:57","2026-06-12 02:27:57","0.000379072155325314","pod=paymentservice-7cff85ccd7-wtdrt"
"2026-06-11 18:28:12","2026-06-12 02:28:12","0.000353724617841685","pod=paymentservice-7cff85ccd7-wtdrt"
"2026-06-11 18:28:27","2026-06-12 02:28:27","0.000377266901197176","pod=paymentservice-7cff85ccd7-wtdrt"
"2026-06-11 18:28:42","2026-06-12 02:28:42","0.000448309567617247","pod=paymentservice-7cff85ccd7-wtdrt"
"2026-06-11 18:28:57","2026-06-12 02:28:57","0.000351758954532427","pod=paymentservice-7cff85ccd7-wtdrt"
"2026-06-11 18:29:12","2026-06-12 02:29:12","0.000396633735821473","pod=paymentservice-7cff85ccd7-wtdrt"
"2026-06-11 18:29:27","2026-06-12 02:29:27","0.00042444658325313","pod=paymentservice-7cff85ccd7-wtdrt"
"2026-06-11 18:29:42","2026-06-12 02:29:42","0.000404983124875906","pod=paymentservice-7cff85ccd7-wtdrt"
"2026-06-11 18:29:57","2026-06-12 02:29:57","0.000393178500822184","pod=paymentservice-7cff85ccd7-wtdrt"
"2026-06-11 18:30:12","2026-06-12 02:30:12","0.000417403741202163","pod=paymentservice-7cff85ccd7-wtdrt"
"2026-06-11 18:30:27","2026-06-12 02:30:27","0.000503544274852785","pod=paymentservice-7cff85ccd7-wtdrt"
"2026-06-11 18:30:42","2026-06-12 02:30:42","0.000600763133389352","pod=paymentservice-7cff85ccd7-wtdrt"
"2026-06-11 18:30:57","2026-06-12 02:30:57","0.000771925312483914","pod=paymentservice-7cff85ccd7-wtdrt"
"2026-06-11 18:31:12","2026-06-12 02:31:12","0.000727653447509514","pod=paymentservice-7cff85ccd7-wtdrt"
"2026-06-11 18:31:27","2026-06-12 02:31:27","0.000808428343908784","pod=paymentservice-7cff85ccd7-wtdrt"
"2026-06-11 18:31:42","2026-06-12 02:31:42","0.000584297912713489","pod=paymentservice-7cff85ccd7-wtdrt"
"2026-06-11 18:31:57","2026-06-12 02:31:57","0.000403064273683806","pod=paymentservice-7cff85ccd7-wtdrt"
"2026-06-11 18:32:12","2026-06-12 02:32:12","0.000338036020793486","pod=paymentservice-7cff85ccd7-wtdrt"
"2026-06-11 18:32:27","2026-06-12 02:32:27","0.00041303278067983","pod=paymentservice-7cff85ccd7-wtdrt"
"2026-06-11 18:32:42","2026-06-12 02:32:42","0.000391055839369258","pod=paymentservice-7cff85ccd7-wtdrt"
"2026-06-11 18:32:57","2026-06-12 02:32:57","0.000579010107532227","pod=paymentservice-7cff85ccd7-wtdrt"
"2026-06-11 18:33:12","2026-06-12 02:33:12","0.00050373098355283","pod=paymentservice-7cff85ccd7-wtdrt"
"2026-06-11 18:33:27","2026-06-12 02:33:27","0.000234618843447691","pod=paymentservice-7cff85ccd7-wtdrt"
"2026-06-11 18:33:42","2026-06-12 02:33:42","0.000475113641581338","pod=paymentservice-7cff85ccd7-wtdrt"
"2026-06-11 18:33:57","2026-06-12 02:33:57","0.000588518144028761","pod=paymentservice-7cff85ccd7-wtdrt"
"2026-06-11 18:34:12","2026-06-12 02:34:12","0.00472043557363011","pod=paymentservice-7cff85ccd7-wtdrt"
"2026-06-11 18:34:27","2026-06-12 02:34:27","0.00887973862856272","pod=paymentservice-7cff85ccd7-wtdrt"
"2026-06-11 18:34:42","2026-06-12 02:34:42","0.00859629786281194","pod=paymentservice-7cff85ccd7-wtdrt"
"2026-06-11 18:34:57","2026-06-12 02:34:57","0.00396794271998698","pod=paymentservice-7cff85ccd7-wtdrt"
"2026-06-11 18:35:12","2026-06-12 02:35:12","0.000665818387461627","pod=paymentservice-7cff85ccd7-wtdrt"
"2026-06-11 18:35:27","2026-06-12 02:35:27","0.000776028245033782","pod=paymentservice-7cff85ccd7-wtdrt"
"2026-06-11 18:35:42","2026-06-12 02:35:42","0.000822830805248035","pod=paymentservice-7cff85ccd7-wtdrt"
"2026-06-11 18:35:57","2026-06-12 02:35:57","0.000495446311139809","pod=paymentservice-7cff85ccd7-wtdrt"
"2026-06-11 18:36:12","2026-06-12 02:36:12","0.000497212727397877","pod=paymentservice-7cff85ccd7-wtdrt"
"2026-06-11 18:36:27","2026-06-12 02:36:27","0.000623695216673103","pod=paymentservice-7cff85ccd7-wtdrt"
"2026-06-11 18:36:42","2026-06-12 02:36:42","0.000579972155921558","pod=paymentservice-7cff85ccd7-wtdrt"
"2026-06-11 18:36:57","2026-06-12 02:36:57","0.000934907211651364","pod=paymentservice-7cff85ccd7-wtdrt"
"2026-06-11 18:37:12","2026-06-12 02:37:12","0.000838716434166974","pod=paymentservice-7cff85ccd7-wtdrt"
"2026-06-11 18:37:27","2026-06-12 02:37:27","0.000528140013726847","pod=paymentservice-7cff85ccd7-wtdrt"
"2026-06-11 18:37:42","2026-06-12 02:37:42","0.000511940452806793","pod=paymentservice-7cff85ccd7-wtdrt"
"2026-06-11 18:37:57","2026-06-12 02:37:57","0.00045901108158903","pod=paymentservice-7cff85ccd7-wtdrt"
"2026-06-11 18:38:12","2026-06-12 02:38:12","0.000499839479914949","pod=paymentservice-7cff85ccd7-wtdrt"
"2026-06-11 18:38:27","2026-06-12 02:38:27","0.000413598017114446","pod=paymentservice-7cff85ccd7-wtdrt"
"2026-06-11 18:38:42","2026-06-12 02:38:42","0.000825260885210484","pod=paymentservice-7cff85ccd7-wtdrt"
"2026-06-11 18:38:57","2026-06-12 02:38:57","0.000793563596254091","pod=paymentservice-7cff85ccd7-wtdrt"
"2026-06-11 18:39:12","2026-06-12 02:39:12","0.000591451040081182","pod=paymentservice-7cff85ccd7-wtdrt"
"2026-06-11 18:39:27","2026-06-12 02:39:27","0.000536224860673622","pod=paymentservice-7cff85ccd7-wtdrt"
"2026-06-11 18:39:42","2026-06-12 02:39:42","0.000496418693709643","pod=paymentservice-7cff85ccd7-wtdrt"
"2026-06-11 18:39:57","2026-06-12 02:39:57","0.000406595448211784","pod=paymentservice-7cff85ccd7-wtdrt"
"2026-06-11 18:40:12","2026-06-12 02:40:12","0.000353801650948934","pod=paymentservice-7cff85ccd7-wtdrt"
"2026-06-11 18:40:27","2026-06-12 02:40:27","0.00029228110599081","pod=paymentservice-7cff85ccd7-wtdrt"
"2026-06-11 18:40:42","2026-06-12 02:40:42","0.000252499999999989","pod=paymentservice-7cff85ccd7-wtdrt"
"2026-06-11 18:40:57","2026-06-12 02:40:57","0.000425697376128623","pod=paymentservice-7cff85ccd7-wtdrt"
"2026-06-11 18:41:12","2026-06-12 02:41:12","0.000378092367410712","pod=paymentservice-7cff85ccd7-wtdrt"
"2026-06-11 18:41:27","2026-06-12 02:41:27","0.000486330962759051","pod=paymentservice-7cff85ccd7-wtdrt"
"2026-06-11 18:41:42","2026-06-12 02:41:42","0.000539555041895393","pod=paymentservice-7cff85ccd7-wtdrt"
"2026-06-11 18:41:57","2026-06-12 02:41:57","0.000235399999999982","pod=paymentservice-7cff85ccd7-wtdrt"
"2026-06-11 18:42:12","2026-06-12 02:42:12","0.000467361155222441","pod=paymentservice-7cff85ccd7-wtdrt"
"2026-06-11 18:42:27","2026-06-12 02:42:27","0.000676318360389976","pod=paymentservice-7cff85ccd7-wtdrt"
"2026-06-11 18:42:42","2026-06-12 02:42:42","0.000753200333916786","pod=paymentservice-7cff85ccd7-wtdrt"
"2026-06-11 18:42:57","2026-06-12 02:42:57","0.0010826315955467","pod=paymentservice-7cff85ccd7-wtdrt"
"2026-06-11 18:43:12","2026-06-12 02:43:12","0.000644562523827682","pod=paymentservice-7cff85ccd7-wtdrt"
"2026-06-11 18:43:27","2026-06-12 02:43:27","0.000403890366496887","pod=paymentservice-7cff85ccd7-wtdrt"
"2026-06-11 18:43:42","2026-06-12 02:43:42","0.000313221363262971","pod=paymentservice-7cff85ccd7-wtdrt"
"2026-06-11 18:43:57","2026-06-12 02:43:57","0.000402494361872679","pod=paymentservice-7cff85ccd7-wtdrt"
"2026-06-11 18:44:12","2026-06-12 02:44:12","0.000377295564795561","pod=paymentservice-7cff85ccd7-wtdrt"
"2026-06-11 18:44:27","2026-06-12 02:44:27","0.000308172298405779","pod=paymentservice-7cff85ccd7-wtdrt"
"2026-06-11 18:44:42","2026-06-12 02:44:42","0.000399722173988506","pod=paymentservice-7cff85ccd7-wtdrt"
"2026-06-11 18:44:57","2026-06-12 02:44:57","0.000845940807848503","pod=paymentservice-7cff85ccd7-wtdrt"
"2026-06-11 18:45:12","2026-06-12 02:45:12","0.00113429712763935","pod=paymentservice-7cff85ccd7-wtdrt"
"2026-06-11 18:45:27","2026-06-12 02:45:27","0.000775078959241996","pod=paymentservice-7cff85ccd7-wtdrt"
"2026-06-11 18:45:42","2026-06-12 02:45:42","0.000470708834807671","pod=paymentservice-7cff85ccd7-wtdrt"
"2026-06-11 18:45:57","2026-06-12 02:45:57","0.000491109182561823","pod=paymentservice-7cff85ccd7-wtdrt"
"2026-06-11 18:46:12","2026-06-12 02:46:12","0.000650536807456884","pod=paymentservice-7cff85ccd7-wtdrt"
"2026-06-11 18:46:27","2026-06-12 02:46:27","0.000709114951029858","pod=paymentservice-7cff85ccd7-wtdrt"
"2026-06-11 18:46:42","2026-06-12 02:46:42","0.000582968184416055","pod=paymentservice-7cff85ccd7-wtdrt"
"2026-06-11 18:46:57","2026-06-12 02:46:57","0.000241596491140546","pod=paymentservice-7cff85ccd7-wtdrt"
"2026-06-11 18:47:12","2026-06-12 02:47:12","0.000367138154968418","pod=paymentservice-7cff85ccd7-wtdrt"
"2026-06-11 18:47:27","2026-06-12 02:47:27","0.000395326629248543","pod=paymentservice-7cff85ccd7-wtdrt"
"2026-06-11 18:47:42","2026-06-12 02:47:42","0.000400664098817921","pod=paymentservice-7cff85ccd7-wtdrt"
"2026-06-11 18:47:57","2026-06-12 02:47:57","0.000646459838152178","pod=paymentservice-7cff85ccd7-wtdrt"
"2026-06-11 18:48:12","2026-06-12 02:48:12","0.000664095824895501","pod=paymentservice-7cff85ccd7-wtdrt"
"2026-06-11 18:48:27","2026-06-12 02:48:27","0.000215633333333365","pod=paymentservice-7cff85ccd7-wtdrt"
"2026-06-11 18:48:42","2026-06-12 02:48:42","0.000356082251082251","pod=paymentservice-7cff85ccd7-wtdrt"
"2026-06-11 18:48:57","2026-06-12 02:48:57","0.000321622797476611","pod=paymentservice-7cff85ccd7-wtdrt"
"2026-06-11 18:49:12","2026-06-12 02:49:12","0.000605214405133067","pod=paymentservice-7cff85ccd7-wtdrt"
"2026-06-11 18:49:27","2026-06-12 02:49:27","0.000529895844442088","pod=paymentservice-7cff85ccd7-wtdrt"
"2026-06-11 18:49:42","2026-06-12 02:49:42","0.00210665043709195","pod=paymentservice-7cff85ccd7-wtdrt"
"2026-06-11 18:49:57","2026-06-12 02:49:57","0.00225273868988154","pod=paymentservice-7cff85ccd7-wtdrt"
"2026-06-11 18:50:12","2026-06-12 02:50:12","0.00236650588135737","pod=paymentservice-7cff85ccd7-wtdrt"
"2026-06-11 18:50:27","2026-06-12 02:50:27","0.00065697390549557","pod=paymentservice-7cff85ccd7-wtdrt"
"2026-06-11 18:50:42","2026-06-12 02:50:42","0.000475806506849279","pod=paymentservice-7cff85ccd7-wtdrt"
"2026-06-11 18:50:57","2026-06-12 02:50:57","0.000801877733916572","pod=paymentservice-7cff85ccd7-wtdrt"
"2026-06-11 18:51:12","2026-06-12 02:51:12","0.000660481211389302","pod=paymentservice-7cff85ccd7-wtdrt"
"2026-06-11 18:51:27","2026-06-12 02:51:27","0.000651596343495303","pod=paymentservice-7cff85ccd7-wtdrt"
"2026-06-11 18:51:42","2026-06-12 02:51:42","0.000504402432865629","pod=paymentservice-7cff85ccd7-wtdrt"
"2026-06-11 18:51:57","2026-06-12 02:51:57","0.000573498480953498","pod=paymentservice-7cff85ccd7-wtdrt"
"2026-06-11 18:52:12","2026-06-12 02:52:12","0.000587375389101226","pod=paymentservice-7cff85ccd7-wtdrt"
"2026-06-11 18:52:27","2026-06-12 02:52:27","0.000521659764068535","pod=paymentservice-7cff85ccd7-wtdrt"
"2026-06-11 18:52:42","2026-06-12 02:52:42","0.000527090551549757","pod=paymentservice-7cff85ccd7-wtdrt"
"2026-06-11 18:52:57","2026-06-12 02:52:57","0.000508289335825951","pod=paymentservice-7cff85ccd7-wtdrt"
"2026-06-11 18:53:12","2026-06-12 02:53:12","0.000366324479266038","pod=paymentservice-7cff85ccd7-wtdrt"
"2026-06-11 18:53:27","2026-06-12 02:53:27","0.00035650210716438","pod=paymentservice-7cff85ccd7-wtdrt"
"2026-06-11 18:53:42","2026-06-12 02:53:42","0.000380930321279692","pod=paymentservice-7cff85ccd7-wtdrt"
"2026-06-11 18:53:57","2026-06-12 02:53:57","0.000533872025761844","pod=paymentservice-7cff85ccd7-wtdrt"
"2026-06-11 18:54:12","2026-06-12 02:54:12","0.000451490588303588","pod=paymentservice-7cff85ccd7-wtdrt"
"2026-06-11 18:54:27","2026-06-12 02:54:27","0.000475652985074615","pod=paymentservice-7cff85ccd7-wtdrt"
"2026-06-11 18:54:42","2026-06-12 02:54:42","0.000407935143102811","pod=paymentservice-7cff85ccd7-wtdrt"
"2026-06-11 18:54:57","2026-06-12 02:54:57","0.000442189955666058","pod=paymentservice-7cff85ccd7-wtdrt"
"2026-06-11 18:55:12","2026-06-12 02:55:12","0.000387740797138244","pod=paymentservice-7cff85ccd7-wtdrt"
"2026-06-11 18:55:27","2026-06-12 02:55:27","0.000582485397618202","pod=paymentservice-7cff85ccd7-wtdrt"
"2026-06-11 18:55:42","2026-06-12 02:55:42","0.000609977557701422","pod=paymentservice-7cff85ccd7-wtdrt"
"2026-06-11 18:55:57","2026-06-12 02:55:57","0.000730099136238699","pod=paymentservice-7cff85ccd7-wtdrt"
"2026-06-11 18:56:12","2026-06-12 02:56:12","0.000522369154380078","pod=paymentservice-7cff85ccd7-wtdrt"
"2026-06-11 18:56:27","2026-06-12 02:56:27","0.00195596602133542","pod=paymentservice-7cff85ccd7-wtdrt"
"2026-06-11 18:56:42","2026-06-12 02:56:42","0.00198605620722457","pod=paymentservice-7cff85ccd7-wtdrt"
"2026-06-11 18:56:57","2026-06-12 02:56:57","0.00195833771157169","pod=paymentservice-7cff85ccd7-wtdrt"
"2026-06-11 18:57:12","2026-06-12 02:57:12","0.000756637168141602","pod=paymentservice-7cff85ccd7-wtdrt"
"2026-06-11 18:57:27","2026-06-12 02:57:27","0.0129299642582455","pod=paymentservice-7cff85ccd7-wtdrt"
"2026-06-11 18:57:42","2026-06-12 02:57:42","0.0129299642582455","pod=paymentservice-7cff85ccd7-wtdrt"
"2026-06-11 18:57:57","2026-06-12 02:57:57","0.0114606575241071","pod=paymentservice-7cff85ccd7-wtdrt"
"2026-06-11 18:58:12","2026-06-12 02:58:12","0.000324942988683773","pod=paymentservice-7cff85ccd7-wtdrt"
"2026-06-11 18:58:27","2026-06-12 02:58:27","0.000239074012359877","pod=paymentservice-7cff85ccd7-wtdrt"
"2026-06-11 18:58:42","2026-06-12 02:58:42","0.000363014161244599","pod=paymentservice-7cff85ccd7-wtdrt"
"2026-06-11 18:58:57","2026-06-12 02:58:57","0.00044628883641248","pod=paymentservice-7cff85ccd7-wtdrt"
"2026-06-11 18:59:12","2026-06-12 02:59:12","0.000498661550816454","pod=paymentservice-7cff85ccd7-wtdrt"
"2026-06-11 18:59:27","2026-06-12 02:59:27","0.000619052841694258","pod=paymentservice-7cff85ccd7-wtdrt"
"2026-06-11 18:59:42","2026-06-12 02:59:42","0.000670291262135904","pod=paymentservice-7cff85ccd7-wtdrt"
"2026-06-11 18:59:57","2026-06-12 02:59:57","0.000659600724507877","pod=paymentservice-7cff85ccd7-wtdrt"
"2026-06-11 19:00:12","2026-06-12 03:00:12","0.00055935558014811","pod=paymentservice-7cff85ccd7-wtdrt"
"2026-06-11 19:00:27","2026-06-12 03:00:27","0.000493203650336237","pod=paymentservice-7cff85ccd7-wtdrt"
"2026-06-11 19:00:42","2026-06-12 03:00:42","0.000434906661948145","pod=paymentservice-7cff85ccd7-wtdrt"
"2026-06-11 19:00:57","2026-06-12 03:00:57","0.000442833946224738","pod=paymentservice-7cff85ccd7-wtdrt"
"2026-06-11 19:01:12","2026-06-12 03:01:12","0.000410297191674996","pod=paymentservice-7cff85ccd7-wtdrt"
"2026-06-11 19:01:27","2026-06-12 03:01:27","0.000601876019575877","pod=paymentservice-7cff85ccd7-wtdrt"
"2026-06-11 19:01:42","2026-06-12 03:01:42","0.000535391654128511","pod=paymentservice-7cff85ccd7-wtdrt"
"2026-06-11 19:01:57","2026-06-12 03:01:57","0.000763185279788076","pod=paymentservice-7cff85ccd7-wtdrt"
"2026-06-11 19:02:12","2026-06-12 03:02:12","0.000702876608629834","pod=paymentservice-7cff85ccd7-wtdrt"
"2026-06-11 19:02:27","2026-06-12 03:02:27","0.000442217339868175","pod=paymentservice-7cff85ccd7-wtdrt"
"2026-06-11 19:02:42","2026-06-12 03:02:42","0.000440637713483279","pod=paymentservice-7cff85ccd7-wtdrt"
"2026-06-11 19:02:57","2026-06-12 03:02:57","0.000749599264784432","pod=paymentservice-7cff85ccd7-wtdrt"
"2026-06-11 19:03:12","2026-06-12 03:03:12","0.000682574625358482","pod=paymentservice-7cff85ccd7-wtdrt"
"2026-06-11 19:03:27","2026-06-12 03:03:27","0.000755356952867299","pod=paymentservice-7cff85ccd7-wtdrt"
"2026-06-11 19:03:42","2026-06-12 03:03:42","0.000413482943940992","pod=paymentservice-7cff85ccd7-wtdrt"
"2026-06-11 19:03:57","2026-06-12 03:03:57","0.000536102557657275","pod=paymentservice-7cff85ccd7-wtdrt"
"2026-06-11 19:04:12","2026-06-12 03:04:12","0.000460875415212547","pod=paymentservice-7cff85ccd7-wtdrt"
"2026-06-11 19:04:27","2026-06-12 03:04:27","0.000726523985824327","pod=paymentservice-7cff85ccd7-wtdrt"
"2026-06-11 19:04:42","2026-06-12 03:04:42","0.000950976337157411","pod=paymentservice-7cff85ccd7-wtdrt"
"2026-06-11 19:04:57","2026-06-12 03:04:57","0.00101202740791136","pod=paymentservice-7cff85ccd7-wtdrt"
"2026-06-11 19:05:12","2026-06-12 03:05:12","0.000616885738638916","pod=paymentservice-7cff85ccd7-wtdrt"
"2026-06-11 19:05:27","2026-06-12 03:05:27","0.000309477109615302","pod=paymentservice-7cff85ccd7-wtdrt"
"2026-06-11 19:05:42","2026-06-12 03:05:42","0.000341120541908107","pod=paymentservice-7cff85ccd7-wtdrt"
"2026-06-11 19:05:57","2026-06-12 03:05:57","0.000425208719851587","pod=paymentservice-7cff85ccd7-wtdrt"
"2026-06-11 19:06:12","2026-06-12 03:06:12","0.000339269048044123","pod=paymentservice-7cff85ccd7-wtdrt"
"2026-06-11 19:06:27","2026-06-12 03:06:27","0.000603189662961964","pod=paymentservice-7cff85ccd7-wtdrt"
"2026-06-11 19:06:42","2026-06-12 03:06:42","0.000535244122130315","pod=paymentservice-7cff85ccd7-wtdrt"
"2026-06-11 19:06:57","2026-06-12 03:06:57","0.000236006007512427","pod=paymentservice-7cff85ccd7-wtdrt"
"2026-06-11 19:07:12","2026-06-12 03:07:12","0.000256331473239492","pod=paymentservice-7cff85ccd7-wtdrt"
"2026-06-11 19:07:27","2026-06-12 03:07:27","0.000790883859948781","pod=paymentservice-7cff85ccd7-wtdrt"
"2026-06-11 19:07:42","2026-06-12 03:07:42","0.000777563676633444","pod=paymentservice-7cff85ccd7-wtdrt"
"2026-06-11 19:07:57","2026-06-12 03:07:57","0.000969351224663253","pod=paymentservice-7cff85ccd7-wtdrt"
"2026-06-11 19:08:12","2026-06-12 03:08:12","0.000375142271796044","pod=paymentservice-7cff85ccd7-wtdrt"
"2026-06-11 19:08:27","2026-06-12 03:08:27","0.0004209316853331","pod=paymentservice-7cff85ccd7-wtdrt"
"2026-06-11 19:08:42","2026-06-12 03:08:42","0.000341083926195867","pod=paymentservice-7cff85ccd7-wtdrt"
"2026-06-11 19:08:57","2026-06-12 03:08:57","0.000513825402772582","pod=paymentservice-7cff85ccd7-wtdrt"
"2026-06-11 19:09:12","2026-06-12 03:09:12","0.000585785282069418","pod=paymentservice-7cff85ccd7-wtdrt"
"2026-06-11 19:09:27","2026-06-12 03:09:27","0.000672874944370269","pod=paymentservice-7cff85ccd7-wtdrt"
"2026-06-11 19:09:42","2026-06-12 03:09:42","0.000489931181594234","pod=paymentservice-7cff85ccd7-wtdrt"
"2026-06-11 19:09:57","2026-06-12 03:09:57","0.000343139855146382","pod=paymentservice-7cff85ccd7-wtdrt"
"2026-06-11 19:10:12","2026-06-12 03:10:12","0.00025681957223936","pod=paymentservice-7cff85ccd7-wtdrt"
"2026-06-11 19:10:27","2026-06-12 03:10:27","0.000355124014612561","pod=paymentservice-7cff85ccd7-wtdrt"
"2026-06-11 19:10:42","2026-06-12 03:10:42","0.000553294010135425","pod=paymentservice-7cff85ccd7-wtdrt"
"2026-06-11 19:10:57","2026-06-12 03:10:57","0.00125970361776187","pod=paymentservice-7cff85ccd7-wtdrt"
"2026-06-11 19:11:12","2026-06-12 03:11:12","0.00108223548399207","pod=paymentservice-7cff85ccd7-wtdrt"
"2026-06-11 19:11:27","2026-06-12 03:11:27","0.00100946369530376","pod=paymentservice-7cff85ccd7-wtdrt"
"2026-06-11 19:11:42","2026-06-12 03:11:42","0.00060135000992654","pod=paymentservice-7cff85ccd7-wtdrt"
"2026-06-11 19:11:57","2026-06-12 03:11:57","0.000630966695562181","pod=paymentservice-7cff85ccd7-wtdrt"
"2026-06-11 19:12:12","2026-06-12 03:12:12","0.000616037947501681","pod=paymentservice-7cff85ccd7-wtdrt"
"2026-06-11 19:12:27","2026-06-12 03:12:27","0.000550198837564984","pod=paymentservice-7cff85ccd7-wtdrt"
"2026-06-11 19:12:42","2026-06-12 03:12:42","0.000392560202007748","pod=paymentservice-7cff85ccd7-wtdrt"
"2026-06-11 19:12:57","2026-06-12 03:12:57","0.000379980544360846","pod=paymentservice-7cff85ccd7-wtdrt"
"2026-06-11 19:13:12","2026-06-12 03:13:12","0.000319461334053967","pod=paymentservice-7cff85ccd7-wtdrt"
"2026-06-11 19:13:27","2026-06-12 03:13:27","0.000379639375772276","pod=paymentservice-7cff85ccd7-wtdrt"
"2026-06-11 19:13:42","2026-06-12 03:13:42","0.00043817188156865","pod=paymentservice-7cff85ccd7-wtdrt"
"2026-06-11 19:13:57","2026-06-12 03:13:57","0.000400960209595152","pod=paymentservice-7cff85ccd7-wtdrt"
"2026-06-11 19:14:12","2026-06-12 03:14:12","0.000523878183270665","pod=paymentservice-7cff85ccd7-wtdrt"
"2026-06-11 19:14:27","2026-06-12 03:14:27","0.000389432930995194","pod=paymentservice-7cff85ccd7-wtdrt"
"2026-06-11 19:14:42","2026-06-12 03:14:42","0.000269056721979456","pod=paymentservice-7cff85ccd7-wtdrt"
"2026-06-11 19:14:57","2026-06-12 03:14:57","0.000331462406710686","pod=paymentservice-7cff85ccd7-wtdrt"
"2026-06-11 19:15:12","2026-06-12 03:15:12","0.000359720306636359","pod=paymentservice-7cff85ccd7-wtdrt"
"2026-06-11 19:15:27","2026-06-12 03:15:27","0.000250223438721904","pod=paymentservice-7cff85ccd7-wtdrt"
"2026-06-11 19:15:42","2026-06-12 03:15:42","0.000431088667436645","pod=paymentservice-7cff85ccd7-wtdrt"
"2026-06-11 19:15:57","2026-06-12 03:15:57","0.000569693925474262","pod=paymentservice-7cff85ccd7-wtdrt"
"2026-06-11 19:16:12","2026-06-12 03:16:12","0.000608234571152662","pod=paymentservice-7cff85ccd7-wtdrt"
"2026-06-11 19:16:27","2026-06-12 03:16:27","0.000508367772752081","pod=paymentservice-7cff85ccd7-wtdrt"
"2026-06-11 19:16:42","2026-06-12 03:16:42","0.000607531664336852","pod=paymentservice-7cff85ccd7-wtdrt"
"2026-06-11 19:16:57","2026-06-12 03:16:57","0.000660623791860405","pod=paymentservice-7cff85ccd7-wtdrt"
"2026-06-11 19:17:12","2026-06-12 03:17:12","0.000734293901384078","pod=paymentservice-7cff85ccd7-wtdrt"
"2026-06-11 19:17:27","2026-06-12 03:17:27","0.000816798878282071","pod=paymentservice-7cff85ccd7-wtdrt"
"2026-06-11 19:17:42","2026-06-12 03:17:42","0.000905488570710888","pod=paymentservice-7cff85ccd7-wtdrt"
"2026-06-11 19:17:57","2026-06-12 03:17:57","0.000997399674959345","pod=paymentservice-7cff85ccd7-wtdrt"
"2026-06-11 19:18:12","2026-06-12 03:18:12","0.000903756994404474","pod=paymentservice-7cff85ccd7-wtdrt"
"2026-06-11 19:18:27","2026-06-12 03:18:27","0.00062038245910452","pod=paymentservice-7cff85ccd7-wtdrt"
"2026-06-11 19:18:42","2026-06-12 03:18:42","0.000578143158438461","pod=paymentservice-7cff85ccd7-wtdrt"
"2026-06-11 19:18:57","2026-06-12 03:18:57","0.000471676948962421","pod=paymentservice-7cff85ccd7-wtdrt"
"2026-06-11 19:19:12","2026-06-12 03:19:12","0.000348312267918821","pod=paymentservice-7cff85ccd7-wtdrt"
"2026-06-11 19:19:27","2026-06-12 03:19:27","0.000315281961178029","pod=paymentservice-7cff85ccd7-wtdrt"
"2026-06-11 19:19:42","2026-06-12 03:19:42","0.000291781719473941","pod=paymentservice-7cff85ccd7-wtdrt"
"2026-06-11 19:19:57","2026-06-12 03:19:57","0.000362697445327238","pod=paymentservice-7cff85ccd7-wtdrt"
"2026-06-11 19:20:12","2026-06-12 03:20:12","0.000403226976946715","pod=paymentservice-7cff85ccd7-wtdrt"
"2026-06-11 19:20:27","2026-06-12 03:20:27","0.000401010932173533","pod=paymentservice-7cff85ccd7-wtdrt"
"2026-06-11 19:20:42","2026-06-12 03:20:42","0.00889591863402735","pod=paymentservice-7cff85ccd7-wtdrt"
"2026-06-11 19:20:57","2026-06-12 03:20:57","0.00839274275288871","pod=paymentservice-7cff85ccd7-wtdrt"
"2026-06-11 19:21:12","2026-06-12 03:21:12","0.0110423486969632","pod=paymentservice-7cff85ccd7-wtdrt"
"2026-06-11 19:21:27","2026-06-12 03:21:27","0.000388390149217519","pod=paymentservice-7cff85ccd7-wtdrt"
"2026-06-11 19:21:42","2026-06-12 03:21:42","0.000331703341483294","pod=paymentservice-7cff85ccd7-wtdrt"
"2026-06-11 19:21:57","2026-06-12 03:21:57","0.000210975503234801","pod=paymentservice-7cff85ccd7-wtdrt"
"2026-06-11 19:22:12","2026-06-12 03:22:12","0.000469605172203492","pod=paymentservice-7cff85ccd7-wtdrt"
"2026-06-11 19:22:27","2026-06-12 03:22:27","0.000567421862080369","pod=paymentservice-7cff85ccd7-wtdrt"
"2026-06-11 19:22:42","2026-06-12 03:22:42","0.000552892075552472","pod=paymentservice-7cff85ccd7-wtdrt"
"2026-06-11 19:22:57","2026-06-12 03:22:57","0.000432643977093696","pod=paymentservice-7cff85ccd7-wtdrt"
"2026-06-11 19:23:12","2026-06-12 03:23:12","0.000549789441248986","pod=paymentservice-7cff85ccd7-wtdrt"
"2026-06-11 19:23:27","2026-06-12 03:23:27","0.000549789441248986","pod=paymentservice-7cff85ccd7-wtdrt"
"2026-06-11 19:23:42","2026-06-12 03:23:42","0.00054423055524646","pod=paymentservice-7cff85ccd7-wtdrt"
"2026-06-11 19:23:57","2026-06-12 03:23:57","0.000613775566006772","pod=paymentservice-7cff85ccd7-wtdrt"
"2026-06-11 19:24:12","2026-06-12 03:24:12","0.000429301791662291","pod=paymentservice-7cff85ccd7-wtdrt"
"2026-06-11 19:24:27","2026-06-12 03:24:27","0.000574190658083996","pod=paymentservice-7cff85ccd7-wtdrt"
"2026-06-11 19:24:42","2026-06-12 03:24:42","0.00123770402729782","pod=paymentservice-7cff85ccd7-wtdrt"
"2026-06-11 19:24:57","2026-06-12 03:24:57","0.00166818631352968","pod=paymentservice-7cff85ccd7-wtdrt"
"2026-06-11 19:25:12","2026-06-12 03:25:12","0.00167334791916623","pod=paymentservice-7cff85ccd7-wtdrt"
"2026-06-11 19:25:27","2026-06-12 03:25:27","0.000853943546923213","pod=paymentservice-7cff85ccd7-wtdrt"
"2026-06-11 19:25:42","2026-06-12 03:25:42","0.000491706520913998","pod=paymentservice-7cff85ccd7-wtdrt"
"2026-06-11 19:25:57","2026-06-12 03:25:57","0.000363880073509485","pod=paymentservice-7cff85ccd7-wtdrt"
"2026-06-11 19:26:12","2026-06-12 03:26:12","0.000662873781595914","pod=paymentservice-7cff85ccd7-wtdrt"
"2026-06-11 19:26:27","2026-06-12 03:26:27","0.000723875152006465","pod=paymentservice-7cff85ccd7-wtdrt"
"2026-06-11 19:26:42","2026-06-12 03:26:42","0.000417523085007187","pod=paymentservice-7cff85ccd7-wtdrt"
"2026-06-11 19:26:57","2026-06-12 03:26:57","0.000458100383304292","pod=paymentservice-7cff85ccd7-wtdrt"
"2026-06-11 17:26:57","2026-06-12 01:26:57","0.00335229413199327","pod=productcatalogservice-54c86d9f79-xc76x"
"2026-06-11 17:27:12","2026-06-12 01:27:12","0.00472856330387617","pod=productcatalogservice-54c86d9f79-xc76x"
"2026-06-11 17:27:27","2026-06-12 01:27:27","0.004362845075024","pod=productcatalogservice-54c86d9f79-xc76x"
"2026-06-11 17:27:42","2026-06-12 01:27:42","0.00408347562132425","pod=productcatalogservice-54c86d9f79-xc76x"
"2026-06-11 17:27:57","2026-06-12 01:27:57","0.0033865970909688","pod=productcatalogservice-54c86d9f79-xc76x"
"2026-06-11 17:28:12","2026-06-12 01:28:12","0.00277967010181842","pod=productcatalogservice-54c86d9f79-xc76x"
"2026-06-11 17:28:27","2026-06-12 01:28:27","0.00351066107592113","pod=productcatalogservice-54c86d9f79-xc76x"
"2026-06-11 17:28:42","2026-06-12 01:28:42","0.00459827997098747","pod=productcatalogservice-54c86d9f79-xc76x"
"2026-06-11 17:28:57","2026-06-12 01:28:57","0.00398782297194494","pod=productcatalogservice-54c86d9f79-xc76x"
"2026-06-11 17:29:12","2026-06-12 01:29:12","0.00452014738838124","pod=productcatalogservice-54c86d9f79-xc76x"
"2026-06-11 17:29:27","2026-06-12 01:29:27","0.00453114978879619","pod=productcatalogservice-54c86d9f79-xc76x"
"2026-06-11 17:29:42","2026-06-12 01:29:42","0.00451131065446389","pod=productcatalogservice-54c86d9f79-xc76x"
"2026-06-11 17:29:57","2026-06-12 01:29:57","0.00495606595995291","pod=productcatalogservice-54c86d9f79-xc76x"
"2026-06-11 17:30:12","2026-06-12 01:30:12","0.00465327128513148","pod=productcatalogservice-54c86d9f79-xc76x"
"2026-06-11 17:30:27","2026-06-12 01:30:27","0.0047054545454545","pod=productcatalogservice-54c86d9f79-xc76x"
"2026-06-11 17:30:42","2026-06-12 01:30:42","0.00393897682954809","pod=productcatalogservice-54c86d9f79-xc76x"
"2026-06-11 17:30:57","2026-06-12 01:30:57","0.00392042351078565","pod=productcatalogservice-54c86d9f79-xc76x"
"2026-06-11 17:31:12","2026-06-12 01:31:12","0.00383586779940878","pod=productcatalogservice-54c86d9f79-xc76x"
"2026-06-11 17:31:27","2026-06-12 01:31:27","0.00459936867873478","pod=productcatalogservice-54c86d9f79-xc76x"
"2026-06-11 17:31:42","2026-06-12 01:31:42","0.00514033530571991","pod=productcatalogservice-54c86d9f79-xc76x"
"2026-06-11 17:31:57","2026-06-12 01:31:57","0.00382223596866086","pod=productcatalogservice-54c86d9f79-xc76x"
"2026-06-11 17:32:12","2026-06-12 01:32:12","0.00514380530973446","pod=productcatalogservice-54c86d9f79-xc76x"
"2026-06-11 17:32:27","2026-06-12 01:32:27","0.00522633217763835","pod=productcatalogservice-54c86d9f79-xc76x"
"2026-06-11 17:32:42","2026-06-12 01:32:42","0.00530688794880144","pod=productcatalogservice-54c86d9f79-xc76x"
"2026-06-11 17:32:57","2026-06-12 01:32:57","0.00509775451629252","pod=productcatalogservice-54c86d9f79-xc76x"
"2026-06-11 17:33:12","2026-06-12 01:33:12","0.00532635138201798","pod=productcatalogservice-54c86d9f79-xc76x"
"2026-06-11 17:33:27","2026-06-12 01:33:27","0.00450381716157317","pod=productcatalogservice-54c86d9f79-xc76x"
"2026-06-11 17:33:42","2026-06-12 01:33:42","0.0045565389224074","pod=productcatalogservice-54c86d9f79-xc76x"
"2026-06-11 17:33:57","2026-06-12 01:33:57","0.00389244909831288","pod=productcatalogservice-54c86d9f79-xc76x"
"2026-06-11 17:34:12","2026-06-12 01:34:12","0.00418682580790449","pod=productcatalogservice-54c86d9f79-xc76x"
"2026-06-11 17:34:27","2026-06-12 01:34:27","0.00440746803866548","pod=productcatalogservice-54c86d9f79-xc76x"
"2026-06-11 17:34:42","2026-06-12 01:34:42","0.00452967594831759","pod=productcatalogservice-54c86d9f79-xc76x"
"2026-06-11 17:34:57","2026-06-12 01:34:57","0.00483361007482796","pod=productcatalogservice-54c86d9f79-xc76x"
"2026-06-11 17:35:12","2026-06-12 01:35:12","0.00492873110496059","pod=productcatalogservice-54c86d9f79-xc76x"
"2026-06-11 17:35:27","2026-06-12 01:35:27","0.00409362499689003","pod=productcatalogservice-54c86d9f79-xc76x"
"2026-06-11 17:35:42","2026-06-12 01:35:42","0.00468754922316889","pod=productcatalogservice-54c86d9f79-xc76x"
"2026-06-11 17:35:57","2026-06-12 01:35:57","0.00455819228101747","pod=productcatalogservice-54c86d9f79-xc76x"
"2026-06-11 17:36:12","2026-06-12 01:36:12","0.00433075677651864","pod=productcatalogservice-54c86d9f79-xc76x"
"2026-06-11 17:36:27","2026-06-12 01:36:27","0.00428492462311562","pod=productcatalogservice-54c86d9f79-xc76x"
"2026-06-11 17:36:42","2026-06-12 01:36:42","0.00432592702023934","pod=productcatalogservice-54c86d9f79-xc76x"
"2026-06-11 17:36:57","2026-06-12 01:36:57","0.0040537147606237","pod=productcatalogservice-54c86d9f79-xc76x"
"2026-06-11 17:37:12","2026-06-12 01:37:12","0.0045319886542704","pod=productcatalogservice-54c86d9f79-xc76x"
"2026-06-11 17:37:27","2026-06-12 01:37:27","0.00333050125583483","pod=productcatalogservice-54c86d9f79-xc76x"
"2026-06-11 17:37:42","2026-06-12 01:37:42","0.00460277359465963","pod=productcatalogservice-54c86d9f79-xc76x"
"2026-06-11 17:37:57","2026-06-12 01:37:57","0.00412726498456302","pod=productcatalogservice-54c86d9f79-xc76x"
"2026-06-11 17:38:12","2026-06-12 01:38:12","0.00408149327523357","pod=productcatalogservice-54c86d9f79-xc76x"
"2026-06-11 17:38:27","2026-06-12 01:38:27","0.00424454938836641","pod=productcatalogservice-54c86d9f79-xc76x"
"2026-06-11 17:38:42","2026-06-12 01:38:42","0.00430322896881308","pod=productcatalogservice-54c86d9f79-xc76x"
"2026-06-11 17:38:57","2026-06-12 01:38:57","0.00458713568322171","pod=productcatalogservice-54c86d9f79-xc76x"
"2026-06-11 17:39:12","2026-06-12 01:39:12","0.004225728798055","pod=productcatalogservice-54c86d9f79-xc76x"
"2026-06-11 17:39:27","2026-06-12 01:39:27","0.00296284551311816","pod=productcatalogservice-54c86d9f79-xc76x"
"2026-06-11 17:39:42","2026-06-12 01:39:42","0.00410082423960991","pod=productcatalogservice-54c86d9f79-xc76x"
"2026-06-11 17:39:57","2026-06-12 01:39:57","0.00477020114942518","pod=productcatalogservice-54c86d9f79-xc76x"
"2026-06-11 17:40:12","2026-06-12 01:40:12","0.00428472584560232","pod=productcatalogservice-54c86d9f79-xc76x"
"2026-06-11 17:40:27","2026-06-12 01:40:27","0.00412194570647149","pod=productcatalogservice-54c86d9f79-xc76x"
"2026-06-11 17:40:42","2026-06-12 01:40:42","0.00403906250000007","pod=productcatalogservice-54c86d9f79-xc76x"
"2026-06-11 17:40:57","2026-06-12 01:40:57","0.00449650323705641","pod=productcatalogservice-54c86d9f79-xc76x"
"2026-06-11 17:41:12","2026-06-12 01:41:12","0.00449767495662232","pod=productcatalogservice-54c86d9f79-xc76x"
"2026-06-11 17:41:27","2026-06-12 01:41:27","0.00521000682984866","pod=productcatalogservice-54c86d9f79-xc76x"
"2026-06-11 17:41:42","2026-06-12 01:41:42","0.00514476683299464","pod=productcatalogservice-54c86d9f79-xc76x"
"2026-06-11 17:41:57","2026-06-12 01:41:57","0.00489389757743014","pod=productcatalogservice-54c86d9f79-xc76x"
"2026-06-11 17:42:12","2026-06-12 01:42:12","0.00374126396272621","pod=productcatalogservice-54c86d9f79-xc76x"
"2026-06-11 17:42:27","2026-06-12 01:42:27","0.00296351474862939","pod=productcatalogservice-54c86d9f79-xc76x"
"2026-06-11 17:42:42","2026-06-12 01:42:42","0.00375979600907661","pod=productcatalogservice-54c86d9f79-xc76x"
"2026-06-11 17:42:57","2026-06-12 01:42:57","0.00413452188006488","pod=productcatalogservice-54c86d9f79-xc76x"
"2026-06-11 17:43:12","2026-06-12 01:43:12","0.00418513925794706","pod=productcatalogservice-54c86d9f79-xc76x"
"2026-06-11 17:43:27","2026-06-12 01:43:27","0.00337503637443004","pod=productcatalogservice-54c86d9f79-xc76x"
"2026-06-11 17:43:42","2026-06-12 01:43:42","0.00411960884621428","pod=productcatalogservice-54c86d9f79-xc76x"
"2026-06-11 17:43:57","2026-06-12 01:43:57","0.00446432460687367","pod=productcatalogservice-54c86d9f79-xc76x"
"2026-06-11 17:44:12","2026-06-12 01:44:12","0.00304499224813385","pod=productcatalogservice-54c86d9f79-xc76x"
"2026-06-11 17:44:27","2026-06-12 01:44:27","0.00419881853041773","pod=productcatalogservice-54c86d9f79-xc76x"
"2026-06-11 17:44:42","2026-06-12 01:44:42","0.00372567807046536","pod=productcatalogservice-54c86d9f79-xc76x"
"2026-06-11 17:44:57","2026-06-12 01:44:57","0.0038753450496872","pod=productcatalogservice-54c86d9f79-xc76x"
"2026-06-11 17:45:12","2026-06-12 01:45:12","0.00387007823521865","pod=productcatalogservice-54c86d9f79-xc76x"
"2026-06-11 17:45:27","2026-06-12 01:45:27","0.00273024999999993","pod=productcatalogservice-54c86d9f79-xc76x"
"2026-06-11 17:45:42","2026-06-12 01:45:42","0.00411625638742225","pod=productcatalogservice-54c86d9f79-xc76x"
"2026-06-11 17:45:57","2026-06-12 01:45:57","0.00463192739510637","pod=productcatalogservice-54c86d9f79-xc76x"
"2026-06-11 17:46:12","2026-06-12 01:46:12","0.00418041888200214","pod=productcatalogservice-54c86d9f79-xc76x"
"2026-06-11 17:46:27","2026-06-12 01:46:27","0.00396614713938505","pod=productcatalogservice-54c86d9f79-xc76x"
"2026-06-11 17:46:42","2026-06-12 01:46:42","0.00373147965035789","pod=productcatalogservice-54c86d9f79-xc76x"
"2026-06-11 17:46:57","2026-06-12 01:46:57","0.00381469484071649","pod=productcatalogservice-54c86d9f79-xc76x"
"2026-06-11 17:47:12","2026-06-12 01:47:12","0.00400701324724477","pod=productcatalogservice-54c86d9f79-xc76x"
"2026-06-11 17:47:27","2026-06-12 01:47:27","0.00394598023367643","pod=productcatalogservice-54c86d9f79-xc76x"
"2026-06-11 17:47:42","2026-06-12 01:47:42","0.0038510100478167","pod=productcatalogservice-54c86d9f79-xc76x"
"2026-06-11 17:47:57","2026-06-12 01:47:57","0.00373381353188745","pod=productcatalogservice-54c86d9f79-xc76x"
"2026-06-11 17:48:12","2026-06-12 01:48:12","0.00355868180746043","pod=productcatalogservice-54c86d9f79-xc76x"
"2026-06-11 17:48:27","2026-06-12 01:48:27","0.00380783502818457","pod=productcatalogservice-54c86d9f79-xc76x"
"2026-06-11 17:48:42","2026-06-12 01:48:42","0.00388825093273162","pod=productcatalogservice-54c86d9f79-xc76x"
"2026-06-11 17:48:57","2026-06-12 01:48:57","0.0026696750000001","pod=productcatalogservice-54c86d9f79-xc76x"
"2026-06-11 17:49:12","2026-06-12 01:49:12","0.00375165666696524","pod=productcatalogservice-54c86d9f79-xc76x"
"2026-06-11 17:49:27","2026-06-12 01:49:27","0.00363619223195203","pod=productcatalogservice-54c86d9f79-xc76x"
"2026-06-11 17:49:42","2026-06-12 01:49:42","0.00394539501139613","pod=productcatalogservice-54c86d9f79-xc76x"
"2026-06-11 17:49:57","2026-06-12 01:49:57","0.00406180659375242","pod=productcatalogservice-54c86d9f79-xc76x"
"2026-06-11 17:50:12","2026-06-12 01:50:12","0.00411623312479431","pod=productcatalogservice-54c86d9f79-xc76x"
"2026-06-11 17:50:27","2026-06-12 01:50:27","0.00385976291657335","pod=productcatalogservice-54c86d9f79-xc76x"
"2026-06-11 17:50:42","2026-06-12 01:50:42","0.00410692626207703","pod=productcatalogservice-54c86d9f79-xc76x"
"2026-06-11 17:50:57","2026-06-12 01:50:57","0.00451822075782535","pod=productcatalogservice-54c86d9f79-xc76x"
"2026-06-11 17:51:12","2026-06-12 01:51:12","0.00499035752774587","pod=productcatalogservice-54c86d9f79-xc76x"
"2026-06-11 17:51:27","2026-06-12 01:51:27","0.00502774161821297","pod=productcatalogservice-54c86d9f79-xc76x"
"2026-06-11 17:51:42","2026-06-12 01:51:42","0.00486210672811475","pod=productcatalogservice-54c86d9f79-xc76x"
"2026-06-11 17:51:57","2026-06-12 01:51:57","0.00515633813552852","pod=productcatalogservice-54c86d9f79-xc76x"
"2026-06-11 17:52:12","2026-06-12 01:52:12","0.00384972588272919","pod=productcatalogservice-54c86d9f79-xc76x"
"2026-06-11 17:52:27","2026-06-12 01:52:27","0.00527321307726421","pod=productcatalogservice-54c86d9f79-xc76x"
"2026-06-11 17:52:42","2026-06-12 01:52:42","0.00468517950963223","pod=productcatalogservice-54c86d9f79-xc76x"
"2026-06-11 17:52:57","2026-06-12 01:52:57","0.00429841797857114","pod=productcatalogservice-54c86d9f79-xc76x"
"2026-06-11 17:53:12","2026-06-12 01:53:12","0.00405538922155687","pod=productcatalogservice-54c86d9f79-xc76x"
"2026-06-11 17:53:27","2026-06-12 01:53:27","0.0045866329911466","pod=productcatalogservice-54c86d9f79-xc76x"
"2026-06-11 17:53:42","2026-06-12 01:53:42","0.00517854049997112","pod=productcatalogservice-54c86d9f79-xc76x"
"2026-06-11 17:53:57","2026-06-12 01:53:57","0.00449359890622086","pod=productcatalogservice-54c86d9f79-xc76x"
"2026-06-11 17:54:12","2026-06-12 01:54:12","0.00454551598550696","pod=productcatalogservice-54c86d9f79-xc76x"
"2026-06-11 17:54:27","2026-06-12 01:54:27","0.00449077950237217","pod=productcatalogservice-54c86d9f79-xc76x"
"2026-06-11 17:54:42","2026-06-12 01:54:42","0.00471231481851218","pod=productcatalogservice-54c86d9f79-xc76x"
"2026-06-11 17:54:57","2026-06-12 01:54:57","0.00515040361164959","pod=productcatalogservice-54c86d9f79-xc76x"
"2026-06-11 17:55:12","2026-06-12 01:55:12","0.00493340132343529","pod=productcatalogservice-54c86d9f79-xc76x"
"2026-06-11 17:55:27","2026-06-12 01:55:27","0.00441237932696166","pod=productcatalogservice-54c86d9f79-xc76x"
"2026-06-11 17:55:42","2026-06-12 01:55:42","0.00448987217305802","pod=productcatalogservice-54c86d9f79-xc76x"
"2026-06-11 17:55:57","2026-06-12 01:55:57","0.00458134899821665","pod=productcatalogservice-54c86d9f79-xc76x"
"2026-06-11 17:56:12","2026-06-12 01:56:12","0.00436077486131545","pod=productcatalogservice-54c86d9f79-xc76x"
"2026-06-11 17:56:27","2026-06-12 01:56:27","0.00434591883889303","pod=productcatalogservice-54c86d9f79-xc76x"
"2026-06-11 17:56:42","2026-06-12 01:56:42","0.00413495649828026","pod=productcatalogservice-54c86d9f79-xc76x"
"2026-06-11 17:56:57","2026-06-12 01:56:57","0.0044311519167932","pod=productcatalogservice-54c86d9f79-xc76x"
"2026-06-11 17:57:12","2026-06-12 01:57:12","0.00434363073377977","pod=productcatalogservice-54c86d9f79-xc76x"
"2026-06-11 17:57:27","2026-06-12 01:57:27","0.00296578709568728","pod=productcatalogservice-54c86d9f79-xc76x"
"2026-06-11 17:57:42","2026-06-12 01:57:42","0.0042291105121293","pod=productcatalogservice-54c86d9f79-xc76x"
"2026-06-11 17:57:57","2026-06-12 01:57:57","0.00423726288039428","pod=productcatalogservice-54c86d9f79-xc76x"
"2026-06-11 17:58:12","2026-06-12 01:58:12","0.00484730442534863","pod=productcatalogservice-54c86d9f79-xc76x"
"2026-06-11 17:58:27","2026-06-12 01:58:27","0.00479781495577888","pod=productcatalogservice-54c86d9f79-xc76x"
"2026-06-11 17:58:42","2026-06-12 01:58:42","0.00466380026667191","pod=productcatalogservice-54c86d9f79-xc76x"
"2026-06-11 17:58:57","2026-06-12 01:58:57","0.00441450538303709","pod=productcatalogservice-54c86d9f79-xc76x"
"2026-06-11 17:59:12","2026-06-12 01:59:12","0.00507467173245943","pod=productcatalogservice-54c86d9f79-xc76x"
"2026-06-11 17:59:27","2026-06-12 01:59:27","0.00528429073856966","pod=productcatalogservice-54c86d9f79-xc76x"
"2026-06-11 17:59:42","2026-06-12 01:59:42","0.00480813490307159","pod=productcatalogservice-54c86d9f79-xc76x"
"2026-06-11 17:59:57","2026-06-12 01:59:57","0.00427303654305402","pod=productcatalogservice-54c86d9f79-xc76x"
"2026-06-11 18:00:12","2026-06-12 02:00:12","0.00415765765765776","pod=productcatalogservice-54c86d9f79-xc76x"
"2026-06-11 18:00:27","2026-06-12 02:00:27","0.00359614019305757","pod=productcatalogservice-54c86d9f79-xc76x"
"2026-06-11 18:00:42","2026-06-12 02:00:42","0.00482734180590121","pod=productcatalogservice-54c86d9f79-xc76x"
"2026-06-11 18:00:57","2026-06-12 02:00:57","0.00497228230126767","pod=productcatalogservice-54c86d9f79-xc76x"
"2026-06-11 18:01:12","2026-06-12 02:01:12","0.00951127038165195","pod=productcatalogservice-54c86d9f79-xc76x"
"2026-06-11 18:01:27","2026-06-12 02:01:27","0.00759557420831743","pod=productcatalogservice-54c86d9f79-xc76x"
"2026-06-11 18:01:42","2026-06-12 02:01:42","0.00218017499999998","pod=productcatalogservice-54c86d9f79-xc76x"
"2026-06-11 18:01:57","2026-06-12 02:01:57","0.00373208695555139","pod=productcatalogservice-54c86d9f79-xc76x"
"2026-06-11 18:02:12","2026-06-12 02:02:12","0.00463372146539029","pod=productcatalogservice-54c86d9f79-xc76x"
"2026-06-11 18:02:27","2026-06-12 02:02:27","0.00478545461769209","pod=productcatalogservice-54c86d9f79-xc76x"
"2026-06-11 18:02:42","2026-06-12 02:02:42","0.00436203660253405","pod=productcatalogservice-54c86d9f79-xc76x"
"2026-06-11 18:02:57","2026-06-12 02:02:57","0.00441143282946566","pod=productcatalogservice-54c86d9f79-xc76x"
"2026-06-11 18:03:12","2026-06-12 02:03:12","0.00509635090647743","pod=productcatalogservice-54c86d9f79-xc76x"
"2026-06-11 18:03:27","2026-06-12 02:03:27","0.0060763393362782","pod=productcatalogservice-54c86d9f79-xc76x"
"2026-06-11 18:03:42","2026-06-12 02:03:42","0.00730726556576725","pod=productcatalogservice-54c86d9f79-xc76x"
"2026-06-11 18:03:57","2026-06-12 02:03:57","0.0069201513858484","pod=productcatalogservice-54c86d9f79-xc76x"
"2026-06-11 18:04:12","2026-06-12 02:04:12","0.00729660861594868","pod=productcatalogservice-54c86d9f79-xc76x"
"2026-06-11 18:04:27","2026-06-12 02:04:27","0.00537265278251975","pod=productcatalogservice-54c86d9f79-xc76x"
"2026-06-11 18:04:42","2026-06-12 02:04:42","0.00507329644268777","pod=productcatalogservice-54c86d9f79-xc76x"
"2026-06-11 18:04:57","2026-06-12 02:04:57","0.00494715187929277","pod=productcatalogservice-54c86d9f79-xc76x"
"2026-06-11 18:05:12","2026-06-12 02:05:12","0.00575882608276247","pod=productcatalogservice-54c86d9f79-xc76x"
"2026-06-11 18:05:27","2026-06-12 02:05:27","0.00563921430802872","pod=productcatalogservice-54c86d9f79-xc76x"
"2026-06-11 18:05:42","2026-06-12 02:05:42","0.00538000194155903","pod=productcatalogservice-54c86d9f79-xc76x"
"2026-06-11 18:05:57","2026-06-12 02:05:57","0.00517113089453028","pod=productcatalogservice-54c86d9f79-xc76x"
"2026-06-11 18:06:12","2026-06-12 02:06:12","0.00580369292748437","pod=productcatalogservice-54c86d9f79-xc76x"
"2026-06-11 18:06:27","2026-06-12 02:06:27","0.005445102862254","pod=productcatalogservice-54c86d9f79-xc76x"
"2026-06-11 18:06:42","2026-06-12 02:06:42","0.00611610213452707","pod=productcatalogservice-54c86d9f79-xc76x"
"2026-06-11 18:06:57","2026-06-12 02:06:57","0.00492101327182031","pod=productcatalogservice-54c86d9f79-xc76x"
"2026-06-11 18:07:12","2026-06-12 02:07:12","0.00579032216791634","pod=productcatalogservice-54c86d9f79-xc76x"
"2026-06-11 18:07:27","2026-06-12 02:07:27","0.00447437774524158","pod=productcatalogservice-54c86d9f79-xc76x"
"2026-06-11 18:07:42","2026-06-12 02:07:42","0.00357152834543852","pod=productcatalogservice-54c86d9f79-xc76x"
"2026-06-11 18:07:57","2026-06-12 02:07:57","0.00460164286665017","pod=productcatalogservice-54c86d9f79-xc76x"
"2026-06-11 18:08:12","2026-06-12 02:08:12","0.00538048800816819","pod=productcatalogservice-54c86d9f79-xc76x"
"2026-06-11 18:08:27","2026-06-12 02:08:27","0.00497355399743125","pod=productcatalogservice-54c86d9f79-xc76x"
"2026-06-11 18:08:42","2026-06-12 02:08:42","0.00466622040878446","pod=productcatalogservice-54c86d9f79-xc76x"
"2026-06-11 18:08:57","2026-06-12 02:08:57","0.00447381877181774","pod=productcatalogservice-54c86d9f79-xc76x"
"2026-06-11 18:09:12","2026-06-12 02:09:12","0.0047962871461847","pod=productcatalogservice-54c86d9f79-xc76x"
"2026-06-11 18:09:27","2026-06-12 02:09:27","0.00479401511378641","pod=productcatalogservice-54c86d9f79-xc76x"
"2026-06-11 18:09:42","2026-06-12 02:09:42","0.00542314057515648","pod=productcatalogservice-54c86d9f79-xc76x"
"2026-06-11 18:09:57","2026-06-12 02:09:57","0.00566094182825492","pod=productcatalogservice-54c86d9f79-xc76x"
"2026-06-11 18:10:12","2026-06-12 02:10:12","0.0054454658385093","pod=productcatalogservice-54c86d9f79-xc76x"
"2026-06-11 18:10:27","2026-06-12 02:10:27","0.00465926138465138","pod=productcatalogservice-54c86d9f79-xc76x"
"2026-06-11 18:10:42","2026-06-12 02:10:42","0.00500325666598822","pod=productcatalogservice-54c86d9f79-xc76x"
"2026-06-11 18:10:57","2026-06-12 02:10:57","0.00429086825157034","pod=productcatalogservice-54c86d9f79-xc76x"
"2026-06-11 18:11:12","2026-06-12 02:11:12","0.00385474131821402","pod=productcatalogservice-54c86d9f79-xc76x"
"2026-06-11 18:11:27","2026-06-12 02:11:27","0.00428248133019761","pod=productcatalogservice-54c86d9f79-xc76x"
"2026-06-11 18:11:42","2026-06-12 02:11:42","0.00462228486921162","pod=productcatalogservice-54c86d9f79-xc76x"
"2026-06-11 18:11:57","2026-06-12 02:11:57","0.00473760402825373","pod=productcatalogservice-54c86d9f79-xc76x"
"2026-06-11 18:12:12","2026-06-12 02:12:12","0.00568209763446118","pod=productcatalogservice-54c86d9f79-xc76x"
"2026-06-11 18:12:27","2026-06-12 02:12:27","0.00563667028306534","pod=productcatalogservice-54c86d9f79-xc76x"
"2026-06-11 18:12:42","2026-06-12 02:12:42","0.00543332266068991","pod=productcatalogservice-54c86d9f79-xc76x"
"2026-06-11 18:12:57","2026-06-12 02:12:57","0.00419804711917736","pod=productcatalogservice-54c86d9f79-xc76x"
"2026-06-11 18:13:12","2026-06-12 02:13:12","0.00362889340297926","pod=productcatalogservice-54c86d9f79-xc76x"
"2026-06-11 18:13:27","2026-06-12 02:13:27","0.00383626557754753","pod=productcatalogservice-54c86d9f79-xc76x"
"2026-06-11 18:13:42","2026-06-12 02:13:42","0.00404225995267558","pod=productcatalogservice-54c86d9f79-xc76x"
"2026-06-11 18:13:57","2026-06-12 02:13:57","0.00366277371426903","pod=productcatalogservice-54c86d9f79-xc76x"
"2026-06-11 18:14:12","2026-06-12 02:14:12","0.00464812631027246","pod=productcatalogservice-54c86d9f79-xc76x"
"2026-06-11 18:14:27","2026-06-12 02:14:27","0.00452615963036776","pod=productcatalogservice-54c86d9f79-xc76x"
"2026-06-11 18:14:42","2026-06-12 02:14:42","0.00360520429304145","pod=productcatalogservice-54c86d9f79-xc76x"
"2026-06-11 18:14:57","2026-06-12 02:14:57","0.00386219029596839","pod=productcatalogservice-54c86d9f79-xc76x"
"2026-06-11 18:15:12","2026-06-12 02:15:12","0.00478709055876688","pod=productcatalogservice-54c86d9f79-xc76x"
"2026-06-11 18:15:27","2026-06-12 02:15:27","0.0047500257577943","pod=productcatalogservice-54c86d9f79-xc76x"
"2026-06-11 18:15:42","2026-06-12 02:15:42","0.00457260927603743","pod=productcatalogservice-54c86d9f79-xc76x"
"2026-06-11 18:15:57","2026-06-12 02:15:57","0.0043818073677559","pod=productcatalogservice-54c86d9f79-xc76x"
"2026-06-11 18:16:12","2026-06-12 02:16:12","0.00419450187610067","pod=productcatalogservice-54c86d9f79-xc76x"
"2026-06-11 18:16:27","2026-06-12 02:16:27","0.00404095477386922","pod=productcatalogservice-54c86d9f79-xc76x"
"2026-06-11 18:16:42","2026-06-12 02:16:42","0.00438203049869485","pod=productcatalogservice-54c86d9f79-xc76x"
"2026-06-11 18:16:57","2026-06-12 02:16:57","0.0049901074053139","pod=productcatalogservice-54c86d9f79-xc76x"
"2026-06-11 18:17:12","2026-06-12 02:17:12","0.00461394589844972","pod=productcatalogservice-54c86d9f79-xc76x"
"2026-06-11 18:17:27","2026-06-12 02:17:27","0.0048578750334254","pod=productcatalogservice-54c86d9f79-xc76x"
"2026-06-11 18:17:42","2026-06-12 02:17:42","0.00451799766349976","pod=productcatalogservice-54c86d9f79-xc76x"
"2026-06-11 18:17:57","2026-06-12 02:17:57","0.00491994817292039","pod=productcatalogservice-54c86d9f79-xc76x"
"2026-06-11 18:18:12","2026-06-12 02:18:12","0.00476201165453603","pod=productcatalogservice-54c86d9f79-xc76x"
"2026-06-11 18:18:27","2026-06-12 02:18:27","0.00495338983050854","pod=productcatalogservice-54c86d9f79-xc76x"
"2026-06-11 18:18:42","2026-06-12 02:18:42","0.00477053913261793","pod=productcatalogservice-54c86d9f79-xc76x"
"2026-06-11 18:18:57","2026-06-12 02:18:57","0.00441740448036138","pod=productcatalogservice-54c86d9f79-xc76x"
"2026-06-11 18:19:12","2026-06-12 02:19:12","0.0039899199410705","pod=productcatalogservice-54c86d9f79-xc76x"
"2026-06-11 18:19:27","2026-06-12 02:19:27","0.00397581824744033","pod=productcatalogservice-54c86d9f79-xc76x"
"2026-06-11 18:19:42","2026-06-12 02:19:42","0.00390612974695845","pod=productcatalogservice-54c86d9f79-xc76x"
"2026-06-11 18:19:57","2026-06-12 02:19:57","0.00478594991597331","pod=productcatalogservice-54c86d9f79-xc76x"
"2026-06-11 18:20:12","2026-06-12 02:20:12","0.00505323885772992","pod=productcatalogservice-54c86d9f79-xc76x"
"2026-06-11 18:20:27","2026-06-12 02:20:27","0.00437298831328438","pod=productcatalogservice-54c86d9f79-xc76x"
"2026-06-11 18:20:42","2026-06-12 02:20:42","0.00494231086884698","pod=productcatalogservice-54c86d9f79-xc76x"
"2026-06-11 18:20:57","2026-06-12 02:20:57","0.00510895161543529","pod=productcatalogservice-54c86d9f79-xc76x"
"2026-06-11 18:21:12","2026-06-12 02:21:12","0.00480331152774735","pod=productcatalogservice-54c86d9f79-xc76x"
"2026-06-11 18:21:27","2026-06-12 02:21:27","0.0047667258207632","pod=productcatalogservice-54c86d9f79-xc76x"
"2026-06-11 18:21:42","2026-06-12 02:21:42","0.00435311109376235","pod=productcatalogservice-54c86d9f79-xc76x"
"2026-06-11 18:21:57","2026-06-12 02:21:57","0.00435311109376235","pod=productcatalogservice-54c86d9f79-xc76x"
"2026-06-11 18:22:12","2026-06-12 02:22:12","0.0047249089070757","pod=productcatalogservice-54c86d9f79-xc76x"
"2026-06-11 18:22:27","2026-06-12 02:22:27","0.00484618331332826","pod=productcatalogservice-54c86d9f79-xc76x"
"2026-06-11 18:22:42","2026-06-12 02:22:42","0.00346167265249055","pod=productcatalogservice-54c86d9f79-xc76x"
"2026-06-11 18:22:57","2026-06-12 02:22:57","0.00452708082776921","pod=productcatalogservice-54c86d9f79-xc76x"
"2026-06-11 18:23:12","2026-06-12 02:23:12","0.00464133406232914","pod=productcatalogservice-54c86d9f79-xc76x"
"2026-06-11 18:23:27","2026-06-12 02:23:27","0.00448286377865296","pod=productcatalogservice-54c86d9f79-xc76x"
"2026-06-11 18:23:42","2026-06-12 02:23:42","0.00458321110937751","pod=productcatalogservice-54c86d9f79-xc76x"
"2026-06-11 18:23:57","2026-06-12 02:23:57","0.0045740564404433","pod=productcatalogservice-54c86d9f79-xc76x"
"2026-06-11 18:24:12","2026-06-12 02:24:12","0.00452366825744867","pod=productcatalogservice-54c86d9f79-xc76x"
"2026-06-11 18:24:27","2026-06-12 02:24:27","0.00409214588719595","pod=productcatalogservice-54c86d9f79-xc76x"
"2026-06-11 18:24:42","2026-06-12 02:24:42","0.0044410481156848","pod=productcatalogservice-54c86d9f79-xc76x"
"2026-06-11 18:24:57","2026-06-12 02:24:57","0.00343791517031036","pod=productcatalogservice-54c86d9f79-xc76x"
"2026-06-11 18:25:12","2026-06-12 02:25:12","0.0048173704240668","pod=productcatalogservice-54c86d9f79-xc76x"
"2026-06-11 18:25:27","2026-06-12 02:25:27","0.00433490289594402","pod=productcatalogservice-54c86d9f79-xc76x"
"2026-06-11 18:25:42","2026-06-12 02:25:42","0.00428404926710097","pod=productcatalogservice-54c86d9f79-xc76x"
"2026-06-11 18:25:57","2026-06-12 02:25:57","0.00403309661349298","pod=productcatalogservice-54c86d9f79-xc76x"
"2026-06-11 18:26:12","2026-06-12 02:26:12","0.0050001931014508","pod=productcatalogservice-54c86d9f79-xc76x"
"2026-06-11 18:26:27","2026-06-12 02:26:27","0.00533990803484989","pod=productcatalogservice-54c86d9f79-xc76x"
"2026-06-11 18:26:42","2026-06-12 02:26:42","0.00533990803484989","pod=productcatalogservice-54c86d9f79-xc76x"
"2026-06-11 18:26:57","2026-06-12 02:26:57","0.00479918564982948","pod=productcatalogservice-54c86d9f79-xc76x"
"2026-06-11 18:27:12","2026-06-12 02:27:12","0.00479623137598629","pod=productcatalogservice-54c86d9f79-xc76x"
"2026-06-11 18:27:27","2026-06-12 02:27:27","0.00493679119412934","pod=productcatalogservice-54c86d9f79-xc76x"
"2026-06-11 18:27:42","2026-06-12 02:27:42","0.00454450172553342","pod=productcatalogservice-54c86d9f79-xc76x"
"2026-06-11 18:27:57","2026-06-12 02:27:57","0.00273905760130455","pod=productcatalogservice-54c86d9f79-xc76x"
"2026-06-11 18:28:12","2026-06-12 02:28:12","0.00447013113161699","pod=productcatalogservice-54c86d9f79-xc76x"
"2026-06-11 18:28:27","2026-06-12 02:28:27","0.00543547959021208","pod=productcatalogservice-54c86d9f79-xc76x"
"2026-06-11 18:28:42","2026-06-12 02:28:42","0.00531527078749892","pod=productcatalogservice-54c86d9f79-xc76x"
"2026-06-11 18:28:57","2026-06-12 02:28:57","0.00536492134144281","pod=productcatalogservice-54c86d9f79-xc76x"
"2026-06-11 18:29:12","2026-06-12 02:29:12","0.00516250600096009","pod=productcatalogservice-54c86d9f79-xc76x"
"2026-06-11 18:29:27","2026-06-12 02:29:27","0.00457226997751204","pod=productcatalogservice-54c86d9f79-xc76x"
"2026-06-11 18:29:42","2026-06-12 02:29:42","0.00447735873965841","pod=productcatalogservice-54c86d9f79-xc76x"
"2026-06-11 18:29:57","2026-06-12 02:29:57","0.00426700608859948","pod=productcatalogservice-54c86d9f79-xc76x"
"2026-06-11 18:30:12","2026-06-12 02:30:12","0.00378307807909301","pod=productcatalogservice-54c86d9f79-xc76x"
"2026-06-11 18:30:27","2026-06-12 02:30:27","0.00464447796711007","pod=productcatalogservice-54c86d9f79-xc76x"
"2026-06-11 18:30:42","2026-06-12 02:30:42","0.00458830945807894","pod=productcatalogservice-54c86d9f79-xc76x"
"2026-06-11 18:30:57","2026-06-12 02:30:57","0.004649267028428","pod=productcatalogservice-54c86d9f79-xc76x"
"2026-06-11 18:31:12","2026-06-12 02:31:12","0.00437771959057373","pod=productcatalogservice-54c86d9f79-xc76x"
"2026-06-11 18:31:27","2026-06-12 02:31:27","0.00448488742802065","pod=productcatalogservice-54c86d9f79-xc76x"
"2026-06-11 18:31:42","2026-06-12 02:31:42","0.004328564369778","pod=productcatalogservice-54c86d9f79-xc76x"
"2026-06-11 18:31:57","2026-06-12 02:31:57","0.00430463906991526","pod=productcatalogservice-54c86d9f79-xc76x"
"2026-06-11 18:32:12","2026-06-12 02:32:12","0.00487424482374328","pod=productcatalogservice-54c86d9f79-xc76x"
"2026-06-11 18:32:27","2026-06-12 02:32:27","0.00498028546644601","pod=productcatalogservice-54c86d9f79-xc76x"
"2026-06-11 18:32:42","2026-06-12 02:32:42","0.00545264610229618","pod=productcatalogservice-54c86d9f79-xc76x"
"2026-06-11 18:32:57","2026-06-12 02:32:57","0.00513904977925383","pod=productcatalogservice-54c86d9f79-xc76x"
"2026-06-11 18:33:12","2026-06-12 02:33:12","0.00510738195912611","pod=productcatalogservice-54c86d9f79-xc76x"
"2026-06-11 18:33:27","2026-06-12 02:33:27","0.00350280000000005","pod=productcatalogservice-54c86d9f79-xc76x"
"2026-06-11 18:33:42","2026-06-12 02:33:42","0.00490403362671199","pod=productcatalogservice-54c86d9f79-xc76x"
"2026-06-11 18:33:57","2026-06-12 02:33:57","0.00433972031213797","pod=productcatalogservice-54c86d9f79-xc76x"
"2026-06-11 18:34:12","2026-06-12 02:34:12","0.00307719355063517","pod=productcatalogservice-54c86d9f79-xc76x"
"2026-06-11 18:34:27","2026-06-12 02:34:27","0.00417333193129979","pod=productcatalogservice-54c86d9f79-xc76x"
"2026-06-11 18:34:42","2026-06-12 02:34:42","0.00506243173909704","pod=productcatalogservice-54c86d9f79-xc76x"
"2026-06-11 18:34:57","2026-06-12 02:34:57","0.00509155433500288","pod=productcatalogservice-54c86d9f79-xc76x"
"2026-06-11 18:35:12","2026-06-12 02:35:12","0.00481119208647937","pod=productcatalogservice-54c86d9f79-xc76x"
"2026-06-11 18:35:27","2026-06-12 02:35:27","0.00462652464264041","pod=productcatalogservice-54c86d9f79-xc76x"
"2026-06-11 18:35:42","2026-06-12 02:35:42","0.00436616530524084","pod=productcatalogservice-54c86d9f79-xc76x"
"2026-06-11 18:35:57","2026-06-12 02:35:57","0.00422793020319132","pod=productcatalogservice-54c86d9f79-xc76x"
"2026-06-11 18:36:12","2026-06-12 02:36:12","0.00427622023306866","pod=productcatalogservice-54c86d9f79-xc76x"
"2026-06-11 18:36:27","2026-06-12 02:36:27","0.00408260810992833","pod=productcatalogservice-54c86d9f79-xc76x"
"2026-06-11 18:36:42","2026-06-12 02:36:42","0.00387615560881815","pod=productcatalogservice-54c86d9f79-xc76x"
"2026-06-11 18:36:57","2026-06-12 02:36:57","0.00434878486055787","pod=productcatalogservice-54c86d9f79-xc76x"
"2026-06-11 18:37:12","2026-06-12 02:37:12","0.00469159527166257","pod=productcatalogservice-54c86d9f79-xc76x"
"2026-06-11 18:37:27","2026-06-12 02:37:27","0.00527645016339889","pod=productcatalogservice-54c86d9f79-xc76x"
"2026-06-11 18:37:42","2026-06-12 02:37:42","0.00491398284148591","pod=productcatalogservice-54c86d9f79-xc76x"
"2026-06-11 18:37:57","2026-06-12 02:37:57","0.00447792855295054","pod=productcatalogservice-54c86d9f79-xc76x"
"2026-06-11 18:38:12","2026-06-12 02:38:12","0.00427457019301758","pod=productcatalogservice-54c86d9f79-xc76x"
"2026-06-11 18:38:27","2026-06-12 02:38:27","0.0042119077956676","pod=productcatalogservice-54c86d9f79-xc76x"
"2026-06-11 18:38:42","2026-06-12 02:38:42","0.00451107766405764","pod=productcatalogservice-54c86d9f79-xc76x"
"2026-06-11 18:38:57","2026-06-12 02:38:57","0.00419457322935576","pod=productcatalogservice-54c86d9f79-xc76x"
"2026-06-11 18:39:12","2026-06-12 02:39:12","0.00443033773917667","pod=productcatalogservice-54c86d9f79-xc76x"
"2026-06-11 18:39:27","2026-06-12 02:39:27","0.00450517446652626","pod=productcatalogservice-54c86d9f79-xc76x"
"2026-06-11 18:39:42","2026-06-12 02:39:42","0.00488036496209577","pod=productcatalogservice-54c86d9f79-xc76x"
"2026-06-11 18:39:57","2026-06-12 02:39:57","0.00470668263620188","pod=productcatalogservice-54c86d9f79-xc76x"
"2026-06-11 18:40:12","2026-06-12 02:40:12","0.00438447149831968","pod=productcatalogservice-54c86d9f79-xc76x"
"2026-06-11 18:40:27","2026-06-12 02:40:27","0.00469325592646326","pod=productcatalogservice-54c86d9f79-xc76x"
"2026-06-11 18:40:42","2026-06-12 02:40:42","0.00551270973278481","pod=productcatalogservice-54c86d9f79-xc76x"
"2026-06-11 18:40:57","2026-06-12 02:40:57","0.00534606447251656","pod=productcatalogservice-54c86d9f79-xc76x"
"2026-06-11 18:41:12","2026-06-12 02:41:12","0.00511240921306888","pod=productcatalogservice-54c86d9f79-xc76x"
"2026-06-11 18:41:27","2026-06-12 02:41:27","0.00497498559535862","pod=productcatalogservice-54c86d9f79-xc76x"
"2026-06-11 18:41:42","2026-06-12 02:41:42","0.00483094976923242","pod=productcatalogservice-54c86d9f79-xc76x"
"2026-06-11 18:41:57","2026-06-12 02:41:57","0.00471942359216972","pod=productcatalogservice-54c86d9f79-xc76x"
"2026-06-11 18:42:12","2026-06-12 02:42:12","0.00430953093066171","pod=productcatalogservice-54c86d9f79-xc76x"
"2026-06-11 18:42:27","2026-06-12 02:42:27","0.00467784236224136","pod=productcatalogservice-54c86d9f79-xc76x"
"2026-06-11 18:42:42","2026-06-12 02:42:42","0.00464942490672674","pod=productcatalogservice-54c86d9f79-xc76x"
"2026-06-11 18:42:57","2026-06-12 02:42:57","0.00490707680327055","pod=productcatalogservice-54c86d9f79-xc76x"
"2026-06-11 18:43:12","2026-06-12 02:43:12","0.00380073532016698","pod=productcatalogservice-54c86d9f79-xc76x"
"2026-06-11 18:43:27","2026-06-12 02:43:27","0.00467084244556441","pod=productcatalogservice-54c86d9f79-xc76x"
"2026-06-11 18:43:42","2026-06-12 02:43:42","0.00499991723053362","pod=productcatalogservice-54c86d9f79-xc76x"
"2026-06-11 18:43:57","2026-06-12 02:43:57","0.00500630611372366","pod=productcatalogservice-54c86d9f79-xc76x"
"2026-06-11 18:44:12","2026-06-12 02:44:12","0.00475517905578051","pod=productcatalogservice-54c86d9f79-xc76x"
"2026-06-11 18:44:27","2026-06-12 02:44:27","0.00459489358208652","pod=productcatalogservice-54c86d9f79-xc76x"
"2026-06-11 18:44:42","2026-06-12 02:44:42","0.00461216953214832","pod=productcatalogservice-54c86d9f79-xc76x"
"2026-06-11 18:44:57","2026-06-12 02:44:57","0.00489317657647526","pod=productcatalogservice-54c86d9f79-xc76x"
"2026-06-11 18:45:12","2026-06-12 02:45:12","0.00410272482087616","pod=productcatalogservice-54c86d9f79-xc76x"
"2026-06-11 18:45:27","2026-06-12 02:45:27","0.00443232004312413","pod=productcatalogservice-54c86d9f79-xc76x"
"2026-06-11 18:45:42","2026-06-12 02:45:42","0.00474870322911322","pod=productcatalogservice-54c86d9f79-xc76x"
"2026-06-11 18:45:57","2026-06-12 02:45:57","0.00388711156318033","pod=productcatalogservice-54c86d9f79-xc76x"
"2026-06-11 18:46:12","2026-06-12 02:46:12","0.00523586046621905","pod=productcatalogservice-54c86d9f79-xc76x"
"2026-06-11 18:46:27","2026-06-12 02:46:27","0.00478389667959585","pod=productcatalogservice-54c86d9f79-xc76x"
"2026-06-11 18:46:42","2026-06-12 02:46:42","0.0043730511728077","pod=productcatalogservice-54c86d9f79-xc76x"
"2026-06-11 18:46:57","2026-06-12 02:46:57","0.00431455475094305","pod=productcatalogservice-54c86d9f79-xc76x"
"2026-06-11 18:47:12","2026-06-12 02:47:12","0.00420487535332522","pod=productcatalogservice-54c86d9f79-xc76x"
"2026-06-11 18:47:27","2026-06-12 02:47:27","0.00420599666851751","pod=productcatalogservice-54c86d9f79-xc76x"
"2026-06-11 18:47:42","2026-06-12 02:47:42","0.00429410358392554","pod=productcatalogservice-54c86d9f79-xc76x"
"2026-06-11 18:47:57","2026-06-12 02:47:57","0.00448494309826003","pod=productcatalogservice-54c86d9f79-xc76x"
"2026-06-11 18:48:12","2026-06-12 02:48:12","0.00442011848065975","pod=productcatalogservice-54c86d9f79-xc76x"
"2026-06-11 18:48:27","2026-06-12 02:48:27","0.00419825901581084","pod=productcatalogservice-54c86d9f79-xc76x"
"2026-06-11 18:48:42","2026-06-12 02:48:42","0.00390007619692675","pod=productcatalogservice-54c86d9f79-xc76x"
"2026-06-11 18:48:57","2026-06-12 02:48:57","0.00409041999305789","pod=productcatalogservice-54c86d9f79-xc76x"
"2026-06-11 18:49:12","2026-06-12 02:49:12","0.00420545016642774","pod=productcatalogservice-54c86d9f79-xc76x"
"2026-06-11 18:49:27","2026-06-12 02:49:27","0.00382987564095019","pod=productcatalogservice-54c86d9f79-xc76x"
"2026-06-11 18:49:42","2026-06-12 02:49:42","0.00385389295476569","pod=productcatalogservice-54c86d9f79-xc76x"
"2026-06-11 18:49:57","2026-06-12 02:49:57","0.00492325581395324","pod=productcatalogservice-54c86d9f79-xc76x"
"2026-06-11 18:50:12","2026-06-12 02:50:12","0.00528028814669282","pod=productcatalogservice-54c86d9f79-xc76x"
"2026-06-11 18:50:27","2026-06-12 02:50:27","0.00527909731909136","pod=productcatalogservice-54c86d9f79-xc76x"
"2026-06-11 18:50:42","2026-06-12 02:50:42","0.00473127410119573","pod=productcatalogservice-54c86d9f79-xc76x"
"2026-06-11 18:50:57","2026-06-12 02:50:57","0.00412450770788763","pod=productcatalogservice-54c86d9f79-xc76x"
"2026-06-11 18:51:12","2026-06-12 02:51:12","0.0040683382291228","pod=productcatalogservice-54c86d9f79-xc76x"
"2026-06-11 18:51:27","2026-06-12 02:51:27","0.00345431723461793","pod=productcatalogservice-54c86d9f79-xc76x"
"2026-06-11 18:51:42","2026-06-12 02:51:42","0.00410664293458375","pod=productcatalogservice-54c86d9f79-xc76x"
"2026-06-11 18:51:57","2026-06-12 02:51:57","0.004102702474521","pod=productcatalogservice-54c86d9f79-xc76x"
"2026-06-11 18:52:12","2026-06-12 02:52:12","0.00457355582405386","pod=productcatalogservice-54c86d9f79-xc76x"
"2026-06-11 18:52:27","2026-06-12 02:52:27","0.00474547876543775","pod=productcatalogservice-54c86d9f79-xc76x"
"2026-06-11 18:52:42","2026-06-12 02:52:42","0.00426506130423164","pod=productcatalogservice-54c86d9f79-xc76x"
"2026-06-11 18:52:57","2026-06-12 02:52:57","0.00462397592743096","pod=productcatalogservice-54c86d9f79-xc76x"
"2026-06-11 18:53:12","2026-06-12 02:53:12","0.00457936039521711","pod=productcatalogservice-54c86d9f79-xc76x"
"2026-06-11 18:53:27","2026-06-12 02:53:27","0.00447709441789174","pod=productcatalogservice-54c86d9f79-xc76x"
"2026-06-11 18:53:42","2026-06-12 02:53:42","0.00461462359653964","pod=productcatalogservice-54c86d9f79-xc76x"
"2026-06-11 18:53:57","2026-06-12 02:53:57","0.0048496168962643","pod=productcatalogservice-54c86d9f79-xc76x"
"2026-06-11 18:54:12","2026-06-12 02:54:12","0.00488636661568701","pod=productcatalogservice-54c86d9f79-xc76x"
"2026-06-11 18:54:27","2026-06-12 02:54:27","0.00543024013298286","pod=productcatalogservice-54c86d9f79-xc76x"
"2026-06-11 18:54:42","2026-06-12 02:54:42","0.00550761611064389","pod=productcatalogservice-54c86d9f79-xc76x"
"2026-06-11 18:54:57","2026-06-12 02:54:57","0.00527397538899641","pod=productcatalogservice-54c86d9f79-xc76x"
"2026-06-11 18:55:12","2026-06-12 02:55:12","0.00496397391977016","pod=productcatalogservice-54c86d9f79-xc76x"
"2026-06-11 18:55:27","2026-06-12 02:55:27","0.00481284277879332","pod=productcatalogservice-54c86d9f79-xc76x"
"2026-06-11 18:55:42","2026-06-12 02:55:42","0.00501235648765328","pod=productcatalogservice-54c86d9f79-xc76x"
"2026-06-11 18:55:57","2026-06-12 02:55:57","0.00427649393592661","pod=productcatalogservice-54c86d9f79-xc76x"
"2026-06-11 18:56:12","2026-06-12 02:56:12","0.00482742105880973","pod=productcatalogservice-54c86d9f79-xc76x"
"2026-06-11 18:56:27","2026-06-12 02:56:27","0.00446109826721931","pod=productcatalogservice-54c86d9f79-xc76x"
"2026-06-11 18:56:42","2026-06-12 02:56:42","0.00318322076180525","pod=productcatalogservice-54c86d9f79-xc76x"
"2026-06-11 18:56:57","2026-06-12 02:56:57","0.0038755962614108","pod=productcatalogservice-54c86d9f79-xc76x"
"2026-06-11 18:57:12","2026-06-12 02:57:12","0.00452521995737447","pod=productcatalogservice-54c86d9f79-xc76x"
"2026-06-11 18:57:27","2026-06-12 02:57:27","0.00424236287753467","pod=productcatalogservice-54c86d9f79-xc76x"
"2026-06-11 18:57:42","2026-06-12 02:57:42","0.00409837830448214","pod=productcatalogservice-54c86d9f79-xc76x"
"2026-06-11 18:57:57","2026-06-12 02:57:57","0.00406177323867255","pod=productcatalogservice-54c86d9f79-xc76x"
"2026-06-11 18:58:12","2026-06-12 02:58:12","0.00396765310229396","pod=productcatalogservice-54c86d9f79-xc76x"
"2026-06-11 18:58:27","2026-06-12 02:58:27","0.00398916427948674","pod=productcatalogservice-54c86d9f79-xc76x"
"2026-06-11 18:58:42","2026-06-12 02:58:42","0.00439433467801307","pod=productcatalogservice-54c86d9f79-xc76x"
"2026-06-11 18:58:57","2026-06-12 02:58:57","0.00460146874440274","pod=productcatalogservice-54c86d9f79-xc76x"
"2026-06-11 18:59:12","2026-06-12 02:59:12","0.00482371705667013","pod=productcatalogservice-54c86d9f79-xc76x"
"2026-06-11 18:59:27","2026-06-12 02:59:27","0.00529919621749427","pod=productcatalogservice-54c86d9f79-xc76x"
"2026-06-11 18:59:42","2026-06-12 02:59:42","0.00574572338022377","pod=productcatalogservice-54c86d9f79-xc76x"
"2026-06-11 18:59:57","2026-06-12 02:59:57","0.0049798222878389","pod=productcatalogservice-54c86d9f79-xc76x"
"2026-06-11 19:00:12","2026-06-12 03:00:12","0.00542778928087919","pod=productcatalogservice-54c86d9f79-xc76x"
"2026-06-11 19:00:27","2026-06-12 03:00:27","0.0051382273107617","pod=productcatalogservice-54c86d9f79-xc76x"
"2026-06-11 19:00:42","2026-06-12 03:00:42","0.00276954999999965","pod=productcatalogservice-54c86d9f79-xc76x"
"2026-06-11 19:00:57","2026-06-12 03:00:57","0.00473692098092637","pod=productcatalogservice-54c86d9f79-xc76x"
"2026-06-11 19:01:12","2026-06-12 03:01:12","0.00375162008539781","pod=productcatalogservice-54c86d9f79-xc76x"
"2026-06-11 19:01:27","2026-06-12 03:01:27","0.00505521412734867","pod=productcatalogservice-54c86d9f79-xc76x"
"2026-06-11 19:01:42","2026-06-12 03:01:42","0.004889591515232","pod=productcatalogservice-54c86d9f79-xc76x"
"2026-06-11 19:01:57","2026-06-12 03:01:57","0.00282831180425644","pod=productcatalogservice-54c86d9f79-xc76x"
"2026-06-11 19:02:12","2026-06-12 03:02:12","0.00399979578291694","pod=productcatalogservice-54c86d9f79-xc76x"
"2026-06-11 19:02:27","2026-06-12 03:02:27","0.00440060744472971","pod=productcatalogservice-54c86d9f79-xc76x"
"2026-06-11 19:02:42","2026-06-12 03:02:42","0.00458378016085784","pod=productcatalogservice-54c86d9f79-xc76x"
"2026-06-11 19:02:57","2026-06-12 03:02:57","0.00474723811505263","pod=productcatalogservice-54c86d9f79-xc76x"
"2026-06-11 19:03:12","2026-06-12 03:03:12","0.00463273544467099","pod=productcatalogservice-54c86d9f79-xc76x"
"2026-06-11 19:03:27","2026-06-12 03:03:27","0.00480625449980621","pod=productcatalogservice-54c86d9f79-xc76x"
"2026-06-11 19:03:42","2026-06-12 03:03:42","0.00478507328325888","pod=productcatalogservice-54c86d9f79-xc76x"
"2026-06-11 19:03:57","2026-06-12 03:03:57","0.00516027073345353","pod=productcatalogservice-54c86d9f79-xc76x"
"2026-06-11 19:04:12","2026-06-12 03:04:12","0.00503709234548875","pod=productcatalogservice-54c86d9f79-xc76x"
"2026-06-11 19:04:27","2026-06-12 03:04:27","0.00323556510480128","pod=productcatalogservice-54c86d9f79-xc76x"
"2026-06-11 19:04:42","2026-06-12 03:04:42","0.00514616999216017","pod=productcatalogservice-54c86d9f79-xc76x"
"2026-06-11 19:04:57","2026-06-12 03:04:57","0.00486134223636475","pod=productcatalogservice-54c86d9f79-xc76x"
"2026-06-11 19:05:12","2026-06-12 03:05:12","0.00427587542046809","pod=productcatalogservice-54c86d9f79-xc76x"
"2026-06-11 19:05:27","2026-06-12 03:05:27","0.00372651330702726","pod=productcatalogservice-54c86d9f79-xc76x"
"2026-06-11 19:05:42","2026-06-12 03:05:42","0.00290004937233105","pod=productcatalogservice-54c86d9f79-xc76x"
"2026-06-11 19:05:57","2026-06-12 03:05:57","0.00445498562566179","pod=productcatalogservice-54c86d9f79-xc76x"
"2026-06-11 19:06:12","2026-06-12 03:06:12","0.00494074802359632","pod=productcatalogservice-54c86d9f79-xc76x"
"2026-06-11 19:06:27","2026-06-12 03:06:27","0.00391571906435318","pod=productcatalogservice-54c86d9f79-xc76x"
"2026-06-11 19:06:42","2026-06-12 03:06:42","0.00542489084857145","pod=productcatalogservice-54c86d9f79-xc76x"
"2026-06-11 19:06:57","2026-06-12 03:06:57","0.00507265393285112","pod=productcatalogservice-54c86d9f79-xc76x"
"2026-06-11 19:07:12","2026-06-12 03:07:12","0.00304389554225952","pod=productcatalogservice-54c86d9f79-xc76x"
"2026-06-11 19:07:27","2026-06-12 03:07:27","0.00437340239472607","pod=productcatalogservice-54c86d9f79-xc76x"
"2026-06-11 19:07:42","2026-06-12 03:07:42","0.00453966785175078","pod=productcatalogservice-54c86d9f79-xc76x"
"2026-06-11 19:07:57","2026-06-12 03:07:57","0.00435522282480533","pod=productcatalogservice-54c86d9f79-xc76x"
"2026-06-11 19:08:12","2026-06-12 03:08:12","0.00446972360925545","pod=productcatalogservice-54c86d9f79-xc76x"
"2026-06-11 19:08:27","2026-06-12 03:08:27","0.00452190515720664","pod=productcatalogservice-54c86d9f79-xc76x"
"2026-06-11 19:08:42","2026-06-12 03:08:42","0.00437468060394907","pod=productcatalogservice-54c86d9f79-xc76x"
"2026-06-11 19:08:57","2026-06-12 03:08:57","0.00428361858190685","pod=productcatalogservice-54c86d9f79-xc76x"
"2026-06-11 19:09:12","2026-06-12 03:09:12","0.00334592525063395","pod=productcatalogservice-54c86d9f79-xc76x"
"2026-06-11 19:09:27","2026-06-12 03:09:27","0.00442093629115003","pod=productcatalogservice-54c86d9f79-xc76x"
"2026-06-11 19:09:42","2026-06-12 03:09:42","0.00478972310810425","pod=productcatalogservice-54c86d9f79-xc76x"
"2026-06-11 19:09:57","2026-06-12 03:09:57","0.00437369896404651","pod=productcatalogservice-54c86d9f79-xc76x"
"2026-06-11 19:10:12","2026-06-12 03:10:12","0.00453799651374126","pod=productcatalogservice-54c86d9f79-xc76x"
"2026-06-11 19:10:27","2026-06-12 03:10:27","0.00436135283268841","pod=productcatalogservice-54c86d9f79-xc76x"
"2026-06-11 19:10:42","2026-06-12 03:10:42","0.00440695543121726","pod=productcatalogservice-54c86d9f79-xc76x"
"2026-06-11 19:10:57","2026-06-12 03:10:57","0.00425501579441634","pod=productcatalogservice-54c86d9f79-xc76x"
"2026-06-11 19:11:12","2026-06-12 03:11:12","0.00375509862344639","pod=productcatalogservice-54c86d9f79-xc76x"
"2026-06-11 19:11:27","2026-06-12 03:11:27","0.00464154573551407","pod=productcatalogservice-54c86d9f79-xc76x"
"2026-06-11 19:11:42","2026-06-12 03:11:42","0.00387032120845344","pod=productcatalogservice-54c86d9f79-xc76x"
"2026-06-11 19:11:57","2026-06-12 03:11:57","0.004303117808961","pod=productcatalogservice-54c86d9f79-xc76x"
"2026-06-11 19:12:12","2026-06-12 03:12:12","0.00430494488449527","pod=productcatalogservice-54c86d9f79-xc76x"
"2026-06-11 19:12:27","2026-06-12 03:12:27","0.0041197957946755","pod=productcatalogservice-54c86d9f79-xc76x"
"2026-06-11 19:12:42","2026-06-12 03:12:42","0.00345518118197668","pod=productcatalogservice-54c86d9f79-xc76x"
"2026-06-11 19:12:57","2026-06-12 03:12:57","0.00392579247535251","pod=productcatalogservice-54c86d9f79-xc76x"
"2026-06-11 19:13:12","2026-06-12 03:13:12","0.0037876022655761","pod=productcatalogservice-54c86d9f79-xc76x"
"2026-06-11 19:13:27","2026-06-12 03:13:27","0.00434904170020003","pod=productcatalogservice-54c86d9f79-xc76x"
"2026-06-11 19:13:42","2026-06-12 03:13:42","0.0046340977862718","pod=productcatalogservice-54c86d9f79-xc76x"
"2026-06-11 19:13:57","2026-06-12 03:13:57","0.0040797211382111","pod=productcatalogservice-54c86d9f79-xc76x"
"2026-06-11 19:14:12","2026-06-12 03:14:12","0.00464026324306824","pod=productcatalogservice-54c86d9f79-xc76x"
"2026-06-11 19:14:27","2026-06-12 03:14:27","0.00438010941053537","pod=productcatalogservice-54c86d9f79-xc76x"
"2026-06-11 19:14:42","2026-06-12 03:14:42","0.0046682706827471","pod=productcatalogservice-54c86d9f79-xc76x"
"2026-06-11 19:14:57","2026-06-12 03:14:57","0.00485622715879295","pod=productcatalogservice-54c86d9f79-xc76x"
"2026-06-11 19:15:12","2026-06-12 03:15:12","0.00472980531124591","pod=productcatalogservice-54c86d9f79-xc76x"
"2026-06-11 19:15:27","2026-06-12 03:15:27","0.00451450420274308","pod=productcatalogservice-54c86d9f79-xc76x"
"2026-06-11 19:15:42","2026-06-12 03:15:42","0.0045410664644935","pod=productcatalogservice-54c86d9f79-xc76x"
"2026-06-11 19:15:57","2026-06-12 03:15:57","0.00473968228836812","pod=productcatalogservice-54c86d9f79-xc76x"
"2026-06-11 19:16:12","2026-06-12 03:16:12","0.00476618733614037","pod=productcatalogservice-54c86d9f79-xc76x"
"2026-06-11 19:16:27","2026-06-12 03:16:27","0.00411597823730969","pod=productcatalogservice-54c86d9f79-xc76x"
"2026-06-11 19:16:42","2026-06-12 03:16:42","0.00481382517704251","pod=productcatalogservice-54c86d9f79-xc76x"
"2026-06-11 19:16:57","2026-06-12 03:16:57","0.00452170084287342","pod=productcatalogservice-54c86d9f79-xc76x"
"2026-06-11 19:17:12","2026-06-12 03:17:12","0.00457035751629623","pod=productcatalogservice-54c86d9f79-xc76x"
"2026-06-11 19:17:27","2026-06-12 03:17:27","0.00469274255156603","pod=productcatalogservice-54c86d9f79-xc76x"
"2026-06-11 19:17:42","2026-06-12 03:17:42","0.00488711376404461","pod=productcatalogservice-54c86d9f79-xc76x"
"2026-06-11 19:17:57","2026-06-12 03:17:57","0.0041080676898857","pod=productcatalogservice-54c86d9f79-xc76x"
"2026-06-11 19:18:12","2026-06-12 03:18:12","0.0038493479005201","pod=productcatalogservice-54c86d9f79-xc76x"
"2026-06-11 19:18:27","2026-06-12 03:18:27","0.00357258423152694","pod=productcatalogservice-54c86d9f79-xc76x"
"2026-06-11 19:18:42","2026-06-12 03:18:42","0.00480410526083232","pod=productcatalogservice-54c86d9f79-xc76x"
"2026-06-11 19:18:57","2026-06-12 03:18:57","0.00440996604443528","pod=productcatalogservice-54c86d9f79-xc76x"
"2026-06-11 19:19:12","2026-06-12 03:19:12","0.00427707800080833","pod=productcatalogservice-54c86d9f79-xc76x"
"2026-06-11 19:19:27","2026-06-12 03:19:27","0.00378024987986525","pod=productcatalogservice-54c86d9f79-xc76x"
"2026-06-11 19:19:42","2026-06-12 03:19:42","0.00387636687293381","pod=productcatalogservice-54c86d9f79-xc76x"
"2026-06-11 19:19:57","2026-06-12 03:19:57","0.00419140917019702","pod=productcatalogservice-54c86d9f79-xc76x"
"2026-06-11 19:20:12","2026-06-12 03:20:12","0.00368004933988426","pod=productcatalogservice-54c86d9f79-xc76x"
"2026-06-11 19:20:27","2026-06-12 03:20:27","0.00401267809775779","pod=productcatalogservice-54c86d9f79-xc76x"
"2026-06-11 19:20:42","2026-06-12 03:20:42","0.00441010189295492","pod=productcatalogservice-54c86d9f79-xc76x"
"2026-06-11 19:20:57","2026-06-12 03:20:57","0.00412422044960112","pod=productcatalogservice-54c86d9f79-xc76x"
"2026-06-11 19:21:12","2026-06-12 03:21:12","0.00293489999999998","pod=productcatalogservice-54c86d9f79-xc76x"
"2026-06-11 19:21:27","2026-06-12 03:21:27","0.00404045708524116","pod=productcatalogservice-54c86d9f79-xc76x"
"2026-06-11 19:21:42","2026-06-12 03:21:42","0.00421209753919985","pod=productcatalogservice-54c86d9f79-xc76x"
"2026-06-11 19:21:57","2026-06-12 03:21:57","0.00420275285660031","pod=productcatalogservice-54c86d9f79-xc76x"
"2026-06-11 19:22:12","2026-06-12 03:22:12","0.00483366770016424","pod=productcatalogservice-54c86d9f79-xc76x"
"2026-06-11 19:22:27","2026-06-12 03:22:27","0.00470531377618838","pod=productcatalogservice-54c86d9f79-xc76x"
"2026-06-11 19:22:42","2026-06-12 03:22:42","0.00529523172391536","pod=productcatalogservice-54c86d9f79-xc76x"
"2026-06-11 19:22:57","2026-06-12 03:22:57","0.0044685533989865","pod=productcatalogservice-54c86d9f79-xc76x"
"2026-06-11 19:23:12","2026-06-12 03:23:12","0.00390803054761494","pod=productcatalogservice-54c86d9f79-xc76x"
"2026-06-11 19:23:27","2026-06-12 03:23:27","0.00450925150536321","pod=productcatalogservice-54c86d9f79-xc76x"
"2026-06-11 19:23:42","2026-06-12 03:23:42","0.00482228253598117","pod=productcatalogservice-54c86d9f79-xc76x"
"2026-06-11 19:23:57","2026-06-12 03:23:57","0.00251766666666668","pod=productcatalogservice-54c86d9f79-xc76x"
"2026-06-11 19:24:12","2026-06-12 03:24:12","0.00484579346375542","pod=productcatalogservice-54c86d9f79-xc76x"
"2026-06-11 19:24:27","2026-06-12 03:24:27","0.00471512794471024","pod=productcatalogservice-54c86d9f79-xc76x"
"2026-06-11 19:24:42","2026-06-12 03:24:42","0.00386522146241817","pod=productcatalogservice-54c86d9f79-xc76x"
"2026-06-11 19:24:57","2026-06-12 03:24:57","0.00420763676995166","pod=productcatalogservice-54c86d9f79-xc76x"
"2026-06-11 19:25:12","2026-06-12 03:25:12","0.00430258723361119","pod=productcatalogservice-54c86d9f79-xc76x"
"2026-06-11 19:25:27","2026-06-12 03:25:27","0.00489039532548162","pod=productcatalogservice-54c86d9f79-xc76x"
"2026-06-11 19:25:42","2026-06-12 03:25:42","0.00446761412403433","pod=productcatalogservice-54c86d9f79-xc76x"
"2026-06-11 19:25:57","2026-06-12 03:25:57","0.00457891980096301","pod=productcatalogservice-54c86d9f79-xc76x"
"2026-06-11 19:26:12","2026-06-12 03:26:12","0.0046345227051609","pod=productcatalogservice-54c86d9f79-xc76x"
"2026-06-11 19:26:27","2026-06-12 03:26:27","0.00470859742496861","pod=productcatalogservice-54c86d9f79-xc76x"
"2026-06-11 19:26:42","2026-06-12 03:26:42","0.00433034584132943","pod=productcatalogservice-54c86d9f79-xc76x"
"2026-06-11 19:26:57","2026-06-12 03:26:57","0.00340618552169563","pod=productcatalogservice-54c86d9f79-xc76x"
"2026-06-11 17:26:57","2026-06-12 01:26:57","0.00390889110138443","pod=recommendationservice-6d8ddf5d5f-2lxgf"
"2026-06-11 17:27:12","2026-06-12 01:27:12","0.00427160687476194","pod=recommendationservice-6d8ddf5d5f-2lxgf"
"2026-06-11 17:27:27","2026-06-12 01:27:27","0.00390282518864524","pod=recommendationservice-6d8ddf5d5f-2lxgf"
"2026-06-11 17:27:42","2026-06-12 01:27:42","0.00326097760286465","pod=recommendationservice-6d8ddf5d5f-2lxgf"
"2026-06-11 17:27:57","2026-06-12 01:27:57","0.00338255613126064","pod=recommendationservice-6d8ddf5d5f-2lxgf"
"2026-06-11 17:28:12","2026-06-12 01:28:12","0.00334564835422279","pod=recommendationservice-6d8ddf5d5f-2lxgf"
"2026-06-11 17:28:27","2026-06-12 01:28:27","0.0035409610082709","pod=recommendationservice-6d8ddf5d5f-2lxgf"
"2026-06-11 17:28:42","2026-06-12 01:28:42","0.00387061671318919","pod=recommendationservice-6d8ddf5d5f-2lxgf"
"2026-06-11 17:28:57","2026-06-12 01:28:57","0.00417827598386417","pod=recommendationservice-6d8ddf5d5f-2lxgf"
"2026-06-11 17:29:12","2026-06-12 01:29:12","0.00410958930722306","pod=recommendationservice-6d8ddf5d5f-2lxgf"
"2026-06-11 17:29:27","2026-06-12 01:29:27","0.00396846183226933","pod=recommendationservice-6d8ddf5d5f-2lxgf"
"2026-06-11 17:29:42","2026-06-12 01:29:42","0.00404957203236838","pod=recommendationservice-6d8ddf5d5f-2lxgf"
"2026-06-11 17:29:57","2026-06-12 01:29:57","0.00348105378225415","pod=recommendationservice-6d8ddf5d5f-2lxgf"
"2026-06-11 17:30:12","2026-06-12 01:30:12","0.00449462365591399","pod=recommendationservice-6d8ddf5d5f-2lxgf"
"2026-06-11 17:30:27","2026-06-12 01:30:27","0.00426061302281866","pod=recommendationservice-6d8ddf5d5f-2lxgf"
"2026-06-11 17:30:42","2026-06-12 01:30:42","0.00241251750513783","pod=recommendationservice-6d8ddf5d5f-2lxgf"
"2026-06-11 17:30:57","2026-06-12 01:30:57","0.00371427128062637","pod=recommendationservice-6d8ddf5d5f-2lxgf"
"2026-06-11 17:31:12","2026-06-12 01:31:12","0.00387652701791193","pod=recommendationservice-6d8ddf5d5f-2lxgf"
"2026-06-11 17:31:27","2026-06-12 01:31:27","0.00340987288745046","pod=recommendationservice-6d8ddf5d5f-2lxgf"
"2026-06-11 17:31:42","2026-06-12 01:31:42","0.0041625294932044","pod=recommendationservice-6d8ddf5d5f-2lxgf"
"2026-06-11 17:31:57","2026-06-12 01:31:57","0.00406046863189726","pod=recommendationservice-6d8ddf5d5f-2lxgf"
"2026-06-11 17:32:12","2026-06-12 01:32:12","0.00342028199369187","pod=recommendationservice-6d8ddf5d5f-2lxgf"
"2026-06-11 17:32:27","2026-06-12 01:32:27","0.00478828993666438","pod=recommendationservice-6d8ddf5d5f-2lxgf"
"2026-06-11 17:32:42","2026-06-12 01:32:42","0.00462218178453562","pod=recommendationservice-6d8ddf5d5f-2lxgf"
"2026-06-11 17:32:57","2026-06-12 01:32:57","0.0043332684787049","pod=recommendationservice-6d8ddf5d5f-2lxgf"
"2026-06-11 17:33:12","2026-06-12 01:33:12","0.00415803612783693","pod=recommendationservice-6d8ddf5d5f-2lxgf"
"2026-06-11 17:33:27","2026-06-12 01:33:27","0.00396339839867989","pod=recommendationservice-6d8ddf5d5f-2lxgf"
"2026-06-11 17:33:42","2026-06-12 01:33:42","0.00395487081871007","pod=recommendationservice-6d8ddf5d5f-2lxgf"
"2026-06-11 17:33:57","2026-06-12 01:33:57","0.00374442742364092","pod=recommendationservice-6d8ddf5d5f-2lxgf"
"2026-06-11 17:34:12","2026-06-12 01:34:12","0.00380148348331082","pod=recommendationservice-6d8ddf5d5f-2lxgf"
"2026-06-11 17:34:27","2026-06-12 01:34:27","0.00386443674764455","pod=recommendationservice-6d8ddf5d5f-2lxgf"
"2026-06-11 17:34:42","2026-06-12 01:34:42","0.00407118670155463","pod=recommendationservice-6d8ddf5d5f-2lxgf"
"2026-06-11 17:34:57","2026-06-12 01:34:57","0.00407118670155463","pod=recommendationservice-6d8ddf5d5f-2lxgf"
"2026-06-11 17:35:12","2026-06-12 01:35:12","0.00417814358355586","pod=recommendationservice-6d8ddf5d5f-2lxgf"
"2026-06-11 17:35:27","2026-06-12 01:35:27","0.00400806610269528","pod=recommendationservice-6d8ddf5d5f-2lxgf"
"2026-06-11 17:35:42","2026-06-12 01:35:42","0.00274545889114957","pod=recommendationservice-6d8ddf5d5f-2lxgf"
"2026-06-11 17:35:57","2026-06-12 01:35:57","0.00389360766912265","pod=recommendationservice-6d8ddf5d5f-2lxgf"
"2026-06-11 17:36:12","2026-06-12 01:36:12","0.00393698305190549","pod=recommendationservice-6d8ddf5d5f-2lxgf"
"2026-06-11 17:36:27","2026-06-12 01:36:27","0.00393401421232363","pod=recommendationservice-6d8ddf5d5f-2lxgf"
"2026-06-11 17:36:42","2026-06-12 01:36:42","0.0035993963254592","pod=recommendationservice-6d8ddf5d5f-2lxgf"
"2026-06-11 17:36:57","2026-06-12 01:36:57","0.00348418557768267","pod=recommendationservice-6d8ddf5d5f-2lxgf"
"2026-06-11 17:37:12","2026-06-12 01:37:12","0.0037899825349301","pod=recommendationservice-6d8ddf5d5f-2lxgf"
"2026-06-11 17:37:27","2026-06-12 01:37:27","0.00340741950246392","pod=recommendationservice-6d8ddf5d5f-2lxgf"
"2026-06-11 17:37:42","2026-06-12 01:37:42","0.00347994514012951","pod=recommendationservice-6d8ddf5d5f-2lxgf"
"2026-06-11 17:37:57","2026-06-12 01:37:57","0.00363834065001659","pod=recommendationservice-6d8ddf5d5f-2lxgf"
"2026-06-11 17:38:12","2026-06-12 01:38:12","0.00363278577093013","pod=recommendationservice-6d8ddf5d5f-2lxgf"
"2026-06-11 17:38:27","2026-06-12 01:38:27","0.003669534163676","pod=recommendationservice-6d8ddf5d5f-2lxgf"
"2026-06-11 17:38:42","2026-06-12 01:38:42","0.00295978654692074","pod=recommendationservice-6d8ddf5d5f-2lxgf"
"2026-06-11 17:38:57","2026-06-12 01:38:57","0.00391815098936575","pod=recommendationservice-6d8ddf5d5f-2lxgf"
"2026-06-11 17:39:12","2026-06-12 01:39:12","0.00376136845759249","pod=recommendationservice-6d8ddf5d5f-2lxgf"
"2026-06-11 17:39:27","2026-06-12 01:39:27","0.00351287683268339","pod=recommendationservice-6d8ddf5d5f-2lxgf"
"2026-06-11 17:39:42","2026-06-12 01:39:42","0.00378098494436779","pod=recommendationservice-6d8ddf5d5f-2lxgf"
"2026-06-11 17:39:57","2026-06-12 01:39:57","0.00374183435546764","pod=recommendationservice-6d8ddf5d5f-2lxgf"
"2026-06-11 17:40:12","2026-06-12 01:40:12","0.00381671469740641","pod=recommendationservice-6d8ddf5d5f-2lxgf"
"2026-06-11 17:40:27","2026-06-12 01:40:27","0.00354526627218936","pod=recommendationservice-6d8ddf5d5f-2lxgf"
"2026-06-11 17:40:42","2026-06-12 01:40:42","0.00385339086389651","pod=recommendationservice-6d8ddf5d5f-2lxgf"
"2026-06-11 17:40:57","2026-06-12 01:40:57","0.00404915915125703","pod=recommendationservice-6d8ddf5d5f-2lxgf"
"2026-06-11 17:41:12","2026-06-12 01:41:12","0.00414340416479539","pod=recommendationservice-6d8ddf5d5f-2lxgf"
"2026-06-11 17:41:27","2026-06-12 01:41:27","0.0041434146341463","pod=recommendationservice-6d8ddf5d5f-2lxgf"
"2026-06-11 17:41:42","2026-06-12 01:41:42","0.00413921335915213","pod=recommendationservice-6d8ddf5d5f-2lxgf"
"2026-06-11 17:41:57","2026-06-12 01:41:57","0.00403480027081919","pod=recommendationservice-6d8ddf5d5f-2lxgf"
"2026-06-11 17:42:12","2026-06-12 01:42:12","0.00335770216586201","pod=recommendationservice-6d8ddf5d5f-2lxgf"
"2026-06-11 17:42:27","2026-06-12 01:42:27","0.0037672460783721","pod=recommendationservice-6d8ddf5d5f-2lxgf"
"2026-06-11 17:42:42","2026-06-12 01:42:42","0.00379962550941743","pod=recommendationservice-6d8ddf5d5f-2lxgf"
"2026-06-11 17:42:57","2026-06-12 01:42:57","0.00310997746553079","pod=recommendationservice-6d8ddf5d5f-2lxgf"
"2026-06-11 17:43:12","2026-06-12 01:43:12","0.0031565107941921","pod=recommendationservice-6d8ddf5d5f-2lxgf"
"2026-06-11 17:43:27","2026-06-12 01:43:27","0.00378818645270917","pod=recommendationservice-6d8ddf5d5f-2lxgf"
"2026-06-11 17:43:42","2026-06-12 01:43:42","0.00364132027232778","pod=recommendationservice-6d8ddf5d5f-2lxgf"
"2026-06-11 17:43:57","2026-06-12 01:43:57","0.00313349858045482","pod=recommendationservice-6d8ddf5d5f-2lxgf"
"2026-06-11 17:44:12","2026-06-12 01:44:12","0.00378496898492379","pod=recommendationservice-6d8ddf5d5f-2lxgf"
"2026-06-11 17:44:27","2026-06-12 01:44:27","0.00292766199319649","pod=recommendationservice-6d8ddf5d5f-2lxgf"
"2026-06-11 17:44:42","2026-06-12 01:44:42","0.00363183052047681","pod=recommendationservice-6d8ddf5d5f-2lxgf"
"2026-06-11 17:44:57","2026-06-12 01:44:57","0.00343871053835603","pod=recommendationservice-6d8ddf5d5f-2lxgf"
"2026-06-11 17:45:12","2026-06-12 01:45:12","0.00235367627185286","pod=recommendationservice-6d8ddf5d5f-2lxgf"
"2026-06-11 17:45:27","2026-06-12 01:45:27","0.00365274878218494","pod=recommendationservice-6d8ddf5d5f-2lxgf"
"2026-06-11 17:45:42","2026-06-12 01:45:42","0.00390864540475376","pod=recommendationservice-6d8ddf5d5f-2lxgf"
"2026-06-11 17:45:57","2026-06-12 01:45:57","0.00405647429754897","pod=recommendationservice-6d8ddf5d5f-2lxgf"
"2026-06-11 17:46:12","2026-06-12 01:46:12","0.00378916005060599","pod=recommendationservice-6d8ddf5d5f-2lxgf"
"2026-06-11 17:46:27","2026-06-12 01:46:27","0.00382016039257558","pod=recommendationservice-6d8ddf5d5f-2lxgf"
"2026-06-11 17:46:42","2026-06-12 01:46:42","0.00356175540017957","pod=recommendationservice-6d8ddf5d5f-2lxgf"
"2026-06-11 17:46:57","2026-06-12 01:46:57","0.00348672457793484","pod=recommendationservice-6d8ddf5d5f-2lxgf"
"2026-06-11 17:47:12","2026-06-12 01:47:12","0.00354693505743296","pod=recommendationservice-6d8ddf5d5f-2lxgf"
"2026-06-11 17:47:27","2026-06-12 01:47:27","0.00365510103055676","pod=recommendationservice-6d8ddf5d5f-2lxgf"
"2026-06-11 17:47:42","2026-06-12 01:47:42","0.00372730961995019","pod=recommendationservice-6d8ddf5d5f-2lxgf"
"2026-06-11 17:47:57","2026-06-12 01:47:57","0.00352333225357749","pod=recommendationservice-6d8ddf5d5f-2lxgf"
"2026-06-11 17:48:12","2026-06-12 01:48:12","0.00337118409533761","pod=recommendationservice-6d8ddf5d5f-2lxgf"
"2026-06-11 17:48:27","2026-06-12 01:48:27","0.00356147308781862","pod=recommendationservice-6d8ddf5d5f-2lxgf"
"2026-06-11 17:48:42","2026-06-12 01:48:42","0.0036410818228095","pod=recommendationservice-6d8ddf5d5f-2lxgf"
"2026-06-11 17:48:57","2026-06-12 01:48:57","0.00285647637613915","pod=recommendationservice-6d8ddf5d5f-2lxgf"
"2026-06-11 17:49:12","2026-06-12 01:49:12","0.0027984347105147","pod=recommendationservice-6d8ddf5d5f-2lxgf"
"2026-06-11 17:49:27","2026-06-12 01:49:27","0.00326476055589979","pod=recommendationservice-6d8ddf5d5f-2lxgf"
"2026-06-11 17:49:42","2026-06-12 01:49:42","0.0033391256123487","pod=recommendationservice-6d8ddf5d5f-2lxgf"
"2026-06-11 17:49:57","2026-06-12 01:49:57","0.00384139874047049","pod=recommendationservice-6d8ddf5d5f-2lxgf"
"2026-06-11 17:50:12","2026-06-12 01:50:12","0.0035976362541402","pod=recommendationservice-6d8ddf5d5f-2lxgf"
"2026-06-11 17:50:27","2026-06-12 01:50:27","0.00327741008447264","pod=recommendationservice-6d8ddf5d5f-2lxgf"
"2026-06-11 17:50:42","2026-06-12 01:50:42","0.00347777394239259","pod=recommendationservice-6d8ddf5d5f-2lxgf"
"2026-06-11 17:50:57","2026-06-12 01:50:57","0.00385838774893687","pod=recommendationservice-6d8ddf5d5f-2lxgf"
"2026-06-11 17:51:12","2026-06-12 01:51:12","0.00305201834009066","pod=recommendationservice-6d8ddf5d5f-2lxgf"
"2026-06-11 17:51:27","2026-06-12 01:51:27","0.00419244820515234","pod=recommendationservice-6d8ddf5d5f-2lxgf"
"2026-06-11 17:51:42","2026-06-12 01:51:42","0.00418537181996088","pod=recommendationservice-6d8ddf5d5f-2lxgf"
"2026-06-11 17:51:57","2026-06-12 01:51:57","0.0042841476679912","pod=recommendationservice-6d8ddf5d5f-2lxgf"
"2026-06-11 17:52:12","2026-06-12 01:52:12","0.00454147094349758","pod=recommendationservice-6d8ddf5d5f-2lxgf"
"2026-06-11 17:52:27","2026-06-12 01:52:27","0.00446913876119304","pod=recommendationservice-6d8ddf5d5f-2lxgf"
"2026-06-11 17:52:42","2026-06-12 01:52:42","0.00436189051605572","pod=recommendationservice-6d8ddf5d5f-2lxgf"
"2026-06-11 17:52:57","2026-06-12 01:52:57","0.00388135911394769","pod=recommendationservice-6d8ddf5d5f-2lxgf"
"2026-06-11 17:53:12","2026-06-12 01:53:12","0.00389893161052928","pod=recommendationservice-6d8ddf5d5f-2lxgf"
"2026-06-11 17:53:27","2026-06-12 01:53:27","0.00397904341007919","pod=recommendationservice-6d8ddf5d5f-2lxgf"
"2026-06-11 17:53:42","2026-06-12 01:53:42","0.00348593501865794","pod=recommendationservice-6d8ddf5d5f-2lxgf"
"2026-06-11 17:53:57","2026-06-12 01:53:57","0.00420092421441777","pod=recommendationservice-6d8ddf5d5f-2lxgf"
"2026-06-11 17:54:12","2026-06-12 01:54:12","0.00416681463270283","pod=recommendationservice-6d8ddf5d5f-2lxgf"
"2026-06-11 17:54:27","2026-06-12 01:54:27","0.00202789999999998","pod=recommendationservice-6d8ddf5d5f-2lxgf"
"2026-06-11 17:54:42","2026-06-12 01:54:42","0.00434947780969553","pod=recommendationservice-6d8ddf5d5f-2lxgf"
"2026-06-11 17:54:57","2026-06-12 01:54:57","0.00442982311670338","pod=recommendationservice-6d8ddf5d5f-2lxgf"
"2026-06-11 17:55:12","2026-06-12 01:55:12","0.0032651621924456","pod=recommendationservice-6d8ddf5d5f-2lxgf"
"2026-06-11 17:55:27","2026-06-12 01:55:27","0.00409020275060261","pod=recommendationservice-6d8ddf5d5f-2lxgf"
"2026-06-11 17:55:42","2026-06-12 01:55:42","0.00383386996721111","pod=recommendationservice-6d8ddf5d5f-2lxgf"
"2026-06-11 17:55:57","2026-06-12 01:55:57","0.00386652778058692","pod=recommendationservice-6d8ddf5d5f-2lxgf"
"2026-06-11 17:56:12","2026-06-12 01:56:12","0.00404691888959917","pod=recommendationservice-6d8ddf5d5f-2lxgf"
"2026-06-11 17:56:27","2026-06-12 01:56:27","0.00415931177623026","pod=recommendationservice-6d8ddf5d5f-2lxgf"
"2026-06-11 17:56:42","2026-06-12 01:56:42","0.00408309938236938","pod=recommendationservice-6d8ddf5d5f-2lxgf"
"2026-06-11 17:56:57","2026-06-12 01:56:57","0.00390528488686696","pod=recommendationservice-6d8ddf5d5f-2lxgf"
"2026-06-11 17:57:12","2026-06-12 01:57:12","0.00373341316862055","pod=recommendationservice-6d8ddf5d5f-2lxgf"
"2026-06-11 17:57:27","2026-06-12 01:57:27","0.00378867403314926","pod=recommendationservice-6d8ddf5d5f-2lxgf"
"2026-06-11 17:57:42","2026-06-12 01:57:42","0.00396389526871836","pod=recommendationservice-6d8ddf5d5f-2lxgf"
"2026-06-11 17:57:57","2026-06-12 01:57:57","0.00411762478403906","pod=recommendationservice-6d8ddf5d5f-2lxgf"
"2026-06-11 17:58:12","2026-06-12 01:58:12","0.00292321929745669","pod=recommendationservice-6d8ddf5d5f-2lxgf"
"2026-06-11 17:58:27","2026-06-12 01:58:27","0.00398201748983872","pod=recommendationservice-6d8ddf5d5f-2lxgf"
"2026-06-11 17:58:42","2026-06-12 01:58:42","0.00385081103118901","pod=recommendationservice-6d8ddf5d5f-2lxgf"
"2026-06-11 17:58:57","2026-06-12 01:58:57","0.00406104948930317","pod=recommendationservice-6d8ddf5d5f-2lxgf"
"2026-06-11 17:59:12","2026-06-12 01:59:12","0.00417714918679412","pod=recommendationservice-6d8ddf5d5f-2lxgf"
"2026-06-11 17:59:27","2026-06-12 01:59:27","0.00370943034406158","pod=recommendationservice-6d8ddf5d5f-2lxgf"
"2026-06-11 17:59:42","2026-06-12 01:59:42","0.00420474901856163","pod=recommendationservice-6d8ddf5d5f-2lxgf"
"2026-06-11 17:59:57","2026-06-12 01:59:57","0.00421852915419245","pod=recommendationservice-6d8ddf5d5f-2lxgf"
"2026-06-11 18:00:12","2026-06-12 02:00:12","0.00377727076886923","pod=recommendationservice-6d8ddf5d5f-2lxgf"
"2026-06-11 18:00:27","2026-06-12 02:00:27","0.00409028380489484","pod=recommendationservice-6d8ddf5d5f-2lxgf"
"2026-06-11 18:00:42","2026-06-12 02:00:42","0.00346634153362963","pod=recommendationservice-6d8ddf5d5f-2lxgf"
"2026-06-11 18:00:57","2026-06-12 02:00:57","0.00444375780543466","pod=recommendationservice-6d8ddf5d5f-2lxgf"
"2026-06-11 18:01:12","2026-06-12 02:01:12","0.00437617841564656","pod=recommendationservice-6d8ddf5d5f-2lxgf"
"2026-06-11 18:01:27","2026-06-12 02:01:27","0.0051410584433075","pod=recommendationservice-6d8ddf5d5f-2lxgf"
"2026-06-11 18:01:42","2026-06-12 02:01:42","0.00472870611927332","pod=recommendationservice-6d8ddf5d5f-2lxgf"
"2026-06-11 18:01:57","2026-06-12 02:01:57","0.00292723585048529","pod=recommendationservice-6d8ddf5d5f-2lxgf"
"2026-06-11 18:02:12","2026-06-12 02:02:12","0.00391702502354909","pod=recommendationservice-6d8ddf5d5f-2lxgf"
"2026-06-11 18:02:27","2026-06-12 02:02:27","0.00394256601607338","pod=recommendationservice-6d8ddf5d5f-2lxgf"
"2026-06-11 18:02:42","2026-06-12 02:02:42","0.00392022162176919","pod=recommendationservice-6d8ddf5d5f-2lxgf"
"2026-06-11 18:02:57","2026-06-12 02:02:57","0.004068780560083","pod=recommendationservice-6d8ddf5d5f-2lxgf"
"2026-06-11 18:03:12","2026-06-12 02:03:12","0.00376470310383292","pod=recommendationservice-6d8ddf5d5f-2lxgf"
"2026-06-11 18:03:27","2026-06-12 02:03:27","0.00489213759213756","pod=recommendationservice-6d8ddf5d5f-2lxgf"
"2026-06-11 18:03:42","2026-06-12 02:03:42","0.00529676558852954","pod=recommendationservice-6d8ddf5d5f-2lxgf"
"2026-06-11 18:03:57","2026-06-12 02:03:57","0.00515775086858779","pod=recommendationservice-6d8ddf5d5f-2lxgf"
"2026-06-11 18:04:12","2026-06-12 02:04:12","0.00483849043547026","pod=recommendationservice-6d8ddf5d5f-2lxgf"
"2026-06-11 18:04:27","2026-06-12 02:04:27","0.00485492967165238","pod=recommendationservice-6d8ddf5d5f-2lxgf"
"2026-06-11 18:04:42","2026-06-12 02:04:42","0.00466757123473546","pod=recommendationservice-6d8ddf5d5f-2lxgf"
"2026-06-11 18:04:57","2026-06-12 02:04:57","0.00524989466681454","pod=recommendationservice-6d8ddf5d5f-2lxgf"
"2026-06-11 18:05:12","2026-06-12 02:05:12","0.00488874570446739","pod=recommendationservice-6d8ddf5d5f-2lxgf"
"2026-06-11 18:05:27","2026-06-12 02:05:27","0.00491824774014105","pod=recommendationservice-6d8ddf5d5f-2lxgf"
"2026-06-11 18:05:42","2026-06-12 02:05:42","0.00460271863000756","pod=recommendationservice-6d8ddf5d5f-2lxgf"
"2026-06-11 18:05:57","2026-06-12 02:05:57","0.00353256673837509","pod=recommendationservice-6d8ddf5d5f-2lxgf"
"2026-06-11 18:06:12","2026-06-12 02:06:12","0.00498771845876913","pod=recommendationservice-6d8ddf5d5f-2lxgf"
"2026-06-11 18:06:27","2026-06-12 02:06:27","0.00448813237488133","pod=recommendationservice-6d8ddf5d5f-2lxgf"
"2026-06-11 18:06:42","2026-06-12 02:06:42","0.00341102711371797","pod=recommendationservice-6d8ddf5d5f-2lxgf"
"2026-06-11 18:06:57","2026-06-12 02:06:57","0.00458958046767531","pod=recommendationservice-6d8ddf5d5f-2lxgf"
"2026-06-11 18:07:12","2026-06-12 02:07:12","0.00467915675093185","pod=recommendationservice-6d8ddf5d5f-2lxgf"
"2026-06-11 18:07:27","2026-06-12 02:07:27","0.00420603184725317","pod=recommendationservice-6d8ddf5d5f-2lxgf"
"2026-06-11 18:07:42","2026-06-12 02:07:42","0.00430595099614104","pod=recommendationservice-6d8ddf5d5f-2lxgf"
"2026-06-11 18:07:57","2026-06-12 02:07:57","0.00427790036961435","pod=recommendationservice-6d8ddf5d5f-2lxgf"
"2026-06-11 18:08:12","2026-06-12 02:08:12","0.00445340988599428","pod=recommendationservice-6d8ddf5d5f-2lxgf"
"2026-06-11 18:08:27","2026-06-12 02:08:27","0.00425579449677743","pod=recommendationservice-6d8ddf5d5f-2lxgf"
"2026-06-11 18:08:42","2026-06-12 02:08:42","0.00482869744382219","pod=recommendationservice-6d8ddf5d5f-2lxgf"
"2026-06-11 18:08:57","2026-06-12 02:08:57","0.00443435031045655","pod=recommendationservice-6d8ddf5d5f-2lxgf"
"2026-06-11 18:09:12","2026-06-12 02:09:12","0.00382237525277371","pod=recommendationservice-6d8ddf5d5f-2lxgf"
"2026-06-11 18:09:27","2026-06-12 02:09:27","0.00427994359358819","pod=recommendationservice-6d8ddf5d5f-2lxgf"
"2026-06-11 18:09:42","2026-06-12 02:09:42","0.00452757271997308","pod=recommendationservice-6d8ddf5d5f-2lxgf"
"2026-06-11 18:09:57","2026-06-12 02:09:57","0.00504373628160305","pod=recommendationservice-6d8ddf5d5f-2lxgf"
"2026-06-11 18:10:12","2026-06-12 02:10:12","0.00481246510329428","pod=recommendationservice-6d8ddf5d5f-2lxgf"
"2026-06-11 18:10:27","2026-06-12 02:10:27","0.00372978993644761","pod=recommendationservice-6d8ddf5d5f-2lxgf"
"2026-06-11 18:10:42","2026-06-12 02:10:42","0.00368309134240301","pod=recommendationservice-6d8ddf5d5f-2lxgf"
"2026-06-11 18:10:57","2026-06-12 02:10:57","0.00378203896816677","pod=recommendationservice-6d8ddf5d5f-2lxgf"
"2026-06-11 18:11:12","2026-06-12 02:11:12","0.00374308102321127","pod=recommendationservice-6d8ddf5d5f-2lxgf"
"2026-06-11 18:11:27","2026-06-12 02:11:27","0.00215059999999999","pod=recommendationservice-6d8ddf5d5f-2lxgf"
"2026-06-11 18:11:42","2026-06-12 02:11:42","0.00445374079157462","pod=recommendationservice-6d8ddf5d5f-2lxgf"
"2026-06-11 18:11:57","2026-06-12 02:11:57","0.00415582805790436","pod=recommendationservice-6d8ddf5d5f-2lxgf"
"2026-06-11 18:12:12","2026-06-12 02:12:12","0.00233167499999993","pod=recommendationservice-6d8ddf5d5f-2lxgf"
"2026-06-11 18:12:27","2026-06-12 02:12:27","0.00467321421896597","pod=recommendationservice-6d8ddf5d5f-2lxgf"
"2026-06-11 18:12:42","2026-06-12 02:12:42","0.00450767070200694","pod=recommendationservice-6d8ddf5d5f-2lxgf"
"2026-06-11 18:12:57","2026-06-12 02:12:57","0.00232104879875639","pod=recommendationservice-6d8ddf5d5f-2lxgf"
"2026-06-11 18:13:12","2026-06-12 02:13:12","0.00367098256238916","pod=recommendationservice-6d8ddf5d5f-2lxgf"
"2026-06-11 18:13:27","2026-06-12 02:13:27","0.00395418975143908","pod=recommendationservice-6d8ddf5d5f-2lxgf"
"2026-06-11 18:13:42","2026-06-12 02:13:42","0.00249220000000001","pod=recommendationservice-6d8ddf5d5f-2lxgf"
"2026-06-11 18:13:57","2026-06-12 02:13:57","0.00402325824309742","pod=recommendationservice-6d8ddf5d5f-2lxgf"
"2026-06-11 18:14:12","2026-06-12 02:14:12","0.00424237337379351","pod=recommendationservice-6d8ddf5d5f-2lxgf"
"2026-06-11 18:14:27","2026-06-12 02:14:27","0.00397851444553931","pod=recommendationservice-6d8ddf5d5f-2lxgf"
"2026-06-11 18:14:42","2026-06-12 02:14:42","0.00390376797657032","pod=recommendationservice-6d8ddf5d5f-2lxgf"
"2026-06-11 18:14:57","2026-06-12 02:14:57","0.0032599210845475","pod=recommendationservice-6d8ddf5d5f-2lxgf"
"2026-06-11 18:15:12","2026-06-12 02:15:12","0.00334882647488207","pod=recommendationservice-6d8ddf5d5f-2lxgf"
"2026-06-11 18:15:27","2026-06-12 02:15:27","0.00415365234486848","pod=recommendationservice-6d8ddf5d5f-2lxgf"
"2026-06-11 18:15:42","2026-06-12 02:15:42","0.00401864612122815","pod=recommendationservice-6d8ddf5d5f-2lxgf"
"2026-06-11 18:15:57","2026-06-12 02:15:57","0.00263942175510397","pod=recommendationservice-6d8ddf5d5f-2lxgf"
"2026-06-11 18:16:12","2026-06-12 02:16:12","0.00372031567886595","pod=recommendationservice-6d8ddf5d5f-2lxgf"
"2026-06-11 18:16:27","2026-06-12 02:16:27","0.00405031742781081","pod=recommendationservice-6d8ddf5d5f-2lxgf"
"2026-06-11 18:16:42","2026-06-12 02:16:42","0.0040856869124368","pod=recommendationservice-6d8ddf5d5f-2lxgf"
"2026-06-11 18:16:57","2026-06-12 02:16:57","0.00422371744529119","pod=recommendationservice-6d8ddf5d5f-2lxgf"
"2026-06-11 18:17:12","2026-06-12 02:17:12","0.00336242801790666","pod=recommendationservice-6d8ddf5d5f-2lxgf"
"2026-06-11 18:17:27","2026-06-12 02:17:27","0.00391402049427369","pod=recommendationservice-6d8ddf5d5f-2lxgf"
"2026-06-11 18:17:42","2026-06-12 02:17:42","0.00398741810432767","pod=recommendationservice-6d8ddf5d5f-2lxgf"
"2026-06-11 18:17:57","2026-06-12 02:17:57","0.00227666666666669","pod=recommendationservice-6d8ddf5d5f-2lxgf"
"2026-06-11 18:18:12","2026-06-12 02:18:12","0.00418253252971329","pod=recommendationservice-6d8ddf5d5f-2lxgf"
"2026-06-11 18:18:27","2026-06-12 02:18:27","0.00398525661103411","pod=recommendationservice-6d8ddf5d5f-2lxgf"
"2026-06-11 18:18:42","2026-06-12 02:18:42","0.00380820532762991","pod=recommendationservice-6d8ddf5d5f-2lxgf"
"2026-06-11 18:18:57","2026-06-12 02:18:57","0.00373927916690301","pod=recommendationservice-6d8ddf5d5f-2lxgf"
"2026-06-11 18:19:12","2026-06-12 02:19:12","0.00347216537574805","pod=recommendationservice-6d8ddf5d5f-2lxgf"
"2026-06-11 18:19:27","2026-06-12 02:19:27","0.00246324577085566","pod=recommendationservice-6d8ddf5d5f-2lxgf"
"2026-06-11 18:19:42","2026-06-12 02:19:42","0.0028984010852455","pod=recommendationservice-6d8ddf5d5f-2lxgf"
"2026-06-11 18:19:57","2026-06-12 02:19:57","0.00397036924767439","pod=recommendationservice-6d8ddf5d5f-2lxgf"
"2026-06-11 18:20:12","2026-06-12 02:20:12","0.00398424501474829","pod=recommendationservice-6d8ddf5d5f-2lxgf"
"2026-06-11 18:20:27","2026-06-12 02:20:27","0.00409634566872647","pod=recommendationservice-6d8ddf5d5f-2lxgf"
"2026-06-11 18:20:42","2026-06-12 02:20:42","0.003444651209046","pod=recommendationservice-6d8ddf5d5f-2lxgf"
"2026-06-11 18:20:57","2026-06-12 02:20:57","0.00414882113100509","pod=recommendationservice-6d8ddf5d5f-2lxgf"
"2026-06-11 18:21:12","2026-06-12 02:21:12","0.00411660965750081","pod=recommendationservice-6d8ddf5d5f-2lxgf"
"2026-06-11 18:21:27","2026-06-12 02:21:27","0.00327649002252587","pod=recommendationservice-6d8ddf5d5f-2lxgf"
"2026-06-11 18:21:42","2026-06-12 02:21:42","0.00389479585661902","pod=recommendationservice-6d8ddf5d5f-2lxgf"
"2026-06-11 18:21:57","2026-06-12 02:21:57","0.00312871057162529","pod=recommendationservice-6d8ddf5d5f-2lxgf"
"2026-06-11 18:22:12","2026-06-12 02:22:12","0.00412255190194053","pod=recommendationservice-6d8ddf5d5f-2lxgf"
"2026-06-11 18:22:27","2026-06-12 02:22:27","0.0041554565273148","pod=recommendationservice-6d8ddf5d5f-2lxgf"
"2026-06-11 18:22:42","2026-06-12 02:22:42","0.00403094941440309","pod=recommendationservice-6d8ddf5d5f-2lxgf"
"2026-06-11 18:22:57","2026-06-12 02:22:57","0.00399067288474349","pod=recommendationservice-6d8ddf5d5f-2lxgf"
"2026-06-11 18:23:12","2026-06-12 02:23:12","0.00267884402215805","pod=recommendationservice-6d8ddf5d5f-2lxgf"
"2026-06-11 18:23:27","2026-06-12 02:23:27","0.00401423679519659","pod=recommendationservice-6d8ddf5d5f-2lxgf"
"2026-06-11 18:23:42","2026-06-12 02:23:42","0.00412467670924551","pod=recommendationservice-6d8ddf5d5f-2lxgf"
"2026-06-11 18:23:57","2026-06-12 02:23:57","0.00421207380073788","pod=recommendationservice-6d8ddf5d5f-2lxgf"
"2026-06-11 18:24:12","2026-06-12 02:24:12","0.00418519176530675","pod=recommendationservice-6d8ddf5d5f-2lxgf"
"2026-06-11 18:24:27","2026-06-12 02:24:27","0.00416656453466111","pod=recommendationservice-6d8ddf5d5f-2lxgf"
"2026-06-11 18:24:42","2026-06-12 02:24:42","0.00402546599339197","pod=recommendationservice-6d8ddf5d5f-2lxgf"
"2026-06-11 18:24:57","2026-06-12 02:24:57","0.00407040099796786","pod=recommendationservice-6d8ddf5d5f-2lxgf"
"2026-06-11 18:25:12","2026-06-12 02:25:12","0.00299558598388101","pod=recommendationservice-6d8ddf5d5f-2lxgf"
"2026-06-11 18:25:27","2026-06-12 02:25:27","0.0040270922331171","pod=recommendationservice-6d8ddf5d5f-2lxgf"
"2026-06-11 18:25:42","2026-06-12 02:25:42","0.00382275111563457","pod=recommendationservice-6d8ddf5d5f-2lxgf"
"2026-06-11 18:25:57","2026-06-12 02:25:57","0.00272288516536415","pod=recommendationservice-6d8ddf5d5f-2lxgf"
"2026-06-11 18:26:12","2026-06-12 02:26:12","0.00416076937035031","pod=recommendationservice-6d8ddf5d5f-2lxgf"
"2026-06-11 18:26:27","2026-06-12 02:26:27","0.00431554383116886","pod=recommendationservice-6d8ddf5d5f-2lxgf"
"2026-06-11 18:26:42","2026-06-12 02:26:42","0.004390192759518","pod=recommendationservice-6d8ddf5d5f-2lxgf"
"2026-06-11 18:26:57","2026-06-12 02:26:57","0.00378890876390068","pod=recommendationservice-6d8ddf5d5f-2lxgf"
"2026-06-11 18:27:12","2026-06-12 02:27:12","0.00449051428571433","pod=recommendationservice-6d8ddf5d5f-2lxgf"
"2026-06-11 18:27:27","2026-06-12 02:27:27","0.00432670297212484","pod=recommendationservice-6d8ddf5d5f-2lxgf"
"2026-06-11 18:27:42","2026-06-12 02:27:42","0.00410927913254947","pod=recommendationservice-6d8ddf5d5f-2lxgf"
"2026-06-11 18:27:57","2026-06-12 02:27:57","0.00403352178390531","pod=recommendationservice-6d8ddf5d5f-2lxgf"
"2026-06-11 18:28:12","2026-06-12 02:28:12","0.00314179148441158","pod=recommendationservice-6d8ddf5d5f-2lxgf"
"2026-06-11 18:28:27","2026-06-12 02:28:27","0.00445618339619888","pod=recommendationservice-6d8ddf5d5f-2lxgf"
"2026-06-11 18:28:42","2026-06-12 02:28:42","0.00434769476386706","pod=recommendationservice-6d8ddf5d5f-2lxgf"
"2026-06-11 18:28:57","2026-06-12 02:28:57","0.00312284230174255","pod=recommendationservice-6d8ddf5d5f-2lxgf"
"2026-06-11 18:29:12","2026-06-12 02:29:12","0.00367576065633276","pod=recommendationservice-6d8ddf5d5f-2lxgf"
"2026-06-11 18:29:27","2026-06-12 02:29:27","0.00456797836375925","pod=recommendationservice-6d8ddf5d5f-2lxgf"
"2026-06-11 18:29:42","2026-06-12 02:29:42","0.00393603839655215","pod=recommendationservice-6d8ddf5d5f-2lxgf"
"2026-06-11 18:29:57","2026-06-12 02:29:57","0.00384854696055025","pod=recommendationservice-6d8ddf5d5f-2lxgf"
"2026-06-11 18:30:12","2026-06-12 02:30:12","0.00388991148974978","pod=recommendationservice-6d8ddf5d5f-2lxgf"
"2026-06-11 18:30:27","2026-06-12 02:30:27","0.00404378850977824","pod=recommendationservice-6d8ddf5d5f-2lxgf"
"2026-06-11 18:30:42","2026-06-12 02:30:42","0.00406192804919388","pod=recommendationservice-6d8ddf5d5f-2lxgf"
"2026-06-11 18:30:57","2026-06-12 02:30:57","0.00432046096153038","pod=recommendationservice-6d8ddf5d5f-2lxgf"
"2026-06-11 18:31:12","2026-06-12 02:31:12","0.00411402077610952","pod=recommendationservice-6d8ddf5d5f-2lxgf"
"2026-06-11 18:31:27","2026-06-12 02:31:27","0.00411069019882621","pod=recommendationservice-6d8ddf5d5f-2lxgf"
"2026-06-11 18:31:42","2026-06-12 02:31:42","0.00394486122459084","pod=recommendationservice-6d8ddf5d5f-2lxgf"
"2026-06-11 18:31:57","2026-06-12 02:31:57","0.00411795614301398","pod=recommendationservice-6d8ddf5d5f-2lxgf"
"2026-06-11 18:32:12","2026-06-12 02:32:12","0.00424151398156621","pod=recommendationservice-6d8ddf5d5f-2lxgf"
"2026-06-11 18:32:27","2026-06-12 02:32:27","0.00411776083317837","pod=recommendationservice-6d8ddf5d5f-2lxgf"
"2026-06-11 18:32:42","2026-06-12 02:32:42","0.00430054909220956","pod=recommendationservice-6d8ddf5d5f-2lxgf"
"2026-06-11 18:32:57","2026-06-12 02:32:57","0.00436202531645569","pod=recommendationservice-6d8ddf5d5f-2lxgf"
"2026-06-11 18:33:12","2026-06-12 02:33:12","0.00446899883472514","pod=recommendationservice-6d8ddf5d5f-2lxgf"
"2026-06-11 18:33:27","2026-06-12 02:33:27","0.00442303333161614","pod=recommendationservice-6d8ddf5d5f-2lxgf"
"2026-06-11 18:33:42","2026-06-12 02:33:42","0.00386032713714182","pod=recommendationservice-6d8ddf5d5f-2lxgf"
"2026-06-11 18:33:57","2026-06-12 02:33:57","0.00382896394362181","pod=recommendationservice-6d8ddf5d5f-2lxgf"
"2026-06-11 18:34:12","2026-06-12 02:34:12","0.00378213001951311","pod=recommendationservice-6d8ddf5d5f-2lxgf"
"2026-06-11 18:34:27","2026-06-12 02:34:27","0.00438621364927053","pod=recommendationservice-6d8ddf5d5f-2lxgf"
"2026-06-11 18:34:42","2026-06-12 02:34:42","0.00433864072745719","pod=recommendationservice-6d8ddf5d5f-2lxgf"
"2026-06-11 18:34:57","2026-06-12 02:34:57","0.0045331308884218","pod=recommendationservice-6d8ddf5d5f-2lxgf"
"2026-06-11 18:35:12","2026-06-12 02:35:12","0.00405435857738789","pod=recommendationservice-6d8ddf5d5f-2lxgf"
"2026-06-11 18:35:27","2026-06-12 02:35:27","0.00417383324593595","pod=recommendationservice-6d8ddf5d5f-2lxgf"
"2026-06-11 18:35:42","2026-06-12 02:35:42","0.0029329786999949","pod=recommendationservice-6d8ddf5d5f-2lxgf"
"2026-06-11 18:35:57","2026-06-12 02:35:57","0.00384606451612898","pod=recommendationservice-6d8ddf5d5f-2lxgf"
"2026-06-11 18:36:12","2026-06-12 02:36:12","0.00374977973568276","pod=recommendationservice-6d8ddf5d5f-2lxgf"
"2026-06-11 18:36:27","2026-06-12 02:36:27","0.00375778262328086","pod=recommendationservice-6d8ddf5d5f-2lxgf"
"2026-06-11 18:36:42","2026-06-12 02:36:42","0.00324784448386024","pod=recommendationservice-6d8ddf5d5f-2lxgf"
"2026-06-11 18:36:57","2026-06-12 02:36:57","0.00390762442472849","pod=recommendationservice-6d8ddf5d5f-2lxgf"
"2026-06-11 18:37:12","2026-06-12 02:37:12","0.00395558247125871","pod=recommendationservice-6d8ddf5d5f-2lxgf"
"2026-06-11 18:37:27","2026-06-12 02:37:27","0.00378006260388048","pod=recommendationservice-6d8ddf5d5f-2lxgf"
"2026-06-11 18:37:42","2026-06-12 02:37:42","0.00427277133825075","pod=recommendationservice-6d8ddf5d5f-2lxgf"
"2026-06-11 18:37:57","2026-06-12 02:37:57","0.00398354722632439","pod=recommendationservice-6d8ddf5d5f-2lxgf"
"2026-06-11 18:38:12","2026-06-12 02:38:12","0.00392385545161025","pod=recommendationservice-6d8ddf5d5f-2lxgf"
"2026-06-11 18:38:27","2026-06-12 02:38:27","0.00400635779655053","pod=recommendationservice-6d8ddf5d5f-2lxgf"
"2026-06-11 18:38:42","2026-06-12 02:38:42","0.00423081796252526","pod=recommendationservice-6d8ddf5d5f-2lxgf"
"2026-06-11 18:38:57","2026-06-12 02:38:57","0.00411320256416405","pod=recommendationservice-6d8ddf5d5f-2lxgf"
"2026-06-11 18:39:12","2026-06-12 02:39:12","0.00403978175966081","pod=recommendationservice-6d8ddf5d5f-2lxgf"
"2026-06-11 18:39:27","2026-06-12 02:39:27","0.00412860065466444","pod=recommendationservice-6d8ddf5d5f-2lxgf"
"2026-06-11 18:39:42","2026-06-12 02:39:42","0.00409941403515786","pod=recommendationservice-6d8ddf5d5f-2lxgf"
"2026-06-11 18:39:57","2026-06-12 02:39:57","0.00386811934944378","pod=recommendationservice-6d8ddf5d5f-2lxgf"
"2026-06-11 18:40:12","2026-06-12 02:40:12","0.00388717507233907","pod=recommendationservice-6d8ddf5d5f-2lxgf"
"2026-06-11 18:40:27","2026-06-12 02:40:27","0.00400377342491318","pod=recommendationservice-6d8ddf5d5f-2lxgf"
"2026-06-11 18:40:42","2026-06-12 02:40:42","0.00420260215407381","pod=recommendationservice-6d8ddf5d5f-2lxgf"
"2026-06-11 18:40:57","2026-06-12 02:40:57","0.00436004782040781","pod=recommendationservice-6d8ddf5d5f-2lxgf"
"2026-06-11 18:41:12","2026-06-12 02:41:12","0.00417991169977917","pod=recommendationservice-6d8ddf5d5f-2lxgf"
"2026-06-11 18:41:27","2026-06-12 02:41:27","0.00444609716157211","pod=recommendationservice-6d8ddf5d5f-2lxgf"
"2026-06-11 18:41:42","2026-06-12 02:41:42","0.00415382843453425","pod=recommendationservice-6d8ddf5d5f-2lxgf"
"2026-06-11 18:41:57","2026-06-12 02:41:57","0.00416303214499637","pod=recommendationservice-6d8ddf5d5f-2lxgf"
"2026-06-11 18:42:12","2026-06-12 02:42:12","0.00389812973342164","pod=recommendationservice-6d8ddf5d5f-2lxgf"
"2026-06-11 18:42:27","2026-06-12 02:42:27","0.00407089510142368","pod=recommendationservice-6d8ddf5d5f-2lxgf"
"2026-06-11 18:42:42","2026-06-12 02:42:42","0.00394173201057048","pod=recommendationservice-6d8ddf5d5f-2lxgf"
"2026-06-11 18:42:57","2026-06-12 02:42:57","0.00418884600724229","pod=recommendationservice-6d8ddf5d5f-2lxgf"
"2026-06-11 18:43:12","2026-06-12 02:43:12","0.00422254782445618","pod=recommendationservice-6d8ddf5d5f-2lxgf"
"2026-06-11 18:43:27","2026-06-12 02:43:27","0.00412257944964341","pod=recommendationservice-6d8ddf5d5f-2lxgf"
"2026-06-11 18:43:42","2026-06-12 02:43:42","0.00416994523548748","pod=recommendationservice-6d8ddf5d5f-2lxgf"
"2026-06-11 18:43:57","2026-06-12 02:43:57","0.00403645409317048","pod=recommendationservice-6d8ddf5d5f-2lxgf"
"2026-06-11 18:44:12","2026-06-12 02:44:12","0.00409892787524363","pod=recommendationservice-6d8ddf5d5f-2lxgf"
"2026-06-11 18:44:27","2026-06-12 02:44:27","0.00323929852119987","pod=recommendationservice-6d8ddf5d5f-2lxgf"
"2026-06-11 18:44:42","2026-06-12 02:44:42","0.00413217391304352","pod=recommendationservice-6d8ddf5d5f-2lxgf"
"2026-06-11 18:44:57","2026-06-12 02:44:57","0.00429878637792647","pod=recommendationservice-6d8ddf5d5f-2lxgf"
"2026-06-11 18:45:12","2026-06-12 02:45:12","0.00411887632750948","pod=recommendationservice-6d8ddf5d5f-2lxgf"
"2026-06-11 18:45:27","2026-06-12 02:45:27","0.00411887632750948","pod=recommendationservice-6d8ddf5d5f-2lxgf"
"2026-06-11 18:45:42","2026-06-12 02:45:42","0.00397007524683574","pod=recommendationservice-6d8ddf5d5f-2lxgf"
"2026-06-11 18:45:57","2026-06-12 02:45:57","0.00418716294076971","pod=recommendationservice-6d8ddf5d5f-2lxgf"
"2026-06-11 18:46:12","2026-06-12 02:46:12","0.00409996988161151","pod=recommendationservice-6d8ddf5d5f-2lxgf"
"2026-06-11 18:46:27","2026-06-12 02:46:27","0.00347935971839302","pod=recommendationservice-6d8ddf5d5f-2lxgf"
"2026-06-11 18:46:42","2026-06-12 02:46:42","0.0039078363187017","pod=recommendationservice-6d8ddf5d5f-2lxgf"
"2026-06-11 18:46:57","2026-06-12 02:46:57","0.00389649304281089","pod=recommendationservice-6d8ddf5d5f-2lxgf"
"2026-06-11 18:47:12","2026-06-12 02:47:12","0.00357770866065994","pod=recommendationservice-6d8ddf5d5f-2lxgf"
"2026-06-11 18:47:27","2026-06-12 02:47:27","0.00369042711804957","pod=recommendationservice-6d8ddf5d5f-2lxgf"
"2026-06-11 18:47:42","2026-06-12 02:47:42","0.003456869547722","pod=recommendationservice-6d8ddf5d5f-2lxgf"
"2026-06-11 18:47:57","2026-06-12 02:47:57","0.00410892864419907","pod=recommendationservice-6d8ddf5d5f-2lxgf"
"2026-06-11 18:48:12","2026-06-12 02:48:12","0.00393873616256142","pod=recommendationservice-6d8ddf5d5f-2lxgf"
"2026-06-11 18:48:27","2026-06-12 02:48:27","0.0036683690697282","pod=recommendationservice-6d8ddf5d5f-2lxgf"
"2026-06-11 18:48:42","2026-06-12 02:48:42","0.00335420219244814","pod=recommendationservice-6d8ddf5d5f-2lxgf"
"2026-06-11 18:48:57","2026-06-12 02:48:57","0.00354004320182581","pod=recommendationservice-6d8ddf5d5f-2lxgf"
"2026-06-11 18:49:12","2026-06-12 02:49:12","0.00350419792972983","pod=recommendationservice-6d8ddf5d5f-2lxgf"
"2026-06-11 18:49:27","2026-06-12 02:49:27","0.0035322603135396","pod=recommendationservice-6d8ddf5d5f-2lxgf"
"2026-06-11 18:49:42","2026-06-12 02:49:42","0.00371397133050681","pod=recommendationservice-6d8ddf5d5f-2lxgf"
"2026-06-11 18:49:57","2026-06-12 02:49:57","0.00383372257301844","pod=recommendationservice-6d8ddf5d5f-2lxgf"
"2026-06-11 18:50:12","2026-06-12 02:50:12","0.00441218477492347","pod=recommendationservice-6d8ddf5d5f-2lxgf"
"2026-06-11 18:50:27","2026-06-12 02:50:27","0.00438684971098272","pod=recommendationservice-6d8ddf5d5f-2lxgf"
"2026-06-11 18:50:42","2026-06-12 02:50:42","0.00414500489881427","pod=recommendationservice-6d8ddf5d5f-2lxgf"
"2026-06-11 18:50:57","2026-06-12 02:50:57","0.00385566733134686","pod=recommendationservice-6d8ddf5d5f-2lxgf"
"2026-06-11 18:51:12","2026-06-12 02:51:12","0.00164673333333335","pod=recommendationservice-6d8ddf5d5f-2lxgf"
"2026-06-11 18:51:27","2026-06-12 02:51:27","0.00381827488564584","pod=recommendationservice-6d8ddf5d5f-2lxgf"
"2026-06-11 18:51:42","2026-06-12 02:51:42","0.00407743878740769","pod=recommendationservice-6d8ddf5d5f-2lxgf"
"2026-06-11 18:51:57","2026-06-12 02:51:57","0.00406351655416239","pod=recommendationservice-6d8ddf5d5f-2lxgf"
"2026-06-11 18:52:12","2026-06-12 02:52:12","0.00403683195931255","pod=recommendationservice-6d8ddf5d5f-2lxgf"
"2026-06-11 18:52:27","2026-06-12 02:52:27","0.00285217706775464","pod=recommendationservice-6d8ddf5d5f-2lxgf"
"2026-06-11 18:52:42","2026-06-12 02:52:42","0.00415201940916224","pod=recommendationservice-6d8ddf5d5f-2lxgf"
"2026-06-11 18:52:57","2026-06-12 02:52:57","0.00386853567096684","pod=recommendationservice-6d8ddf5d5f-2lxgf"
"2026-06-11 18:53:12","2026-06-12 02:53:12","0.00380091370257193","pod=recommendationservice-6d8ddf5d5f-2lxgf"
"2026-06-11 18:53:27","2026-06-12 02:53:27","0.00403216103655725","pod=recommendationservice-6d8ddf5d5f-2lxgf"
"2026-06-11 18:53:42","2026-06-12 02:53:42","0.00418609675904196","pod=recommendationservice-6d8ddf5d5f-2lxgf"
"2026-06-11 18:53:57","2026-06-12 02:53:57","0.00450193815522874","pod=recommendationservice-6d8ddf5d5f-2lxgf"
"2026-06-11 18:54:12","2026-06-12 02:54:12","0.00427797052129136","pod=recommendationservice-6d8ddf5d5f-2lxgf"
"2026-06-11 18:54:27","2026-06-12 02:54:27","0.00497807918619708","pod=recommendationservice-6d8ddf5d5f-2lxgf"
"2026-06-11 18:54:42","2026-06-12 02:54:42","0.00478390275952704","pod=recommendationservice-6d8ddf5d5f-2lxgf"
"2026-06-11 18:54:57","2026-06-12 02:54:57","0.00462342251388199","pod=recommendationservice-6d8ddf5d5f-2lxgf"
"2026-06-11 18:55:12","2026-06-12 02:55:12","0.0039375518262587","pod=recommendationservice-6d8ddf5d5f-2lxgf"
"2026-06-11 18:55:27","2026-06-12 02:55:27","0.00400423832423177","pod=recommendationservice-6d8ddf5d5f-2lxgf"
"2026-06-11 18:55:42","2026-06-12 02:55:42","0.00418662144411534","pod=recommendationservice-6d8ddf5d5f-2lxgf"
"2026-06-11 18:55:57","2026-06-12 02:55:57","0.00435340693295562","pod=recommendationservice-6d8ddf5d5f-2lxgf"
"2026-06-11 18:56:12","2026-06-12 02:56:12","0.00424966532797869","pod=recommendationservice-6d8ddf5d5f-2lxgf"
"2026-06-11 18:56:27","2026-06-12 02:56:27","0.00400091198204116","pod=recommendationservice-6d8ddf5d5f-2lxgf"
"2026-06-11 18:56:42","2026-06-12 02:56:42","0.00314292909417575","pod=recommendationservice-6d8ddf5d5f-2lxgf"
"2026-06-11 18:56:57","2026-06-12 02:56:57","0.00312301506113156","pod=recommendationservice-6d8ddf5d5f-2lxgf"
"2026-06-11 18:57:12","2026-06-12 02:57:12","0.00379456277506452","pod=recommendationservice-6d8ddf5d5f-2lxgf"
"2026-06-11 18:57:27","2026-06-12 02:57:27","0.00347290381212046","pod=recommendationservice-6d8ddf5d5f-2lxgf"
"2026-06-11 18:57:42","2026-06-12 02:57:42","0.0028772199461874","pod=recommendationservice-6d8ddf5d5f-2lxgf"
"2026-06-11 18:57:57","2026-06-12 02:57:57","0.00407273834907093","pod=recommendationservice-6d8ddf5d5f-2lxgf"
"2026-06-11 18:58:12","2026-06-12 02:58:12","0.00422737106380701","pod=recommendationservice-6d8ddf5d5f-2lxgf"
"2026-06-11 18:58:27","2026-06-12 02:58:27","0.00365517241379324","pod=recommendationservice-6d8ddf5d5f-2lxgf"
"2026-06-11 18:58:42","2026-06-12 02:58:42","0.00339123276850025","pod=recommendationservice-6d8ddf5d5f-2lxgf"
"2026-06-11 18:58:57","2026-06-12 02:58:57","0.00391144084183096","pod=recommendationservice-6d8ddf5d5f-2lxgf"
"2026-06-11 18:59:12","2026-06-12 02:59:12","0.00397537265068051","pod=recommendationservice-6d8ddf5d5f-2lxgf"
"2026-06-11 18:59:27","2026-06-12 02:59:27","0.00419225080761299","pod=recommendationservice-6d8ddf5d5f-2lxgf"
"2026-06-11 18:59:42","2026-06-12 02:59:42","0.00475771096023294","pod=recommendationservice-6d8ddf5d5f-2lxgf"
"2026-06-11 18:59:57","2026-06-12 02:59:57","0.00471048809121109","pod=recommendationservice-6d8ddf5d5f-2lxgf"
"2026-06-11 19:00:12","2026-06-12 03:00:12","0.00465089889640438","pod=recommendationservice-6d8ddf5d5f-2lxgf"
"2026-06-11 19:00:27","2026-06-12 03:00:27","0.00429788323659941","pod=recommendationservice-6d8ddf5d5f-2lxgf"
"2026-06-11 19:00:42","2026-06-12 03:00:42","0.00405488127766831","pod=recommendationservice-6d8ddf5d5f-2lxgf"
"2026-06-11 19:00:57","2026-06-12 03:00:57","0.003791071252587","pod=recommendationservice-6d8ddf5d5f-2lxgf"
"2026-06-11 19:01:12","2026-06-12 03:01:12","0.00354320554434599","pod=recommendationservice-6d8ddf5d5f-2lxgf"
"2026-06-11 19:01:27","2026-06-12 03:01:27","0.00437877972989146","pod=recommendationservice-6d8ddf5d5f-2lxgf"
"2026-06-11 19:01:42","2026-06-12 03:01:42","0.00438136605170449","pod=recommendationservice-6d8ddf5d5f-2lxgf"
"2026-06-11 19:01:57","2026-06-12 03:01:57","0.00350280420517223","pod=recommendationservice-6d8ddf5d5f-2lxgf"
"2026-06-11 19:02:12","2026-06-12 03:02:12","0.00350280420517223","pod=recommendationservice-6d8ddf5d5f-2lxgf"
"2026-06-11 19:02:27","2026-06-12 03:02:27","0.00386054539178463","pod=recommendationservice-6d8ddf5d5f-2lxgf"
"2026-06-11 19:02:42","2026-06-12 03:02:42","0.00381725242742189","pod=recommendationservice-6d8ddf5d5f-2lxgf"
"2026-06-11 19:02:57","2026-06-12 03:02:57","0.00373286204494448","pod=recommendationservice-6d8ddf5d5f-2lxgf"
"2026-06-11 19:03:12","2026-06-12 03:03:12","0.00380476805295431","pod=recommendationservice-6d8ddf5d5f-2lxgf"
"2026-06-11 19:03:27","2026-06-12 03:03:27","0.00400311908779479","pod=recommendationservice-6d8ddf5d5f-2lxgf"
"2026-06-11 19:03:42","2026-06-12 03:03:42","0.00394497841726635","pod=recommendationservice-6d8ddf5d5f-2lxgf"
"2026-06-11 19:03:57","2026-06-12 03:03:57","0.00399005366144484","pod=recommendationservice-6d8ddf5d5f-2lxgf"
"2026-06-11 19:04:12","2026-06-12 03:04:12","0.00418913756050945","pod=recommendationservice-6d8ddf5d5f-2lxgf"
"2026-06-11 19:04:27","2026-06-12 03:04:27","0.00356890941188841","pod=recommendationservice-6d8ddf5d5f-2lxgf"
"2026-06-11 19:04:42","2026-06-12 03:04:42","0.0042954631379964","pod=recommendationservice-6d8ddf5d5f-2lxgf"
"2026-06-11 19:04:57","2026-06-12 03:04:57","0.00395507510330385","pod=recommendationservice-6d8ddf5d5f-2lxgf"
"2026-06-11 19:05:12","2026-06-12 03:05:12","0.00361683903151238","pod=recommendationservice-6d8ddf5d5f-2lxgf"
"2026-06-11 19:05:27","2026-06-12 03:05:27","0.00247421770944646","pod=recommendationservice-6d8ddf5d5f-2lxgf"
"2026-06-11 19:05:42","2026-06-12 03:05:42","0.0037345488766028","pod=recommendationservice-6d8ddf5d5f-2lxgf"
"2026-06-11 19:05:57","2026-06-12 03:05:57","0.00380048900927654","pod=recommendationservice-6d8ddf5d5f-2lxgf"
"2026-06-11 19:06:12","2026-06-12 03:06:12","0.00422123119972043","pod=recommendationservice-6d8ddf5d5f-2lxgf"
"2026-06-11 19:06:27","2026-06-12 03:06:27","0.00417708475191786","pod=recommendationservice-6d8ddf5d5f-2lxgf"
"2026-06-11 19:06:42","2026-06-12 03:06:42","0.00429961844986797","pod=recommendationservice-6d8ddf5d5f-2lxgf"
"2026-06-11 19:06:57","2026-06-12 03:06:57","0.00421503323083027","pod=recommendationservice-6d8ddf5d5f-2lxgf"
"2026-06-11 19:07:12","2026-06-12 03:07:12","0.00398401669418441","pod=recommendationservice-6d8ddf5d5f-2lxgf"
"2026-06-11 19:07:27","2026-06-12 03:07:27","0.00376607279268638","pod=recommendationservice-6d8ddf5d5f-2lxgf"
"2026-06-11 19:07:42","2026-06-12 03:07:42","0.00374379443947711","pod=recommendationservice-6d8ddf5d5f-2lxgf"
"2026-06-11 19:07:57","2026-06-12 03:07:57","0.00391115742724706","pod=recommendationservice-6d8ddf5d5f-2lxgf"
"2026-06-11 19:08:12","2026-06-12 03:08:12","0.00385410600437708","pod=recommendationservice-6d8ddf5d5f-2lxgf"
"2026-06-11 19:08:27","2026-06-12 03:08:27","0.00394627653955844","pod=recommendationservice-6d8ddf5d5f-2lxgf"
"2026-06-11 19:08:42","2026-06-12 03:08:42","0.00367005370881105","pod=recommendationservice-6d8ddf5d5f-2lxgf"
"2026-06-11 19:08:57","2026-06-12 03:08:57","0.00384622020920943","pod=recommendationservice-6d8ddf5d5f-2lxgf"
"2026-06-11 19:09:12","2026-06-12 03:09:12","0.00365740170856012","pod=recommendationservice-6d8ddf5d5f-2lxgf"
"2026-06-11 19:09:27","2026-06-12 03:09:27","0.0037400547158809","pod=recommendationservice-6d8ddf5d5f-2lxgf"
"2026-06-11 19:09:42","2026-06-12 03:09:42","0.00368819556127371","pod=recommendationservice-6d8ddf5d5f-2lxgf"
"2026-06-11 19:09:57","2026-06-12 03:09:57","0.00364663354825049","pod=recommendationservice-6d8ddf5d5f-2lxgf"
"2026-06-11 19:10:12","2026-06-12 03:10:12","0.00380097929690305","pod=recommendationservice-6d8ddf5d5f-2lxgf"
"2026-06-11 19:10:27","2026-06-12 03:10:27","0.00373157345575979","pod=recommendationservice-6d8ddf5d5f-2lxgf"
"2026-06-11 19:10:42","2026-06-12 03:10:42","0.00389505064751893","pod=recommendationservice-6d8ddf5d5f-2lxgf"
"2026-06-11 19:10:57","2026-06-12 03:10:57","0.00384490910573069","pod=recommendationservice-6d8ddf5d5f-2lxgf"
"2026-06-11 19:11:12","2026-06-12 03:11:12","0.00373151717639003","pod=recommendationservice-6d8ddf5d5f-2lxgf"
"2026-06-11 19:11:27","2026-06-12 03:11:27","0.00387986568285265","pod=recommendationservice-6d8ddf5d5f-2lxgf"
"2026-06-11 19:11:42","2026-06-12 03:11:42","0.00296910682499751","pod=recommendationservice-6d8ddf5d5f-2lxgf"
"2026-06-11 19:11:57","2026-06-12 03:11:57","0.00421199880654561","pod=recommendationservice-6d8ddf5d5f-2lxgf"
"2026-06-11 19:12:12","2026-06-12 03:12:12","0.00394504216341967","pod=recommendationservice-6d8ddf5d5f-2lxgf"
"2026-06-11 19:12:27","2026-06-12 03:12:27","0.00278931877972204","pod=recommendationservice-6d8ddf5d5f-2lxgf"
"2026-06-11 19:12:42","2026-06-12 03:12:42","0.00348973319103522","pod=recommendationservice-6d8ddf5d5f-2lxgf"
"2026-06-11 19:12:57","2026-06-12 03:12:57","0.00364784556893247","pod=recommendationservice-6d8ddf5d5f-2lxgf"
"2026-06-11 19:13:12","2026-06-12 03:13:12","0.0035746846107799","pod=recommendationservice-6d8ddf5d5f-2lxgf"
"2026-06-11 19:13:27","2026-06-12 03:13:27","0.00400346198830381","pod=recommendationservice-6d8ddf5d5f-2lxgf"
"2026-06-11 19:13:42","2026-06-12 03:13:42","0.00388460457777701","pod=recommendationservice-6d8ddf5d5f-2lxgf"
"2026-06-11 19:13:57","2026-06-12 03:13:57","0.00414519890260617","pod=recommendationservice-6d8ddf5d5f-2lxgf"
"2026-06-11 19:14:12","2026-06-12 03:14:12","0.00399650082550951","pod=recommendationservice-6d8ddf5d5f-2lxgf"
"2026-06-11 19:14:27","2026-06-12 03:14:27","0.0038160648930933","pod=recommendationservice-6d8ddf5d5f-2lxgf"
"2026-06-11 19:14:42","2026-06-12 03:14:42","0.00391527892104096","pod=recommendationservice-6d8ddf5d5f-2lxgf"
"2026-06-11 19:14:57","2026-06-12 03:14:57","0.00392532972884406","pod=recommendationservice-6d8ddf5d5f-2lxgf"
"2026-06-11 19:15:12","2026-06-12 03:15:12","0.00410139095205942","pod=recommendationservice-6d8ddf5d5f-2lxgf"
"2026-06-11 19:15:27","2026-06-12 03:15:27","0.00379670158448605","pod=recommendationservice-6d8ddf5d5f-2lxgf"
"2026-06-11 19:15:42","2026-06-12 03:15:42","0.00386579476396265","pod=recommendationservice-6d8ddf5d5f-2lxgf"
"2026-06-11 19:15:57","2026-06-12 03:15:57","0.00390553791152539","pod=recommendationservice-6d8ddf5d5f-2lxgf"
"2026-06-11 19:16:12","2026-06-12 03:16:12","0.00343672968314514","pod=recommendationservice-6d8ddf5d5f-2lxgf"
"2026-06-11 19:16:27","2026-06-12 03:16:27","0.00401309343871215","pod=recommendationservice-6d8ddf5d5f-2lxgf"
"2026-06-11 19:16:42","2026-06-12 03:16:42","0.00401640579382565","pod=recommendationservice-6d8ddf5d5f-2lxgf"
"2026-06-11 19:16:57","2026-06-12 03:16:57","0.002679075","pod=recommendationservice-6d8ddf5d5f-2lxgf"
"2026-06-11 19:17:12","2026-06-12 03:17:12","0.00386827652635324","pod=recommendationservice-6d8ddf5d5f-2lxgf"
"2026-06-11 19:17:27","2026-06-12 03:17:27","0.00387206159036372","pod=recommendationservice-6d8ddf5d5f-2lxgf"
"2026-06-11 19:17:42","2026-06-12 03:17:42","0.00348033199118517","pod=recommendationservice-6d8ddf5d5f-2lxgf"
"2026-06-11 19:17:57","2026-06-12 03:17:57","0.00379985151927592","pod=recommendationservice-6d8ddf5d5f-2lxgf"
"2026-06-11 19:18:12","2026-06-12 03:18:12","0.00348996011241027","pod=recommendationservice-6d8ddf5d5f-2lxgf"
"2026-06-11 19:18:27","2026-06-12 03:18:27","0.00241252499999973","pod=recommendationservice-6d8ddf5d5f-2lxgf"
"2026-06-11 19:18:42","2026-06-12 03:18:42","0.00394042766527883","pod=recommendationservice-6d8ddf5d5f-2lxgf"
"2026-06-11 19:18:57","2026-06-12 03:18:57","0.0040093313020294","pod=recommendationservice-6d8ddf5d5f-2lxgf"
"2026-06-11 19:19:12","2026-06-12 03:19:12","0.00306808891025201","pod=recommendationservice-6d8ddf5d5f-2lxgf"
"2026-06-11 19:19:27","2026-06-12 03:19:27","0.00358065104820128","pod=recommendationservice-6d8ddf5d5f-2lxgf"
"2026-06-11 19:19:42","2026-06-12 03:19:42","0.00341489659027408","pod=recommendationservice-6d8ddf5d5f-2lxgf"
"2026-06-11 19:19:57","2026-06-12 03:19:57","0.00352520823322119","pod=recommendationservice-6d8ddf5d5f-2lxgf"
"2026-06-11 19:20:12","2026-06-12 03:20:12","0.00365427803587429","pod=recommendationservice-6d8ddf5d5f-2lxgf"
"2026-06-11 19:20:27","2026-06-12 03:20:27","0.00370903693696899","pod=recommendationservice-6d8ddf5d5f-2lxgf"
"2026-06-11 19:20:42","2026-06-12 03:20:42","0.00300935360541125","pod=recommendationservice-6d8ddf5d5f-2lxgf"
"2026-06-11 19:20:57","2026-06-12 03:20:57","0.00358262648735616","pod=recommendationservice-6d8ddf5d5f-2lxgf"
"2026-06-11 19:21:12","2026-06-12 03:21:12","0.00358888382687923","pod=recommendationservice-6d8ddf5d5f-2lxgf"
"2026-06-11 19:21:27","2026-06-12 03:21:27","0.00261897081691531","pod=recommendationservice-6d8ddf5d5f-2lxgf"
"2026-06-11 19:21:42","2026-06-12 03:21:42","0.00368644686663224","pod=recommendationservice-6d8ddf5d5f-2lxgf"
"2026-06-11 19:21:57","2026-06-12 03:21:57","0.00384055717237253","pod=recommendationservice-6d8ddf5d5f-2lxgf"
"2026-06-11 19:22:12","2026-06-12 03:22:12","0.00250635000000017","pod=recommendationservice-6d8ddf5d5f-2lxgf"
"2026-06-11 19:22:27","2026-06-12 03:22:27","0.00415876233543495","pod=recommendationservice-6d8ddf5d5f-2lxgf"
"2026-06-11 19:22:42","2026-06-12 03:22:42","0.00440773906657948","pod=recommendationservice-6d8ddf5d5f-2lxgf"
"2026-06-11 19:22:57","2026-06-12 03:22:57","0.00394697549184571","pod=recommendationservice-6d8ddf5d5f-2lxgf"
"2026-06-11 19:23:12","2026-06-12 03:23:12","0.00421271420273005","pod=recommendationservice-6d8ddf5d5f-2lxgf"
"2026-06-11 19:23:27","2026-06-12 03:23:27","0.00329436727020428","pod=recommendationservice-6d8ddf5d5f-2lxgf"
"2026-06-11 19:23:42","2026-06-12 03:23:42","0.00411129878530873","pod=recommendationservice-6d8ddf5d5f-2lxgf"
"2026-06-11 19:23:57","2026-06-12 03:23:57","0.00406281407035182","pod=recommendationservice-6d8ddf5d5f-2lxgf"
"2026-06-11 19:24:12","2026-06-12 03:24:12","0.0038486116055535","pod=recommendationservice-6d8ddf5d5f-2lxgf"
"2026-06-11 19:24:27","2026-06-12 03:24:27","0.0038179680592916","pod=recommendationservice-6d8ddf5d5f-2lxgf"
"2026-06-11 19:24:42","2026-06-12 03:24:42","0.00284995952499259","pod=recommendationservice-6d8ddf5d5f-2lxgf"
"2026-06-11 19:24:57","2026-06-12 03:24:57","0.00374937556876473","pod=recommendationservice-6d8ddf5d5f-2lxgf"
"2026-06-11 19:25:12","2026-06-12 03:25:12","0.0030227102125652","pod=recommendationservice-6d8ddf5d5f-2lxgf"
"2026-06-11 19:25:27","2026-06-12 03:25:27","0.00410193204530311","pod=recommendationservice-6d8ddf5d5f-2lxgf"
"2026-06-11 19:25:42","2026-06-12 03:25:42","0.00383222808339628","pod=recommendationservice-6d8ddf5d5f-2lxgf"
"2026-06-11 19:25:57","2026-06-12 03:25:57","0.00277403419251825","pod=recommendationservice-6d8ddf5d5f-2lxgf"
"2026-06-11 19:26:12","2026-06-12 03:26:12","0.00386279431931764","pod=recommendationservice-6d8ddf5d5f-2lxgf"
"2026-06-11 19:26:27","2026-06-12 03:26:27","0.003979879494486","pod=recommendationservice-6d8ddf5d5f-2lxgf"
"2026-06-11 19:26:42","2026-06-12 03:26:42","0.00373506678988469","pod=recommendationservice-6d8ddf5d5f-2lxgf"
"2026-06-11 19:26:57","2026-06-12 03:26:57","0.00390828281914409","pod=recommendationservice-6d8ddf5d5f-2lxgf"
"2026-06-11 17:26:57","2026-06-12 01:26:57","0.00156443809210857","pod=redis-cart-6899b65948-xwzrc"
"2026-06-11 17:27:12","2026-06-12 01:27:12","0.00199028324992016","pod=redis-cart-6899b65948-xwzrc"
"2026-06-11 17:27:27","2026-06-12 01:27:27","0.00185810900118961","pod=redis-cart-6899b65948-xwzrc"
"2026-06-11 17:27:42","2026-06-12 01:27:42","0.00151844118829451","pod=redis-cart-6899b65948-xwzrc"
"2026-06-11 17:27:57","2026-06-12 01:27:57","0.00181829225963205","pod=redis-cart-6899b65948-xwzrc"
"2026-06-11 17:28:12","2026-06-12 01:28:12","0.00176604959048585","pod=redis-cart-6899b65948-xwzrc"
"2026-06-11 17:28:27","2026-06-12 01:28:27","0.00146634366097728","pod=redis-cart-6899b65948-xwzrc"
"2026-06-11 17:28:42","2026-06-12 01:28:42","0.00182091121048809","pod=redis-cart-6899b65948-xwzrc"
"2026-06-11 17:28:57","2026-06-12 01:28:57","0.00186092559741206","pod=redis-cart-6899b65948-xwzrc"
"2026-06-11 17:29:12","2026-06-12 01:29:12","0.00188549775103204","pod=redis-cart-6899b65948-xwzrc"
"2026-06-11 17:29:27","2026-06-12 01:29:27","0.0019029738591857","pod=redis-cart-6899b65948-xwzrc"
"2026-06-11 17:29:42","2026-06-12 01:29:42","0.0014155495241302","pod=redis-cart-6899b65948-xwzrc"
"2026-06-11 17:29:57","2026-06-12 01:29:57","0.00195687945781179","pod=redis-cart-6899b65948-xwzrc"
"2026-06-11 17:30:12","2026-06-12 01:30:12","0.00197207693145907","pod=redis-cart-6899b65948-xwzrc"
"2026-06-11 17:30:27","2026-06-12 01:30:27","0.00194989487480539","pod=redis-cart-6899b65948-xwzrc"
"2026-06-11 17:30:42","2026-06-12 01:30:42","0.00187629180257909","pod=redis-cart-6899b65948-xwzrc"
"2026-06-11 17:30:57","2026-06-12 01:30:57","0.00186947907390919","pod=redis-cart-6899b65948-xwzrc"
"2026-06-11 17:31:12","2026-06-12 01:31:12","0.00188456588456587","pod=redis-cart-6899b65948-xwzrc"
"2026-06-11 17:31:27","2026-06-12 01:31:27","0.0018984272608126","pod=redis-cart-6899b65948-xwzrc"
"2026-06-11 17:31:42","2026-06-12 01:31:42","0.00188528819531841","pod=redis-cart-6899b65948-xwzrc"
"2026-06-11 17:31:57","2026-06-12 01:31:57","0.00187893822872743","pod=redis-cart-6899b65948-xwzrc"
"2026-06-11 17:32:12","2026-06-12 01:32:12","0.00189206185369951","pod=redis-cart-6899b65948-xwzrc"
"2026-06-11 17:32:27","2026-06-12 01:32:27","0.00191946794057059","pod=redis-cart-6899b65948-xwzrc"
"2026-06-11 17:32:42","2026-06-12 01:32:42","0.00188013436596059","pod=redis-cart-6899b65948-xwzrc"
"2026-06-11 17:32:57","2026-06-12 01:32:57","0.00150446598156454","pod=redis-cart-6899b65948-xwzrc"
"2026-06-11 17:33:12","2026-06-12 01:33:12","0.00186347164558787","pod=redis-cart-6899b65948-xwzrc"
"2026-06-11 17:33:27","2026-06-12 01:33:27","0.00180497233072917","pod=redis-cart-6899b65948-xwzrc"
"2026-06-11 17:33:42","2026-06-12 01:33:42","0.00172906116686616","pod=redis-cart-6899b65948-xwzrc"
"2026-06-11 17:33:57","2026-06-12 01:33:57","0.00173369047882587","pod=redis-cart-6899b65948-xwzrc"
"2026-06-11 17:34:12","2026-06-12 01:34:12","0.00172261480084527","pod=redis-cart-6899b65948-xwzrc"
"2026-06-11 17:34:27","2026-06-12 01:34:27","0.00168671119445438","pod=redis-cart-6899b65948-xwzrc"
"2026-06-11 17:34:42","2026-06-12 01:34:42","0.00172367174877901","pod=redis-cart-6899b65948-xwzrc"
"2026-06-11 17:34:57","2026-06-12 01:34:57","0.00174081680679454","pod=redis-cart-6899b65948-xwzrc"
"2026-06-11 17:35:12","2026-06-12 01:35:12","0.00177153371577016","pod=redis-cart-6899b65948-xwzrc"
"2026-06-11 17:35:27","2026-06-12 01:35:27","0.00173086081978003","pod=redis-cart-6899b65948-xwzrc"
"2026-06-11 17:35:42","2026-06-12 01:35:42","0.00174675584654156","pod=redis-cart-6899b65948-xwzrc"
"2026-06-11 17:35:57","2026-06-12 01:35:57","0.00175394006916875","pod=redis-cart-6899b65948-xwzrc"
"2026-06-11 17:36:12","2026-06-12 01:36:12","0.00177590774194839","pod=redis-cart-6899b65948-xwzrc"
"2026-06-11 17:36:27","2026-06-12 01:36:27","0.00172574310796245","pod=redis-cart-6899b65948-xwzrc"
"2026-06-11 17:36:42","2026-06-12 01:36:42","0.00171922637971793","pod=redis-cart-6899b65948-xwzrc"
"2026-06-11 17:36:57","2026-06-12 01:36:57","0.00167756868270097","pod=redis-cart-6899b65948-xwzrc"
"2026-06-11 17:37:12","2026-06-12 01:37:12","0.00179234916822116","pod=redis-cart-6899b65948-xwzrc"
"2026-06-11 17:37:27","2026-06-12 01:37:27","0.00180556751977875","pod=redis-cart-6899b65948-xwzrc"
"2026-06-11 17:37:42","2026-06-12 01:37:42","0.00179778374748156","pod=redis-cart-6899b65948-xwzrc"
"2026-06-11 17:37:57","2026-06-12 01:37:57","0.00181262620659051","pod=redis-cart-6899b65948-xwzrc"
"2026-06-11 17:38:12","2026-06-12 01:38:12","0.0017836140451042","pod=redis-cart-6899b65948-xwzrc"
"2026-06-11 17:38:27","2026-06-12 01:38:27","0.00179722591607564","pod=redis-cart-6899b65948-xwzrc"
"2026-06-11 17:38:42","2026-06-12 01:38:42","0.00143817777423163","pod=redis-cart-6899b65948-xwzrc"
"2026-06-11 17:38:57","2026-06-12 01:38:57","0.0017917645464402","pod=redis-cart-6899b65948-xwzrc"
"2026-06-11 17:39:12","2026-06-12 01:39:12","0.0017929756441934","pod=redis-cart-6899b65948-xwzrc"
"2026-06-11 17:39:27","2026-06-12 01:39:27","0.00172491947989987","pod=redis-cart-6899b65948-xwzrc"
"2026-06-11 17:39:42","2026-06-12 01:39:42","0.00176475565045729","pod=redis-cart-6899b65948-xwzrc"
"2026-06-11 17:39:57","2026-06-12 01:39:57","0.00177907812893254","pod=redis-cart-6899b65948-xwzrc"
"2026-06-11 17:40:12","2026-06-12 01:40:12","0.00176373856256703","pod=redis-cart-6899b65948-xwzrc"
"2026-06-11 17:40:27","2026-06-12 01:40:27","0.00148260418678717","pod=redis-cart-6899b65948-xwzrc"
"2026-06-11 17:40:42","2026-06-12 01:40:42","0.0016990453301288","pod=redis-cart-6899b65948-xwzrc"
"2026-06-11 17:40:57","2026-06-12 01:40:57","0.00172534369396303","pod=redis-cart-6899b65948-xwzrc"
"2026-06-11 17:41:12","2026-06-12 01:41:12","0.00175107884301382","pod=redis-cart-6899b65948-xwzrc"
"2026-06-11 17:41:27","2026-06-12 01:41:27","0.00178106034110314","pod=redis-cart-6899b65948-xwzrc"
"2026-06-11 17:41:42","2026-06-12 01:41:42","0.00178997971244594","pod=redis-cart-6899b65948-xwzrc"
"2026-06-11 17:41:57","2026-06-12 01:41:57","0.00180032085025311","pod=redis-cart-6899b65948-xwzrc"
"2026-06-11 17:42:12","2026-06-12 01:42:12","0.00174412045777685","pod=redis-cart-6899b65948-xwzrc"
"2026-06-11 17:42:27","2026-06-12 01:42:27","0.00172816610501142","pod=redis-cart-6899b65948-xwzrc"
"2026-06-11 17:42:42","2026-06-12 01:42:42","0.00174783674094495","pod=redis-cart-6899b65948-xwzrc"
"2026-06-11 17:42:57","2026-06-12 01:42:57","0.00181021829307207","pod=redis-cart-6899b65948-xwzrc"
"2026-06-11 17:43:12","2026-06-12 01:43:12","0.00182075919769095","pod=redis-cart-6899b65948-xwzrc"
"2026-06-11 17:43:27","2026-06-12 01:43:27","0.00182644942294637","pod=redis-cart-6899b65948-xwzrc"
"2026-06-11 17:43:42","2026-06-12 01:43:42","0.00169648682897892","pod=redis-cart-6899b65948-xwzrc"
"2026-06-11 17:43:57","2026-06-12 01:43:57","0.00168830055201251","pod=redis-cart-6899b65948-xwzrc"
"2026-06-11 17:44:12","2026-06-12 01:44:12","0.0014309858271316","pod=redis-cart-6899b65948-xwzrc"
"2026-06-11 17:44:27","2026-06-12 01:44:27","0.00169157671744178","pod=redis-cart-6899b65948-xwzrc"
"2026-06-11 17:44:42","2026-06-12 01:44:42","0.00163198998178501","pod=redis-cart-6899b65948-xwzrc"
"2026-06-11 17:44:57","2026-06-12 01:44:57","0.0016266785477454","pod=redis-cart-6899b65948-xwzrc"
"2026-06-11 17:45:12","2026-06-12 01:45:12","0.00160380132534993","pod=redis-cart-6899b65948-xwzrc"
"2026-06-11 17:45:27","2026-06-12 01:45:27","0.00164020205871144","pod=redis-cart-6899b65948-xwzrc"
"2026-06-11 17:45:42","2026-06-12 01:45:42","0.00162831458133094","pod=redis-cart-6899b65948-xwzrc"
"2026-06-11 17:45:57","2026-06-12 01:45:57","0.00175469980183172","pod=redis-cart-6899b65948-xwzrc"
"2026-06-11 17:46:12","2026-06-12 01:46:12","0.0017238670694864","pod=redis-cart-6899b65948-xwzrc"
"2026-06-11 17:46:27","2026-06-12 01:46:27","0.00140067087092898","pod=redis-cart-6899b65948-xwzrc"
"2026-06-11 17:46:42","2026-06-12 01:46:42","0.00167646300592942","pod=redis-cart-6899b65948-xwzrc"
"2026-06-11 17:46:57","2026-06-12 01:46:57","0.00168818807339451","pod=redis-cart-6899b65948-xwzrc"
"2026-06-11 17:47:12","2026-06-12 01:47:12","0.00169688030501205","pod=redis-cart-6899b65948-xwzrc"
"2026-06-11 17:47:27","2026-06-12 01:47:27","0.00171819270275385","pod=redis-cart-6899b65948-xwzrc"
"2026-06-11 17:47:42","2026-06-12 01:47:42","0.00171780014435802","pod=redis-cart-6899b65948-xwzrc"
"2026-06-11 17:47:57","2026-06-12 01:47:57","0.00183756906077353","pod=redis-cart-6899b65948-xwzrc"
"2026-06-11 17:48:12","2026-06-12 01:48:12","0.00179833550844014","pod=redis-cart-6899b65948-xwzrc"
"2026-06-11 17:48:27","2026-06-12 01:48:27","0.00177726015431651","pod=redis-cart-6899b65948-xwzrc"
"2026-06-11 17:48:42","2026-06-12 01:48:42","0.00132704747700404","pod=redis-cart-6899b65948-xwzrc"
"2026-06-11 17:48:57","2026-06-12 01:48:57","0.00165245233896022","pod=redis-cart-6899b65948-xwzrc"
"2026-06-11 17:49:12","2026-06-12 01:49:12","0.00158648618413691","pod=redis-cart-6899b65948-xwzrc"
"2026-06-11 17:49:27","2026-06-12 01:49:27","0.00118027403479508","pod=redis-cart-6899b65948-xwzrc"
"2026-06-11 17:49:42","2026-06-12 01:49:42","0.00128590227597717","pod=redis-cart-6899b65948-xwzrc"
"2026-06-11 17:49:57","2026-06-12 01:49:57","0.00159821685360946","pod=redis-cart-6899b65948-xwzrc"
"2026-06-11 17:50:12","2026-06-12 01:50:12","0.00159383390719274","pod=redis-cart-6899b65948-xwzrc"
"2026-06-11 17:50:27","2026-06-12 01:50:27","0.00154284393063587","pod=redis-cart-6899b65948-xwzrc"
"2026-06-11 17:50:42","2026-06-12 01:50:42","0.00161404343840349","pod=redis-cart-6899b65948-xwzrc"
"2026-06-11 17:50:57","2026-06-12 01:50:57","0.00148674294124687","pod=redis-cart-6899b65948-xwzrc"
"2026-06-11 17:51:12","2026-06-12 01:51:12","0.00179476812074105","pod=redis-cart-6899b65948-xwzrc"
"2026-06-11 17:51:27","2026-06-12 01:51:27","0.0018458819370803","pod=redis-cart-6899b65948-xwzrc"
"2026-06-11 17:51:42","2026-06-12 01:51:42","0.00181614568396901","pod=redis-cart-6899b65948-xwzrc"
"2026-06-11 17:51:57","2026-06-12 01:51:57","0.00184458089725878","pod=redis-cart-6899b65948-xwzrc"
"2026-06-11 17:52:12","2026-06-12 01:52:12","0.00196413940690925","pod=redis-cart-6899b65948-xwzrc"
"2026-06-11 17:52:27","2026-06-12 01:52:27","0.00192606292517008","pod=redis-cart-6899b65948-xwzrc"
"2026-06-11 17:52:42","2026-06-12 01:52:42","0.00186311697025918","pod=redis-cart-6899b65948-xwzrc"
"2026-06-11 17:52:57","2026-06-12 01:52:57","0.00140059818718382","pod=redis-cart-6899b65948-xwzrc"
"2026-06-11 17:53:12","2026-06-12 01:53:12","0.001848253746377","pod=redis-cart-6899b65948-xwzrc"
"2026-06-11 17:53:27","2026-06-12 01:53:27","0.00183810422794922","pod=redis-cart-6899b65948-xwzrc"
"2026-06-11 17:53:42","2026-06-12 01:53:42","0.00130749471275775","pod=redis-cart-6899b65948-xwzrc"
"2026-06-11 17:53:57","2026-06-12 01:53:57","0.00178198508318987","pod=redis-cart-6899b65948-xwzrc"
"2026-06-11 17:54:12","2026-06-12 01:54:12","0.00184343879994959","pod=redis-cart-6899b65948-xwzrc"
"2026-06-11 17:54:27","2026-06-12 01:54:27","0.00182958314904907","pod=redis-cart-6899b65948-xwzrc"
"2026-06-11 17:54:42","2026-06-12 01:54:42","0.00177380394712727","pod=redis-cart-6899b65948-xwzrc"
"2026-06-11 17:54:57","2026-06-12 01:54:57","0.00173919741941692","pod=redis-cart-6899b65948-xwzrc"
"2026-06-11 17:55:12","2026-06-12 01:55:12","0.00127923662628037","pod=redis-cart-6899b65948-xwzrc"
"2026-06-11 17:55:27","2026-06-12 01:55:27","0.00146736146834525","pod=redis-cart-6899b65948-xwzrc"
"2026-06-11 17:55:42","2026-06-12 01:55:42","0.00182628912071535","pod=redis-cart-6899b65948-xwzrc"
"2026-06-11 17:55:57","2026-06-12 01:55:57","0.00182803845419238","pod=redis-cart-6899b65948-xwzrc"
"2026-06-11 17:56:12","2026-06-12 01:56:12","0.00123280000000001","pod=redis-cart-6899b65948-xwzrc"
"2026-06-11 17:56:27","2026-06-12 01:56:27","0.00179390154298316","pod=redis-cart-6899b65948-xwzrc"
"2026-06-11 17:56:42","2026-06-12 01:56:42","0.00177700101890642","pod=redis-cart-6899b65948-xwzrc"
"2026-06-11 17:56:57","2026-06-12 01:56:57","0.00183167258667833","pod=redis-cart-6899b65948-xwzrc"
"2026-06-11 17:57:12","2026-06-12 01:57:12","0.00180777031057377","pod=redis-cart-6899b65948-xwzrc"
"2026-06-11 17:57:27","2026-06-12 01:57:27","0.00181243731193581","pod=redis-cart-6899b65948-xwzrc"
"2026-06-11 17:57:42","2026-06-12 01:57:42","0.00181185999293784","pod=redis-cart-6899b65948-xwzrc"
"2026-06-11 17:57:57","2026-06-12 01:57:57","0.00188456295587709","pod=redis-cart-6899b65948-xwzrc"
"2026-06-11 17:58:12","2026-06-12 01:58:12","0.00188632376675316","pod=redis-cart-6899b65948-xwzrc"
"2026-06-11 17:58:27","2026-06-12 01:58:27","0.00186460711887177","pod=redis-cart-6899b65948-xwzrc"
"2026-06-11 17:58:42","2026-06-12 01:58:42","0.00182653308556199","pod=redis-cart-6899b65948-xwzrc"
"2026-06-11 17:58:57","2026-06-12 01:58:57","0.00184632590812458","pod=redis-cart-6899b65948-xwzrc"
"2026-06-11 17:59:12","2026-06-12 01:59:12","0.00192293292435376","pod=redis-cart-6899b65948-xwzrc"
"2026-06-11 17:59:27","2026-06-12 01:59:27","0.0013961037513163","pod=redis-cart-6899b65948-xwzrc"
"2026-06-11 17:59:42","2026-06-12 01:59:42","0.00186004782065067","pod=redis-cart-6899b65948-xwzrc"
"2026-06-11 17:59:57","2026-06-12 01:59:57","0.00179376157242558","pod=redis-cart-6899b65948-xwzrc"
"2026-06-11 18:00:12","2026-06-12 02:00:12","0.00180735790937995","pod=redis-cart-6899b65948-xwzrc"
"2026-06-11 18:00:27","2026-06-12 02:00:27","0.00178794647997606","pod=redis-cart-6899b65948-xwzrc"
"2026-06-11 18:00:42","2026-06-12 02:00:42","0.00177872038019948","pod=redis-cart-6899b65948-xwzrc"
"2026-06-11 18:00:57","2026-06-12 02:00:57","0.00174951982042441","pod=redis-cart-6899b65948-xwzrc"
"2026-06-11 18:01:12","2026-06-12 02:01:12","0.00208421612517176","pod=redis-cart-6899b65948-xwzrc"
"2026-06-11 18:01:27","2026-06-12 02:01:27","0.00207297936157956","pod=redis-cart-6899b65948-xwzrc"
"2026-06-11 18:01:42","2026-06-12 02:01:42","0.00216201918065258","pod=redis-cart-6899b65948-xwzrc"
"2026-06-11 18:01:57","2026-06-12 02:01:57","0.00180171800479561","pod=redis-cart-6899b65948-xwzrc"
"2026-06-11 18:02:12","2026-06-12 02:02:12","0.0017935466635003","pod=redis-cart-6899b65948-xwzrc"
"2026-06-11 18:02:27","2026-06-12 02:02:27","0.00183229915534538","pod=redis-cart-6899b65948-xwzrc"
"2026-06-11 18:02:42","2026-06-12 02:02:42","0.00144479078772927","pod=redis-cart-6899b65948-xwzrc"
"2026-06-11 18:02:57","2026-06-12 02:02:57","0.00198992848045463","pod=redis-cart-6899b65948-xwzrc"
"2026-06-11 18:03:12","2026-06-12 02:03:12","0.00207809745068351","pod=redis-cart-6899b65948-xwzrc"
"2026-06-11 18:03:27","2026-06-12 02:03:27","0.00157976598144633","pod=redis-cart-6899b65948-xwzrc"
"2026-06-11 18:03:42","2026-06-12 02:03:42","0.00218478662579617","pod=redis-cart-6899b65948-xwzrc"
"2026-06-11 18:03:57","2026-06-12 02:03:57","0.00223041059193241","pod=redis-cart-6899b65948-xwzrc"
"2026-06-11 18:04:12","2026-06-12 02:04:12","0.00153905097980183","pod=redis-cart-6899b65948-xwzrc"
"2026-06-11 18:04:27","2026-06-12 02:04:27","0.00207860726775132","pod=redis-cart-6899b65948-xwzrc"
"2026-06-11 18:04:42","2026-06-12 02:04:42","0.00215762808133586","pod=redis-cart-6899b65948-xwzrc"
"2026-06-11 18:04:57","2026-06-12 02:04:57","0.00223774296147958","pod=redis-cart-6899b65948-xwzrc"
"2026-06-11 18:05:12","2026-06-12 02:05:12","0.00217503550015776","pod=redis-cart-6899b65948-xwzrc"
"2026-06-11 18:05:27","2026-06-12 02:05:27","0.00204992708243979","pod=redis-cart-6899b65948-xwzrc"
"2026-06-11 18:05:42","2026-06-12 02:05:42","0.00215821812596006","pod=redis-cart-6899b65948-xwzrc"
"2026-06-11 18:05:57","2026-06-12 02:05:57","0.00219991861550609","pod=redis-cart-6899b65948-xwzrc"
"2026-06-11 18:06:12","2026-06-12 02:06:12","0.0022178405781469","pod=redis-cart-6899b65948-xwzrc"
"2026-06-11 18:06:27","2026-06-12 02:06:27","0.00194900779220774","pod=redis-cart-6899b65948-xwzrc"
"2026-06-11 18:06:42","2026-06-12 02:06:42","0.00202015855478669","pod=redis-cart-6899b65948-xwzrc"
"2026-06-11 18:06:57","2026-06-12 02:06:57","0.00196475550334147","pod=redis-cart-6899b65948-xwzrc"
"2026-06-11 18:07:12","2026-06-12 02:07:12","0.00200912316269643","pod=redis-cart-6899b65948-xwzrc"
"2026-06-11 18:07:27","2026-06-12 02:07:27","0.0018158532853074","pod=redis-cart-6899b65948-xwzrc"
"2026-06-11 18:07:42","2026-06-12 02:07:42","0.00184809271385508","pod=redis-cart-6899b65948-xwzrc"
"2026-06-11 18:07:57","2026-06-12 02:07:57","0.00150367619581466","pod=redis-cart-6899b65948-xwzrc"
"2026-06-11 18:08:12","2026-06-12 02:08:12","0.00204058750412212","pod=redis-cart-6899b65948-xwzrc"
"2026-06-11 18:08:27","2026-06-12 02:08:27","0.00199034450433563","pod=redis-cart-6899b65948-xwzrc"
"2026-06-11 18:08:42","2026-06-12 02:08:42","0.00186482023214113","pod=redis-cart-6899b65948-xwzrc"
"2026-06-11 18:08:57","2026-06-12 02:08:57","0.00184443120905301","pod=redis-cart-6899b65948-xwzrc"
"2026-06-11 18:09:12","2026-06-12 02:09:12","0.00182652941037904","pod=redis-cart-6899b65948-xwzrc"
"2026-06-11 18:09:27","2026-06-12 02:09:27","0.00182698035829918","pod=redis-cart-6899b65948-xwzrc"
"2026-06-11 18:09:42","2026-06-12 02:09:42","0.00189088852324145","pod=redis-cart-6899b65948-xwzrc"
"2026-06-11 18:09:57","2026-06-12 02:09:57","0.00196159268508823","pod=redis-cart-6899b65948-xwzrc"
"2026-06-11 18:10:12","2026-06-12 02:10:12","0.00197019547994706","pod=redis-cart-6899b65948-xwzrc"
"2026-06-11 18:10:27","2026-06-12 02:10:27","0.00194447368421057","pod=redis-cart-6899b65948-xwzrc"
"2026-06-11 18:10:42","2026-06-12 02:10:42","0.00181674075680364","pod=redis-cart-6899b65948-xwzrc"
"2026-06-11 18:10:57","2026-06-12 02:10:57","0.0017486721857864","pod=redis-cart-6899b65948-xwzrc"
"2026-06-11 18:11:12","2026-06-12 02:11:12","0.00173396164971361","pod=redis-cart-6899b65948-xwzrc"
"2026-06-11 18:11:27","2026-06-12 02:11:27","0.00178199276865624","pod=redis-cart-6899b65948-xwzrc"
"2026-06-11 18:11:42","2026-06-12 02:11:42","0.00194809644670056","pod=redis-cart-6899b65948-xwzrc"
"2026-06-11 18:11:57","2026-06-12 02:11:57","0.00193722073279716","pod=redis-cart-6899b65948-xwzrc"
"2026-06-11 18:12:12","2026-06-12 02:12:12","0.00210902591599645","pod=redis-cart-6899b65948-xwzrc"
"2026-06-11 18:12:27","2026-06-12 02:12:27","0.00203533583733763","pod=redis-cart-6899b65948-xwzrc"
"2026-06-11 18:12:42","2026-06-12 02:12:42","0.002079464795627","pod=redis-cart-6899b65948-xwzrc"
"2026-06-11 18:12:57","2026-06-12 02:12:57","0.00216903456495826","pod=redis-cart-6899b65948-xwzrc"
"2026-06-11 18:13:12","2026-06-12 02:13:12","0.00213324001018068","pod=redis-cart-6899b65948-xwzrc"
"2026-06-11 18:13:27","2026-06-12 02:13:27","0.00210786445481418","pod=redis-cart-6899b65948-xwzrc"
"2026-06-11 18:13:42","2026-06-12 02:13:42","0.0018262804771093","pod=redis-cart-6899b65948-xwzrc"
"2026-06-11 18:13:57","2026-06-12 02:13:57","0.00185521877108374","pod=redis-cart-6899b65948-xwzrc"
"2026-06-11 18:14:12","2026-06-12 02:14:12","0.00187312030075184","pod=redis-cart-6899b65948-xwzrc"
"2026-06-11 18:14:27","2026-06-12 02:14:27","0.0018532380771743","pod=redis-cart-6899b65948-xwzrc"
"2026-06-11 18:14:42","2026-06-12 02:14:42","0.00183781563126259","pod=redis-cart-6899b65948-xwzrc"
"2026-06-11 18:14:57","2026-06-12 02:14:57","0.00180147016039882","pod=redis-cart-6899b65948-xwzrc"
"2026-06-11 18:15:12","2026-06-12 02:15:12","0.00177857092868642","pod=redis-cart-6899b65948-xwzrc"
"2026-06-11 18:15:27","2026-06-12 02:15:27","0.00179970304060597","pod=redis-cart-6899b65948-xwzrc"
"2026-06-11 18:15:42","2026-06-12 02:15:42","0.00185785216438609","pod=redis-cart-6899b65948-xwzrc"
"2026-06-11 18:15:57","2026-06-12 02:15:57","0.00187447144332507","pod=redis-cart-6899b65948-xwzrc"
"2026-06-11 18:16:12","2026-06-12 02:16:12","0.00186402626597246","pod=redis-cart-6899b65948-xwzrc"
"2026-06-11 18:16:27","2026-06-12 02:16:27","0.00175294543316524","pod=redis-cart-6899b65948-xwzrc"
"2026-06-11 18:16:42","2026-06-12 02:16:42","0.00167683400683876","pod=redis-cart-6899b65948-xwzrc"
"2026-06-11 18:16:57","2026-06-12 02:16:57","0.00183379290672243","pod=redis-cart-6899b65948-xwzrc"
"2026-06-11 18:17:12","2026-06-12 02:17:12","0.00182472740799291","pod=redis-cart-6899b65948-xwzrc"
"2026-06-11 18:17:27","2026-06-12 02:17:27","0.00131619856476085","pod=redis-cart-6899b65948-xwzrc"
"2026-06-11 18:17:42","2026-06-12 02:17:42","0.00182020054313762","pod=redis-cart-6899b65948-xwzrc"
"2026-06-11 18:17:57","2026-06-12 02:17:57","0.00182663150955829","pod=redis-cart-6899b65948-xwzrc"
"2026-06-11 18:18:12","2026-06-12 02:18:12","0.00189092157427302","pod=redis-cart-6899b65948-xwzrc"
"2026-06-11 18:18:27","2026-06-12 02:18:27","0.00192612379383386","pod=redis-cart-6899b65948-xwzrc"
"2026-06-11 18:18:42","2026-06-12 02:18:42","0.00137092954272362","pod=redis-cart-6899b65948-xwzrc"
"2026-06-11 18:18:57","2026-06-12 02:18:57","0.00177022031951549","pod=redis-cart-6899b65948-xwzrc"
"2026-06-11 18:19:12","2026-06-12 02:19:12","0.00170658904840317","pod=redis-cart-6899b65948-xwzrc"
"2026-06-11 18:19:27","2026-06-12 02:19:27","0.00169172529639456","pod=redis-cart-6899b65948-xwzrc"
"2026-06-11 18:19:42","2026-06-12 02:19:42","0.00147890376835988","pod=redis-cart-6899b65948-xwzrc"
"2026-06-11 18:19:57","2026-06-12 02:19:57","0.00175252018075784","pod=redis-cart-6899b65948-xwzrc"
"2026-06-11 18:20:12","2026-06-12 02:20:12","0.00149925567851555","pod=redis-cart-6899b65948-xwzrc"
"2026-06-11 18:20:27","2026-06-12 02:20:27","0.00176216924751727","pod=redis-cart-6899b65948-xwzrc"
"2026-06-11 18:20:42","2026-06-12 02:20:42","0.0017920272458266","pod=redis-cart-6899b65948-xwzrc"
"2026-06-11 18:20:57","2026-06-12 02:20:57","0.00184089417555374","pod=redis-cart-6899b65948-xwzrc"
"2026-06-11 18:21:12","2026-06-12 02:21:12","0.00179380044153302","pod=redis-cart-6899b65948-xwzrc"
"2026-06-11 18:21:27","2026-06-12 02:21:27","0.00176866206131731","pod=redis-cart-6899b65948-xwzrc"
"2026-06-11 18:21:42","2026-06-12 02:21:42","0.00123201758629008","pod=redis-cart-6899b65948-xwzrc"
"2026-06-11 18:21:57","2026-06-12 02:21:57","0.00182115577329921","pod=redis-cart-6899b65948-xwzrc"
"2026-06-11 18:22:12","2026-06-12 02:22:12","0.00148190969111498","pod=redis-cart-6899b65948-xwzrc"
"2026-06-11 18:22:27","2026-06-12 02:22:27","0.00184877569940558","pod=redis-cart-6899b65948-xwzrc"
"2026-06-11 18:22:42","2026-06-12 02:22:42","0.00183920920724708","pod=redis-cart-6899b65948-xwzrc"
"2026-06-11 18:22:57","2026-06-12 02:22:57","0.00186914776883681","pod=redis-cart-6899b65948-xwzrc"
"2026-06-11 18:23:12","2026-06-12 02:23:12","0.0018982910892511","pod=redis-cart-6899b65948-xwzrc"
"2026-06-11 18:23:27","2026-06-12 02:23:27","0.00190229111789118","pod=redis-cart-6899b65948-xwzrc"
"2026-06-11 18:23:42","2026-06-12 02:23:42","0.00189254985415253","pod=redis-cart-6899b65948-xwzrc"
"2026-06-11 18:23:57","2026-06-12 02:23:57","0.00185002040816322","pod=redis-cart-6899b65948-xwzrc"
"2026-06-11 18:24:12","2026-06-12 02:24:12","0.00184229101823027","pod=redis-cart-6899b65948-xwzrc"
"2026-06-11 18:24:27","2026-06-12 02:24:27","0.00182746163324747","pod=redis-cart-6899b65948-xwzrc"
"2026-06-11 18:24:42","2026-06-12 02:24:42","0.00180515612489994","pod=redis-cart-6899b65948-xwzrc"
"2026-06-11 18:24:57","2026-06-12 02:24:57","0.0014749094467031","pod=redis-cart-6899b65948-xwzrc"
"2026-06-11 18:25:12","2026-06-12 02:25:12","0.00179512764288159","pod=redis-cart-6899b65948-xwzrc"
"2026-06-11 18:25:27","2026-06-12 02:25:27","0.00180123109457903","pod=redis-cart-6899b65948-xwzrc"
"2026-06-11 18:25:42","2026-06-12 02:25:42","0.00181051025822429","pod=redis-cart-6899b65948-xwzrc"
"2026-06-11 18:25:57","2026-06-12 02:25:57","0.00182517092566553","pod=redis-cart-6899b65948-xwzrc"
"2026-06-11 18:26:12","2026-06-12 02:26:12","0.00163885484830024","pod=redis-cart-6899b65948-xwzrc"
"2026-06-11 18:26:27","2026-06-12 02:26:27","0.00196005123495574","pod=redis-cart-6899b65948-xwzrc"
"2026-06-11 18:26:42","2026-06-12 02:26:42","0.00196560317971854","pod=redis-cart-6899b65948-xwzrc"
"2026-06-11 18:26:57","2026-06-12 02:26:57","0.0019126340130334","pod=redis-cart-6899b65948-xwzrc"
"2026-06-11 18:27:12","2026-06-12 02:27:12","0.00189212504787051","pod=redis-cart-6899b65948-xwzrc"
"2026-06-11 18:27:27","2026-06-12 02:27:27","0.00184689357872051","pod=redis-cart-6899b65948-xwzrc"
"2026-06-11 18:27:42","2026-06-12 02:27:42","0.00186875178520419","pod=redis-cart-6899b65948-xwzrc"
"2026-06-11 18:27:57","2026-06-12 02:27:57","0.00183286351042045","pod=redis-cart-6899b65948-xwzrc"
"2026-06-11 18:28:12","2026-06-12 02:28:12","0.00198031329381874","pod=redis-cart-6899b65948-xwzrc"
"2026-06-11 18:28:27","2026-06-12 02:28:27","0.00197612985359643","pod=redis-cart-6899b65948-xwzrc"
"2026-06-11 18:28:42","2026-06-12 02:28:42","0.00199542831599477","pod=redis-cart-6899b65948-xwzrc"
"2026-06-11 18:28:57","2026-06-12 02:28:57","0.00198285028297039","pod=redis-cart-6899b65948-xwzrc"
"2026-06-11 18:29:12","2026-06-12 02:29:12","0.00194532309082697","pod=redis-cart-6899b65948-xwzrc"
"2026-06-11 18:29:27","2026-06-12 02:29:27","0.0016098713590653","pod=redis-cart-6899b65948-xwzrc"
"2026-06-11 18:29:42","2026-06-12 02:29:42","0.00183666782595959","pod=redis-cart-6899b65948-xwzrc"
"2026-06-11 18:29:57","2026-06-12 02:29:57","0.00149281253168774","pod=redis-cart-6899b65948-xwzrc"
"2026-06-11 18:30:12","2026-06-12 02:30:12","0.00181381751442051","pod=redis-cart-6899b65948-xwzrc"
"2026-06-11 18:30:27","2026-06-12 02:30:27","0.00181381751442051","pod=redis-cart-6899b65948-xwzrc"
"2026-06-11 18:30:42","2026-06-12 02:30:42","0.00193542217830618","pod=redis-cart-6899b65948-xwzrc"
"2026-06-11 18:30:57","2026-06-12 02:30:57","0.00190980336614502","pod=redis-cart-6899b65948-xwzrc"
"2026-06-11 18:31:12","2026-06-12 02:31:12","0.000672833333333382","pod=redis-cart-6899b65948-xwzrc"
"2026-06-11 18:31:27","2026-06-12 02:31:27","0.00176428117337206","pod=redis-cart-6899b65948-xwzrc"
"2026-06-11 18:31:42","2026-06-12 02:31:42","0.00177003431185661","pod=redis-cart-6899b65948-xwzrc"
"2026-06-11 18:31:57","2026-06-12 02:31:57","0.00135821675426844","pod=redis-cart-6899b65948-xwzrc"
"2026-06-11 18:32:12","2026-06-12 02:32:12","0.0017952218430034","pod=redis-cart-6899b65948-xwzrc"
"2026-06-11 18:32:27","2026-06-12 02:32:27","0.00179026391146199","pod=redis-cart-6899b65948-xwzrc"
"2026-06-11 18:32:42","2026-06-12 02:32:42","0.00132472589402173","pod=redis-cart-6899b65948-xwzrc"
"2026-06-11 18:32:57","2026-06-12 02:32:57","0.00182862689192889","pod=redis-cart-6899b65948-xwzrc"
"2026-06-11 18:33:12","2026-06-12 02:33:12","0.00215552505872108","pod=redis-cart-6899b65948-xwzrc"
"2026-06-11 18:33:27","2026-06-12 02:33:27","0.00217353522053978","pod=redis-cart-6899b65948-xwzrc"
"2026-06-11 18:33:42","2026-06-12 02:33:42","0.00187459582277376","pod=redis-cart-6899b65948-xwzrc"
"2026-06-11 18:33:57","2026-06-12 02:33:57","0.00183086715714637","pod=redis-cart-6899b65948-xwzrc"
"2026-06-11 18:34:12","2026-06-12 02:34:12","0.0017854786959546","pod=redis-cart-6899b65948-xwzrc"
"2026-06-11 18:34:27","2026-06-12 02:34:27","0.0017918348756806","pod=redis-cart-6899b65948-xwzrc"
"2026-06-11 18:34:42","2026-06-12 02:34:42","0.00180401779480123","pod=redis-cart-6899b65948-xwzrc"
"2026-06-11 18:34:57","2026-06-12 02:34:57","0.00181661442006269","pod=redis-cart-6899b65948-xwzrc"
"2026-06-11 18:35:12","2026-06-12 02:35:12","0.00183364930999515","pod=redis-cart-6899b65948-xwzrc"
"2026-06-11 18:35:27","2026-06-12 02:35:27","0.00182469071431956","pod=redis-cart-6899b65948-xwzrc"
"2026-06-11 18:35:42","2026-06-12 02:35:42","0.00181300639658845","pod=redis-cart-6899b65948-xwzrc"
"2026-06-11 18:35:57","2026-06-12 02:35:57","0.00174484830139468","pod=redis-cart-6899b65948-xwzrc"
"2026-06-11 18:36:12","2026-06-12 02:36:12","0.0017591123375877","pod=redis-cart-6899b65948-xwzrc"
"2026-06-11 18:36:27","2026-06-12 02:36:27","0.00177495716852623","pod=redis-cart-6899b65948-xwzrc"
"2026-06-11 18:36:42","2026-06-12 02:36:42","0.00177006740829577","pod=redis-cart-6899b65948-xwzrc"
"2026-06-11 18:36:57","2026-06-12 02:36:57","0.00177946465019535","pod=redis-cart-6899b65948-xwzrc"
"2026-06-11 18:37:12","2026-06-12 02:37:12","0.00177059669513662","pod=redis-cart-6899b65948-xwzrc"
"2026-06-11 18:37:27","2026-06-12 02:37:27","0.0017889711308393","pod=redis-cart-6899b65948-xwzrc"
"2026-06-11 18:37:42","2026-06-12 02:37:42","0.00180580322630522","pod=redis-cart-6899b65948-xwzrc"
"2026-06-11 18:37:57","2026-06-12 02:37:57","0.00125605646492433","pod=redis-cart-6899b65948-xwzrc"
"2026-06-11 18:38:12","2026-06-12 02:38:12","0.00184259596474612","pod=redis-cart-6899b65948-xwzrc"
"2026-06-11 18:38:27","2026-06-12 02:38:27","0.00185782924230541","pod=redis-cart-6899b65948-xwzrc"
"2026-06-11 18:38:42","2026-06-12 02:38:42","0.00188164328474158","pod=redis-cart-6899b65948-xwzrc"
"2026-06-11 18:38:57","2026-06-12 02:38:57","0.00182129791302902","pod=redis-cart-6899b65948-xwzrc"
"2026-06-11 18:39:12","2026-06-12 02:39:12","0.0018127479502777","pod=redis-cart-6899b65948-xwzrc"
"2026-06-11 18:39:27","2026-06-12 02:39:27","0.00184703044418563","pod=redis-cart-6899b65948-xwzrc"
"2026-06-11 18:39:42","2026-06-12 02:39:42","0.00187573736030371","pod=redis-cart-6899b65948-xwzrc"
"2026-06-11 18:39:57","2026-06-12 02:39:57","0.00179683341295301","pod=redis-cart-6899b65948-xwzrc"
"2026-06-11 18:40:12","2026-06-12 02:40:12","0.00173792470567167","pod=redis-cart-6899b65948-xwzrc"
"2026-06-11 18:40:27","2026-06-12 02:40:27","0.00169318365555631","pod=redis-cart-6899b65948-xwzrc"
"2026-06-11 18:40:42","2026-06-12 02:40:42","0.00174485721069785","pod=redis-cart-6899b65948-xwzrc"
"2026-06-11 18:40:57","2026-06-12 02:40:57","0.00177071948454846","pod=redis-cart-6899b65948-xwzrc"
"2026-06-11 18:41:12","2026-06-12 02:41:12","0.00171744684734013","pod=redis-cart-6899b65948-xwzrc"
"2026-06-11 18:41:27","2026-06-12 02:41:27","0.00125182924503755","pod=redis-cart-6899b65948-xwzrc"
"2026-06-11 18:41:42","2026-06-12 02:41:42","0.00174404847488959","pod=redis-cart-6899b65948-xwzrc"
"2026-06-11 18:41:57","2026-06-12 02:41:57","0.00177771518946204","pod=redis-cart-6899b65948-xwzrc"
"2026-06-11 18:42:12","2026-06-12 02:42:12","0.00127021168055228","pod=redis-cart-6899b65948-xwzrc"
"2026-06-11 18:42:27","2026-06-12 02:42:27","0.00184026456665043","pod=redis-cart-6899b65948-xwzrc"
"2026-06-11 18:42:42","2026-06-12 02:42:42","0.00220323026245884","pod=redis-cart-6899b65948-xwzrc"
"2026-06-11 18:42:57","2026-06-12 02:42:57","0.00221901951412126","pod=redis-cart-6899b65948-xwzrc"
"2026-06-11 18:43:12","2026-06-12 02:43:12","0.00236737288135592","pod=redis-cart-6899b65948-xwzrc"
"2026-06-11 18:43:27","2026-06-12 02:43:27","0.00195728388984603","pod=redis-cart-6899b65948-xwzrc"
"2026-06-11 18:43:42","2026-06-12 02:43:42","0.00181524410133737","pod=redis-cart-6899b65948-xwzrc"
"2026-06-11 18:43:57","2026-06-12 02:43:57","0.00116934999999998","pod=redis-cart-6899b65948-xwzrc"
"2026-06-11 18:44:12","2026-06-12 02:44:12","0.00177721566866034","pod=redis-cart-6899b65948-xwzrc"
"2026-06-11 18:44:27","2026-06-12 02:44:27","0.00180147725800187","pod=redis-cart-6899b65948-xwzrc"
"2026-06-11 18:44:42","2026-06-12 02:44:42","0.0018337689633801","pod=redis-cart-6899b65948-xwzrc"
"2026-06-11 18:44:57","2026-06-12 02:44:57","0.00142241638137388","pod=redis-cart-6899b65948-xwzrc"
"2026-06-11 18:45:12","2026-06-12 02:45:12","0.00191544180239486","pod=redis-cart-6899b65948-xwzrc"
"2026-06-11 18:45:27","2026-06-12 02:45:27","0.00199525749144242","pod=redis-cart-6899b65948-xwzrc"
"2026-06-11 18:45:42","2026-06-12 02:45:42","0.00148784316766958","pod=redis-cart-6899b65948-xwzrc"
"2026-06-11 18:45:57","2026-06-12 02:45:57","0.0019704561911658","pod=redis-cart-6899b65948-xwzrc"
"2026-06-11 18:46:12","2026-06-12 02:46:12","0.00164728713293072","pod=redis-cart-6899b65948-xwzrc"
"2026-06-11 18:46:27","2026-06-12 02:46:27","0.00194420579168142","pod=redis-cart-6899b65948-xwzrc"
"2026-06-11 18:46:42","2026-06-12 02:46:42","0.00185584764133093","pod=redis-cart-6899b65948-xwzrc"
"2026-06-11 18:46:57","2026-06-12 02:46:57","0.00120584010349292","pod=redis-cart-6899b65948-xwzrc"
"2026-06-11 18:47:12","2026-06-12 02:47:12","0.00169461972766528","pod=redis-cart-6899b65948-xwzrc"
"2026-06-11 18:47:27","2026-06-12 02:47:27","0.00175985679639681","pod=redis-cart-6899b65948-xwzrc"
"2026-06-11 18:47:42","2026-06-12 02:47:42","0.00114739999999998","pod=redis-cart-6899b65948-xwzrc"
"2026-06-11 18:47:57","2026-06-12 02:47:57","0.00180841596458338","pod=redis-cart-6899b65948-xwzrc"
"2026-06-11 18:48:12","2026-06-12 02:48:12","0.00189870792182828","pod=redis-cart-6899b65948-xwzrc"
"2026-06-11 18:48:27","2026-06-12 02:48:27","0.00188263624188728","pod=redis-cart-6899b65948-xwzrc"
"2026-06-11 18:48:42","2026-06-12 02:48:42","0.0018431292997001","pod=redis-cart-6899b65948-xwzrc"
"2026-06-11 18:48:57","2026-06-12 02:48:57","0.00177954307531255","pod=redis-cart-6899b65948-xwzrc"
"2026-06-11 18:49:12","2026-06-12 02:49:12","0.00177546028067467","pod=redis-cart-6899b65948-xwzrc"
"2026-06-11 18:49:27","2026-06-12 02:49:27","0.00145634319647418","pod=redis-cart-6899b65948-xwzrc"
"2026-06-11 18:49:42","2026-06-12 02:49:42","0.00178837209302321","pod=redis-cart-6899b65948-xwzrc"
"2026-06-11 18:49:57","2026-06-12 02:49:57","0.00183735650164855","pod=redis-cart-6899b65948-xwzrc"
"2026-06-11 18:50:12","2026-06-12 02:50:12","0.00126516575436516","pod=redis-cart-6899b65948-xwzrc"
"2026-06-11 18:50:27","2026-06-12 02:50:27","0.00174659180331361","pod=redis-cart-6899b65948-xwzrc"
"2026-06-11 18:50:42","2026-06-12 02:50:42","0.00173482700597005","pod=redis-cart-6899b65948-xwzrc"
"2026-06-11 18:50:57","2026-06-12 02:50:57","0.00177437178686397","pod=redis-cart-6899b65948-xwzrc"
"2026-06-11 18:51:12","2026-06-12 02:51:12","0.00172287644787645","pod=redis-cart-6899b65948-xwzrc"
"2026-06-11 18:51:27","2026-06-12 02:51:27","0.00169706696438956","pod=redis-cart-6899b65948-xwzrc"
"2026-06-11 18:51:42","2026-06-12 02:51:42","0.00170683141019095","pod=redis-cart-6899b65948-xwzrc"
"2026-06-11 18:51:57","2026-06-12 02:51:57","0.00179531148754976","pod=redis-cart-6899b65948-xwzrc"
"2026-06-11 18:52:12","2026-06-12 02:52:12","0.00185436026899387","pod=redis-cart-6899b65948-xwzrc"
"2026-06-11 18:52:27","2026-06-12 02:52:27","0.00186671969596535","pod=redis-cart-6899b65948-xwzrc"
"2026-06-11 18:52:42","2026-06-12 02:52:42","0.00183679247386138","pod=redis-cart-6899b65948-xwzrc"
"2026-06-11 18:52:57","2026-06-12 02:52:57","0.00180451744516188","pod=redis-cart-6899b65948-xwzrc"
"2026-06-11 18:53:12","2026-06-12 02:53:12","0.00206433559627227","pod=redis-cart-6899b65948-xwzrc"
"2026-06-11 18:53:27","2026-06-12 02:53:27","0.00206865174002638","pod=redis-cart-6899b65948-xwzrc"
"2026-06-11 18:53:42","2026-06-12 02:53:42","0.00210122255192878","pod=redis-cart-6899b65948-xwzrc"
"2026-06-11 18:53:57","2026-06-12 02:53:57","0.00194647609063785","pod=redis-cart-6899b65948-xwzrc"
"2026-06-11 18:54:12","2026-06-12 02:54:12","0.00209023646638907","pod=redis-cart-6899b65948-xwzrc"
"2026-06-11 18:54:27","2026-06-12 02:54:27","0.00217789250087389","pod=redis-cart-6899b65948-xwzrc"
"2026-06-11 18:54:42","2026-06-12 02:54:42","0.00215202702702706","pod=redis-cart-6899b65948-xwzrc"
"2026-06-11 18:54:57","2026-06-12 02:54:57","0.00195958419474121","pod=redis-cart-6899b65948-xwzrc"
"2026-06-11 18:55:12","2026-06-12 02:55:12","0.00180134954767908","pod=redis-cart-6899b65948-xwzrc"
"2026-06-11 18:55:27","2026-06-12 02:55:27","0.0017881441680332","pod=redis-cart-6899b65948-xwzrc"
"2026-06-11 18:55:42","2026-06-12 02:55:42","0.00175338114036115","pod=redis-cart-6899b65948-xwzrc"
"2026-06-11 18:55:57","2026-06-12 02:55:57","0.00183491802051355","pod=redis-cart-6899b65948-xwzrc"
"2026-06-11 18:56:12","2026-06-12 02:56:12","0.00186032916854831","pod=redis-cart-6899b65948-xwzrc"
"2026-06-11 18:56:27","2026-06-12 02:56:27","0.00131901830855135","pod=redis-cart-6899b65948-xwzrc"
"2026-06-11 18:56:42","2026-06-12 02:56:42","0.00184138405034475","pod=redis-cart-6899b65948-xwzrc"
"2026-06-11 18:56:57","2026-06-12 02:56:57","0.00184832699798209","pod=redis-cart-6899b65948-xwzrc"
"2026-06-11 18:57:12","2026-06-12 02:57:12","0.00182223259779541","pod=redis-cart-6899b65948-xwzrc"
"2026-06-11 18:57:27","2026-06-12 02:57:27","0.00176336178899504","pod=redis-cart-6899b65948-xwzrc"
"2026-06-11 18:57:42","2026-06-12 02:57:42","0.00173502442781164","pod=redis-cart-6899b65948-xwzrc"
"2026-06-11 18:57:57","2026-06-12 02:57:57","0.00172458088395385","pod=redis-cart-6899b65948-xwzrc"
"2026-06-11 18:58:12","2026-06-12 02:58:12","0.00201429801894919","pod=redis-cart-6899b65948-xwzrc"
"2026-06-11 18:58:27","2026-06-12 02:58:27","0.0020046302926154","pod=redis-cart-6899b65948-xwzrc"
"2026-06-11 18:58:42","2026-06-12 02:58:42","0.00191362931754044","pod=redis-cart-6899b65948-xwzrc"
"2026-06-11 18:58:57","2026-06-12 02:58:57","0.00165920743430892","pod=redis-cart-6899b65948-xwzrc"
"2026-06-11 18:59:12","2026-06-12 02:59:12","0.00173172977951132","pod=redis-cart-6899b65948-xwzrc"
"2026-06-11 18:59:27","2026-06-12 02:59:27","0.00187369443194466","pod=redis-cart-6899b65948-xwzrc"
"2026-06-11 18:59:42","2026-06-12 02:59:42","0.00142684777567699","pod=redis-cart-6899b65948-xwzrc"
"2026-06-11 18:59:57","2026-06-12 02:59:57","0.00195621443812236","pod=redis-cart-6899b65948-xwzrc"
"2026-06-11 19:00:12","2026-06-12 03:00:12","0.00200607488758216","pod=redis-cart-6899b65948-xwzrc"
"2026-06-11 19:00:27","2026-06-12 03:00:27","0.0019061507550716","pod=redis-cart-6899b65948-xwzrc"
"2026-06-11 19:00:42","2026-06-12 03:00:42","0.00191920997462209","pod=redis-cart-6899b65948-xwzrc"
"2026-06-11 19:00:57","2026-06-12 03:00:57","0.00182471605710115","pod=redis-cart-6899b65948-xwzrc"
"2026-06-11 19:01:12","2026-06-12 03:01:12","0.00150823391206246","pod=redis-cart-6899b65948-xwzrc"
"2026-06-11 19:01:27","2026-06-12 03:01:27","0.00188977168680035","pod=redis-cart-6899b65948-xwzrc"
"2026-06-11 19:01:42","2026-06-12 03:01:42","0.0018743359490872","pod=redis-cart-6899b65948-xwzrc"
"2026-06-11 19:01:57","2026-06-12 03:01:57","0.00177918713107735","pod=redis-cart-6899b65948-xwzrc"
"2026-06-11 19:02:12","2026-06-12 03:02:12","0.00177918713107735","pod=redis-cart-6899b65948-xwzrc"
"2026-06-11 19:02:27","2026-06-12 03:02:27","0.00177366360076497","pod=redis-cart-6899b65948-xwzrc"
"2026-06-11 19:02:42","2026-06-12 03:02:42","0.00149918750000002","pod=redis-cart-6899b65948-xwzrc"
"2026-06-11 19:02:57","2026-06-12 03:02:57","0.00180463372484696","pod=redis-cart-6899b65948-xwzrc"
"2026-06-11 19:03:12","2026-06-12 03:03:12","0.00206113278457485","pod=redis-cart-6899b65948-xwzrc"
"2026-06-11 19:03:27","2026-06-12 03:03:27","0.00164577940885215","pod=redis-cart-6899b65948-xwzrc"
"2026-06-11 19:03:42","2026-06-12 03:03:42","0.00206977769380941","pod=redis-cart-6899b65948-xwzrc"
"2026-06-11 19:03:57","2026-06-12 03:03:57","0.0014570059479011","pod=redis-cart-6899b65948-xwzrc"
"2026-06-11 19:04:12","2026-06-12 03:04:12","0.00187330056150894","pod=redis-cart-6899b65948-xwzrc"
"2026-06-11 19:04:27","2026-06-12 03:04:27","0.00185595175548801","pod=redis-cart-6899b65948-xwzrc"
"2026-06-11 19:04:42","2026-06-12 03:04:42","0.00122349984196937","pod=redis-cart-6899b65948-xwzrc"
"2026-06-11 19:04:57","2026-06-12 03:04:57","0.00137345328833422","pod=redis-cart-6899b65948-xwzrc"
"2026-06-11 19:05:12","2026-06-12 03:05:12","0.00169905280348396","pod=redis-cart-6899b65948-xwzrc"
"2026-06-11 19:05:27","2026-06-12 03:05:27","0.00172803261977576","pod=redis-cart-6899b65948-xwzrc"
"2026-06-11 19:05:42","2026-06-12 03:05:42","0.00136370829950287","pod=redis-cart-6899b65948-xwzrc"
"2026-06-11 19:05:57","2026-06-12 03:05:57","0.00152145112468928","pod=redis-cart-6899b65948-xwzrc"
"2026-06-11 19:06:12","2026-06-12 03:06:12","0.00192581796032026","pod=redis-cart-6899b65948-xwzrc"
"2026-06-11 19:06:27","2026-06-12 03:06:27","0.00182587273040826","pod=redis-cart-6899b65948-xwzrc"
"2026-06-11 19:06:42","2026-06-12 03:06:42","0.00119055852497004","pod=redis-cart-6899b65948-xwzrc"
"2026-06-11 19:06:57","2026-06-12 03:06:57","0.00173383009039734","pod=redis-cart-6899b65948-xwzrc"
"2026-06-11 19:07:12","2026-06-12 03:07:12","0.00182278297590463","pod=redis-cart-6899b65948-xwzrc"
"2026-06-11 19:07:27","2026-06-12 03:07:27","0.00184545069449083","pod=redis-cart-6899b65948-xwzrc"
"2026-06-11 19:07:42","2026-06-12 03:07:42","0.00187631320188376","pod=redis-cart-6899b65948-xwzrc"
"2026-06-11 19:07:57","2026-06-12 03:07:57","0.00183098014093528","pod=redis-cart-6899b65948-xwzrc"
"2026-06-11 19:08:12","2026-06-12 03:08:12","0.00188582590108354","pod=redis-cart-6899b65948-xwzrc"
"2026-06-11 19:08:27","2026-06-12 03:08:27","0.00160610287249482","pod=redis-cart-6899b65948-xwzrc"
"2026-06-11 19:08:42","2026-06-12 03:08:42","0.00186785411365562","pod=redis-cart-6899b65948-xwzrc"
"2026-06-11 19:08:57","2026-06-12 03:08:57","0.00174481123472551","pod=redis-cart-6899b65948-xwzrc"
"2026-06-11 19:09:12","2026-06-12 03:09:12","0.00116526431091986","pod=redis-cart-6899b65948-xwzrc"
"2026-06-11 19:09:27","2026-06-12 03:09:27","0.0017064268828845","pod=redis-cart-6899b65948-xwzrc"
"2026-06-11 19:09:42","2026-06-12 03:09:42","0.00176036439260362","pod=redis-cart-6899b65948-xwzrc"
"2026-06-11 19:09:57","2026-06-12 03:09:57","0.00117139999999996","pod=redis-cart-6899b65948-xwzrc"
"2026-06-11 19:10:12","2026-06-12 03:10:12","0.00179312141740491","pod=redis-cart-6899b65948-xwzrc"
"2026-06-11 19:10:27","2026-06-12 03:10:27","0.00178676489138935","pod=redis-cart-6899b65948-xwzrc"
"2026-06-11 19:10:42","2026-06-12 03:10:42","0.00180065786038739","pod=redis-cart-6899b65948-xwzrc"
"2026-06-11 19:10:57","2026-06-12 03:10:57","0.0017777373957639","pod=redis-cart-6899b65948-xwzrc"
"2026-06-11 19:11:12","2026-06-12 03:11:12","0.00177031543286181","pod=redis-cart-6899b65948-xwzrc"
"2026-06-11 19:11:27","2026-06-12 03:11:27","0.00174159951894163","pod=redis-cart-6899b65948-xwzrc"
"2026-06-11 19:11:42","2026-06-12 03:11:42","0.0017909285614204","pod=redis-cart-6899b65948-xwzrc"
"2026-06-11 19:11:57","2026-06-12 03:11:57","0.00181018467015246","pod=redis-cart-6899b65948-xwzrc"
"2026-06-11 19:12:12","2026-06-12 03:12:12","0.00183322392893089","pod=redis-cart-6899b65948-xwzrc"
"2026-06-11 19:12:27","2026-06-12 03:12:27","0.00178626986810949","pod=redis-cart-6899b65948-xwzrc"
"2026-06-11 19:12:42","2026-06-12 03:12:42","0.00125722082260607","pod=redis-cart-6899b65948-xwzrc"
"2026-06-11 19:12:57","2026-06-12 03:12:57","0.00144057818814462","pod=redis-cart-6899b65948-xwzrc"
"2026-06-11 19:13:12","2026-06-12 03:13:12","0.00182536943812928","pod=redis-cart-6899b65948-xwzrc"
"2026-06-11 19:13:27","2026-06-12 03:13:27","0.00186662418414246","pod=redis-cart-6899b65948-xwzrc"
"2026-06-11 19:13:42","2026-06-12 03:13:42","0.00124822878451058","pod=redis-cart-6899b65948-xwzrc"
"2026-06-11 19:13:57","2026-06-12 03:13:57","0.00179109867292591","pod=redis-cart-6899b65948-xwzrc"
"2026-06-11 19:14:12","2026-06-12 03:14:12","0.00173763511300365","pod=redis-cart-6899b65948-xwzrc"
"2026-06-11 19:14:27","2026-06-12 03:14:27","0.00176384947323407","pod=redis-cart-6899b65948-xwzrc"
"2026-06-11 19:14:42","2026-06-12 03:14:42","0.00144838739624822","pod=redis-cart-6899b65948-xwzrc"
"2026-06-11 19:14:57","2026-06-12 03:14:57","0.00177010642458673","pod=redis-cart-6899b65948-xwzrc"
"2026-06-11 19:15:12","2026-06-12 03:15:12","0.00171906396517078","pod=redis-cart-6899b65948-xwzrc"
"2026-06-11 19:15:27","2026-06-12 03:15:27","0.00139822927717447","pod=redis-cart-6899b65948-xwzrc"
"2026-06-11 19:15:42","2026-06-12 03:15:42","0.00135661177799711","pod=redis-cart-6899b65948-xwzrc"
"2026-06-11 19:15:57","2026-06-12 03:15:57","0.0018004548325963","pod=redis-cart-6899b65948-xwzrc"
"2026-06-11 19:16:12","2026-06-12 03:16:12","0.00179237382346406","pod=redis-cart-6899b65948-xwzrc"
"2026-06-11 19:16:27","2026-06-12 03:16:27","0.0017464249602775","pod=redis-cart-6899b65948-xwzrc"
"2026-06-11 19:16:42","2026-06-12 03:16:42","0.0017255915689004","pod=redis-cart-6899b65948-xwzrc"
"2026-06-11 19:16:57","2026-06-12 03:16:57","0.00124968010835905","pod=redis-cart-6899b65948-xwzrc"
"2026-06-11 19:17:12","2026-06-12 03:17:12","0.00164609671462482","pod=redis-cart-6899b65948-xwzrc"
"2026-06-11 19:17:27","2026-06-12 03:17:27","0.0016541957958532","pod=redis-cart-6899b65948-xwzrc"
"2026-06-11 19:17:42","2026-06-12 03:17:42","0.00170025695931481","pod=redis-cart-6899b65948-xwzrc"
"2026-06-11 19:17:57","2026-06-12 03:17:57","0.00175399943203335","pod=redis-cart-6899b65948-xwzrc"
"2026-06-11 19:18:12","2026-06-12 03:18:12","0.0018390085916062","pod=redis-cart-6899b65948-xwzrc"
"2026-06-11 19:18:27","2026-06-12 03:18:27","0.0018428853754941","pod=redis-cart-6899b65948-xwzrc"
"2026-06-11 19:18:42","2026-06-12 03:18:42","0.001810510080423","pod=redis-cart-6899b65948-xwzrc"
"2026-06-11 19:18:57","2026-06-12 03:18:57","0.00170822409551087","pod=redis-cart-6899b65948-xwzrc"
"2026-06-11 19:19:12","2026-06-12 03:19:12","0.00172188348391108","pod=redis-cart-6899b65948-xwzrc"
"2026-06-11 19:19:27","2026-06-12 03:19:27","0.00171410946318423","pod=redis-cart-6899b65948-xwzrc"
"2026-06-11 19:19:42","2026-06-12 03:19:42","0.00172136093803652","pod=redis-cart-6899b65948-xwzrc"
"2026-06-11 19:19:57","2026-06-12 03:19:57","0.00172087650351319","pod=redis-cart-6899b65948-xwzrc"
"2026-06-11 19:20:12","2026-06-12 03:20:12","0.00173940911792164","pod=redis-cart-6899b65948-xwzrc"
"2026-06-11 19:20:27","2026-06-12 03:20:27","0.00173692944357948","pod=redis-cart-6899b65948-xwzrc"
"2026-06-11 19:20:42","2026-06-12 03:20:42","0.00176704646083003","pod=redis-cart-6899b65948-xwzrc"
"2026-06-11 19:20:57","2026-06-12 03:20:57","0.00176614091981133","pod=redis-cart-6899b65948-xwzrc"
"2026-06-11 19:21:12","2026-06-12 03:21:12","0.00180241463194882","pod=redis-cart-6899b65948-xwzrc"
"2026-06-11 19:21:27","2026-06-12 03:21:27","0.00174412751677848","pod=redis-cart-6899b65948-xwzrc"
"2026-06-11 19:21:42","2026-06-12 03:21:42","0.00171188211654386","pod=redis-cart-6899b65948-xwzrc"
"2026-06-11 19:21:57","2026-06-12 03:21:57","0.0016689520078356","pod=redis-cart-6899b65948-xwzrc"
"2026-06-11 19:22:12","2026-06-12 03:22:12","0.00178945491915024","pod=redis-cart-6899b65948-xwzrc"
"2026-06-11 19:22:27","2026-06-12 03:22:27","0.00184534867914277","pod=redis-cart-6899b65948-xwzrc"
"2026-06-11 19:22:42","2026-06-12 03:22:42","0.00193604677826175","pod=redis-cart-6899b65948-xwzrc"
"2026-06-11 19:22:57","2026-06-12 03:22:57","0.00180053959488225","pod=redis-cart-6899b65948-xwzrc"
"2026-06-11 19:23:12","2026-06-12 03:23:12","0.00202129673450072","pod=redis-cart-6899b65948-xwzrc"
"2026-06-11 19:23:27","2026-06-12 03:23:27","0.00161034267844871","pod=redis-cart-6899b65948-xwzrc"
"2026-06-11 19:23:42","2026-06-12 03:23:42","0.00196973805855165","pod=redis-cart-6899b65948-xwzrc"
"2026-06-11 19:23:57","2026-06-12 03:23:57","0.00173593164695479","pod=redis-cart-6899b65948-xwzrc"
"2026-06-11 19:24:12","2026-06-12 03:24:12","0.0012278118978017","pod=redis-cart-6899b65948-xwzrc"
"2026-06-11 19:24:27","2026-06-12 03:24:27","0.00183172118069399","pod=redis-cart-6899b65948-xwzrc"
"2026-06-11 19:24:42","2026-06-12 03:24:42","0.00180797041321922","pod=redis-cart-6899b65948-xwzrc"
"2026-06-11 19:24:57","2026-06-12 03:24:57","0.00185083590326235","pod=redis-cart-6899b65948-xwzrc"
"2026-06-11 19:25:12","2026-06-12 03:25:12","0.00181703523797346","pod=redis-cart-6899b65948-xwzrc"
"2026-06-11 19:25:27","2026-06-12 03:25:27","0.00188448538110534","pod=redis-cart-6899b65948-xwzrc"
"2026-06-11 19:25:42","2026-06-12 03:25:42","0.00184701989427392","pod=redis-cart-6899b65948-xwzrc"
"2026-06-11 19:25:57","2026-06-12 03:25:57","0.00188120140057305","pod=redis-cart-6899b65948-xwzrc"
"2026-06-11 19:26:12","2026-06-12 03:26:12","0.00183056151419557","pod=redis-cart-6899b65948-xwzrc"
"2026-06-11 19:26:27","2026-06-12 03:26:27","0.00180415531335143","pod=redis-cart-6899b65948-xwzrc"
"2026-06-11 19:26:42","2026-06-12 03:26:42","0.00178254025653568","pod=redis-cart-6899b65948-xwzrc"
"2026-06-11 19:26:57","2026-06-12 03:26:57","0.00179932697477153","pod=redis-cart-6899b65948-xwzrc"
"2026-06-11 17:26:57","2026-06-12 01:26:57","0.000789446351156056","pod=shippingservice-846f8585d7-t9jd4"
"2026-06-11 17:27:12","2026-06-12 01:27:12","0.000905486210581394","pod=shippingservice-846f8585d7-t9jd4"
"2026-06-11 17:27:27","2026-06-12 01:27:27","0.000797847652564193","pod=shippingservice-846f8585d7-t9jd4"
"2026-06-11 17:27:42","2026-06-12 01:27:42","0.000700623505695935","pod=shippingservice-846f8585d7-t9jd4"
"2026-06-11 17:27:57","2026-06-12 01:27:57","0.00058501090892733","pod=shippingservice-846f8585d7-t9jd4"
"2026-06-11 17:28:12","2026-06-12 01:28:12","0.000621581132560047","pod=shippingservice-846f8585d7-t9jd4"
"2026-06-11 17:28:27","2026-06-12 01:28:27","0.000625992320557822","pod=shippingservice-846f8585d7-t9jd4"
"2026-06-11 17:28:42","2026-06-12 01:28:42","0.000746387684212671","pod=shippingservice-846f8585d7-t9jd4"
"2026-06-11 17:28:57","2026-06-12 01:28:57","0.000724435310739652","pod=shippingservice-846f8585d7-t9jd4"
"2026-06-11 17:29:12","2026-06-12 01:29:12","0.000781170438157622","pod=shippingservice-846f8585d7-t9jd4"
"2026-06-11 17:29:27","2026-06-12 01:29:27","0.00074164864215331","pod=shippingservice-846f8585d7-t9jd4"
"2026-06-11 17:29:42","2026-06-12 01:29:42","0.000693104062269482","pod=shippingservice-846f8585d7-t9jd4"
"2026-06-11 17:29:57","2026-06-12 01:29:57","0.000790658383801632","pod=shippingservice-846f8585d7-t9jd4"
"2026-06-11 17:30:12","2026-06-12 01:30:12","0.000732081171789561","pod=shippingservice-846f8585d7-t9jd4"
"2026-06-11 17:30:27","2026-06-12 01:30:27","0.000878613194487494","pod=shippingservice-846f8585d7-t9jd4"
"2026-06-11 17:30:42","2026-06-12 01:30:42","0.000730656388425499","pod=shippingservice-846f8585d7-t9jd4"
"2026-06-11 17:30:57","2026-06-12 01:30:57","0.000708547732913642","pod=shippingservice-846f8585d7-t9jd4"
"2026-06-11 17:31:12","2026-06-12 01:31:12","0.000745977984758659","pod=shippingservice-846f8585d7-t9jd4"
"2026-06-11 17:31:27","2026-06-12 01:31:27","0.000770628275976556","pod=shippingservice-846f8585d7-t9jd4"
"2026-06-11 17:31:42","2026-06-12 01:31:42","0.000516094784359993","pod=shippingservice-846f8585d7-t9jd4"
"2026-06-11 17:31:57","2026-06-12 01:31:57","0.000890863416449562","pod=shippingservice-846f8585d7-t9jd4"
"2026-06-11 17:32:12","2026-06-12 01:32:12","0.000709625482760301","pod=shippingservice-846f8585d7-t9jd4"
"2026-06-11 17:32:27","2026-06-12 01:32:27","0.00106771714437626","pod=shippingservice-846f8585d7-t9jd4"
"2026-06-11 17:32:42","2026-06-12 01:32:42","0.000952302521008452","pod=shippingservice-846f8585d7-t9jd4"
"2026-06-11 17:32:57","2026-06-12 01:32:57","0.000772868875672567","pod=shippingservice-846f8585d7-t9jd4"
"2026-06-11 17:33:12","2026-06-12 01:33:12","0.000819308114509526","pod=shippingservice-846f8585d7-t9jd4"
"2026-06-11 17:33:27","2026-06-12 01:33:27","0.000631061060662728","pod=shippingservice-846f8585d7-t9jd4"
"2026-06-11 17:33:42","2026-06-12 01:33:42","0.000828124685569402","pod=shippingservice-846f8585d7-t9jd4"
"2026-06-11 17:33:57","2026-06-12 01:33:57","0.000684800426975714","pod=shippingservice-846f8585d7-t9jd4"
"2026-06-11 17:34:12","2026-06-12 01:34:12","0.000659650381333538","pod=shippingservice-846f8585d7-t9jd4"
"2026-06-11 17:34:27","2026-06-12 01:34:27","0.000536208179948532","pod=shippingservice-846f8585d7-t9jd4"
"2026-06-11 17:34:42","2026-06-12 01:34:42","0.000776962358193432","pod=shippingservice-846f8585d7-t9jd4"
"2026-06-11 17:34:57","2026-06-12 01:34:57","0.000809936149741973","pod=shippingservice-846f8585d7-t9jd4"
"2026-06-11 17:35:12","2026-06-12 01:35:12","0.000665643973646835","pod=shippingservice-846f8585d7-t9jd4"
"2026-06-11 17:35:27","2026-06-12 01:35:27","0.00074366525553718","pod=shippingservice-846f8585d7-t9jd4"
"2026-06-11 17:35:42","2026-06-12 01:35:42","0.000674803983894883","pod=shippingservice-846f8585d7-t9jd4"
"2026-06-11 17:35:57","2026-06-12 01:35:57","0.000751838235294111","pod=shippingservice-846f8585d7-t9jd4"
"2026-06-11 17:36:12","2026-06-12 01:36:12","0.000669622472276557","pod=shippingservice-846f8585d7-t9jd4"
"2026-06-11 17:36:27","2026-06-12 01:36:27","0.000637487614698654","pod=shippingservice-846f8585d7-t9jd4"
"2026-06-11 17:36:42","2026-06-12 01:36:42","0.00060584547681324","pod=shippingservice-846f8585d7-t9jd4"
"2026-06-11 17:36:57","2026-06-12 01:36:57","0.000640740394503145","pod=shippingservice-846f8585d7-t9jd4"
"2026-06-11 17:37:12","2026-06-12 01:37:12","0.000770981452102568","pod=shippingservice-846f8585d7-t9jd4"
"2026-06-11 17:37:27","2026-06-12 01:37:27","0.00073748850515988","pod=shippingservice-846f8585d7-t9jd4"
"2026-06-11 17:37:42","2026-06-12 01:37:42","0.000717774420946604","pod=shippingservice-846f8585d7-t9jd4"
"2026-06-11 17:37:57","2026-06-12 01:37:57","0.000678860398860408","pod=shippingservice-846f8585d7-t9jd4"
"2026-06-11 17:38:12","2026-06-12 01:38:12","0.000639741800418717","pod=shippingservice-846f8585d7-t9jd4"
"2026-06-11 17:38:27","2026-06-12 01:38:27","0.00033756421275646","pod=shippingservice-846f8585d7-t9jd4"
"2026-06-11 17:38:42","2026-06-12 01:38:42","0.000470205173951818","pod=shippingservice-846f8585d7-t9jd4"
"2026-06-11 17:38:57","2026-06-12 01:38:57","0.000644982742000692","pod=shippingservice-846f8585d7-t9jd4"
"2026-06-11 17:39:12","2026-06-12 01:39:12","0.000616214522338627","pod=shippingservice-846f8585d7-t9jd4"
"2026-06-11 17:39:27","2026-06-12 01:39:27","0.000357850000000015","pod=shippingservice-846f8585d7-t9jd4"
"2026-06-11 17:39:42","2026-06-12 01:39:42","0.00073278266698381","pod=shippingservice-846f8585d7-t9jd4"
"2026-06-11 17:39:57","2026-06-12 01:39:57","0.000799264466272519","pod=shippingservice-846f8585d7-t9jd4"
"2026-06-11 17:40:12","2026-06-12 01:40:12","0.000691773455025959","pod=shippingservice-846f8585d7-t9jd4"
"2026-06-11 17:40:27","2026-06-12 01:40:27","0.000640410156249986","pod=shippingservice-846f8585d7-t9jd4"
"2026-06-11 17:40:42","2026-06-12 01:40:42","0.000630143243440745","pod=shippingservice-846f8585d7-t9jd4"
"2026-06-11 17:40:57","2026-06-12 01:40:57","0.000603007685691278","pod=shippingservice-846f8585d7-t9jd4"
"2026-06-11 17:41:12","2026-06-12 01:41:12","0.000690248318675624","pod=shippingservice-846f8585d7-t9jd4"
"2026-06-11 17:41:27","2026-06-12 01:41:27","0.000769227568703343","pod=shippingservice-846f8585d7-t9jd4"
"2026-06-11 17:41:42","2026-06-12 01:41:42","0.000642683680938187","pod=shippingservice-846f8585d7-t9jd4"
"2026-06-11 17:41:57","2026-06-12 01:41:57","0.000743676267403545","pod=shippingservice-846f8585d7-t9jd4"
"2026-06-11 17:42:12","2026-06-12 01:42:12","0.000620125328708096","pod=shippingservice-846f8585d7-t9jd4"
"2026-06-11 17:42:27","2026-06-12 01:42:27","0.000685978380072078","pod=shippingservice-846f8585d7-t9jd4"
"2026-06-11 17:42:42","2026-06-12 01:42:42","0.000685445167971007","pod=shippingservice-846f8585d7-t9jd4"
"2026-06-11 17:42:57","2026-06-12 01:42:57","0.000710417298171155","pod=shippingservice-846f8585d7-t9jd4"
"2026-06-11 17:43:12","2026-06-12 01:43:12","0.000680674546098865","pod=shippingservice-846f8585d7-t9jd4"
"2026-06-11 17:43:27","2026-06-12 01:43:27","0.00068821882303937","pod=shippingservice-846f8585d7-t9jd4"
"2026-06-11 17:43:42","2026-06-12 01:43:42","0.000642338647777355","pod=shippingservice-846f8585d7-t9jd4"
"2026-06-11 17:43:57","2026-06-12 01:43:57","0.000713695773368273","pod=shippingservice-846f8585d7-t9jd4"
"2026-06-11 17:44:12","2026-06-12 01:44:12","0.000656519082273201","pod=shippingservice-846f8585d7-t9jd4"
"2026-06-11 17:44:27","2026-06-12 01:44:27","0.000698777714610568","pod=shippingservice-846f8585d7-t9jd4"
"2026-06-11 17:44:42","2026-06-12 01:44:42","0.000613106457693199","pod=shippingservice-846f8585d7-t9jd4"
"2026-06-11 17:44:57","2026-06-12 01:44:57","0.000599912967798121","pod=shippingservice-846f8585d7-t9jd4"
"2026-06-11 17:45:12","2026-06-12 01:45:12","0.000383180902765508","pod=shippingservice-846f8585d7-t9jd4"
"2026-06-11 17:45:27","2026-06-12 01:45:27","0.000576244868440653","pod=shippingservice-846f8585d7-t9jd4"
"2026-06-11 17:45:42","2026-06-12 01:45:42","0.000661472433146248","pod=shippingservice-846f8585d7-t9jd4"
"2026-06-11 17:45:57","2026-06-12 01:45:57","0.000769662262069651","pod=shippingservice-846f8585d7-t9jd4"
"2026-06-11 17:46:12","2026-06-12 01:46:12","0.000769183197754652","pod=shippingservice-846f8585d7-t9jd4"
"2026-06-11 17:46:27","2026-06-12 01:46:27","0.000762690817222243","pod=shippingservice-846f8585d7-t9jd4"
"2026-06-11 17:46:42","2026-06-12 01:46:42","0.000699583342145866","pod=shippingservice-846f8585d7-t9jd4"
"2026-06-11 17:46:57","2026-06-12 01:46:57","0.000672833515723368","pod=shippingservice-846f8585d7-t9jd4"
"2026-06-11 17:47:12","2026-06-12 01:47:12","0.00064805375877125","pod=shippingservice-846f8585d7-t9jd4"
"2026-06-11 17:47:27","2026-06-12 01:47:27","0.000686344069739781","pod=shippingservice-846f8585d7-t9jd4"
"2026-06-11 17:47:42","2026-06-12 01:47:42","0.000654614633352328","pod=shippingservice-846f8585d7-t9jd4"
"2026-06-11 17:47:57","2026-06-12 01:47:57","0.000616701673986369","pod=shippingservice-846f8585d7-t9jd4"
"2026-06-11 17:48:12","2026-06-12 01:48:12","0.000639686850256716","pod=shippingservice-846f8585d7-t9jd4"
"2026-06-11 17:48:27","2026-06-12 01:48:27","0.000737113402061889","pod=shippingservice-846f8585d7-t9jd4"
"2026-06-11 17:48:42","2026-06-12 01:48:42","0.000764198170205409","pod=shippingservice-846f8585d7-t9jd4"
"2026-06-11 17:48:57","2026-06-12 01:48:57","0.000638374186727663","pod=shippingservice-846f8585d7-t9jd4"
"2026-06-11 17:49:12","2026-06-12 01:49:12","0.000628095121353257","pod=shippingservice-846f8585d7-t9jd4"
"2026-06-11 17:49:27","2026-06-12 01:49:27","0.000611721281958978","pod=shippingservice-846f8585d7-t9jd4"
"2026-06-11 17:49:42","2026-06-12 01:49:42","0.000443550000000004","pod=shippingservice-846f8585d7-t9jd4"
"2026-06-11 17:49:57","2026-06-12 01:49:57","0.000703784917532674","pod=shippingservice-846f8585d7-t9jd4"
"2026-06-11 17:50:12","2026-06-12 01:50:12","0.000621155242144566","pod=shippingservice-846f8585d7-t9jd4"
"2026-06-11 17:50:27","2026-06-12 01:50:27","0.000618716117545869","pod=shippingservice-846f8585d7-t9jd4"
"2026-06-11 17:50:42","2026-06-12 01:50:42","0.000589121442242373","pod=shippingservice-846f8585d7-t9jd4"
"2026-06-11 17:50:57","2026-06-12 01:50:57","0.000712021881648069","pod=shippingservice-846f8585d7-t9jd4"
"2026-06-11 17:51:12","2026-06-12 01:51:12","0.000815238357674273","pod=shippingservice-846f8585d7-t9jd4"
"2026-06-11 17:51:27","2026-06-12 01:51:27","0.000849156899481508","pod=shippingservice-846f8585d7-t9jd4"
"2026-06-11 17:51:42","2026-06-12 01:51:42","0.000814576358485695","pod=shippingservice-846f8585d7-t9jd4"
"2026-06-11 17:51:57","2026-06-12 01:51:57","0.000755189734332697","pod=shippingservice-846f8585d7-t9jd4"
"2026-06-11 17:52:12","2026-06-12 01:52:12","0.000741703922926771","pod=shippingservice-846f8585d7-t9jd4"
"2026-06-11 17:52:27","2026-06-12 01:52:27","0.000567434322993769","pod=shippingservice-846f8585d7-t9jd4"
"2026-06-11 17:52:42","2026-06-12 01:52:42","0.000710390836157723","pod=shippingservice-846f8585d7-t9jd4"
"2026-06-11 17:52:57","2026-06-12 01:52:57","0.000710617751906477","pod=shippingservice-846f8585d7-t9jd4"
"2026-06-11 17:53:12","2026-06-12 01:53:12","0.000637354252006894","pod=shippingservice-846f8585d7-t9jd4"
"2026-06-11 17:53:27","2026-06-12 01:53:27","0.000704920483532139","pod=shippingservice-846f8585d7-t9jd4"
"2026-06-11 17:53:42","2026-06-12 01:53:42","0.000789940057336462","pod=shippingservice-846f8585d7-t9jd4"
"2026-06-11 17:53:57","2026-06-12 01:53:57","0.00061675613910267","pod=shippingservice-846f8585d7-t9jd4"
"2026-06-11 17:54:12","2026-06-12 01:54:12","0.000446027995209028","pod=shippingservice-846f8585d7-t9jd4"
"2026-06-11 17:54:27","2026-06-12 01:54:27","0.000663502720222256","pod=shippingservice-846f8585d7-t9jd4"
"2026-06-11 17:54:42","2026-06-12 01:54:42","0.000659681721596811","pod=shippingservice-846f8585d7-t9jd4"
"2026-06-11 17:54:57","2026-06-12 01:54:57","0.000515560825687066","pod=shippingservice-846f8585d7-t9jd4"
"2026-06-11 17:55:12","2026-06-12 01:55:12","0.000671982886431992","pod=shippingservice-846f8585d7-t9jd4"
"2026-06-11 17:55:27","2026-06-12 01:55:27","0.000711757409294289","pod=shippingservice-846f8585d7-t9jd4"
"2026-06-11 17:55:42","2026-06-12 01:55:42","0.000490241079463219","pod=shippingservice-846f8585d7-t9jd4"
"2026-06-11 17:55:57","2026-06-12 01:55:57","0.000745147623167199","pod=shippingservice-846f8585d7-t9jd4"
"2026-06-11 17:56:12","2026-06-12 01:56:12","0.000599931717326773","pod=shippingservice-846f8585d7-t9jd4"
"2026-06-11 17:56:27","2026-06-12 01:56:27","0.000744845259215465","pod=shippingservice-846f8585d7-t9jd4"
"2026-06-11 17:56:42","2026-06-12 01:56:42","0.000688727341389733","pod=shippingservice-846f8585d7-t9jd4"
"2026-06-11 17:56:57","2026-06-12 01:56:57","0.000467878787878788","pod=shippingservice-846f8585d7-t9jd4"
"2026-06-11 17:57:12","2026-06-12 01:57:12","0.000672407246691228","pod=shippingservice-846f8585d7-t9jd4"
"2026-06-11 17:57:27","2026-06-12 01:57:27","0.000635233900140277","pod=shippingservice-846f8585d7-t9jd4"
"2026-06-11 17:57:42","2026-06-12 01:57:42","0.000735003674444237","pod=shippingservice-846f8585d7-t9jd4"
"2026-06-11 17:57:57","2026-06-12 01:57:57","0.000790173269056111","pod=shippingservice-846f8585d7-t9jd4"
"2026-06-11 17:58:12","2026-06-12 01:58:12","0.0007405899740906","pod=shippingservice-846f8585d7-t9jd4"
"2026-06-11 17:58:27","2026-06-12 01:58:27","0.000776302234962122","pod=shippingservice-846f8585d7-t9jd4"
"2026-06-11 17:58:42","2026-06-12 01:58:42","0.000840917240728475","pod=shippingservice-846f8585d7-t9jd4"
"2026-06-11 17:58:57","2026-06-12 01:58:57","0.000782623883427322","pod=shippingservice-846f8585d7-t9jd4"
"2026-06-11 17:59:12","2026-06-12 01:59:12","0.000895962547200445","pod=shippingservice-846f8585d7-t9jd4"
"2026-06-11 17:59:27","2026-06-12 01:59:27","0.00095978590241003","pod=shippingservice-846f8585d7-t9jd4"
"2026-06-11 17:59:42","2026-06-12 01:59:42","0.000833130466781779","pod=shippingservice-846f8585d7-t9jd4"
"2026-06-11 17:59:57","2026-06-12 01:59:57","0.000538430891817344","pod=shippingservice-846f8585d7-t9jd4"
"2026-06-11 18:00:12","2026-06-12 02:00:12","0.000656501607337749","pod=shippingservice-846f8585d7-t9jd4"
"2026-06-11 18:00:27","2026-06-12 02:00:27","0.000721988821101092","pod=shippingservice-846f8585d7-t9jd4"
"2026-06-11 18:00:42","2026-06-12 02:00:42","0.000769364503957987","pod=shippingservice-846f8585d7-t9jd4"
"2026-06-11 18:00:57","2026-06-12 02:00:57","0.000631178332590791","pod=shippingservice-846f8585d7-t9jd4"
"2026-06-11 18:01:12","2026-06-12 02:01:12","0.000941684425090329","pod=shippingservice-846f8585d7-t9jd4"
"2026-06-11 18:01:27","2026-06-12 02:01:27","0.00107256543712756","pod=shippingservice-846f8585d7-t9jd4"
"2026-06-11 18:01:42","2026-06-12 02:01:42","0.000564200714320161","pod=shippingservice-846f8585d7-t9jd4"
"2026-06-11 18:01:57","2026-06-12 02:01:57","0.000767531869975932","pod=shippingservice-846f8585d7-t9jd4"
"2026-06-11 18:02:12","2026-06-12 02:02:12","0.000687080041147767","pod=shippingservice-846f8585d7-t9jd4"
"2026-06-11 18:02:27","2026-06-12 02:02:27","0.000686503079403934","pod=shippingservice-846f8585d7-t9jd4"
"2026-06-11 18:02:42","2026-06-12 02:02:42","0.000671400165078406","pod=shippingservice-846f8585d7-t9jd4"
"2026-06-11 18:02:57","2026-06-12 02:02:57","0.00077753979253285","pod=shippingservice-846f8585d7-t9jd4"
"2026-06-11 18:03:12","2026-06-12 02:03:12","0.000609482436426577","pod=shippingservice-846f8585d7-t9jd4"
"2026-06-11 18:03:27","2026-06-12 02:03:27","0.00108526108550716","pod=shippingservice-846f8585d7-t9jd4"
"2026-06-11 18:03:42","2026-06-12 02:03:42","0.00107589833885503","pod=shippingservice-846f8585d7-t9jd4"
"2026-06-11 18:03:57","2026-06-12 02:03:57","0.000618570724985902","pod=shippingservice-846f8585d7-t9jd4"
"2026-06-11 18:04:12","2026-06-12 02:04:12","0.000935331381676854","pod=shippingservice-846f8585d7-t9jd4"
"2026-06-11 18:04:27","2026-06-12 02:04:27","0.000852721128073646","pod=shippingservice-846f8585d7-t9jd4"
"2026-06-11 18:04:42","2026-06-12 02:04:42","0.000930177111716602","pod=shippingservice-846f8585d7-t9jd4"
"2026-06-11 18:04:57","2026-06-12 02:04:57","0.0010333546514488","pod=shippingservice-846f8585d7-t9jd4"
"2026-06-11 18:05:12","2026-06-12 02:05:12","0.00110670953652026","pod=shippingservice-846f8585d7-t9jd4"
"2026-06-11 18:05:27","2026-06-12 02:05:27","0.000957115735398141","pod=shippingservice-846f8585d7-t9jd4"
"2026-06-11 18:05:42","2026-06-12 02:05:42","0.000834131721187602","pod=shippingservice-846f8585d7-t9jd4"
"2026-06-11 18:05:57","2026-06-12 02:05:57","0.000696439364800272","pod=shippingservice-846f8585d7-t9jd4"
"2026-06-11 18:06:12","2026-06-12 02:06:12","0.000986761504581582","pod=shippingservice-846f8585d7-t9jd4"
"2026-06-11 18:06:27","2026-06-12 02:06:27","0.00112454320020885","pod=shippingservice-846f8585d7-t9jd4"
"2026-06-11 18:06:42","2026-06-12 02:06:42","0.00107020629750273","pod=shippingservice-846f8585d7-t9jd4"
"2026-06-11 18:06:57","2026-06-12 02:06:57","0.000792961451968778","pod=shippingservice-846f8585d7-t9jd4"
"2026-06-11 18:07:12","2026-06-12 02:07:12","0.000874146065295319","pod=shippingservice-846f8585d7-t9jd4"
"2026-06-11 18:07:27","2026-06-12 02:07:27","0.000845182571068816","pod=shippingservice-846f8585d7-t9jd4"
"2026-06-11 18:07:42","2026-06-12 02:07:42","0.000845977117125374","pod=shippingservice-846f8585d7-t9jd4"
"2026-06-11 18:07:57","2026-06-12 02:07:57","0.000955930537352598","pod=shippingservice-846f8585d7-t9jd4"
"2026-06-11 18:08:12","2026-06-12 02:08:12","0.000772863828066313","pod=shippingservice-846f8585d7-t9jd4"
"2026-06-11 18:08:27","2026-06-12 02:08:27","0.000560813203135713","pod=shippingservice-846f8585d7-t9jd4"
"2026-06-11 18:08:42","2026-06-12 02:08:42","0.000858074572377835","pod=shippingservice-846f8585d7-t9jd4"
"2026-06-11 18:08:57","2026-06-12 02:08:57","0.000940531378275182","pod=shippingservice-846f8585d7-t9jd4"
"2026-06-11 18:09:12","2026-06-12 02:09:12","0.00085283092162766","pod=shippingservice-846f8585d7-t9jd4"
"2026-06-11 18:09:27","2026-06-12 02:09:27","0.000702528755626117","pod=shippingservice-846f8585d7-t9jd4"
"2026-06-11 18:09:42","2026-06-12 02:09:42","0.000984733452667516","pod=shippingservice-846f8585d7-t9jd4"
"2026-06-11 18:09:57","2026-06-12 02:09:57","0.000943591800311668","pod=shippingservice-846f8585d7-t9jd4"
"2026-06-11 18:10:12","2026-06-12 02:10:12","0.00105487181584005","pod=shippingservice-846f8585d7-t9jd4"
"2026-06-11 18:10:27","2026-06-12 02:10:27","0.000855675877520543","pod=shippingservice-846f8585d7-t9jd4"
"2026-06-11 18:10:42","2026-06-12 02:10:42","0.000669767955499117","pod=shippingservice-846f8585d7-t9jd4"
"2026-06-11 18:10:57","2026-06-12 02:10:57","0.00071045570652755","pod=shippingservice-846f8585d7-t9jd4"
"2026-06-11 18:11:12","2026-06-12 02:11:12","0.000466401963440611","pod=shippingservice-846f8585d7-t9jd4"
"2026-06-11 18:11:27","2026-06-12 02:11:27","0.000859849416859399","pod=shippingservice-846f8585d7-t9jd4"
"2026-06-11 18:11:42","2026-06-12 02:11:42","0.000893418798483194","pod=shippingservice-846f8585d7-t9jd4"
"2026-06-11 18:11:57","2026-06-12 02:11:57","0.000569783820409794","pod=shippingservice-846f8585d7-t9jd4"
"2026-06-11 18:12:12","2026-06-12 02:12:12","0.00108527648234511","pod=shippingservice-846f8585d7-t9jd4"
"2026-06-11 18:12:27","2026-06-12 02:12:27","0.0010210030964798","pod=shippingservice-846f8585d7-t9jd4"
"2026-06-11 18:12:42","2026-06-12 02:12:42","0.000944766732375834","pod=shippingservice-846f8585d7-t9jd4"
"2026-06-11 18:12:57","2026-06-12 02:12:57","0.000715456970924452","pod=shippingservice-846f8585d7-t9jd4"
"2026-06-11 18:13:12","2026-06-12 02:13:12","0.000712952547598186","pod=shippingservice-846f8585d7-t9jd4"
"2026-06-11 18:13:27","2026-06-12 02:13:27","0.000798713764638114","pod=shippingservice-846f8585d7-t9jd4"
"2026-06-11 18:13:42","2026-06-12 02:13:42","0.000643817733990162","pod=shippingservice-846f8585d7-t9jd4"
"2026-06-11 18:13:57","2026-06-12 02:13:57","0.000597511049081213","pod=shippingservice-846f8585d7-t9jd4"
"2026-06-11 18:14:12","2026-06-12 02:14:12","0.000542100097611415","pod=shippingservice-846f8585d7-t9jd4"
"2026-06-11 18:14:27","2026-06-12 02:14:27","0.000783121500500326","pod=shippingservice-846f8585d7-t9jd4"
"2026-06-11 18:14:42","2026-06-12 02:14:42","0.000759379469688616","pod=shippingservice-846f8585d7-t9jd4"
"2026-06-11 18:14:57","2026-06-12 02:14:57","0.000632373694609072","pod=shippingservice-846f8585d7-t9jd4"
"2026-06-11 18:15:12","2026-06-12 02:15:12","0.000627279144642837","pod=shippingservice-846f8585d7-t9jd4"
"2026-06-11 18:15:27","2026-06-12 02:15:27","0.00046209842910673","pod=shippingservice-846f8585d7-t9jd4"
"2026-06-11 18:15:42","2026-06-12 02:15:42","0.000877795111804474","pod=shippingservice-846f8585d7-t9jd4"
"2026-06-11 18:15:57","2026-06-12 02:15:57","0.000815310328583194","pod=shippingservice-846f8585d7-t9jd4"
"2026-06-11 18:16:12","2026-06-12 02:16:12","0.000653761497648374","pod=shippingservice-846f8585d7-t9jd4"
"2026-06-11 18:16:27","2026-06-12 02:16:27","0.000653761497648374","pod=shippingservice-846f8585d7-t9jd4"
"2026-06-11 18:16:42","2026-06-12 02:16:42","0.00079556968847688","pod=shippingservice-846f8585d7-t9jd4"
"2026-06-11 18:16:57","2026-06-12 02:16:57","0.000752000346005768","pod=shippingservice-846f8585d7-t9jd4"
"2026-06-11 18:17:12","2026-06-12 02:17:12","0.000450099999999987","pod=shippingservice-846f8585d7-t9jd4"
"2026-06-11 18:17:27","2026-06-12 02:17:27","0.000683353260550004","pod=shippingservice-846f8585d7-t9jd4"
"2026-06-11 18:17:42","2026-06-12 02:17:42","0.000684817230395882","pod=shippingservice-846f8585d7-t9jd4"
"2026-06-11 18:17:57","2026-06-12 02:17:57","0.000513910646691609","pod=shippingservice-846f8585d7-t9jd4"
"2026-06-11 18:18:12","2026-06-12 02:18:12","0.00081914487497612","pod=shippingservice-846f8585d7-t9jd4"
"2026-06-11 18:18:27","2026-06-12 02:18:27","0.000766812554708022","pod=shippingservice-846f8585d7-t9jd4"
"2026-06-11 18:18:42","2026-06-12 02:18:42","0.000764277901944948","pod=shippingservice-846f8585d7-t9jd4"
"2026-06-11 18:18:57","2026-06-12 02:18:57","0.000671816479400746","pod=shippingservice-846f8585d7-t9jd4"
"2026-06-11 18:19:12","2026-06-12 02:19:12","0.000669865100087035","pod=shippingservice-846f8585d7-t9jd4"
"2026-06-11 18:19:27","2026-06-12 02:19:27","0.000591804647009726","pod=shippingservice-846f8585d7-t9jd4"
"2026-06-11 18:19:42","2026-06-12 02:19:42","0.000521328427960635","pod=shippingservice-846f8585d7-t9jd4"
"2026-06-11 18:19:57","2026-06-12 02:19:57","0.000656960151069702","pod=shippingservice-846f8585d7-t9jd4"
"2026-06-11 18:20:12","2026-06-12 02:20:12","0.000745198210840198","pod=shippingservice-846f8585d7-t9jd4"
"2026-06-11 18:20:27","2026-06-12 02:20:27","0.000867958688227779","pod=shippingservice-846f8585d7-t9jd4"
"2026-06-11 18:20:42","2026-06-12 02:20:42","0.000737944535073415","pod=shippingservice-846f8585d7-t9jd4"
"2026-06-11 18:20:57","2026-06-12 02:20:57","0.000813530963770149","pod=shippingservice-846f8585d7-t9jd4"
"2026-06-11 18:21:12","2026-06-12 02:21:12","0.000767955574680864","pod=shippingservice-846f8585d7-t9jd4"
"2026-06-11 18:21:27","2026-06-12 02:21:27","0.00082659932659934","pod=shippingservice-846f8585d7-t9jd4"
"2026-06-11 18:21:42","2026-06-12 02:21:42","0.000562613756375942","pod=shippingservice-846f8585d7-t9jd4"
"2026-06-11 18:21:57","2026-06-12 02:21:57","0.000453518843711981","pod=shippingservice-846f8585d7-t9jd4"
"2026-06-11 18:22:12","2026-06-12 02:22:12","0.000557896189408546","pod=shippingservice-846f8585d7-t9jd4"
"2026-06-11 18:22:27","2026-06-12 02:22:27","0.000697121928190743","pod=shippingservice-846f8585d7-t9jd4"
"2026-06-11 18:22:42","2026-06-12 02:22:42","0.000876536053790877","pod=shippingservice-846f8585d7-t9jd4"
"2026-06-11 18:22:57","2026-06-12 02:22:57","0.000753476852733869","pod=shippingservice-846f8585d7-t9jd4"
"2026-06-11 18:23:12","2026-06-12 02:23:12","0.000620975527048542","pod=shippingservice-846f8585d7-t9jd4"
"2026-06-11 18:23:27","2026-06-12 02:23:27","0.000833433851721025","pod=shippingservice-846f8585d7-t9jd4"
"2026-06-11 18:23:42","2026-06-12 02:23:42","0.000745789805475506","pod=shippingservice-846f8585d7-t9jd4"
"2026-06-11 18:23:57","2026-06-12 02:23:57","0.000873072204696812","pod=shippingservice-846f8585d7-t9jd4"
"2026-06-11 18:24:12","2026-06-12 02:24:12","0.000736518457148112","pod=shippingservice-846f8585d7-t9jd4"
"2026-06-11 18:24:27","2026-06-12 02:24:27","0.000691514176235434","pod=shippingservice-846f8585d7-t9jd4"
"2026-06-11 18:24:42","2026-06-12 02:24:42","0.000594064572236077","pod=shippingservice-846f8585d7-t9jd4"
"2026-06-11 18:24:57","2026-06-12 02:24:57","0.000637042280713056","pod=shippingservice-846f8585d7-t9jd4"
"2026-06-11 18:25:12","2026-06-12 02:25:12","0.000583611831739134","pod=shippingservice-846f8585d7-t9jd4"
"2026-06-11 18:25:27","2026-06-12 02:25:27","0.000729722756485458","pod=shippingservice-846f8585d7-t9jd4"
"2026-06-11 18:25:42","2026-06-12 02:25:42","0.000700829371255572","pod=shippingservice-846f8585d7-t9jd4"
"2026-06-11 18:25:57","2026-06-12 02:25:57","0.000756397460128682","pod=shippingservice-846f8585d7-t9jd4"
"2026-06-11 18:26:12","2026-06-12 02:26:12","0.000787698734587929","pod=shippingservice-846f8585d7-t9jd4"
"2026-06-11 18:26:27","2026-06-12 02:26:27","0.000835898077484482","pod=shippingservice-846f8585d7-t9jd4"
"2026-06-11 18:26:42","2026-06-12 02:26:42","0.000777692455365728","pod=shippingservice-846f8585d7-t9jd4"
"2026-06-11 18:26:57","2026-06-12 02:26:57","0.000808147215139318","pod=shippingservice-846f8585d7-t9jd4"
"2026-06-11 18:27:12","2026-06-12 02:27:12","0.000724579202213472","pod=shippingservice-846f8585d7-t9jd4"
"2026-06-11 18:27:27","2026-06-12 02:27:27","0.000793663651500852","pod=shippingservice-846f8585d7-t9jd4"
"2026-06-11 18:27:42","2026-06-12 02:27:42","0.000903903261825003","pod=shippingservice-846f8585d7-t9jd4"
"2026-06-11 18:27:57","2026-06-12 02:27:57","0.000870930436306294","pod=shippingservice-846f8585d7-t9jd4"
"2026-06-11 18:28:12","2026-06-12 02:28:12","0.000673186934600279","pod=shippingservice-846f8585d7-t9jd4"
"2026-06-11 18:28:27","2026-06-12 02:28:27","0.000823209598800156","pod=shippingservice-846f8585d7-t9jd4"
"2026-06-11 18:28:42","2026-06-12 02:28:42","0.000809453126656639","pod=shippingservice-846f8585d7-t9jd4"
"2026-06-11 18:28:57","2026-06-12 02:28:57","0.00056085452973012","pod=shippingservice-846f8585d7-t9jd4"
"2026-06-11 18:29:12","2026-06-12 02:29:12","0.000713736742327213","pod=shippingservice-846f8585d7-t9jd4"
"2026-06-11 18:29:27","2026-06-12 02:29:27","0.000762535935845048","pod=shippingservice-846f8585d7-t9jd4"
"2026-06-11 18:29:42","2026-06-12 02:29:42","0.000625587497750391","pod=shippingservice-846f8585d7-t9jd4"
"2026-06-11 18:29:57","2026-06-12 02:29:57","0.000751328333301351","pod=shippingservice-846f8585d7-t9jd4"
"2026-06-11 18:30:12","2026-06-12 02:30:12","0.000558956507493052","pod=shippingservice-846f8585d7-t9jd4"
"2026-06-11 18:30:27","2026-06-12 02:30:27","0.000758569607606688","pod=shippingservice-846f8585d7-t9jd4"
"2026-06-11 18:30:42","2026-06-12 02:30:42","0.000767406659939452","pod=shippingservice-846f8585d7-t9jd4"
"2026-06-11 18:30:57","2026-06-12 02:30:57","0.000845698230693319","pod=shippingservice-846f8585d7-t9jd4"
"2026-06-11 18:31:12","2026-06-12 02:31:12","0.000845698230693319","pod=shippingservice-846f8585d7-t9jd4"
"2026-06-11 18:31:27","2026-06-12 02:31:27","0.000640408339706711","pod=shippingservice-846f8585d7-t9jd4"
"2026-06-11 18:31:42","2026-06-12 02:31:42","0.000625561681766296","pod=shippingservice-846f8585d7-t9jd4"
"2026-06-11 18:31:57","2026-06-12 02:31:57","0.000216533333333343","pod=shippingservice-846f8585d7-t9jd4"
"2026-06-11 18:32:12","2026-06-12 02:32:12","0.000744118563994345","pod=shippingservice-846f8585d7-t9jd4"
"2026-06-11 18:32:27","2026-06-12 02:32:27","0.000888003770916796","pod=shippingservice-846f8585d7-t9jd4"
"2026-06-11 18:32:42","2026-06-12 02:32:42","0.000764224663901364","pod=shippingservice-846f8585d7-t9jd4"
"2026-06-11 18:32:57","2026-06-12 02:32:57","0.000963935728789603","pod=shippingservice-846f8585d7-t9jd4"
"2026-06-11 18:33:12","2026-06-12 02:33:12","0.000885626114124695","pod=shippingservice-846f8585d7-t9jd4"
"2026-06-11 18:33:27","2026-06-12 02:33:27","0.000833173255973489","pod=shippingservice-846f8585d7-t9jd4"
"2026-06-11 18:33:42","2026-06-12 02:33:42","0.0008231179987231","pod=shippingservice-846f8585d7-t9jd4"
"2026-06-11 18:33:57","2026-06-12 02:33:57","0.000749326300097459","pod=shippingservice-846f8585d7-t9jd4"
"2026-06-11 18:34:12","2026-06-12 02:34:12","0.00073027396534364","pod=shippingservice-846f8585d7-t9jd4"
"2026-06-11 18:34:27","2026-06-12 02:34:27","0.00101006922592827","pod=shippingservice-846f8585d7-t9jd4"
"2026-06-11 18:34:42","2026-06-12 02:34:42","0.000905510351602347","pod=shippingservice-846f8585d7-t9jd4"
"2026-06-11 18:34:57","2026-06-12 02:34:57","0.000872776017548124","pod=shippingservice-846f8585d7-t9jd4"
"2026-06-11 18:35:12","2026-06-12 02:35:12","0.000670562990569759","pod=shippingservice-846f8585d7-t9jd4"
"2026-06-11 18:35:27","2026-06-12 02:35:27","0.000740559860307727","pod=shippingservice-846f8585d7-t9jd4"
"2026-06-11 18:35:42","2026-06-12 02:35:42","0.00083030775014772","pod=shippingservice-846f8585d7-t9jd4"
"2026-06-11 18:35:57","2026-06-12 02:35:57","0.000691748861382018","pod=shippingservice-846f8585d7-t9jd4"
"2026-06-11 18:36:12","2026-06-12 02:36:12","0.000757609899182205","pod=shippingservice-846f8585d7-t9jd4"
"2026-06-11 18:36:27","2026-06-12 02:36:27","0.000819004524886865","pod=shippingservice-846f8585d7-t9jd4"
"2026-06-11 18:36:42","2026-06-12 02:36:42","0.000836303512732165","pod=shippingservice-846f8585d7-t9jd4"
"2026-06-11 18:36:57","2026-06-12 02:36:57","0.000658365816385157","pod=shippingservice-846f8585d7-t9jd4"
"2026-06-11 18:37:12","2026-06-12 02:37:12","0.00083797631698803","pod=shippingservice-846f8585d7-t9jd4"
"2026-06-11 18:37:27","2026-06-12 02:37:27","0.000855817290446052","pod=shippingservice-846f8585d7-t9jd4"
"2026-06-11 18:37:42","2026-06-12 02:37:42","0.000891756272401428","pod=shippingservice-846f8585d7-t9jd4"
"2026-06-11 18:37:57","2026-06-12 02:37:57","0.000800239234449764","pod=shippingservice-846f8585d7-t9jd4"
"2026-06-11 18:38:12","2026-06-12 02:38:12","0.000537210545516634","pod=shippingservice-846f8585d7-t9jd4"
"2026-06-11 18:38:27","2026-06-12 02:38:27","0.000767169647292587","pod=shippingservice-846f8585d7-t9jd4"
"2026-06-11 18:38:42","2026-06-12 02:38:42","0.000854732248888389","pod=shippingservice-846f8585d7-t9jd4"
"2026-06-11 18:38:57","2026-06-12 02:38:57","0.000803778486243958","pod=shippingservice-846f8585d7-t9jd4"
"2026-06-11 18:39:12","2026-06-12 02:39:12","0.000926091012750078","pod=shippingservice-846f8585d7-t9jd4"
"2026-06-11 18:39:27","2026-06-12 02:39:27","0.000843148665425176","pod=shippingservice-846f8585d7-t9jd4"
"2026-06-11 18:39:42","2026-06-12 02:39:42","0.000873971539456639","pod=shippingservice-846f8585d7-t9jd4"
"2026-06-11 18:39:57","2026-06-12 02:39:57","0.000636744118920486","pod=shippingservice-846f8585d7-t9jd4"
"2026-06-11 18:40:12","2026-06-12 02:40:12","0.00071606653777994","pod=shippingservice-846f8585d7-t9jd4"
"2026-06-11 18:40:27","2026-06-12 02:40:27","0.000687414297891284","pod=shippingservice-846f8585d7-t9jd4"
"2026-06-11 18:40:42","2026-06-12 02:40:42","0.000666334938186","pod=shippingservice-846f8585d7-t9jd4"
"2026-06-11 18:40:57","2026-06-12 02:40:57","0.000888405481835965","pod=shippingservice-846f8585d7-t9jd4"
"2026-06-11 18:41:12","2026-06-12 02:41:12","0.000951503489661425","pod=shippingservice-846f8585d7-t9jd4"
"2026-06-11 18:41:27","2026-06-12 02:41:27","0.000723297233665562","pod=shippingservice-846f8585d7-t9jd4"
"2026-06-11 18:41:42","2026-06-12 02:41:42","0.000867667704327662","pod=shippingservice-846f8585d7-t9jd4"
"2026-06-11 18:41:57","2026-06-12 02:41:57","0.000716672690167422","pod=shippingservice-846f8585d7-t9jd4"
"2026-06-11 18:42:12","2026-06-12 02:42:12","0.000788909538833886","pod=shippingservice-846f8585d7-t9jd4"
"2026-06-11 18:42:27","2026-06-12 02:42:27","0.000766530134581628","pod=shippingservice-846f8585d7-t9jd4"
"2026-06-11 18:42:42","2026-06-12 02:42:42","0.000703998372164021","pod=shippingservice-846f8585d7-t9jd4"
"2026-06-11 18:42:57","2026-06-12 02:42:57","0.000716332598062745","pod=shippingservice-846f8585d7-t9jd4"
"2026-06-11 18:43:12","2026-06-12 02:43:12","0.000666602975296854","pod=shippingservice-846f8585d7-t9jd4"
"2026-06-11 18:43:27","2026-06-12 02:43:27","0.000866770593714953","pod=shippingservice-846f8585d7-t9jd4"
"2026-06-11 18:43:42","2026-06-12 02:43:42","0.000961753563052494","pod=shippingservice-846f8585d7-t9jd4"
"2026-06-11 18:43:57","2026-06-12 02:43:57","0.000888700438414015","pod=shippingservice-846f8585d7-t9jd4"
"2026-06-11 18:44:12","2026-06-12 02:44:12","0.000846421050346253","pod=shippingservice-846f8585d7-t9jd4"
"2026-06-11 18:44:27","2026-06-12 02:44:27","0.000716337356078582","pod=shippingservice-846f8585d7-t9jd4"
"2026-06-11 18:44:42","2026-06-12 02:44:42","0.000733111315024243","pod=shippingservice-846f8585d7-t9jd4"
"2026-06-11 18:44:57","2026-06-12 02:44:57","0.000847006195369395","pod=shippingservice-846f8585d7-t9jd4"
"2026-06-11 18:45:12","2026-06-12 02:45:12","0.000811766862170091","pod=shippingservice-846f8585d7-t9jd4"
"2026-06-11 18:45:27","2026-06-12 02:45:27","0.000468050993782726","pod=shippingservice-846f8585d7-t9jd4"
"2026-06-11 18:45:42","2026-06-12 02:45:42","0.000717947483693963","pod=shippingservice-846f8585d7-t9jd4"
"2026-06-11 18:45:57","2026-06-12 02:45:57","0.000796222278053111","pod=shippingservice-846f8585d7-t9jd4"
"2026-06-11 18:46:12","2026-06-12 02:46:12","0.000798350421696728","pod=shippingservice-846f8585d7-t9jd4"
"2026-06-11 18:46:27","2026-06-12 02:46:27","0.000781256483671503","pod=shippingservice-846f8585d7-t9jd4"
"2026-06-11 18:46:42","2026-06-12 02:46:42","0.000651678051678064","pod=shippingservice-846f8585d7-t9jd4"
"2026-06-11 18:46:57","2026-06-12 02:46:57","0.000561607065546781","pod=shippingservice-846f8585d7-t9jd4"
"2026-06-11 18:47:12","2026-06-12 02:47:12","0.00064523478040754","pod=shippingservice-846f8585d7-t9jd4"
"2026-06-11 18:47:27","2026-06-12 02:47:27","0.000628686608655196","pod=shippingservice-846f8585d7-t9jd4"
"2026-06-11 18:47:42","2026-06-12 02:47:42","0.000805195185521423","pod=shippingservice-846f8585d7-t9jd4"
"2026-06-11 18:47:57","2026-06-12 02:47:57","0.000742199535536107","pod=shippingservice-846f8585d7-t9jd4"
"2026-06-11 18:48:12","2026-06-12 02:48:12","0.000694481015324657","pod=shippingservice-846f8585d7-t9jd4"
"2026-06-11 18:48:27","2026-06-12 02:48:27","0.000657375798224826","pod=shippingservice-846f8585d7-t9jd4"
"2026-06-11 18:48:42","2026-06-12 02:48:42","0.000548565908411332","pod=shippingservice-846f8585d7-t9jd4"
"2026-06-11 18:48:57","2026-06-12 02:48:57","0.000726514077374938","pod=shippingservice-846f8585d7-t9jd4"
"2026-06-11 18:49:12","2026-06-12 02:49:12","0.00073005332135394","pod=shippingservice-846f8585d7-t9jd4"
"2026-06-11 18:49:27","2026-06-12 02:49:27","0.00080088940330785","pod=shippingservice-846f8585d7-t9jd4"
"2026-06-11 18:49:42","2026-06-12 02:49:42","0.00061778163222582","pod=shippingservice-846f8585d7-t9jd4"
"2026-06-11 18:49:57","2026-06-12 02:49:57","0.00087998323788239","pod=shippingservice-846f8585d7-t9jd4"
"2026-06-11 18:50:12","2026-06-12 02:50:12","0.00106722100901506","pod=shippingservice-846f8585d7-t9jd4"
"2026-06-11 18:50:27","2026-06-12 02:50:27","0.000943368818160148","pod=shippingservice-846f8585d7-t9jd4"
"2026-06-11 18:50:42","2026-06-12 02:50:42","0.000808743418503408","pod=shippingservice-846f8585d7-t9jd4"
"2026-06-11 18:50:57","2026-06-12 02:50:57","0.000718691944934064","pod=shippingservice-846f8585d7-t9jd4"
"2026-06-11 18:51:12","2026-06-12 02:51:12","0.000677500200497249","pod=shippingservice-846f8585d7-t9jd4"
"2026-06-11 18:51:27","2026-06-12 02:51:27","0.000751673238297447","pod=shippingservice-846f8585d7-t9jd4"
"2026-06-11 18:51:42","2026-06-12 02:51:42","0.000844670846394963","pod=shippingservice-846f8585d7-t9jd4"
"2026-06-11 18:51:57","2026-06-12 02:51:57","0.000979433482124229","pod=shippingservice-846f8585d7-t9jd4"
"2026-06-11 18:52:12","2026-06-12 02:52:12","0.000876295152574036","pod=shippingservice-846f8585d7-t9jd4"
"2026-06-11 18:52:27","2026-06-12 02:52:27","0.000838212429478942","pod=shippingservice-846f8585d7-t9jd4"
"2026-06-11 18:52:42","2026-06-12 02:52:42","0.000847516593056795","pod=shippingservice-846f8585d7-t9jd4"
"2026-06-11 18:52:57","2026-06-12 02:52:57","0.000773284483155914","pod=shippingservice-846f8585d7-t9jd4"
"2026-06-11 18:53:12","2026-06-12 02:53:12","0.000717400718894789","pod=shippingservice-846f8585d7-t9jd4"
"2026-06-11 18:53:27","2026-06-12 02:53:27","0.0006671176503749","pod=shippingservice-846f8585d7-t9jd4"
"2026-06-11 18:53:42","2026-06-12 02:53:42","0.000704810318254337","pod=shippingservice-846f8585d7-t9jd4"
"2026-06-11 18:53:57","2026-06-12 02:53:57","0.000770238833746913","pod=shippingservice-846f8585d7-t9jd4"
"2026-06-11 18:54:12","2026-06-12 02:54:12","0.000941932881167881","pod=shippingservice-846f8585d7-t9jd4"
"2026-06-11 18:54:27","2026-06-12 02:54:27","0.000986520228703765","pod=shippingservice-846f8585d7-t9jd4"
"2026-06-11 18:54:42","2026-06-12 02:54:42","0.00102831196581194","pod=shippingservice-846f8585d7-t9jd4"
"2026-06-11 18:54:57","2026-06-12 02:54:57","0.000924181206690324","pod=shippingservice-846f8585d7-t9jd4"
"2026-06-11 18:55:12","2026-06-12 02:55:12","0.000716834805901818","pod=shippingservice-846f8585d7-t9jd4"
"2026-06-11 18:55:27","2026-06-12 02:55:27","0.000500782337537407","pod=shippingservice-846f8585d7-t9jd4"
"2026-06-11 18:55:42","2026-06-12 02:55:42","0.000681858344021659","pod=shippingservice-846f8585d7-t9jd4"
"2026-06-11 18:55:57","2026-06-12 02:55:57","0.000785441950381239","pod=shippingservice-846f8585d7-t9jd4"
"2026-06-11 18:56:12","2026-06-12 02:56:12","0.000820640358389872","pod=shippingservice-846f8585d7-t9jd4"
"2026-06-11 18:56:27","2026-06-12 02:56:27","0.000546150000000001","pod=shippingservice-846f8585d7-t9jd4"
"2026-06-11 18:56:42","2026-06-12 02:56:42","0.000890672712977012","pod=shippingservice-846f8585d7-t9jd4"
"2026-06-11 18:56:57","2026-06-12 02:56:57","0.000804587613786924","pod=shippingservice-846f8585d7-t9jd4"
"2026-06-11 18:57:12","2026-06-12 02:57:12","0.000685910096288033","pod=shippingservice-846f8585d7-t9jd4"
"2026-06-11 18:57:27","2026-06-12 02:57:27","0.000756257588990904","pod=shippingservice-846f8585d7-t9jd4"
"2026-06-11 18:57:42","2026-06-12 02:57:42","0.000731359334671663","pod=shippingservice-846f8585d7-t9jd4"
"2026-06-11 18:57:57","2026-06-12 02:57:57","0.000726368682749711","pod=shippingservice-846f8585d7-t9jd4"
"2026-06-11 18:58:12","2026-06-12 02:58:12","0.00071931735009014","pod=shippingservice-846f8585d7-t9jd4"
"2026-06-11 18:58:27","2026-06-12 02:58:27","0.000648213117678516","pod=shippingservice-846f8585d7-t9jd4"
"2026-06-11 18:58:42","2026-06-12 02:58:42","0.000764187814541162","pod=shippingservice-846f8585d7-t9jd4"
"2026-06-11 18:58:57","2026-06-12 02:58:57","0.000771976810132988","pod=shippingservice-846f8585d7-t9jd4"
"2026-06-11 18:59:12","2026-06-12 02:59:12","0.000572850641669663","pod=shippingservice-846f8585d7-t9jd4"
"2026-06-11 18:59:27","2026-06-12 02:59:27","0.00086148736189961","pod=shippingservice-846f8585d7-t9jd4"
"2026-06-11 18:59:42","2026-06-12 02:59:42","0.00105220323460231","pod=shippingservice-846f8585d7-t9jd4"
"2026-06-11 18:59:57","2026-06-12 02:59:57","0.00105186525726976","pod=shippingservice-846f8585d7-t9jd4"
"2026-06-11 19:00:12","2026-06-12 03:00:12","0.000861280010029481","pod=shippingservice-846f8585d7-t9jd4"
"2026-06-11 19:00:27","2026-06-12 03:00:27","0.000726294004975685","pod=shippingservice-846f8585d7-t9jd4"
"2026-06-11 19:00:42","2026-06-12 03:00:42","0.000717063664821619","pod=shippingservice-846f8585d7-t9jd4"
"2026-06-11 19:00:57","2026-06-12 03:00:57","0.000771068169618888","pod=shippingservice-846f8585d7-t9jd4"
"2026-06-11 19:01:12","2026-06-12 03:01:12","0.000946157170640333","pod=shippingservice-846f8585d7-t9jd4"
"2026-06-11 19:01:27","2026-06-12 03:01:27","0.000905910878966452","pod=shippingservice-846f8585d7-t9jd4"
"2026-06-11 19:01:42","2026-06-12 03:01:42","0.000905935137016754","pod=shippingservice-846f8585d7-t9jd4"
"2026-06-11 19:01:57","2026-06-12 03:01:57","0.000808074134914138","pod=shippingservice-846f8585d7-t9jd4"
"2026-06-11 19:02:12","2026-06-12 03:02:12","0.000482756477834249","pod=shippingservice-846f8585d7-t9jd4"
"2026-06-11 19:02:27","2026-06-12 03:02:27","0.000768183166581265","pod=shippingservice-846f8585d7-t9jd4"
"2026-06-11 19:02:42","2026-06-12 03:02:42","0.000823656022891291","pod=shippingservice-846f8585d7-t9jd4"
"2026-06-11 19:02:57","2026-06-12 03:02:57","0.000710600037352248","pod=shippingservice-846f8585d7-t9jd4"
"2026-06-11 19:03:12","2026-06-12 03:03:12","0.000577389177850102","pod=shippingservice-846f8585d7-t9jd4"
"2026-06-11 19:03:27","2026-06-12 03:03:27","0.000796745122057889","pod=shippingservice-846f8585d7-t9jd4"
"2026-06-11 19:03:42","2026-06-12 03:03:42","0.000781939976202031","pod=shippingservice-846f8585d7-t9jd4"
"2026-06-11 19:03:57","2026-06-12 03:03:57","0.000516212428085013","pod=shippingservice-846f8585d7-t9jd4"
"2026-06-11 19:04:12","2026-06-12 03:04:12","0.00070080427380534","pod=shippingservice-846f8585d7-t9jd4"
"2026-06-11 19:04:27","2026-06-12 03:04:27","0.00095232206346754","pod=shippingservice-846f8585d7-t9jd4"
"2026-06-11 19:04:42","2026-06-12 03:04:42","0.00091743655449909","pod=shippingservice-846f8585d7-t9jd4"
"2026-06-11 19:04:57","2026-06-12 03:04:57","0.000507592419653374","pod=shippingservice-846f8585d7-t9jd4"
"2026-06-11 19:05:12","2026-06-12 03:05:12","0.000668948093706931","pod=shippingservice-846f8585d7-t9jd4"
"2026-06-11 19:05:27","2026-06-12 03:05:27","0.000658203916272755","pod=shippingservice-846f8585d7-t9jd4"
"2026-06-11 19:05:42","2026-06-12 03:05:42","0.00050926256744479","pod=shippingservice-846f8585d7-t9jd4"
"2026-06-11 19:05:57","2026-06-12 03:05:57","0.000787836220800173","pod=shippingservice-846f8585d7-t9jd4"
"2026-06-11 19:06:12","2026-06-12 03:06:12","0.000823695508110783","pod=shippingservice-846f8585d7-t9jd4"
"2026-06-11 19:06:27","2026-06-12 03:06:27","0.000630638127064895","pod=shippingservice-846f8585d7-t9jd4"
"2026-06-11 19:06:42","2026-06-12 03:06:42","0.000777004274622677","pod=shippingservice-846f8585d7-t9jd4"
"2026-06-11 19:06:57","2026-06-12 03:06:57","0.000682715695615755","pod=shippingservice-846f8585d7-t9jd4"
"2026-06-11 19:07:12","2026-06-12 03:07:12","0.000789069585943602","pod=shippingservice-846f8585d7-t9jd4"
"2026-06-11 19:07:27","2026-06-12 03:07:27","0.000747746193331325","pod=shippingservice-846f8585d7-t9jd4"
"2026-06-11 19:07:42","2026-06-12 03:07:42","0.000614792464026658","pod=shippingservice-846f8585d7-t9jd4"
"2026-06-11 19:07:57","2026-06-12 03:07:57","0.000829838818300175","pod=shippingservice-846f8585d7-t9jd4"
"2026-06-11 19:08:12","2026-06-12 03:08:12","0.00076630434782608","pod=shippingservice-846f8585d7-t9jd4"
"2026-06-11 19:08:27","2026-06-12 03:08:27","0.000618147412814884","pod=shippingservice-846f8585d7-t9jd4"
"2026-06-11 19:08:42","2026-06-12 03:08:42","0.000713531823854528","pod=shippingservice-846f8585d7-t9jd4"
"2026-06-11 19:08:57","2026-06-12 03:08:57","0.000708548598195236","pod=shippingservice-846f8585d7-t9jd4"
"2026-06-11 19:09:12","2026-06-12 03:09:12","0.000525749999999992","pod=shippingservice-846f8585d7-t9jd4"
"2026-06-11 19:09:27","2026-06-12 03:09:27","0.000724525061265503","pod=shippingservice-846f8585d7-t9jd4"
"2026-06-11 19:09:42","2026-06-12 03:09:42","0.00072895926347023","pod=shippingservice-846f8585d7-t9jd4"
"2026-06-11 19:09:57","2026-06-12 03:09:57","0.00074038679673321","pod=shippingservice-846f8585d7-t9jd4"
"2026-06-11 19:10:12","2026-06-12 03:10:12","0.000764463550062703","pod=shippingservice-846f8585d7-t9jd4"
"2026-06-11 19:10:27","2026-06-12 03:10:27","0.000646530857343363","pod=shippingservice-846f8585d7-t9jd4"
"2026-06-11 19:10:42","2026-06-12 03:10:42","0.000784613882651567","pod=shippingservice-846f8585d7-t9jd4"
"2026-06-11 19:10:57","2026-06-12 03:10:57","0.000657652823676263","pod=shippingservice-846f8585d7-t9jd4"
"2026-06-11 19:11:12","2026-06-12 03:11:12","0.000569178634597794","pod=shippingservice-846f8585d7-t9jd4"
"2026-06-11 19:11:27","2026-06-12 03:11:27","0.000739414900254923","pod=shippingservice-846f8585d7-t9jd4"
"2026-06-11 19:11:42","2026-06-12 03:11:42","0.0007113998784422","pod=shippingservice-846f8585d7-t9jd4"
"2026-06-11 19:11:57","2026-06-12 03:11:57","0.000695147069362281","pod=shippingservice-846f8585d7-t9jd4"
"2026-06-11 19:12:12","2026-06-12 03:12:12","0.000778873908436545","pod=shippingservice-846f8585d7-t9jd4"
"2026-06-11 19:12:27","2026-06-12 03:12:27","0.000640782413800918","pod=shippingservice-846f8585d7-t9jd4"
"2026-06-11 19:12:42","2026-06-12 03:12:42","0.000680874799544482","pod=shippingservice-846f8585d7-t9jd4"
"2026-06-11 19:12:57","2026-06-12 03:12:57","0.000577383721332609","pod=shippingservice-846f8585d7-t9jd4"
"2026-06-11 19:13:12","2026-06-12 03:13:12","0.000707509005264627","pod=shippingservice-846f8585d7-t9jd4"
"2026-06-11 19:13:27","2026-06-12 03:13:27","0.000627859890666157","pod=shippingservice-846f8585d7-t9jd4"
"2026-06-11 19:13:42","2026-06-12 03:13:42","0.000894421682949863","pod=shippingservice-846f8585d7-t9jd4"
"2026-06-11 19:13:57","2026-06-12 03:13:57","0.000880750334970962","pod=shippingservice-846f8585d7-t9jd4"
"2026-06-11 19:14:12","2026-06-12 03:14:12","0.00079728700215855","pod=shippingservice-846f8585d7-t9jd4"
"2026-06-11 19:14:27","2026-06-12 03:14:27","0.000713944533801249","pod=shippingservice-846f8585d7-t9jd4"
"2026-06-11 19:14:42","2026-06-12 03:14:42","0.000778469705477011","pod=shippingservice-846f8585d7-t9jd4"
"2026-06-11 19:14:57","2026-06-12 03:14:57","0.000819378723612905","pod=shippingservice-846f8585d7-t9jd4"
"2026-06-11 19:15:12","2026-06-12 03:15:12","0.000756502954671247","pod=shippingservice-846f8585d7-t9jd4"
"2026-06-11 19:15:27","2026-06-12 03:15:27","0.000666559411629515","pod=shippingservice-846f8585d7-t9jd4"
"2026-06-11 19:15:42","2026-06-12 03:15:42","0.00072495443103896","pod=shippingservice-846f8585d7-t9jd4"
"2026-06-11 19:15:57","2026-06-12 03:15:57","0.000643439942238339","pod=shippingservice-846f8585d7-t9jd4"
"2026-06-11 19:16:12","2026-06-12 03:16:12","0.000676177548527234","pod=shippingservice-846f8585d7-t9jd4"
"2026-06-11 19:16:27","2026-06-12 03:16:27","0.000676177548527234","pod=shippingservice-846f8585d7-t9jd4"
"2026-06-11 19:16:42","2026-06-12 03:16:42","0.00085361038613397","pod=shippingservice-846f8585d7-t9jd4"
"2026-06-11 19:16:57","2026-06-12 03:16:57","0.000792785045963596","pod=shippingservice-846f8585d7-t9jd4"
"2026-06-11 19:17:12","2026-06-12 03:17:12","0.000520689388704264","pod=shippingservice-846f8585d7-t9jd4"
"2026-06-11 19:17:27","2026-06-12 03:17:27","0.000888556845529331","pod=shippingservice-846f8585d7-t9jd4"
"2026-06-11 19:17:42","2026-06-12 03:17:42","0.000863974192732195","pod=shippingservice-846f8585d7-t9jd4"
"2026-06-11 19:17:57","2026-06-12 03:17:57","0.000706259105527877","pod=shippingservice-846f8585d7-t9jd4"
"2026-06-11 19:18:12","2026-06-12 03:18:12","0.000564250998630132","pod=shippingservice-846f8585d7-t9jd4"
"2026-06-11 19:18:27","2026-06-12 03:18:27","0.000777097722125516","pod=shippingservice-846f8585d7-t9jd4"
"2026-06-11 19:18:42","2026-06-12 03:18:42","0.000858027024473216","pod=shippingservice-846f8585d7-t9jd4"
"2026-06-11 19:18:57","2026-06-12 03:18:57","0.000452233333333337","pod=shippingservice-846f8585d7-t9jd4"
"2026-06-11 19:19:12","2026-06-12 03:19:12","0.00075100778744849","pod=shippingservice-846f8585d7-t9jd4"
"2026-06-11 19:19:27","2026-06-12 03:19:27","0.000580002847921041","pod=shippingservice-846f8585d7-t9jd4"
"2026-06-11 19:19:42","2026-06-12 03:19:42","0.000539894554279431","pod=shippingservice-846f8585d7-t9jd4"
"2026-06-11 19:19:57","2026-06-12 03:19:57","0.000720825913486435","pod=shippingservice-846f8585d7-t9jd4"
"2026-06-11 19:20:12","2026-06-12 03:20:12","0.000758929614770358","pod=shippingservice-846f8585d7-t9jd4"
"2026-06-11 19:20:27","2026-06-12 03:20:27","0.000694466443293755","pod=shippingservice-846f8585d7-t9jd4"
"2026-06-11 19:20:42","2026-06-12 03:20:42","0.00067496071241488","pod=shippingservice-846f8585d7-t9jd4"
"2026-06-11 19:20:57","2026-06-12 03:20:57","0.000663567484268652","pod=shippingservice-846f8585d7-t9jd4"
"2026-06-11 19:21:12","2026-06-12 03:21:12","0.000637267588367474","pod=shippingservice-846f8585d7-t9jd4"
"2026-06-11 19:21:27","2026-06-12 03:21:27","0.000680634177023027","pod=shippingservice-846f8585d7-t9jd4"
"2026-06-11 19:21:42","2026-06-12 03:21:42","0.000745885883070028","pod=shippingservice-846f8585d7-t9jd4"
"2026-06-11 19:21:57","2026-06-12 03:21:57","0.00067383649907785","pod=shippingservice-846f8585d7-t9jd4"
"2026-06-11 19:22:12","2026-06-12 03:22:12","0.000749063757530666","pod=shippingservice-846f8585d7-t9jd4"
"2026-06-11 19:22:27","2026-06-12 03:22:27","0.000768123108570516","pod=shippingservice-846f8585d7-t9jd4"
"2026-06-11 19:22:42","2026-06-12 03:22:42","0.000887856844978566","pod=shippingservice-846f8585d7-t9jd4"
"2026-06-11 19:22:57","2026-06-12 03:22:57","0.000781742403300205","pod=shippingservice-846f8585d7-t9jd4"
"2026-06-11 19:23:12","2026-06-12 03:23:12","0.000868684934785219","pod=shippingservice-846f8585d7-t9jd4"
"2026-06-11 19:23:27","2026-06-12 03:23:27","0.000899777113621392","pod=shippingservice-846f8585d7-t9jd4"
"2026-06-11 19:23:42","2026-06-12 03:23:42","0.000938683243854205","pod=shippingservice-846f8585d7-t9jd4"
"2026-06-11 19:23:57","2026-06-12 03:23:57","0.000798813826336769","pod=shippingservice-846f8585d7-t9jd4"
"2026-06-11 19:24:12","2026-06-12 03:24:12","0.000837535204869633","pod=shippingservice-846f8585d7-t9jd4"
"2026-06-11 19:24:27","2026-06-12 03:24:27","0.000857355024448206","pod=shippingservice-846f8585d7-t9jd4"
"2026-06-11 19:24:42","2026-06-12 03:24:42","0.00075191273680353","pod=shippingservice-846f8585d7-t9jd4"
"2026-06-11 19:24:57","2026-06-12 03:24:57","0.000770338118773034","pod=shippingservice-846f8585d7-t9jd4"
"2026-06-11 19:25:12","2026-06-12 03:25:12","0.000756753750023163","pod=shippingservice-846f8585d7-t9jd4"
"2026-06-11 19:25:27","2026-06-12 03:25:27","0.00091015748257366","pod=shippingservice-846f8585d7-t9jd4"
"2026-06-11 19:25:42","2026-06-12 03:25:42","0.000693737769080247","pod=shippingservice-846f8585d7-t9jd4"
"2026-06-11 19:25:57","2026-06-12 03:25:57","0.000778748885208301","pod=shippingservice-846f8585d7-t9jd4"
"2026-06-11 19:26:12","2026-06-12 03:26:12","0.000554970658640249","pod=shippingservice-846f8585d7-t9jd4"
"2026-06-11 19:26:27","2026-06-12 03:26:27","0.000694839192221403","pod=shippingservice-846f8585d7-t9jd4"
"2026-06-11 19:26:42","2026-06-12 03:26:42","0.00062020805930889","pod=shippingservice-846f8585d7-t9jd4"
"2026-06-11 19:26:57","2026-06-12 03:26:57","0.000655633024210833","pod=shippingservice-846f8585d7-t9jd4"
