"time_utc","time_local","value","metric"
"2026-06-11 17:26:57","2026-06-12 01:26:57","94556160","pod=adservice-7bb8787db5-x75h9"
"2026-06-11 17:27:12","2026-06-12 01:27:12","94556160","pod=adservice-7bb8787db5-x75h9"
"2026-06-11 17:27:27","2026-06-12 01:27:27","94564352","pod=adservice-7bb8787db5-x75h9"
"2026-06-11 17:27:42","2026-06-12 01:27:42","94564352","pod=adservice-7bb8787db5-x75h9"
"2026-06-11 17:27:57","2026-06-12 01:27:57","94445568","pod=adservice-7bb8787db5-x75h9"
"2026-06-11 17:28:12","2026-06-12 01:28:12","94445568","pod=adservice-7bb8787db5-x75h9"
"2026-06-11 17:28:27","2026-06-12 01:28:27","94453760","pod=adservice-7bb8787db5-x75h9"
"2026-06-11 17:28:42","2026-06-12 01:28:42","94453760","pod=adservice-7bb8787db5-x75h9"
"2026-06-11 17:28:57","2026-06-12 01:28:57","94453760","pod=adservice-7bb8787db5-x75h9"
"2026-06-11 17:29:12","2026-06-12 01:29:12","94453760","pod=adservice-7bb8787db5-x75h9"
"2026-06-11 17:29:27","2026-06-12 01:29:27","94453760","pod=adservice-7bb8787db5-x75h9"
"2026-06-11 17:29:42","2026-06-12 01:29:42","94478336","pod=adservice-7bb8787db5-x75h9"
"2026-06-11 17:29:57","2026-06-12 01:29:57","94478336","pod=adservice-7bb8787db5-x75h9"
"2026-06-11 17:30:12","2026-06-12 01:30:12","94478336","pod=adservice-7bb8787db5-x75h9"
"2026-06-11 17:30:27","2026-06-12 01:30:27","94478336","pod=adservice-7bb8787db5-x75h9"
"2026-06-11 17:30:42","2026-06-12 01:30:42","94507008","pod=adservice-7bb8787db5-x75h9"
"2026-06-11 17:30:57","2026-06-12 01:30:57","94777344","pod=adservice-7bb8787db5-x75h9"
"2026-06-11 17:31:12","2026-06-12 01:31:12","94765056","pod=adservice-7bb8787db5-x75h9"
"2026-06-11 17:31:27","2026-06-12 01:31:27","94511104","pod=adservice-7bb8787db5-x75h9"
"2026-06-11 17:31:42","2026-06-12 01:31:42","94633984","pod=adservice-7bb8787db5-x75h9"
"2026-06-11 17:31:57","2026-06-12 01:31:57","94633984","pod=adservice-7bb8787db5-x75h9"
"2026-06-11 17:32:12","2026-06-12 01:32:12","94633984","pod=adservice-7bb8787db5-x75h9"
"2026-06-11 17:32:27","2026-06-12 01:32:27","94900224","pod=adservice-7bb8787db5-x75h9"
"2026-06-11 17:32:42","2026-06-12 01:32:42","94633984","pod=adservice-7bb8787db5-x75h9"
"2026-06-11 17:32:57","2026-06-12 01:32:57","94642176","pod=adservice-7bb8787db5-x75h9"
"2026-06-11 17:33:12","2026-06-12 01:33:12","94523392","pod=adservice-7bb8787db5-x75h9"
"2026-06-11 17:33:27","2026-06-12 01:33:27","94523392","pod=adservice-7bb8787db5-x75h9"
"2026-06-11 17:33:42","2026-06-12 01:33:42","94523392","pod=adservice-7bb8787db5-x75h9"
"2026-06-11 17:33:57","2026-06-12 01:33:57","94523392","pod=adservice-7bb8787db5-x75h9"
"2026-06-11 17:34:12","2026-06-12 01:34:12","94539776","pod=adservice-7bb8787db5-x75h9"
"2026-06-11 17:34:27","2026-06-12 01:34:27","94523392","pod=adservice-7bb8787db5-x75h9"
"2026-06-11 17:34:42","2026-06-12 01:34:42","94523392","pod=adservice-7bb8787db5-x75h9"
"2026-06-11 17:34:57","2026-06-12 01:34:57","94523392","pod=adservice-7bb8787db5-x75h9"
"2026-06-11 17:35:12","2026-06-12 01:35:12","94646272","pod=adservice-7bb8787db5-x75h9"
"2026-06-11 17:35:27","2026-06-12 01:35:27","94646272","pod=adservice-7bb8787db5-x75h9"
"2026-06-11 17:35:42","2026-06-12 01:35:42","94646272","pod=adservice-7bb8787db5-x75h9"
"2026-06-11 17:35:57","2026-06-12 01:35:57","94642176","pod=adservice-7bb8787db5-x75h9"
"2026-06-11 17:36:12","2026-06-12 01:36:12","94642176","pod=adservice-7bb8787db5-x75h9"
"2026-06-11 17:36:27","2026-06-12 01:36:27","94646272","pod=adservice-7bb8787db5-x75h9"
"2026-06-11 17:36:42","2026-06-12 01:36:42","94646272","pod=adservice-7bb8787db5-x75h9"
"2026-06-11 17:36:57","2026-06-12 01:36:57","94646272","pod=adservice-7bb8787db5-x75h9"
"2026-06-11 17:37:12","2026-06-12 01:37:12","94806016","pod=adservice-7bb8787db5-x75h9"
"2026-06-11 17:37:27","2026-06-12 01:37:27","94814208","pod=adservice-7bb8787db5-x75h9"
"2026-06-11 17:37:42","2026-06-12 01:37:42","94818304","pod=adservice-7bb8787db5-x75h9"
"2026-06-11 17:37:57","2026-06-12 01:37:57","94818304","pod=adservice-7bb8787db5-x75h9"
"2026-06-11 17:38:12","2026-06-12 01:38:12","95080448","pod=adservice-7bb8787db5-x75h9"
"2026-06-11 17:38:27","2026-06-12 01:38:27","94973952","pod=adservice-7bb8787db5-x75h9"
"2026-06-11 17:38:42","2026-06-12 01:38:42","94834688","pod=adservice-7bb8787db5-x75h9"
"2026-06-11 17:38:57","2026-06-12 01:38:57","95092736","pod=adservice-7bb8787db5-x75h9"
"2026-06-11 17:39:12","2026-06-12 01:39:12","95084544","pod=adservice-7bb8787db5-x75h9"
"2026-06-11 17:39:27","2026-06-12 01:39:27","94826496","pod=adservice-7bb8787db5-x75h9"
"2026-06-11 17:39:42","2026-06-12 01:39:42","94707712","pod=adservice-7bb8787db5-x75h9"
"2026-06-11 17:39:57","2026-06-12 01:39:57","94707712","pod=adservice-7bb8787db5-x75h9"
"2026-06-11 17:40:12","2026-06-12 01:40:12","94715904","pod=adservice-7bb8787db5-x75h9"
"2026-06-11 17:40:27","2026-06-12 01:40:27","94715904","pod=adservice-7bb8787db5-x75h9"
"2026-06-11 17:40:42","2026-06-12 01:40:42","94973952","pod=adservice-7bb8787db5-x75h9"
"2026-06-11 17:40:57","2026-06-12 01:40:57","94973952","pod=adservice-7bb8787db5-x75h9"
"2026-06-11 17:41:12","2026-06-12 01:41:12","94728192","pod=adservice-7bb8787db5-x75h9"
"2026-06-11 17:41:27","2026-06-12 01:41:27","94728192","pod=adservice-7bb8787db5-x75h9"
"2026-06-11 17:41:42","2026-06-12 01:41:42","94728192","pod=adservice-7bb8787db5-x75h9"
"2026-06-11 17:41:57","2026-06-12 01:41:57","94736384","pod=adservice-7bb8787db5-x75h9"
"2026-06-11 17:42:12","2026-06-12 01:42:12","94736384","pod=adservice-7bb8787db5-x75h9"
"2026-06-11 17:42:27","2026-06-12 01:42:27","95006720","pod=adservice-7bb8787db5-x75h9"
"2026-06-11 17:42:42","2026-06-12 01:42:42","94740480","pod=adservice-7bb8787db5-x75h9"
"2026-06-11 17:42:57","2026-06-12 01:42:57","94859264","pod=adservice-7bb8787db5-x75h9"
"2026-06-11 17:43:12","2026-06-12 01:43:12","94859264","pod=adservice-7bb8787db5-x75h9"
"2026-06-11 17:43:27","2026-06-12 01:43:27","94859264","pod=adservice-7bb8787db5-x75h9"
"2026-06-11 17:43:42","2026-06-12 01:43:42","94859264","pod=adservice-7bb8787db5-x75h9"
"2026-06-11 17:43:57","2026-06-12 01:43:57","94859264","pod=adservice-7bb8787db5-x75h9"
"2026-06-11 17:44:12","2026-06-12 01:44:12","94859264","pod=adservice-7bb8787db5-x75h9"
"2026-06-11 17:44:27","2026-06-12 01:44:27","94867456","pod=adservice-7bb8787db5-x75h9"
"2026-06-11 17:44:42","2026-06-12 01:44:42","94863360","pod=adservice-7bb8787db5-x75h9"
"2026-06-11 17:44:57","2026-06-12 01:44:57","94859264","pod=adservice-7bb8787db5-x75h9"
"2026-06-11 17:45:12","2026-06-12 01:45:12","94859264","pod=adservice-7bb8787db5-x75h9"
"2026-06-11 17:45:27","2026-06-12 01:45:27","94859264","pod=adservice-7bb8787db5-x75h9"
"2026-06-11 17:45:42","2026-06-12 01:45:42","94859264","pod=adservice-7bb8787db5-x75h9"
"2026-06-11 17:45:57","2026-06-12 01:45:57","94859264","pod=adservice-7bb8787db5-x75h9"
"2026-06-11 17:46:12","2026-06-12 01:46:12","94744576","pod=adservice-7bb8787db5-x75h9"
"2026-06-11 17:46:27","2026-06-12 01:46:27","94744576","pod=adservice-7bb8787db5-x75h9"
"2026-06-11 17:46:42","2026-06-12 01:46:42","94748672","pod=adservice-7bb8787db5-x75h9"
"2026-06-11 17:46:57","2026-06-12 01:46:57","94748672","pod=adservice-7bb8787db5-x75h9"
"2026-06-11 17:47:12","2026-06-12 01:47:12","94748672","pod=adservice-7bb8787db5-x75h9"
"2026-06-11 17:47:27","2026-06-12 01:47:27","94748672","pod=adservice-7bb8787db5-x75h9"
"2026-06-11 17:47:42","2026-06-12 01:47:42","95027200","pod=adservice-7bb8787db5-x75h9"
"2026-06-11 17:47:57","2026-06-12 01:47:57","94748672","pod=adservice-7bb8787db5-x75h9"
"2026-06-11 17:48:12","2026-06-12 01:48:12","94748672","pod=adservice-7bb8787db5-x75h9"
"2026-06-11 17:48:27","2026-06-12 01:48:27","95010816","pod=adservice-7bb8787db5-x75h9"
"2026-06-11 17:48:42","2026-06-12 01:48:42","94744576","pod=adservice-7bb8787db5-x75h9"
"2026-06-11 17:48:57","2026-06-12 01:48:57","94744576","pod=adservice-7bb8787db5-x75h9"
"2026-06-11 17:49:12","2026-06-12 01:49:12","94744576","pod=adservice-7bb8787db5-x75h9"
"2026-06-11 17:49:27","2026-06-12 01:49:27","94867456","pod=adservice-7bb8787db5-x75h9"
"2026-06-11 17:49:42","2026-06-12 01:49:42","94867456","pod=adservice-7bb8787db5-x75h9"
"2026-06-11 17:49:57","2026-06-12 01:49:57","94871552","pod=adservice-7bb8787db5-x75h9"
"2026-06-11 17:50:12","2026-06-12 01:50:12","95121408","pod=adservice-7bb8787db5-x75h9"
"2026-06-11 17:50:27","2026-06-12 01:50:27","95121408","pod=adservice-7bb8787db5-x75h9"
"2026-06-11 17:50:42","2026-06-12 01:50:42","94752768","pod=adservice-7bb8787db5-x75h9"
"2026-06-11 17:50:57","2026-06-12 01:50:57","94748672","pod=adservice-7bb8787db5-x75h9"
"2026-06-11 17:51:12","2026-06-12 01:51:12","94748672","pod=adservice-7bb8787db5-x75h9"
"2026-06-11 17:51:27","2026-06-12 01:51:27","94748672","pod=adservice-7bb8787db5-x75h9"
"2026-06-11 17:51:42","2026-06-12 01:51:42","94748672","pod=adservice-7bb8787db5-x75h9"
"2026-06-11 17:51:57","2026-06-12 01:51:57","94760960","pod=adservice-7bb8787db5-x75h9"
"2026-06-11 17:52:12","2026-06-12 01:52:12","94752768","pod=adservice-7bb8787db5-x75h9"
"2026-06-11 17:52:27","2026-06-12 01:52:27","94752768","pod=adservice-7bb8787db5-x75h9"
"2026-06-11 17:52:42","2026-06-12 01:52:42","95162368","pod=adservice-7bb8787db5-x75h9"
"2026-06-11 17:52:57","2026-06-12 01:52:57","94896128","pod=adservice-7bb8787db5-x75h9"
"2026-06-11 17:53:12","2026-06-12 01:53:12","94892032","pod=adservice-7bb8787db5-x75h9"
"2026-06-11 17:53:27","2026-06-12 01:53:27","94892032","pod=adservice-7bb8787db5-x75h9"
"2026-06-11 17:53:42","2026-06-12 01:53:42","95150080","pod=adservice-7bb8787db5-x75h9"
"2026-06-11 17:53:57","2026-06-12 01:53:57","94892032","pod=adservice-7bb8787db5-x75h9"
"2026-06-11 17:54:12","2026-06-12 01:54:12","94773248","pod=adservice-7bb8787db5-x75h9"
"2026-06-11 17:54:27","2026-06-12 01:54:27","94773248","pod=adservice-7bb8787db5-x75h9"
"2026-06-11 17:54:42","2026-06-12 01:54:42","94892032","pod=adservice-7bb8787db5-x75h9"
"2026-06-11 17:54:57","2026-06-12 01:54:57","94892032","pod=adservice-7bb8787db5-x75h9"
"2026-06-11 17:55:12","2026-06-12 01:55:12","94892032","pod=adservice-7bb8787db5-x75h9"
"2026-06-11 17:55:27","2026-06-12 01:55:27","94892032","pod=adservice-7bb8787db5-x75h9"
"2026-06-11 17:55:42","2026-06-12 01:55:42","94773248","pod=adservice-7bb8787db5-x75h9"
"2026-06-11 17:55:57","2026-06-12 01:55:57","94900224","pod=adservice-7bb8787db5-x75h9"
"2026-06-11 17:56:12","2026-06-12 01:56:12","94904320","pod=adservice-7bb8787db5-x75h9"
"2026-06-11 17:56:27","2026-06-12 01:56:27","94900224","pod=adservice-7bb8787db5-x75h9"
"2026-06-11 17:56:42","2026-06-12 01:56:42","94900224","pod=adservice-7bb8787db5-x75h9"
"2026-06-11 17:56:57","2026-06-12 01:56:57","95043584","pod=adservice-7bb8787db5-x75h9"
"2026-06-11 17:57:12","2026-06-12 01:57:12","95166464","pod=adservice-7bb8787db5-x75h9"
"2026-06-11 17:57:27","2026-06-12 01:57:27","94916608","pod=adservice-7bb8787db5-x75h9"
"2026-06-11 17:57:42","2026-06-12 01:57:42","94916608","pod=adservice-7bb8787db5-x75h9"
"2026-06-11 17:57:57","2026-06-12 01:57:57","94916608","pod=adservice-7bb8787db5-x75h9"
"2026-06-11 17:58:12","2026-06-12 01:58:12","94797824","pod=adservice-7bb8787db5-x75h9"
"2026-06-11 17:58:27","2026-06-12 01:58:27","94801920","pod=adservice-7bb8787db5-x75h9"
"2026-06-11 17:58:42","2026-06-12 01:58:42","95072256","pod=adservice-7bb8787db5-x75h9"
"2026-06-11 17:58:57","2026-06-12 01:58:57","94801920","pod=adservice-7bb8787db5-x75h9"
"2026-06-11 17:59:12","2026-06-12 01:59:12","94801920","pod=adservice-7bb8787db5-x75h9"
"2026-06-11 17:59:27","2026-06-12 01:59:27","94801920","pod=adservice-7bb8787db5-x75h9"
"2026-06-11 17:59:42","2026-06-12 01:59:42","94806016","pod=adservice-7bb8787db5-x75h9"
"2026-06-11 17:59:57","2026-06-12 01:59:57","94806016","pod=adservice-7bb8787db5-x75h9"
"2026-06-11 18:00:12","2026-06-12 02:00:12","94797824","pod=adservice-7bb8787db5-x75h9"
"2026-06-11 18:00:27","2026-06-12 02:00:27","94916608","pod=adservice-7bb8787db5-x75h9"
"2026-06-11 18:00:42","2026-06-12 02:00:42","94916608","pod=adservice-7bb8787db5-x75h9"
"2026-06-11 18:00:57","2026-06-12 02:00:57","94916608","pod=adservice-7bb8787db5-x75h9"
"2026-06-11 18:01:12","2026-06-12 02:01:12","94916608","pod=adservice-7bb8787db5-x75h9"
"2026-06-11 18:01:27","2026-06-12 02:01:27","94801920","pod=adservice-7bb8787db5-x75h9"
"2026-06-11 18:01:42","2026-06-12 02:01:42","95055872","pod=adservice-7bb8787db5-x75h9"
"2026-06-11 18:01:57","2026-06-12 02:01:57","94797824","pod=adservice-7bb8787db5-x75h9"
"2026-06-11 18:02:12","2026-06-12 02:02:12","94797824","pod=adservice-7bb8787db5-x75h9"
"2026-06-11 18:02:27","2026-06-12 02:02:27","94797824","pod=adservice-7bb8787db5-x75h9"
"2026-06-11 18:02:42","2026-06-12 02:02:42","94797824","pod=adservice-7bb8787db5-x75h9"
"2026-06-11 18:02:57","2026-06-12 02:02:57","94797824","pod=adservice-7bb8787db5-x75h9"
"2026-06-11 18:03:12","2026-06-12 02:03:12","95064064","pod=adservice-7bb8787db5-x75h9"
"2026-06-11 18:03:27","2026-06-12 02:03:27","94879744","pod=adservice-7bb8787db5-x75h9"
"2026-06-11 18:03:42","2026-06-12 02:03:42","94879744","pod=adservice-7bb8787db5-x75h9"
"2026-06-11 18:03:57","2026-06-12 02:03:57","94887936","pod=adservice-7bb8787db5-x75h9"
"2026-06-11 18:04:12","2026-06-12 02:04:12","94879744","pod=adservice-7bb8787db5-x75h9"
"2026-06-11 18:04:27","2026-06-12 02:04:27","94879744","pod=adservice-7bb8787db5-x75h9"
"2026-06-11 18:04:42","2026-06-12 02:04:42","94879744","pod=adservice-7bb8787db5-x75h9"
"2026-06-11 18:04:57","2026-06-12 02:04:57","95145984","pod=adservice-7bb8787db5-x75h9"
"2026-06-11 18:05:12","2026-06-12 02:05:12","94892032","pod=adservice-7bb8787db5-x75h9"
"2026-06-11 18:05:27","2026-06-12 02:05:27","94887936","pod=adservice-7bb8787db5-x75h9"
"2026-06-11 18:05:42","2026-06-12 02:05:42","94887936","pod=adservice-7bb8787db5-x75h9"
"2026-06-11 18:05:57","2026-06-12 02:05:57","94887936","pod=adservice-7bb8787db5-x75h9"
"2026-06-11 18:06:12","2026-06-12 02:06:12","94887936","pod=adservice-7bb8787db5-x75h9"
"2026-06-11 18:06:27","2026-06-12 02:06:27","94887936","pod=adservice-7bb8787db5-x75h9"
"2026-06-11 18:06:42","2026-06-12 02:06:42","94887936","pod=adservice-7bb8787db5-x75h9"
"2026-06-11 18:06:57","2026-06-12 02:06:57","94887936","pod=adservice-7bb8787db5-x75h9"
"2026-06-11 18:07:12","2026-06-12 02:07:12","94900224","pod=adservice-7bb8787db5-x75h9"
"2026-06-11 18:07:27","2026-06-12 02:07:27","94887936","pod=adservice-7bb8787db5-x75h9"
"2026-06-11 18:07:42","2026-06-12 02:07:42","94887936","pod=adservice-7bb8787db5-x75h9"
"2026-06-11 18:07:57","2026-06-12 02:07:57","95408128","pod=adservice-7bb8787db5-x75h9"
"2026-06-11 18:08:12","2026-06-12 02:08:12","95006720","pod=adservice-7bb8787db5-x75h9"
"2026-06-11 18:08:27","2026-06-12 02:08:27","95006720","pod=adservice-7bb8787db5-x75h9"
"2026-06-11 18:08:42","2026-06-12 02:08:42","95031296","pod=adservice-7bb8787db5-x75h9"
"2026-06-11 18:08:57","2026-06-12 02:08:57","113692672","pod=adservice-7bb8787db5-x75h9"
"2026-06-11 18:09:12","2026-06-12 02:09:12","95064064","pod=adservice-7bb8787db5-x75h9"
"2026-06-11 18:09:27","2026-06-12 02:09:27","95080448","pod=adservice-7bb8787db5-x75h9"
"2026-06-11 18:09:42","2026-06-12 02:09:42","95080448","pod=adservice-7bb8787db5-x75h9"
"2026-06-11 18:09:57","2026-06-12 02:09:57","95068160","pod=adservice-7bb8787db5-x75h9"
"2026-06-11 18:10:12","2026-06-12 02:10:12","95064064","pod=adservice-7bb8787db5-x75h9"
"2026-06-11 18:10:27","2026-06-12 02:10:27","95064064","pod=adservice-7bb8787db5-x75h9"
"2026-06-11 18:10:42","2026-06-12 02:10:42","95068160","pod=adservice-7bb8787db5-x75h9"
"2026-06-11 18:10:57","2026-06-12 02:10:57","95064064","pod=adservice-7bb8787db5-x75h9"
"2026-06-11 18:11:12","2026-06-12 02:11:12","95064064","pod=adservice-7bb8787db5-x75h9"
"2026-06-11 18:11:27","2026-06-12 02:11:27","95064064","pod=adservice-7bb8787db5-x75h9"
"2026-06-11 18:11:42","2026-06-12 02:11:42","95182848","pod=adservice-7bb8787db5-x75h9"
"2026-06-11 18:11:57","2026-06-12 02:11:57","95186944","pod=adservice-7bb8787db5-x75h9"
"2026-06-11 18:12:12","2026-06-12 02:12:12","95186944","pod=adservice-7bb8787db5-x75h9"
"2026-06-11 18:12:27","2026-06-12 02:12:27","95068160","pod=adservice-7bb8787db5-x75h9"
"2026-06-11 18:12:42","2026-06-12 02:12:42","95064064","pod=adservice-7bb8787db5-x75h9"
"2026-06-11 18:12:57","2026-06-12 02:12:57","95301632","pod=adservice-7bb8787db5-x75h9"
"2026-06-11 18:13:12","2026-06-12 02:13:12","95301632","pod=adservice-7bb8787db5-x75h9"
"2026-06-11 18:13:27","2026-06-12 02:13:27","95301632","pod=adservice-7bb8787db5-x75h9"
"2026-06-11 18:13:42","2026-06-12 02:13:42","95305728","pod=adservice-7bb8787db5-x75h9"
"2026-06-11 18:13:57","2026-06-12 02:13:57","95064064","pod=adservice-7bb8787db5-x75h9"
"2026-06-11 18:14:12","2026-06-12 02:14:12","95072256","pod=adservice-7bb8787db5-x75h9"
"2026-06-11 18:14:27","2026-06-12 02:14:27","95059968","pod=adservice-7bb8787db5-x75h9"
"2026-06-11 18:14:42","2026-06-12 02:14:42","95059968","pod=adservice-7bb8787db5-x75h9"
"2026-06-11 18:14:57","2026-06-12 02:14:57","95068160","pod=adservice-7bb8787db5-x75h9"
"2026-06-11 18:15:12","2026-06-12 02:15:12","95191040","pod=adservice-7bb8787db5-x75h9"
"2026-06-11 18:15:27","2026-06-12 02:15:27","95191040","pod=adservice-7bb8787db5-x75h9"
"2026-06-11 18:15:42","2026-06-12 02:15:42","95178752","pod=adservice-7bb8787db5-x75h9"
"2026-06-11 18:15:57","2026-06-12 02:15:57","95186944","pod=adservice-7bb8787db5-x75h9"
"2026-06-11 18:16:12","2026-06-12 02:16:12","95178752","pod=adservice-7bb8787db5-x75h9"
"2026-06-11 18:16:27","2026-06-12 02:16:27","95191040","pod=adservice-7bb8787db5-x75h9"
"2026-06-11 18:16:42","2026-06-12 02:16:42","95191040","pod=adservice-7bb8787db5-x75h9"
"2026-06-11 18:16:57","2026-06-12 02:16:57","95207424","pod=adservice-7bb8787db5-x75h9"
"2026-06-11 18:17:12","2026-06-12 02:17:12","95338496","pod=adservice-7bb8787db5-x75h9"
"2026-06-11 18:17:27","2026-06-12 02:17:27","95330304","pod=adservice-7bb8787db5-x75h9"
"2026-06-11 18:17:42","2026-06-12 02:17:42","95072256","pod=adservice-7bb8787db5-x75h9"
"2026-06-11 18:17:57","2026-06-12 02:17:57","95072256","pod=adservice-7bb8787db5-x75h9"
"2026-06-11 18:18:12","2026-06-12 02:18:12","95072256","pod=adservice-7bb8787db5-x75h9"
"2026-06-11 18:18:27","2026-06-12 02:18:27","95072256","pod=adservice-7bb8787db5-x75h9"
"2026-06-11 18:18:42","2026-06-12 02:18:42","95072256","pod=adservice-7bb8787db5-x75h9"
"2026-06-11 18:18:57","2026-06-12 02:18:57","95072256","pod=adservice-7bb8787db5-x75h9"
"2026-06-11 18:19:12","2026-06-12 02:19:12","95072256","pod=adservice-7bb8787db5-x75h9"
"2026-06-11 18:19:27","2026-06-12 02:19:27","95342592","pod=adservice-7bb8787db5-x75h9"
"2026-06-11 18:19:42","2026-06-12 02:19:42","95076352","pod=adservice-7bb8787db5-x75h9"
"2026-06-11 18:19:57","2026-06-12 02:19:57","95076352","pod=adservice-7bb8787db5-x75h9"
"2026-06-11 18:20:12","2026-06-12 02:20:12","95076352","pod=adservice-7bb8787db5-x75h9"
"2026-06-11 18:20:27","2026-06-12 02:20:27","95084544","pod=adservice-7bb8787db5-x75h9"
"2026-06-11 18:20:42","2026-06-12 02:20:42","95076352","pod=adservice-7bb8787db5-x75h9"
"2026-06-11 18:20:57","2026-06-12 02:20:57","95080448","pod=adservice-7bb8787db5-x75h9"
"2026-06-11 18:21:12","2026-06-12 02:21:12","95080448","pod=adservice-7bb8787db5-x75h9"
"2026-06-11 18:21:27","2026-06-12 02:21:27","95461376","pod=adservice-7bb8787db5-x75h9"
"2026-06-11 18:21:42","2026-06-12 02:21:42","95461376","pod=adservice-7bb8787db5-x75h9"
"2026-06-11 18:21:57","2026-06-12 02:21:57","95715328","pod=adservice-7bb8787db5-x75h9"
"2026-06-11 18:22:12","2026-06-12 02:22:12","95203328","pod=adservice-7bb8787db5-x75h9"
"2026-06-11 18:22:27","2026-06-12 02:22:27","95203328","pod=adservice-7bb8787db5-x75h9"
"2026-06-11 18:22:42","2026-06-12 02:22:42","95088640","pod=adservice-7bb8787db5-x75h9"
"2026-06-11 18:22:57","2026-06-12 02:22:57","95088640","pod=adservice-7bb8787db5-x75h9"
"2026-06-11 18:23:12","2026-06-12 02:23:12","95096832","pod=adservice-7bb8787db5-x75h9"
"2026-06-11 18:23:27","2026-06-12 02:23:27","95088640","pod=adservice-7bb8787db5-x75h9"
"2026-06-11 18:23:42","2026-06-12 02:23:42","95088640","pod=adservice-7bb8787db5-x75h9"
"2026-06-11 18:23:57","2026-06-12 02:23:57","95088640","pod=adservice-7bb8787db5-x75h9"
"2026-06-11 18:24:12","2026-06-12 02:24:12","95088640","pod=adservice-7bb8787db5-x75h9"
"2026-06-11 18:24:27","2026-06-12 02:24:27","95088640","pod=adservice-7bb8787db5-x75h9"
"2026-06-11 18:24:42","2026-06-12 02:24:42","95088640","pod=adservice-7bb8787db5-x75h9"
"2026-06-11 18:24:57","2026-06-12 02:24:57","95092736","pod=adservice-7bb8787db5-x75h9"
"2026-06-11 18:25:12","2026-06-12 02:25:12","95096832","pod=adservice-7bb8787db5-x75h9"
"2026-06-11 18:25:27","2026-06-12 02:25:27","95096832","pod=adservice-7bb8787db5-x75h9"
"2026-06-11 18:25:42","2026-06-12 02:25:42","95096832","pod=adservice-7bb8787db5-x75h9"
"2026-06-11 18:25:57","2026-06-12 02:25:57","95096832","pod=adservice-7bb8787db5-x75h9"
"2026-06-11 18:26:12","2026-06-12 02:26:12","95096832","pod=adservice-7bb8787db5-x75h9"
"2026-06-11 18:26:27","2026-06-12 02:26:27","95105024","pod=adservice-7bb8787db5-x75h9"
"2026-06-11 18:26:42","2026-06-12 02:26:42","95096832","pod=adservice-7bb8787db5-x75h9"
"2026-06-11 18:26:57","2026-06-12 02:26:57","95223808","pod=adservice-7bb8787db5-x75h9"
"2026-06-11 18:27:12","2026-06-12 02:27:12","95223808","pod=adservice-7bb8787db5-x75h9"
"2026-06-11 18:27:27","2026-06-12 02:27:27","95215616","pod=adservice-7bb8787db5-x75h9"
"2026-06-11 18:27:42","2026-06-12 02:27:42","95215616","pod=adservice-7bb8787db5-x75h9"
"2026-06-11 18:27:57","2026-06-12 02:27:57","95096832","pod=adservice-7bb8787db5-x75h9"
"2026-06-11 18:28:12","2026-06-12 02:28:12","95100928","pod=adservice-7bb8787db5-x75h9"
"2026-06-11 18:28:27","2026-06-12 02:28:27","95096832","pod=adservice-7bb8787db5-x75h9"
"2026-06-11 18:28:42","2026-06-12 02:28:42","95096832","pod=adservice-7bb8787db5-x75h9"
"2026-06-11 18:28:57","2026-06-12 02:28:57","95100928","pod=adservice-7bb8787db5-x75h9"
"2026-06-11 18:29:12","2026-06-12 02:29:12","95105024","pod=adservice-7bb8787db5-x75h9"
"2026-06-11 18:29:27","2026-06-12 02:29:27","95105024","pod=adservice-7bb8787db5-x75h9"
"2026-06-11 18:29:42","2026-06-12 02:29:42","95363072","pod=adservice-7bb8787db5-x75h9"
"2026-06-11 18:29:57","2026-06-12 02:29:57","95354880","pod=adservice-7bb8787db5-x75h9"
"2026-06-11 18:30:12","2026-06-12 02:30:12","95105024","pod=adservice-7bb8787db5-x75h9"
"2026-06-11 18:30:27","2026-06-12 02:30:27","95096832","pod=adservice-7bb8787db5-x75h9"
"2026-06-11 18:30:42","2026-06-12 02:30:42","95092736","pod=adservice-7bb8787db5-x75h9"
"2026-06-11 18:30:57","2026-06-12 02:30:57","95354880","pod=adservice-7bb8787db5-x75h9"
"2026-06-11 18:31:12","2026-06-12 02:31:12","95354880","pod=adservice-7bb8787db5-x75h9"
"2026-06-11 18:31:27","2026-06-12 02:31:27","95092736","pod=adservice-7bb8787db5-x75h9"
"2026-06-11 18:31:42","2026-06-12 02:31:42","95092736","pod=adservice-7bb8787db5-x75h9"
"2026-06-11 18:31:57","2026-06-12 02:31:57","95092736","pod=adservice-7bb8787db5-x75h9"
"2026-06-11 18:32:12","2026-06-12 02:32:12","95350784","pod=adservice-7bb8787db5-x75h9"
"2026-06-11 18:32:27","2026-06-12 02:32:27","95092736","pod=adservice-7bb8787db5-x75h9"
"2026-06-11 18:32:42","2026-06-12 02:32:42","95092736","pod=adservice-7bb8787db5-x75h9"
"2026-06-11 18:32:57","2026-06-12 02:32:57","95092736","pod=adservice-7bb8787db5-x75h9"
"2026-06-11 18:33:12","2026-06-12 02:33:12","95105024","pod=adservice-7bb8787db5-x75h9"
"2026-06-11 18:33:27","2026-06-12 02:33:27","95105024","pod=adservice-7bb8787db5-x75h9"
"2026-06-11 18:33:42","2026-06-12 02:33:42","95227904","pod=adservice-7bb8787db5-x75h9"
"2026-06-11 18:33:57","2026-06-12 02:33:57","95227904","pod=adservice-7bb8787db5-x75h9"
"2026-06-11 18:34:12","2026-06-12 02:34:12","95227904","pod=adservice-7bb8787db5-x75h9"
"2026-06-11 18:34:27","2026-06-12 02:34:27","95232000","pod=adservice-7bb8787db5-x75h9"
"2026-06-11 18:34:42","2026-06-12 02:34:42","95232000","pod=adservice-7bb8787db5-x75h9"
"2026-06-11 18:34:57","2026-06-12 02:34:57","95113216","pod=adservice-7bb8787db5-x75h9"
"2026-06-11 18:35:12","2026-06-12 02:35:12","95113216","pod=adservice-7bb8787db5-x75h9"
"2026-06-11 18:35:27","2026-06-12 02:35:27","95121408","pod=adservice-7bb8787db5-x75h9"
"2026-06-11 18:35:42","2026-06-12 02:35:42","95121408","pod=adservice-7bb8787db5-x75h9"
"2026-06-11 18:35:57","2026-06-12 02:35:57","95113216","pod=adservice-7bb8787db5-x75h9"
"2026-06-11 18:36:12","2026-06-12 02:36:12","95113216","pod=adservice-7bb8787db5-x75h9"
"2026-06-11 18:36:27","2026-06-12 02:36:27","95117312","pod=adservice-7bb8787db5-x75h9"
"2026-06-11 18:36:42","2026-06-12 02:36:42","95113216","pod=adservice-7bb8787db5-x75h9"
"2026-06-11 18:36:57","2026-06-12 02:36:57","95113216","pod=adservice-7bb8787db5-x75h9"
"2026-06-11 18:37:12","2026-06-12 02:37:12","95121408","pod=adservice-7bb8787db5-x75h9"
"2026-06-11 18:37:27","2026-06-12 02:37:27","95113216","pod=adservice-7bb8787db5-x75h9"
"2026-06-11 18:37:42","2026-06-12 02:37:42","95113216","pod=adservice-7bb8787db5-x75h9"
"2026-06-11 18:37:57","2026-06-12 02:37:57","95113216","pod=adservice-7bb8787db5-x75h9"
"2026-06-11 18:38:12","2026-06-12 02:38:12","95113216","pod=adservice-7bb8787db5-x75h9"
"2026-06-11 18:38:27","2026-06-12 02:38:27","95113216","pod=adservice-7bb8787db5-x75h9"
"2026-06-11 18:38:42","2026-06-12 02:38:42","95113216","pod=adservice-7bb8787db5-x75h9"
"2026-06-11 18:38:57","2026-06-12 02:38:57","95113216","pod=adservice-7bb8787db5-x75h9"
"2026-06-11 18:39:12","2026-06-12 02:39:12","95113216","pod=adservice-7bb8787db5-x75h9"
"2026-06-11 18:39:27","2026-06-12 02:39:27","95113216","pod=adservice-7bb8787db5-x75h9"
"2026-06-11 18:39:42","2026-06-12 02:39:42","95117312","pod=adservice-7bb8787db5-x75h9"
"2026-06-11 18:39:57","2026-06-12 02:39:57","95379456","pod=adservice-7bb8787db5-x75h9"
"2026-06-11 18:40:12","2026-06-12 02:40:12","95408128","pod=adservice-7bb8787db5-x75h9"
"2026-06-11 18:40:27","2026-06-12 02:40:27","95408128","pod=adservice-7bb8787db5-x75h9"
"2026-06-11 18:40:42","2026-06-12 02:40:42","95232000","pod=adservice-7bb8787db5-x75h9"
"2026-06-11 18:40:57","2026-06-12 02:40:57","95490048","pod=adservice-7bb8787db5-x75h9"
"2026-06-11 18:41:12","2026-06-12 02:41:12","95240192","pod=adservice-7bb8787db5-x75h9"
"2026-06-11 18:41:27","2026-06-12 02:41:27","95113216","pod=adservice-7bb8787db5-x75h9"
"2026-06-11 18:41:42","2026-06-12 02:41:42","95756288","pod=adservice-7bb8787db5-x75h9"
"2026-06-11 18:41:57","2026-06-12 02:41:57","95232000","pod=adservice-7bb8787db5-x75h9"
"2026-06-11 18:42:12","2026-06-12 02:42:12","95232000","pod=adservice-7bb8787db5-x75h9"
"2026-06-11 18:42:27","2026-06-12 02:42:27","95236096","pod=adservice-7bb8787db5-x75h9"
"2026-06-11 18:42:42","2026-06-12 02:42:42","95113216","pod=adservice-7bb8787db5-x75h9"
"2026-06-11 18:42:57","2026-06-12 02:42:57","95113216","pod=adservice-7bb8787db5-x75h9"
"2026-06-11 18:43:12","2026-06-12 02:43:12","95129600","pod=adservice-7bb8787db5-x75h9"
"2026-06-11 18:43:27","2026-06-12 02:43:27","95129600","pod=adservice-7bb8787db5-x75h9"
"2026-06-11 18:43:42","2026-06-12 02:43:42","95256576","pod=adservice-7bb8787db5-x75h9"
"2026-06-11 18:43:57","2026-06-12 02:43:57","95256576","pod=adservice-7bb8787db5-x75h9"
"2026-06-11 18:44:12","2026-06-12 02:44:12","95518720","pod=adservice-7bb8787db5-x75h9"
"2026-06-11 18:44:27","2026-06-12 02:44:27","95514624","pod=adservice-7bb8787db5-x75h9"
"2026-06-11 18:44:42","2026-06-12 02:44:42","95264768","pod=adservice-7bb8787db5-x75h9"
"2026-06-11 18:44:57","2026-06-12 02:44:57","95129600","pod=adservice-7bb8787db5-x75h9"
"2026-06-11 18:45:12","2026-06-12 02:45:12","95129600","pod=adservice-7bb8787db5-x75h9"
"2026-06-11 18:45:27","2026-06-12 02:45:27","95518720","pod=adservice-7bb8787db5-x75h9"
"2026-06-11 18:45:42","2026-06-12 02:45:42","95256576","pod=adservice-7bb8787db5-x75h9"
"2026-06-11 18:45:57","2026-06-12 02:45:57","95256576","pod=adservice-7bb8787db5-x75h9"
"2026-06-11 18:46:12","2026-06-12 02:46:12","95256576","pod=adservice-7bb8787db5-x75h9"
"2026-06-11 18:46:27","2026-06-12 02:46:27","95256576","pod=adservice-7bb8787db5-x75h9"
"2026-06-11 18:46:42","2026-06-12 02:46:42","95145984","pod=adservice-7bb8787db5-x75h9"
"2026-06-11 18:46:57","2026-06-12 02:46:57","95145984","pod=adservice-7bb8787db5-x75h9"
"2026-06-11 18:47:12","2026-06-12 02:47:12","95145984","pod=adservice-7bb8787db5-x75h9"
"2026-06-11 18:47:27","2026-06-12 02:47:27","95145984","pod=adservice-7bb8787db5-x75h9"
"2026-06-11 18:47:42","2026-06-12 02:47:42","95145984","pod=adservice-7bb8787db5-x75h9"
"2026-06-11 18:47:57","2026-06-12 02:47:57","95268864","pod=adservice-7bb8787db5-x75h9"
"2026-06-11 18:48:12","2026-06-12 02:48:12","95264768","pod=adservice-7bb8787db5-x75h9"
"2026-06-11 18:48:27","2026-06-12 02:48:27","95260672","pod=adservice-7bb8787db5-x75h9"
"2026-06-11 18:48:42","2026-06-12 02:48:42","95260672","pod=adservice-7bb8787db5-x75h9"
"2026-06-11 18:48:57","2026-06-12 02:48:57","95260672","pod=adservice-7bb8787db5-x75h9"
"2026-06-11 18:49:12","2026-06-12 02:49:12","95260672","pod=adservice-7bb8787db5-x75h9"
"2026-06-11 18:49:27","2026-06-12 02:49:27","95260672","pod=adservice-7bb8787db5-x75h9"
"2026-06-11 18:49:42","2026-06-12 02:49:42","95141888","pod=adservice-7bb8787db5-x75h9"
"2026-06-11 18:49:57","2026-06-12 02:49:57","95141888","pod=adservice-7bb8787db5-x75h9"
"2026-06-11 18:50:12","2026-06-12 02:50:12","95150080","pod=adservice-7bb8787db5-x75h9"
"2026-06-11 18:50:27","2026-06-12 02:50:27","95141888","pod=adservice-7bb8787db5-x75h9"
"2026-06-11 18:50:42","2026-06-12 02:50:42","95141888","pod=adservice-7bb8787db5-x75h9"
"2026-06-11 18:50:57","2026-06-12 02:50:57","95412224","pod=adservice-7bb8787db5-x75h9"
"2026-06-11 18:51:12","2026-06-12 02:51:12","95268864","pod=adservice-7bb8787db5-x75h9"
"2026-06-11 18:51:27","2026-06-12 02:51:27","95277056","pod=adservice-7bb8787db5-x75h9"
"2026-06-11 18:51:42","2026-06-12 02:51:42","95277056","pod=adservice-7bb8787db5-x75h9"
"2026-06-11 18:51:57","2026-06-12 02:51:57","95281152","pod=adservice-7bb8787db5-x75h9"
"2026-06-11 18:52:12","2026-06-12 02:52:12","95162368","pod=adservice-7bb8787db5-x75h9"
"2026-06-11 18:52:27","2026-06-12 02:52:27","95162368","pod=adservice-7bb8787db5-x75h9"
"2026-06-11 18:52:42","2026-06-12 02:52:42","95162368","pod=adservice-7bb8787db5-x75h9"
"2026-06-11 18:52:57","2026-06-12 02:52:57","95281152","pod=adservice-7bb8787db5-x75h9"
"2026-06-11 18:53:12","2026-06-12 02:53:12","95281152","pod=adservice-7bb8787db5-x75h9"
"2026-06-11 18:53:27","2026-06-12 02:53:27","95289344","pod=adservice-7bb8787db5-x75h9"
"2026-06-11 18:53:42","2026-06-12 02:53:42","95281152","pod=adservice-7bb8787db5-x75h9"
"2026-06-11 18:53:57","2026-06-12 02:53:57","95281152","pod=adservice-7bb8787db5-x75h9"
"2026-06-11 18:54:12","2026-06-12 02:54:12","95281152","pod=adservice-7bb8787db5-x75h9"
"2026-06-11 18:54:27","2026-06-12 02:54:27","95281152","pod=adservice-7bb8787db5-x75h9"
"2026-06-11 18:54:42","2026-06-12 02:54:42","95281152","pod=adservice-7bb8787db5-x75h9"
"2026-06-11 18:54:57","2026-06-12 02:54:57","95281152","pod=adservice-7bb8787db5-x75h9"
"2026-06-11 18:55:12","2026-06-12 02:55:12","95281152","pod=adservice-7bb8787db5-x75h9"
"2026-06-11 18:55:27","2026-06-12 02:55:27","95281152","pod=adservice-7bb8787db5-x75h9"
"2026-06-11 18:55:42","2026-06-12 02:55:42","95162368","pod=adservice-7bb8787db5-x75h9"
"2026-06-11 18:55:57","2026-06-12 02:55:57","95162368","pod=adservice-7bb8787db5-x75h9"
"2026-06-11 18:56:12","2026-06-12 02:56:12","95162368","pod=adservice-7bb8787db5-x75h9"
"2026-06-11 18:56:27","2026-06-12 02:56:27","95162368","pod=adservice-7bb8787db5-x75h9"
"2026-06-11 18:56:42","2026-06-12 02:56:42","95162368","pod=adservice-7bb8787db5-x75h9"
"2026-06-11 18:56:57","2026-06-12 02:56:57","95162368","pod=adservice-7bb8787db5-x75h9"
"2026-06-11 18:57:12","2026-06-12 02:57:12","95162368","pod=adservice-7bb8787db5-x75h9"
"2026-06-11 18:57:27","2026-06-12 02:57:27","95162368","pod=adservice-7bb8787db5-x75h9"
"2026-06-11 18:57:42","2026-06-12 02:57:42","95162368","pod=adservice-7bb8787db5-x75h9"
"2026-06-11 18:57:57","2026-06-12 02:57:57","95162368","pod=adservice-7bb8787db5-x75h9"
"2026-06-11 18:58:12","2026-06-12 02:58:12","95158272","pod=adservice-7bb8787db5-x75h9"
"2026-06-11 18:58:27","2026-06-12 02:58:27","95158272","pod=adservice-7bb8787db5-x75h9"
"2026-06-11 18:58:42","2026-06-12 02:58:42","95416320","pod=adservice-7bb8787db5-x75h9"
"2026-06-11 18:58:57","2026-06-12 02:58:57","95416320","pod=adservice-7bb8787db5-x75h9"
"2026-06-11 18:59:12","2026-06-12 02:59:12","95424512","pod=adservice-7bb8787db5-x75h9"
"2026-06-11 18:59:27","2026-06-12 02:59:27","95424512","pod=adservice-7bb8787db5-x75h9"
"2026-06-11 18:59:42","2026-06-12 02:59:42","95277056","pod=adservice-7bb8787db5-x75h9"
"2026-06-11 18:59:57","2026-06-12 02:59:57","95277056","pod=adservice-7bb8787db5-x75h9"
"2026-06-11 19:00:12","2026-06-12 03:00:12","95277056","pod=adservice-7bb8787db5-x75h9"
"2026-06-11 19:00:27","2026-06-12 03:00:27","95272960","pod=adservice-7bb8787db5-x75h9"
"2026-06-11 19:00:42","2026-06-12 03:00:42","95154176","pod=adservice-7bb8787db5-x75h9"
"2026-06-11 19:00:57","2026-06-12 03:00:57","95154176","pod=adservice-7bb8787db5-x75h9"
"2026-06-11 19:01:12","2026-06-12 03:01:12","95154176","pod=adservice-7bb8787db5-x75h9"
"2026-06-11 19:01:27","2026-06-12 03:01:27","95154176","pod=adservice-7bb8787db5-x75h9"
"2026-06-11 19:01:42","2026-06-12 03:01:42","95277056","pod=adservice-7bb8787db5-x75h9"
"2026-06-11 19:01:57","2026-06-12 03:01:57","95272960","pod=adservice-7bb8787db5-x75h9"
"2026-06-11 19:02:12","2026-06-12 03:02:12","95277056","pod=adservice-7bb8787db5-x75h9"
"2026-06-11 19:02:27","2026-06-12 03:02:27","95272960","pod=adservice-7bb8787db5-x75h9"
"2026-06-11 19:02:42","2026-06-12 03:02:42","95158272","pod=adservice-7bb8787db5-x75h9"
"2026-06-11 19:02:57","2026-06-12 03:02:57","95162368","pod=adservice-7bb8787db5-x75h9"
"2026-06-11 19:03:12","2026-06-12 03:03:12","95154176","pod=adservice-7bb8787db5-x75h9"
"2026-06-11 19:03:27","2026-06-12 03:03:27","95154176","pod=adservice-7bb8787db5-x75h9"
"2026-06-11 19:03:42","2026-06-12 03:03:42","95420416","pod=adservice-7bb8787db5-x75h9"
"2026-06-11 19:03:57","2026-06-12 03:03:57","95154176","pod=adservice-7bb8787db5-x75h9"
"2026-06-11 19:04:12","2026-06-12 03:04:12","95154176","pod=adservice-7bb8787db5-x75h9"
"2026-06-11 19:04:27","2026-06-12 03:04:27","95154176","pod=adservice-7bb8787db5-x75h9"
"2026-06-11 19:04:42","2026-06-12 03:04:42","95154176","pod=adservice-7bb8787db5-x75h9"
"2026-06-11 19:04:57","2026-06-12 03:04:57","95416320","pod=adservice-7bb8787db5-x75h9"
"2026-06-11 19:05:12","2026-06-12 03:05:12","95154176","pod=adservice-7bb8787db5-x75h9"
"2026-06-11 19:05:27","2026-06-12 03:05:27","95150080","pod=adservice-7bb8787db5-x75h9"
"2026-06-11 19:05:42","2026-06-12 03:05:42","95150080","pod=adservice-7bb8787db5-x75h9"
"2026-06-11 19:05:57","2026-06-12 03:05:57","95166464","pod=adservice-7bb8787db5-x75h9"
"2026-06-11 19:06:12","2026-06-12 03:06:12","95166464","pod=adservice-7bb8787db5-x75h9"
"2026-06-11 19:06:27","2026-06-12 03:06:27","95424512","pod=adservice-7bb8787db5-x75h9"
"2026-06-11 19:06:42","2026-06-12 03:06:42","95424512","pod=adservice-7bb8787db5-x75h9"
"2026-06-11 19:06:57","2026-06-12 03:06:57","95182848","pod=adservice-7bb8787db5-x75h9"
"2026-06-11 19:07:12","2026-06-12 03:07:12","95444992","pod=adservice-7bb8787db5-x75h9"
"2026-06-11 19:07:27","2026-06-12 03:07:27","95444992","pod=adservice-7bb8787db5-x75h9"
"2026-06-11 19:07:42","2026-06-12 03:07:42","95182848","pod=adservice-7bb8787db5-x75h9"
"2026-06-11 19:07:57","2026-06-12 03:07:57","95182848","pod=adservice-7bb8787db5-x75h9"
"2026-06-11 19:08:12","2026-06-12 03:08:12","95182848","pod=adservice-7bb8787db5-x75h9"
"2026-06-11 19:08:27","2026-06-12 03:08:27","95182848","pod=adservice-7bb8787db5-x75h9"
"2026-06-11 19:08:42","2026-06-12 03:08:42","95182848","pod=adservice-7bb8787db5-x75h9"
"2026-06-11 19:08:57","2026-06-12 03:08:57","95182848","pod=adservice-7bb8787db5-x75h9"
"2026-06-11 19:09:12","2026-06-12 03:09:12","95182848","pod=adservice-7bb8787db5-x75h9"
"2026-06-11 19:09:27","2026-06-12 03:09:27","95182848","pod=adservice-7bb8787db5-x75h9"
"2026-06-11 19:09:42","2026-06-12 03:09:42","95182848","pod=adservice-7bb8787db5-x75h9"
"2026-06-11 19:09:57","2026-06-12 03:09:57","95182848","pod=adservice-7bb8787db5-x75h9"
"2026-06-11 19:10:12","2026-06-12 03:10:12","95182848","pod=adservice-7bb8787db5-x75h9"
"2026-06-11 19:10:27","2026-06-12 03:10:27","95219712","pod=adservice-7bb8787db5-x75h9"
"2026-06-11 19:10:42","2026-06-12 03:10:42","95219712","pod=adservice-7bb8787db5-x75h9"
"2026-06-11 19:10:57","2026-06-12 03:10:57","95223808","pod=adservice-7bb8787db5-x75h9"
"2026-06-11 19:11:12","2026-06-12 03:11:12","95223808","pod=adservice-7bb8787db5-x75h9"
"2026-06-11 19:11:27","2026-06-12 03:11:27","95219712","pod=adservice-7bb8787db5-x75h9"
"2026-06-11 19:11:42","2026-06-12 03:11:42","95342592","pod=adservice-7bb8787db5-x75h9"
"2026-06-11 19:11:57","2026-06-12 03:11:57","95346688","pod=adservice-7bb8787db5-x75h9"
"2026-06-11 19:12:12","2026-06-12 03:12:12","95346688","pod=adservice-7bb8787db5-x75h9"
"2026-06-11 19:12:27","2026-06-12 03:12:27","95338496","pod=adservice-7bb8787db5-x75h9"
"2026-06-11 19:12:42","2026-06-12 03:12:42","95219712","pod=adservice-7bb8787db5-x75h9"
"2026-06-11 19:12:57","2026-06-12 03:12:57","95490048","pod=adservice-7bb8787db5-x75h9"
"2026-06-11 19:13:12","2026-06-12 03:13:12","95219712","pod=adservice-7bb8787db5-x75h9"
"2026-06-11 19:13:27","2026-06-12 03:13:27","95219712","pod=adservice-7bb8787db5-x75h9"
"2026-06-11 19:13:42","2026-06-12 03:13:42","95219712","pod=adservice-7bb8787db5-x75h9"
"2026-06-11 19:13:57","2026-06-12 03:13:57","95219712","pod=adservice-7bb8787db5-x75h9"
"2026-06-11 19:14:12","2026-06-12 03:14:12","95219712","pod=adservice-7bb8787db5-x75h9"
"2026-06-11 19:14:27","2026-06-12 03:14:27","95338496","pod=adservice-7bb8787db5-x75h9"
"2026-06-11 19:14:42","2026-06-12 03:14:42","95338496","pod=adservice-7bb8787db5-x75h9"
"2026-06-11 19:14:57","2026-06-12 03:14:57","95342592","pod=adservice-7bb8787db5-x75h9"
"2026-06-11 19:15:12","2026-06-12 03:15:12","95342592","pod=adservice-7bb8787db5-x75h9"
"2026-06-11 19:15:27","2026-06-12 03:15:27","95342592","pod=adservice-7bb8787db5-x75h9"
"2026-06-11 19:15:42","2026-06-12 03:15:42","95342592","pod=adservice-7bb8787db5-x75h9"
"2026-06-11 19:15:57","2026-06-12 03:15:57","95223808","pod=adservice-7bb8787db5-x75h9"
"2026-06-11 19:16:12","2026-06-12 03:16:12","95744000","pod=adservice-7bb8787db5-x75h9"
"2026-06-11 19:16:27","2026-06-12 03:16:27","95223808","pod=adservice-7bb8787db5-x75h9"
"2026-06-11 19:16:42","2026-06-12 03:16:42","95223808","pod=adservice-7bb8787db5-x75h9"
"2026-06-11 19:16:57","2026-06-12 03:16:57","95350784","pod=adservice-7bb8787db5-x75h9"
"2026-06-11 19:17:12","2026-06-12 03:17:12","95346688","pod=adservice-7bb8787db5-x75h9"
"2026-06-11 19:17:27","2026-06-12 03:17:27","95346688","pod=adservice-7bb8787db5-x75h9"
"2026-06-11 19:17:42","2026-06-12 03:17:42","95604736","pod=adservice-7bb8787db5-x75h9"
"2026-06-11 19:17:57","2026-06-12 03:17:57","95342592","pod=adservice-7bb8787db5-x75h9"
"2026-06-11 19:18:12","2026-06-12 03:18:12","95346688","pod=adservice-7bb8787db5-x75h9"
"2026-06-11 19:18:27","2026-06-12 03:18:27","95346688","pod=adservice-7bb8787db5-x75h9"
"2026-06-11 19:18:42","2026-06-12 03:18:42","95223808","pod=adservice-7bb8787db5-x75h9"
"2026-06-11 19:18:57","2026-06-12 03:18:57","95342592","pod=adservice-7bb8787db5-x75h9"
"2026-06-11 19:19:12","2026-06-12 03:19:12","95342592","pod=adservice-7bb8787db5-x75h9"
"2026-06-11 19:19:27","2026-06-12 03:19:27","95342592","pod=adservice-7bb8787db5-x75h9"
"2026-06-11 19:19:42","2026-06-12 03:19:42","95342592","pod=adservice-7bb8787db5-x75h9"
"2026-06-11 19:19:57","2026-06-12 03:19:57","95223808","pod=adservice-7bb8787db5-x75h9"
"2026-06-11 19:20:12","2026-06-12 03:20:12","95342592","pod=adservice-7bb8787db5-x75h9"
"2026-06-11 19:20:27","2026-06-12 03:20:27","95342592","pod=adservice-7bb8787db5-x75h9"
"2026-06-11 19:20:42","2026-06-12 03:20:42","95342592","pod=adservice-7bb8787db5-x75h9"
"2026-06-11 19:20:57","2026-06-12 03:20:57","95342592","pod=adservice-7bb8787db5-x75h9"
"2026-06-11 19:21:12","2026-06-12 03:21:12","95223808","pod=adservice-7bb8787db5-x75h9"
"2026-06-11 19:21:27","2026-06-12 03:21:27","95227904","pod=adservice-7bb8787db5-x75h9"
"2026-06-11 19:21:42","2026-06-12 03:21:42","95227904","pod=adservice-7bb8787db5-x75h9"
"2026-06-11 19:21:57","2026-06-12 03:21:57","95223808","pod=adservice-7bb8787db5-x75h9"
"2026-06-11 19:22:12","2026-06-12 03:22:12","95223808","pod=adservice-7bb8787db5-x75h9"
"2026-06-11 19:22:27","2026-06-12 03:22:27","95227904","pod=adservice-7bb8787db5-x75h9"
"2026-06-11 19:22:42","2026-06-12 03:22:42","95223808","pod=adservice-7bb8787db5-x75h9"
"2026-06-11 19:22:57","2026-06-12 03:22:57","95223808","pod=adservice-7bb8787db5-x75h9"
"2026-06-11 19:23:12","2026-06-12 03:23:12","95223808","pod=adservice-7bb8787db5-x75h9"
"2026-06-11 19:23:27","2026-06-12 03:23:27","95227904","pod=adservice-7bb8787db5-x75h9"
"2026-06-11 19:23:42","2026-06-12 03:23:42","95477760","pod=adservice-7bb8787db5-x75h9"
"2026-06-11 19:23:57","2026-06-12 03:23:57","95477760","pod=adservice-7bb8787db5-x75h9"
"2026-06-11 19:24:12","2026-06-12 03:24:12","95219712","pod=adservice-7bb8787db5-x75h9"
"2026-06-11 19:24:27","2026-06-12 03:24:27","95219712","pod=adservice-7bb8787db5-x75h9"
"2026-06-11 19:24:42","2026-06-12 03:24:42","95219712","pod=adservice-7bb8787db5-x75h9"
"2026-06-11 19:24:57","2026-06-12 03:24:57","95219712","pod=adservice-7bb8787db5-x75h9"
"2026-06-11 19:25:12","2026-06-12 03:25:12","95502336","pod=adservice-7bb8787db5-x75h9"
"2026-06-11 19:25:27","2026-06-12 03:25:27","95223808","pod=adservice-7bb8787db5-x75h9"
"2026-06-11 19:25:42","2026-06-12 03:25:42","95485952","pod=adservice-7bb8787db5-x75h9"
"2026-06-11 19:25:57","2026-06-12 03:25:57","95236096","pod=adservice-7bb8787db5-x75h9"
"2026-06-11 19:26:12","2026-06-12 03:26:12","95219712","pod=adservice-7bb8787db5-x75h9"
"2026-06-11 19:26:27","2026-06-12 03:26:27","95219712","pod=adservice-7bb8787db5-x75h9"
"2026-06-11 19:26:42","2026-06-12 03:26:42","95219712","pod=adservice-7bb8787db5-x75h9"
"2026-06-11 19:26:57","2026-06-12 03:26:57","95219712","pod=adservice-7bb8787db5-x75h9"
"2026-06-11 17:26:57","2026-06-12 01:26:57","63262720","pod=cartservice-dc9f4fb6d-t9hpn"
"2026-06-11 17:27:12","2026-06-12 01:27:12","63021056","pod=cartservice-dc9f4fb6d-t9hpn"
"2026-06-11 17:27:27","2026-06-12 01:27:27","63021056","pod=cartservice-dc9f4fb6d-t9hpn"
"2026-06-11 17:27:42","2026-06-12 01:27:42","63000576","pod=cartservice-dc9f4fb6d-t9hpn"
"2026-06-11 17:27:57","2026-06-12 01:27:57","63057920","pod=cartservice-dc9f4fb6d-t9hpn"
"2026-06-11 17:28:12","2026-06-12 01:28:12","63066112","pod=cartservice-dc9f4fb6d-t9hpn"
"2026-06-11 17:28:27","2026-06-12 01:28:27","63066112","pod=cartservice-dc9f4fb6d-t9hpn"
"2026-06-11 17:28:42","2026-06-12 01:28:42","63029248","pod=cartservice-dc9f4fb6d-t9hpn"
"2026-06-11 17:28:57","2026-06-12 01:28:57","62955520","pod=cartservice-dc9f4fb6d-t9hpn"
"2026-06-11 17:29:12","2026-06-12 01:29:12","62955520","pod=cartservice-dc9f4fb6d-t9hpn"
"2026-06-11 17:29:27","2026-06-12 01:29:27","62967808","pod=cartservice-dc9f4fb6d-t9hpn"
"2026-06-11 17:29:42","2026-06-12 01:29:42","62955520","pod=cartservice-dc9f4fb6d-t9hpn"
"2026-06-11 17:29:57","2026-06-12 01:29:57","62955520","pod=cartservice-dc9f4fb6d-t9hpn"
"2026-06-11 17:30:12","2026-06-12 01:30:12","62955520","pod=cartservice-dc9f4fb6d-t9hpn"
"2026-06-11 17:30:27","2026-06-12 01:30:27","63291392","pod=cartservice-dc9f4fb6d-t9hpn"
"2026-06-11 17:30:42","2026-06-12 01:30:42","63291392","pod=cartservice-dc9f4fb6d-t9hpn"
"2026-06-11 17:30:57","2026-06-12 01:30:57","63082496","pod=cartservice-dc9f4fb6d-t9hpn"
"2026-06-11 17:31:12","2026-06-12 01:31:12","63049728","pod=cartservice-dc9f4fb6d-t9hpn"
"2026-06-11 17:31:27","2026-06-12 01:31:27","63049728","pod=cartservice-dc9f4fb6d-t9hpn"
"2026-06-11 17:31:42","2026-06-12 01:31:42","63041536","pod=cartservice-dc9f4fb6d-t9hpn"
"2026-06-11 17:31:57","2026-06-12 01:31:57","63021056","pod=cartservice-dc9f4fb6d-t9hpn"
"2026-06-11 17:32:12","2026-06-12 01:32:12","63025152","pod=cartservice-dc9f4fb6d-t9hpn"
"2026-06-11 17:32:27","2026-06-12 01:32:27","63025152","pod=cartservice-dc9f4fb6d-t9hpn"
"2026-06-11 17:32:42","2026-06-12 01:32:42","63057920","pod=cartservice-dc9f4fb6d-t9hpn"
"2026-06-11 17:32:57","2026-06-12 01:32:57","63029248","pod=cartservice-dc9f4fb6d-t9hpn"
"2026-06-11 17:33:12","2026-06-12 01:33:12","63029248","pod=cartservice-dc9f4fb6d-t9hpn"
"2026-06-11 17:33:27","2026-06-12 01:33:27","63033344","pod=cartservice-dc9f4fb6d-t9hpn"
"2026-06-11 17:33:42","2026-06-12 01:33:42","63328256","pod=cartservice-dc9f4fb6d-t9hpn"
"2026-06-11 17:33:57","2026-06-12 01:33:57","63328256","pod=cartservice-dc9f4fb6d-t9hpn"
"2026-06-11 17:34:12","2026-06-12 01:34:12","63037440","pod=cartservice-dc9f4fb6d-t9hpn"
"2026-06-11 17:34:27","2026-06-12 01:34:27","63037440","pod=cartservice-dc9f4fb6d-t9hpn"
"2026-06-11 17:34:42","2026-06-12 01:34:42","63082496","pod=cartservice-dc9f4fb6d-t9hpn"
"2026-06-11 17:34:57","2026-06-12 01:34:57","63082496","pod=cartservice-dc9f4fb6d-t9hpn"
"2026-06-11 17:35:12","2026-06-12 01:35:12","63082496","pod=cartservice-dc9f4fb6d-t9hpn"
"2026-06-11 17:35:27","2026-06-12 01:35:27","63082496","pod=cartservice-dc9f4fb6d-t9hpn"
"2026-06-11 17:35:42","2026-06-12 01:35:42","63111168","pod=cartservice-dc9f4fb6d-t9hpn"
"2026-06-11 17:35:57","2026-06-12 01:35:57","63078400","pod=cartservice-dc9f4fb6d-t9hpn"
"2026-06-11 17:36:12","2026-06-12 01:36:12","63074304","pod=cartservice-dc9f4fb6d-t9hpn"
"2026-06-11 17:36:27","2026-06-12 01:36:27","63037440","pod=cartservice-dc9f4fb6d-t9hpn"
"2026-06-11 17:36:42","2026-06-12 01:36:42","63000576","pod=cartservice-dc9f4fb6d-t9hpn"
"2026-06-11 17:36:57","2026-06-12 01:36:57","63057920","pod=cartservice-dc9f4fb6d-t9hpn"
"2026-06-11 17:37:12","2026-06-12 01:37:12","63057920","pod=cartservice-dc9f4fb6d-t9hpn"
"2026-06-11 17:37:27","2026-06-12 01:37:27","63029248","pod=cartservice-dc9f4fb6d-t9hpn"
"2026-06-11 17:37:42","2026-06-12 01:37:42","63021056","pod=cartservice-dc9f4fb6d-t9hpn"
"2026-06-11 17:37:57","2026-06-12 01:37:57","63053824","pod=cartservice-dc9f4fb6d-t9hpn"
"2026-06-11 17:38:12","2026-06-12 01:38:12","63049728","pod=cartservice-dc9f4fb6d-t9hpn"
"2026-06-11 17:38:27","2026-06-12 01:38:27","63049728","pod=cartservice-dc9f4fb6d-t9hpn"
"2026-06-11 17:38:42","2026-06-12 01:38:42","62963712","pod=cartservice-dc9f4fb6d-t9hpn"
"2026-06-11 17:38:57","2026-06-12 01:38:57","63008768","pod=cartservice-dc9f4fb6d-t9hpn"
"2026-06-11 17:39:12","2026-06-12 01:39:12","63008768","pod=cartservice-dc9f4fb6d-t9hpn"
"2026-06-11 17:39:27","2026-06-12 01:39:27","63021056","pod=cartservice-dc9f4fb6d-t9hpn"
"2026-06-11 17:39:42","2026-06-12 01:39:42","63016960","pod=cartservice-dc9f4fb6d-t9hpn"
"2026-06-11 17:39:57","2026-06-12 01:39:57","63045632","pod=cartservice-dc9f4fb6d-t9hpn"
"2026-06-11 17:40:12","2026-06-12 01:40:12","63307776","pod=cartservice-dc9f4fb6d-t9hpn"
"2026-06-11 17:40:27","2026-06-12 01:40:27","63037440","pod=cartservice-dc9f4fb6d-t9hpn"
"2026-06-11 17:40:42","2026-06-12 01:40:42","63037440","pod=cartservice-dc9f4fb6d-t9hpn"
"2026-06-11 17:40:57","2026-06-12 01:40:57","63086592","pod=cartservice-dc9f4fb6d-t9hpn"
"2026-06-11 17:41:12","2026-06-12 01:41:12","63082496","pod=cartservice-dc9f4fb6d-t9hpn"
"2026-06-11 17:41:27","2026-06-12 01:41:27","63090688","pod=cartservice-dc9f4fb6d-t9hpn"
"2026-06-11 17:41:42","2026-06-12 01:41:42","63045632","pod=cartservice-dc9f4fb6d-t9hpn"
"2026-06-11 17:41:57","2026-06-12 01:41:57","63332352","pod=cartservice-dc9f4fb6d-t9hpn"
"2026-06-11 17:42:12","2026-06-12 01:42:12","63045632","pod=cartservice-dc9f4fb6d-t9hpn"
"2026-06-11 17:42:27","2026-06-12 01:42:27","63078400","pod=cartservice-dc9f4fb6d-t9hpn"
"2026-06-11 17:42:42","2026-06-12 01:42:42","63078400","pod=cartservice-dc9f4fb6d-t9hpn"
"2026-06-11 17:42:57","2026-06-12 01:42:57","63074304","pod=cartservice-dc9f4fb6d-t9hpn"
"2026-06-11 17:43:12","2026-06-12 01:43:12","63074304","pod=cartservice-dc9f4fb6d-t9hpn"
"2026-06-11 17:43:27","2026-06-12 01:43:27","63045632","pod=cartservice-dc9f4fb6d-t9hpn"
"2026-06-11 17:43:42","2026-06-12 01:43:42","63049728","pod=cartservice-dc9f4fb6d-t9hpn"
"2026-06-11 17:43:57","2026-06-12 01:43:57","63053824","pod=cartservice-dc9f4fb6d-t9hpn"
"2026-06-11 17:44:12","2026-06-12 01:44:12","63082496","pod=cartservice-dc9f4fb6d-t9hpn"
"2026-06-11 17:44:27","2026-06-12 01:44:27","63082496","pod=cartservice-dc9f4fb6d-t9hpn"
"2026-06-11 17:44:42","2026-06-12 01:44:42","63082496","pod=cartservice-dc9f4fb6d-t9hpn"
"2026-06-11 17:44:57","2026-06-12 01:44:57","63082496","pod=cartservice-dc9f4fb6d-t9hpn"
"2026-06-11 17:45:12","2026-06-12 01:45:12","63115264","pod=cartservice-dc9f4fb6d-t9hpn"
"2026-06-11 17:45:27","2026-06-12 01:45:27","63082496","pod=cartservice-dc9f4fb6d-t9hpn"
"2026-06-11 17:45:42","2026-06-12 01:45:42","63086592","pod=cartservice-dc9f4fb6d-t9hpn"
"2026-06-11 17:45:57","2026-06-12 01:45:57","63385600","pod=cartservice-dc9f4fb6d-t9hpn"
"2026-06-11 17:46:12","2026-06-12 01:46:12","63098880","pod=cartservice-dc9f4fb6d-t9hpn"
"2026-06-11 17:46:27","2026-06-12 01:46:27","63049728","pod=cartservice-dc9f4fb6d-t9hpn"
"2026-06-11 17:46:42","2026-06-12 01:46:42","63045632","pod=cartservice-dc9f4fb6d-t9hpn"
"2026-06-11 17:46:57","2026-06-12 01:46:57","63082496","pod=cartservice-dc9f4fb6d-t9hpn"
"2026-06-11 17:47:12","2026-06-12 01:47:12","63045632","pod=cartservice-dc9f4fb6d-t9hpn"
"2026-06-11 17:47:27","2026-06-12 01:47:27","63045632","pod=cartservice-dc9f4fb6d-t9hpn"
"2026-06-11 17:47:42","2026-06-12 01:47:42","63078400","pod=cartservice-dc9f4fb6d-t9hpn"
"2026-06-11 17:47:57","2026-06-12 01:47:57","63266816","pod=cartservice-dc9f4fb6d-t9hpn"
"2026-06-11 17:48:12","2026-06-12 01:48:12","63045632","pod=cartservice-dc9f4fb6d-t9hpn"
"2026-06-11 17:48:27","2026-06-12 01:48:27","63045632","pod=cartservice-dc9f4fb6d-t9hpn"
"2026-06-11 17:48:42","2026-06-12 01:48:42","63045632","pod=cartservice-dc9f4fb6d-t9hpn"
"2026-06-11 17:48:57","2026-06-12 01:48:57","63062016","pod=cartservice-dc9f4fb6d-t9hpn"
"2026-06-11 17:49:12","2026-06-12 01:49:12","63062016","pod=cartservice-dc9f4fb6d-t9hpn"
"2026-06-11 17:49:27","2026-06-12 01:49:27","63062016","pod=cartservice-dc9f4fb6d-t9hpn"
"2026-06-11 17:49:42","2026-06-12 01:49:42","63082496","pod=cartservice-dc9f4fb6d-t9hpn"
"2026-06-11 17:49:57","2026-06-12 01:49:57","63119360","pod=cartservice-dc9f4fb6d-t9hpn"
"2026-06-11 17:50:12","2026-06-12 01:50:12","63164416","pod=cartservice-dc9f4fb6d-t9hpn"
"2026-06-11 17:50:27","2026-06-12 01:50:27","63139840","pod=cartservice-dc9f4fb6d-t9hpn"
"2026-06-11 17:50:42","2026-06-12 01:50:42","63066112","pod=cartservice-dc9f4fb6d-t9hpn"
"2026-06-11 17:50:57","2026-06-12 01:50:57","63365120","pod=cartservice-dc9f4fb6d-t9hpn"
"2026-06-11 17:51:12","2026-06-12 01:51:12","63107072","pod=cartservice-dc9f4fb6d-t9hpn"
"2026-06-11 17:51:27","2026-06-12 01:51:27","63102976","pod=cartservice-dc9f4fb6d-t9hpn"
"2026-06-11 17:51:42","2026-06-12 01:51:42","63107072","pod=cartservice-dc9f4fb6d-t9hpn"
"2026-06-11 17:51:57","2026-06-12 01:51:57","63111168","pod=cartservice-dc9f4fb6d-t9hpn"
"2026-06-11 17:52:12","2026-06-12 01:52:12","63352832","pod=cartservice-dc9f4fb6d-t9hpn"
"2026-06-11 17:52:27","2026-06-12 01:52:27","63614976","pod=cartservice-dc9f4fb6d-t9hpn"
"2026-06-11 17:52:42","2026-06-12 01:52:42","63344640","pod=cartservice-dc9f4fb6d-t9hpn"
"2026-06-11 17:52:57","2026-06-12 01:52:57","63008768","pod=cartservice-dc9f4fb6d-t9hpn"
"2026-06-11 17:53:12","2026-06-12 01:53:12","63008768","pod=cartservice-dc9f4fb6d-t9hpn"
"2026-06-11 17:53:27","2026-06-12 01:53:27","63307776","pod=cartservice-dc9f4fb6d-t9hpn"
"2026-06-11 17:53:42","2026-06-12 01:53:42","63070208","pod=cartservice-dc9f4fb6d-t9hpn"
"2026-06-11 17:53:57","2026-06-12 01:53:57","63070208","pod=cartservice-dc9f4fb6d-t9hpn"
"2026-06-11 17:54:12","2026-06-12 01:54:12","63037440","pod=cartservice-dc9f4fb6d-t9hpn"
"2026-06-11 17:54:27","2026-06-12 01:54:27","63037440","pod=cartservice-dc9f4fb6d-t9hpn"
"2026-06-11 17:54:42","2026-06-12 01:54:42","63119360","pod=cartservice-dc9f4fb6d-t9hpn"
"2026-06-11 17:54:57","2026-06-12 01:54:57","63348736","pod=cartservice-dc9f4fb6d-t9hpn"
"2026-06-11 17:55:12","2026-06-12 01:55:12","63348736","pod=cartservice-dc9f4fb6d-t9hpn"
"2026-06-11 17:55:27","2026-06-12 01:55:27","62971904","pod=cartservice-dc9f4fb6d-t9hpn"
"2026-06-11 17:55:42","2026-06-12 01:55:42","63291392","pod=cartservice-dc9f4fb6d-t9hpn"
"2026-06-11 17:55:57","2026-06-12 01:55:57","63082496","pod=cartservice-dc9f4fb6d-t9hpn"
"2026-06-11 17:56:12","2026-06-12 01:56:12","63066112","pod=cartservice-dc9f4fb6d-t9hpn"
"2026-06-11 17:56:27","2026-06-12 01:56:27","63037440","pod=cartservice-dc9f4fb6d-t9hpn"
"2026-06-11 17:56:42","2026-06-12 01:56:42","63062016","pod=cartservice-dc9f4fb6d-t9hpn"
"2026-06-11 17:56:57","2026-06-12 01:56:57","63057920","pod=cartservice-dc9f4fb6d-t9hpn"
"2026-06-11 17:57:12","2026-06-12 01:57:12","63320064","pod=cartservice-dc9f4fb6d-t9hpn"
"2026-06-11 17:57:27","2026-06-12 01:57:27","63062016","pod=cartservice-dc9f4fb6d-t9hpn"
"2026-06-11 17:57:42","2026-06-12 01:57:42","63029248","pod=cartservice-dc9f4fb6d-t9hpn"
"2026-06-11 17:57:57","2026-06-12 01:57:57","63029248","pod=cartservice-dc9f4fb6d-t9hpn"
"2026-06-11 17:58:12","2026-06-12 01:58:12","63062016","pod=cartservice-dc9f4fb6d-t9hpn"
"2026-06-11 17:58:27","2026-06-12 01:58:27","63062016","pod=cartservice-dc9f4fb6d-t9hpn"
"2026-06-11 17:58:42","2026-06-12 01:58:42","63057920","pod=cartservice-dc9f4fb6d-t9hpn"
"2026-06-11 17:58:57","2026-06-12 01:58:57","63029248","pod=cartservice-dc9f4fb6d-t9hpn"
"2026-06-11 17:59:12","2026-06-12 01:59:12","63320064","pod=cartservice-dc9f4fb6d-t9hpn"
"2026-06-11 17:59:27","2026-06-12 01:59:27","63057920","pod=cartservice-dc9f4fb6d-t9hpn"
"2026-06-11 17:59:42","2026-06-12 01:59:42","63078400","pod=cartservice-dc9f4fb6d-t9hpn"
"2026-06-11 17:59:57","2026-06-12 01:59:57","63037440","pod=cartservice-dc9f4fb6d-t9hpn"
"2026-06-11 18:00:12","2026-06-12 02:00:12","63066112","pod=cartservice-dc9f4fb6d-t9hpn"
"2026-06-11 18:00:27","2026-06-12 02:00:27","63066112","pod=cartservice-dc9f4fb6d-t9hpn"
"2026-06-11 18:00:42","2026-06-12 02:00:42","63066112","pod=cartservice-dc9f4fb6d-t9hpn"
"2026-06-11 18:00:57","2026-06-12 02:00:57","63066112","pod=cartservice-dc9f4fb6d-t9hpn"
"2026-06-11 18:01:12","2026-06-12 02:01:12","63037440","pod=cartservice-dc9f4fb6d-t9hpn"
"2026-06-11 18:01:27","2026-06-12 02:01:27","63029248","pod=cartservice-dc9f4fb6d-t9hpn"
"2026-06-11 18:01:42","2026-06-12 02:01:42","63029248","pod=cartservice-dc9f4fb6d-t9hpn"
"2026-06-11 18:01:57","2026-06-12 02:01:57","63070208","pod=cartservice-dc9f4fb6d-t9hpn"
"2026-06-11 18:02:12","2026-06-12 02:02:12","63037440","pod=cartservice-dc9f4fb6d-t9hpn"
"2026-06-11 18:02:27","2026-06-12 02:02:27","63070208","pod=cartservice-dc9f4fb6d-t9hpn"
"2026-06-11 18:02:42","2026-06-12 02:02:42","63045632","pod=cartservice-dc9f4fb6d-t9hpn"
"2026-06-11 18:02:57","2026-06-12 02:02:57","63066112","pod=cartservice-dc9f4fb6d-t9hpn"
"2026-06-11 18:03:12","2026-06-12 02:03:12","63037440","pod=cartservice-dc9f4fb6d-t9hpn"
"2026-06-11 18:03:27","2026-06-12 02:03:27","63037440","pod=cartservice-dc9f4fb6d-t9hpn"
"2026-06-11 18:03:42","2026-06-12 02:03:42","63000576","pod=cartservice-dc9f4fb6d-t9hpn"
"2026-06-11 18:03:57","2026-06-12 02:03:57","63029248","pod=cartservice-dc9f4fb6d-t9hpn"
"2026-06-11 18:04:12","2026-06-12 02:04:12","63287296","pod=cartservice-dc9f4fb6d-t9hpn"
"2026-06-11 18:04:27","2026-06-12 02:04:27","63057920","pod=cartservice-dc9f4fb6d-t9hpn"
"2026-06-11 18:04:42","2026-06-12 02:04:42","63057920","pod=cartservice-dc9f4fb6d-t9hpn"
"2026-06-11 18:04:57","2026-06-12 02:04:57","63066112","pod=cartservice-dc9f4fb6d-t9hpn"
"2026-06-11 18:05:12","2026-06-12 02:05:12","63066112","pod=cartservice-dc9f4fb6d-t9hpn"
"2026-06-11 18:05:27","2026-06-12 02:05:27","63037440","pod=cartservice-dc9f4fb6d-t9hpn"
"2026-06-11 18:05:42","2026-06-12 02:05:42","63049728","pod=cartservice-dc9f4fb6d-t9hpn"
"2026-06-11 18:05:57","2026-06-12 02:05:57","63066112","pod=cartservice-dc9f4fb6d-t9hpn"
"2026-06-11 18:06:12","2026-06-12 02:06:12","63066112","pod=cartservice-dc9f4fb6d-t9hpn"
"2026-06-11 18:06:27","2026-06-12 02:06:27","63062016","pod=cartservice-dc9f4fb6d-t9hpn"
"2026-06-11 18:06:42","2026-06-12 02:06:42","63037440","pod=cartservice-dc9f4fb6d-t9hpn"
"2026-06-11 18:06:57","2026-06-12 02:06:57","63086592","pod=cartservice-dc9f4fb6d-t9hpn"
"2026-06-11 18:07:12","2026-06-12 02:07:12","63086592","pod=cartservice-dc9f4fb6d-t9hpn"
"2026-06-11 18:07:27","2026-06-12 02:07:27","63029248","pod=cartservice-dc9f4fb6d-t9hpn"
"2026-06-11 18:07:42","2026-06-12 02:07:42","63078400","pod=cartservice-dc9f4fb6d-t9hpn"
"2026-06-11 18:07:57","2026-06-12 02:07:57","63062016","pod=cartservice-dc9f4fb6d-t9hpn"
"2026-06-11 18:08:12","2026-06-12 02:08:12","63029248","pod=cartservice-dc9f4fb6d-t9hpn"
"2026-06-11 18:08:27","2026-06-12 02:08:27","63029248","pod=cartservice-dc9f4fb6d-t9hpn"
"2026-06-11 18:08:42","2026-06-12 02:08:42","63004672","pod=cartservice-dc9f4fb6d-t9hpn"
"2026-06-11 18:08:57","2026-06-12 02:08:57","63000576","pod=cartservice-dc9f4fb6d-t9hpn"
"2026-06-11 18:09:12","2026-06-12 02:09:12","63008768","pod=cartservice-dc9f4fb6d-t9hpn"
"2026-06-11 18:09:27","2026-06-12 02:09:27","63008768","pod=cartservice-dc9f4fb6d-t9hpn"
"2026-06-11 18:09:42","2026-06-12 02:09:42","63016960","pod=cartservice-dc9f4fb6d-t9hpn"
"2026-06-11 18:09:57","2026-06-12 02:09:57","63311872","pod=cartservice-dc9f4fb6d-t9hpn"
"2026-06-11 18:10:12","2026-06-12 02:10:12","63021056","pod=cartservice-dc9f4fb6d-t9hpn"
"2026-06-11 18:10:27","2026-06-12 02:10:27","63565824","pod=cartservice-dc9f4fb6d-t9hpn"
"2026-06-11 18:10:42","2026-06-12 02:10:42","63565824","pod=cartservice-dc9f4fb6d-t9hpn"
"2026-06-11 18:10:57","2026-06-12 02:10:57","63057920","pod=cartservice-dc9f4fb6d-t9hpn"
"2026-06-11 18:11:12","2026-06-12 02:11:12","63025152","pod=cartservice-dc9f4fb6d-t9hpn"
"2026-06-11 18:11:27","2026-06-12 02:11:27","63008768","pod=cartservice-dc9f4fb6d-t9hpn"
"2026-06-11 18:11:42","2026-06-12 02:11:42","63074304","pod=cartservice-dc9f4fb6d-t9hpn"
"2026-06-11 18:11:57","2026-06-12 02:11:57","63074304","pod=cartservice-dc9f4fb6d-t9hpn"
"2026-06-11 18:12:12","2026-06-12 02:12:12","63074304","pod=cartservice-dc9f4fb6d-t9hpn"
"2026-06-11 18:12:27","2026-06-12 02:12:27","63074304","pod=cartservice-dc9f4fb6d-t9hpn"
"2026-06-11 18:12:42","2026-06-12 02:12:42","63070208","pod=cartservice-dc9f4fb6d-t9hpn"
"2026-06-11 18:12:57","2026-06-12 02:12:57","63082496","pod=cartservice-dc9f4fb6d-t9hpn"
"2026-06-11 18:13:12","2026-06-12 02:13:12","63107072","pod=cartservice-dc9f4fb6d-t9hpn"
"2026-06-11 18:13:27","2026-06-12 02:13:27","63025152","pod=cartservice-dc9f4fb6d-t9hpn"
"2026-06-11 18:13:42","2026-06-12 02:13:42","62980096","pod=cartservice-dc9f4fb6d-t9hpn"
"2026-06-11 18:13:57","2026-06-12 02:13:57","63057920","pod=cartservice-dc9f4fb6d-t9hpn"
"2026-06-11 18:14:12","2026-06-12 02:14:12","63074304","pod=cartservice-dc9f4fb6d-t9hpn"
"2026-06-11 18:14:27","2026-06-12 02:14:27","63328256","pod=cartservice-dc9f4fb6d-t9hpn"
"2026-06-11 18:14:42","2026-06-12 02:14:42","63053824","pod=cartservice-dc9f4fb6d-t9hpn"
"2026-06-11 18:14:57","2026-06-12 02:14:57","63320064","pod=cartservice-dc9f4fb6d-t9hpn"
"2026-06-11 18:15:12","2026-06-12 02:15:12","63053824","pod=cartservice-dc9f4fb6d-t9hpn"
"2026-06-11 18:15:27","2026-06-12 02:15:27","62980096","pod=cartservice-dc9f4fb6d-t9hpn"
"2026-06-11 18:15:42","2026-06-12 02:15:42","62980096","pod=cartservice-dc9f4fb6d-t9hpn"
"2026-06-11 18:15:57","2026-06-12 02:15:57","63037440","pod=cartservice-dc9f4fb6d-t9hpn"
"2026-06-11 18:16:12","2026-06-12 02:16:12","63037440","pod=cartservice-dc9f4fb6d-t9hpn"
"2026-06-11 18:16:27","2026-06-12 02:16:27","63328256","pod=cartservice-dc9f4fb6d-t9hpn"
"2026-06-11 18:16:42","2026-06-12 02:16:42","63074304","pod=cartservice-dc9f4fb6d-t9hpn"
"2026-06-11 18:16:57","2026-06-12 02:16:57","63045632","pod=cartservice-dc9f4fb6d-t9hpn"
"2026-06-11 18:17:12","2026-06-12 02:17:12","63053824","pod=cartservice-dc9f4fb6d-t9hpn"
"2026-06-11 18:17:27","2026-06-12 02:17:27","63066112","pod=cartservice-dc9f4fb6d-t9hpn"
"2026-06-11 18:17:42","2026-06-12 02:17:42","63086592","pod=cartservice-dc9f4fb6d-t9hpn"
"2026-06-11 18:17:57","2026-06-12 02:17:57","63086592","pod=cartservice-dc9f4fb6d-t9hpn"
"2026-06-11 18:18:12","2026-06-12 02:18:12","63049728","pod=cartservice-dc9f4fb6d-t9hpn"
"2026-06-11 18:18:27","2026-06-12 02:18:27","63336448","pod=cartservice-dc9f4fb6d-t9hpn"
"2026-06-11 18:18:42","2026-06-12 02:18:42","63336448","pod=cartservice-dc9f4fb6d-t9hpn"
"2026-06-11 18:18:57","2026-06-12 02:18:57","63094784","pod=cartservice-dc9f4fb6d-t9hpn"
"2026-06-11 18:19:12","2026-06-12 02:19:12","63074304","pod=cartservice-dc9f4fb6d-t9hpn"
"2026-06-11 18:19:27","2026-06-12 02:19:27","63045632","pod=cartservice-dc9f4fb6d-t9hpn"
"2026-06-11 18:19:42","2026-06-12 02:19:42","63086592","pod=cartservice-dc9f4fb6d-t9hpn"
"2026-06-11 18:19:57","2026-06-12 02:19:57","63086592","pod=cartservice-dc9f4fb6d-t9hpn"
"2026-06-11 18:20:12","2026-06-12 02:20:12","63078400","pod=cartservice-dc9f4fb6d-t9hpn"
"2026-06-11 18:20:27","2026-06-12 02:20:27","63082496","pod=cartservice-dc9f4fb6d-t9hpn"
"2026-06-11 18:20:42","2026-06-12 02:20:42","63082496","pod=cartservice-dc9f4fb6d-t9hpn"
"2026-06-11 18:20:57","2026-06-12 02:20:57","63111168","pod=cartservice-dc9f4fb6d-t9hpn"
"2026-06-11 18:21:12","2026-06-12 02:21:12","63074304","pod=cartservice-dc9f4fb6d-t9hpn"
"2026-06-11 18:21:27","2026-06-12 02:21:27","63000576","pod=cartservice-dc9f4fb6d-t9hpn"
"2026-06-11 18:21:42","2026-06-12 02:21:42","63000576","pod=cartservice-dc9f4fb6d-t9hpn"
"2026-06-11 18:21:57","2026-06-12 02:21:57","63307776","pod=cartservice-dc9f4fb6d-t9hpn"
"2026-06-11 18:22:12","2026-06-12 02:22:12","63057920","pod=cartservice-dc9f4fb6d-t9hpn"
"2026-06-11 18:22:27","2026-06-12 02:22:27","63057920","pod=cartservice-dc9f4fb6d-t9hpn"
"2026-06-11 18:22:42","2026-06-12 02:22:42","63086592","pod=cartservice-dc9f4fb6d-t9hpn"
"2026-06-11 18:22:57","2026-06-12 02:22:57","63057920","pod=cartservice-dc9f4fb6d-t9hpn"
"2026-06-11 18:23:12","2026-06-12 02:23:12","63057920","pod=cartservice-dc9f4fb6d-t9hpn"
"2026-06-11 18:23:27","2026-06-12 02:23:27","63057920","pod=cartservice-dc9f4fb6d-t9hpn"
"2026-06-11 18:23:42","2026-06-12 02:23:42","63000576","pod=cartservice-dc9f4fb6d-t9hpn"
"2026-06-11 18:23:57","2026-06-12 02:23:57","63037440","pod=cartservice-dc9f4fb6d-t9hpn"
"2026-06-11 18:24:12","2026-06-12 02:24:12","63324160","pod=cartservice-dc9f4fb6d-t9hpn"
"2026-06-11 18:24:27","2026-06-12 02:24:27","63070208","pod=cartservice-dc9f4fb6d-t9hpn"
"2026-06-11 18:24:42","2026-06-12 02:24:42","63070208","pod=cartservice-dc9f4fb6d-t9hpn"
"2026-06-11 18:24:57","2026-06-12 02:24:57","63299584","pod=cartservice-dc9f4fb6d-t9hpn"
"2026-06-11 18:25:12","2026-06-12 02:25:12","63041536","pod=cartservice-dc9f4fb6d-t9hpn"
"2026-06-11 18:25:27","2026-06-12 02:25:27","63041536","pod=cartservice-dc9f4fb6d-t9hpn"
"2026-06-11 18:25:42","2026-06-12 02:25:42","63041536","pod=cartservice-dc9f4fb6d-t9hpn"
"2026-06-11 18:25:57","2026-06-12 02:25:57","63041536","pod=cartservice-dc9f4fb6d-t9hpn"
"2026-06-11 18:26:12","2026-06-12 02:26:12","63336448","pod=cartservice-dc9f4fb6d-t9hpn"
"2026-06-11 18:26:27","2026-06-12 02:26:27","63070208","pod=cartservice-dc9f4fb6d-t9hpn"
"2026-06-11 18:26:42","2026-06-12 02:26:42","63037440","pod=cartservice-dc9f4fb6d-t9hpn"
"2026-06-11 18:26:57","2026-06-12 02:26:57","63037440","pod=cartservice-dc9f4fb6d-t9hpn"
"2026-06-11 18:27:12","2026-06-12 02:27:12","63057920","pod=cartservice-dc9f4fb6d-t9hpn"
"2026-06-11 18:27:27","2026-06-12 02:27:27","63057920","pod=cartservice-dc9f4fb6d-t9hpn"
"2026-06-11 18:27:42","2026-06-12 02:27:42","63057920","pod=cartservice-dc9f4fb6d-t9hpn"
"2026-06-11 18:27:57","2026-06-12 02:27:57","63041536","pod=cartservice-dc9f4fb6d-t9hpn"
"2026-06-11 18:28:12","2026-06-12 02:28:12","63057920","pod=cartservice-dc9f4fb6d-t9hpn"
"2026-06-11 18:28:27","2026-06-12 02:28:27","63057920","pod=cartservice-dc9f4fb6d-t9hpn"
"2026-06-11 18:28:42","2026-06-12 02:28:42","63066112","pod=cartservice-dc9f4fb6d-t9hpn"
"2026-06-11 18:28:57","2026-06-12 02:28:57","63340544","pod=cartservice-dc9f4fb6d-t9hpn"
"2026-06-11 18:29:12","2026-06-12 02:29:12","62976000","pod=cartservice-dc9f4fb6d-t9hpn"
"2026-06-11 18:29:27","2026-06-12 02:29:27","62976000","pod=cartservice-dc9f4fb6d-t9hpn"
"2026-06-11 18:29:42","2026-06-12 02:29:42","63066112","pod=cartservice-dc9f4fb6d-t9hpn"
"2026-06-11 18:29:57","2026-06-12 02:29:57","63066112","pod=cartservice-dc9f4fb6d-t9hpn"
"2026-06-11 18:30:12","2026-06-12 02:30:12","63066112","pod=cartservice-dc9f4fb6d-t9hpn"
"2026-06-11 18:30:27","2026-06-12 02:30:27","63029248","pod=cartservice-dc9f4fb6d-t9hpn"
"2026-06-11 18:30:42","2026-06-12 02:30:42","63066112","pod=cartservice-dc9f4fb6d-t9hpn"
"2026-06-11 18:30:57","2026-06-12 02:30:57","63094784","pod=cartservice-dc9f4fb6d-t9hpn"
"2026-06-11 18:31:12","2026-06-12 02:31:12","63029248","pod=cartservice-dc9f4fb6d-t9hpn"
"2026-06-11 18:31:27","2026-06-12 02:31:27","63148032","pod=cartservice-dc9f4fb6d-t9hpn"
"2026-06-11 18:31:42","2026-06-12 02:31:42","63135744","pod=cartservice-dc9f4fb6d-t9hpn"
"2026-06-11 18:31:57","2026-06-12 02:31:57","63107072","pod=cartservice-dc9f4fb6d-t9hpn"
"2026-06-11 18:32:12","2026-06-12 02:32:12","63078400","pod=cartservice-dc9f4fb6d-t9hpn"
"2026-06-11 18:32:27","2026-06-12 02:32:27","63082496","pod=cartservice-dc9f4fb6d-t9hpn"
"2026-06-11 18:32:42","2026-06-12 02:32:42","63082496","pod=cartservice-dc9f4fb6d-t9hpn"
"2026-06-11 18:32:57","2026-06-12 02:32:57","63082496","pod=cartservice-dc9f4fb6d-t9hpn"
"2026-06-11 18:33:12","2026-06-12 02:33:12","63086592","pod=cartservice-dc9f4fb6d-t9hpn"
"2026-06-11 18:33:27","2026-06-12 02:33:27","63086592","pod=cartservice-dc9f4fb6d-t9hpn"
"2026-06-11 18:33:42","2026-06-12 02:33:42","63344640","pod=cartservice-dc9f4fb6d-t9hpn"
"2026-06-11 18:33:57","2026-06-12 02:33:57","63098880","pod=cartservice-dc9f4fb6d-t9hpn"
"2026-06-11 18:34:12","2026-06-12 02:34:12","63311872","pod=cartservice-dc9f4fb6d-t9hpn"
"2026-06-11 18:34:27","2026-06-12 02:34:27","63094784","pod=cartservice-dc9f4fb6d-t9hpn"
"2026-06-11 18:34:42","2026-06-12 02:34:42","63082496","pod=cartservice-dc9f4fb6d-t9hpn"
"2026-06-11 18:34:57","2026-06-12 02:34:57","63090688","pod=cartservice-dc9f4fb6d-t9hpn"
"2026-06-11 18:35:12","2026-06-12 02:35:12","63090688","pod=cartservice-dc9f4fb6d-t9hpn"
"2026-06-11 18:35:27","2026-06-12 02:35:27","63090688","pod=cartservice-dc9f4fb6d-t9hpn"
"2026-06-11 18:35:42","2026-06-12 02:35:42","63090688","pod=cartservice-dc9f4fb6d-t9hpn"
"2026-06-11 18:35:57","2026-06-12 02:35:57","63016960","pod=cartservice-dc9f4fb6d-t9hpn"
"2026-06-11 18:36:12","2026-06-12 02:36:12","63016960","pod=cartservice-dc9f4fb6d-t9hpn"
"2026-06-11 18:36:27","2026-06-12 02:36:27","63082496","pod=cartservice-dc9f4fb6d-t9hpn"
"2026-06-11 18:36:42","2026-06-12 02:36:42","63094784","pod=cartservice-dc9f4fb6d-t9hpn"
"2026-06-11 18:36:57","2026-06-12 02:36:57","63094784","pod=cartservice-dc9f4fb6d-t9hpn"
"2026-06-11 18:37:12","2026-06-12 02:37:12","63082496","pod=cartservice-dc9f4fb6d-t9hpn"
"2026-06-11 18:37:27","2026-06-12 02:37:27","63082496","pod=cartservice-dc9f4fb6d-t9hpn"
"2026-06-11 18:37:42","2026-06-12 02:37:42","63086592","pod=cartservice-dc9f4fb6d-t9hpn"
"2026-06-11 18:37:57","2026-06-12 02:37:57","63356928","pod=cartservice-dc9f4fb6d-t9hpn"
"2026-06-11 18:38:12","2026-06-12 02:38:12","63356928","pod=cartservice-dc9f4fb6d-t9hpn"
"2026-06-11 18:38:27","2026-06-12 02:38:27","63090688","pod=cartservice-dc9f4fb6d-t9hpn"
"2026-06-11 18:38:42","2026-06-12 02:38:42","63393792","pod=cartservice-dc9f4fb6d-t9hpn"
"2026-06-11 18:38:57","2026-06-12 02:38:57","63094784","pod=cartservice-dc9f4fb6d-t9hpn"
"2026-06-11 18:39:12","2026-06-12 02:39:12","63119360","pod=cartservice-dc9f4fb6d-t9hpn"
"2026-06-11 18:39:27","2026-06-12 02:39:27","63078400","pod=cartservice-dc9f4fb6d-t9hpn"
"2026-06-11 18:39:42","2026-06-12 02:39:42","63107072","pod=cartservice-dc9f4fb6d-t9hpn"
"2026-06-11 18:39:57","2026-06-12 02:39:57","63102976","pod=cartservice-dc9f4fb6d-t9hpn"
"2026-06-11 18:40:12","2026-06-12 02:40:12","63102976","pod=cartservice-dc9f4fb6d-t9hpn"
"2026-06-11 18:40:27","2026-06-12 02:40:27","63127552","pod=cartservice-dc9f4fb6d-t9hpn"
"2026-06-11 18:40:42","2026-06-12 02:40:42","63127552","pod=cartservice-dc9f4fb6d-t9hpn"
"2026-06-11 18:40:57","2026-06-12 02:40:57","63344640","pod=cartservice-dc9f4fb6d-t9hpn"
"2026-06-11 18:41:12","2026-06-12 02:41:12","63086592","pod=cartservice-dc9f4fb6d-t9hpn"
"2026-06-11 18:41:27","2026-06-12 02:41:27","63086592","pod=cartservice-dc9f4fb6d-t9hpn"
"2026-06-11 18:41:42","2026-06-12 02:41:42","63115264","pod=cartservice-dc9f4fb6d-t9hpn"
"2026-06-11 18:41:57","2026-06-12 02:41:57","63111168","pod=cartservice-dc9f4fb6d-t9hpn"
"2026-06-11 18:42:12","2026-06-12 02:42:12","63139840","pod=cartservice-dc9f4fb6d-t9hpn"
"2026-06-11 18:42:27","2026-06-12 02:42:27","63139840","pod=cartservice-dc9f4fb6d-t9hpn"
"2026-06-11 18:42:42","2026-06-12 02:42:42","63119360","pod=cartservice-dc9f4fb6d-t9hpn"
"2026-06-11 18:42:57","2026-06-12 02:42:57","63123456","pod=cartservice-dc9f4fb6d-t9hpn"
"2026-06-11 18:43:12","2026-06-12 02:43:12","63045632","pod=cartservice-dc9f4fb6d-t9hpn"
"2026-06-11 18:43:27","2026-06-12 02:43:27","63057920","pod=cartservice-dc9f4fb6d-t9hpn"
"2026-06-11 18:43:42","2026-06-12 02:43:42","63045632","pod=cartservice-dc9f4fb6d-t9hpn"
"2026-06-11 18:43:57","2026-06-12 02:43:57","63086592","pod=cartservice-dc9f4fb6d-t9hpn"
"2026-06-11 18:44:12","2026-06-12 02:44:12","63102976","pod=cartservice-dc9f4fb6d-t9hpn"
"2026-06-11 18:44:27","2026-06-12 02:44:27","63102976","pod=cartservice-dc9f4fb6d-t9hpn"
"2026-06-11 18:44:42","2026-06-12 02:44:42","63115264","pod=cartservice-dc9f4fb6d-t9hpn"
"2026-06-11 18:44:57","2026-06-12 02:44:57","63098880","pod=cartservice-dc9f4fb6d-t9hpn"
"2026-06-11 18:45:12","2026-06-12 02:45:12","63086592","pod=cartservice-dc9f4fb6d-t9hpn"
"2026-06-11 18:45:27","2026-06-12 02:45:27","63090688","pod=cartservice-dc9f4fb6d-t9hpn"
"2026-06-11 18:45:42","2026-06-12 02:45:42","63090688","pod=cartservice-dc9f4fb6d-t9hpn"
"2026-06-11 18:45:57","2026-06-12 02:45:57","63401984","pod=cartservice-dc9f4fb6d-t9hpn"
"2026-06-11 18:46:12","2026-06-12 02:46:12","63401984","pod=cartservice-dc9f4fb6d-t9hpn"
"2026-06-11 18:46:27","2026-06-12 02:46:27","63119360","pod=cartservice-dc9f4fb6d-t9hpn"
"2026-06-11 18:46:42","2026-06-12 02:46:42","63119360","pod=cartservice-dc9f4fb6d-t9hpn"
"2026-06-11 18:46:57","2026-06-12 02:46:57","63094784","pod=cartservice-dc9f4fb6d-t9hpn"
"2026-06-11 18:47:12","2026-06-12 02:47:12","63082496","pod=cartservice-dc9f4fb6d-t9hpn"
"2026-06-11 18:47:27","2026-06-12 02:47:27","63074304","pod=cartservice-dc9f4fb6d-t9hpn"
"2026-06-11 18:47:42","2026-06-12 02:47:42","63074304","pod=cartservice-dc9f4fb6d-t9hpn"
"2026-06-11 18:47:57","2026-06-12 02:47:57","62988288","pod=cartservice-dc9f4fb6d-t9hpn"
"2026-06-11 18:48:12","2026-06-12 02:48:12","63045632","pod=cartservice-dc9f4fb6d-t9hpn"
"2026-06-11 18:48:27","2026-06-12 02:48:27","63074304","pod=cartservice-dc9f4fb6d-t9hpn"
"2026-06-11 18:48:42","2026-06-12 02:48:42","63074304","pod=cartservice-dc9f4fb6d-t9hpn"
"2026-06-11 18:48:57","2026-06-12 02:48:57","63041536","pod=cartservice-dc9f4fb6d-t9hpn"
"2026-06-11 18:49:12","2026-06-12 02:49:12","63049728","pod=cartservice-dc9f4fb6d-t9hpn"
"2026-06-11 18:49:27","2026-06-12 02:49:27","63049728","pod=cartservice-dc9f4fb6d-t9hpn"
"2026-06-11 18:49:42","2026-06-12 02:49:42","63082496","pod=cartservice-dc9f4fb6d-t9hpn"
"2026-06-11 18:49:57","2026-06-12 02:49:57","63606784","pod=cartservice-dc9f4fb6d-t9hpn"
"2026-06-11 18:50:12","2026-06-12 02:50:12","63049728","pod=cartservice-dc9f4fb6d-t9hpn"
"2026-06-11 18:50:27","2026-06-12 02:50:27","63062016","pod=cartservice-dc9f4fb6d-t9hpn"
"2026-06-11 18:50:42","2026-06-12 02:50:42","63082496","pod=cartservice-dc9f4fb6d-t9hpn"
"2026-06-11 18:50:57","2026-06-12 02:50:57","63049728","pod=cartservice-dc9f4fb6d-t9hpn"
"2026-06-11 18:51:12","2026-06-12 02:51:12","63049728","pod=cartservice-dc9f4fb6d-t9hpn"
"2026-06-11 18:51:27","2026-06-12 02:51:27","63090688","pod=cartservice-dc9f4fb6d-t9hpn"
"2026-06-11 18:51:42","2026-06-12 02:51:42","63086592","pod=cartservice-dc9f4fb6d-t9hpn"
"2026-06-11 18:51:57","2026-06-12 02:51:57","63090688","pod=cartservice-dc9f4fb6d-t9hpn"
"2026-06-11 18:52:12","2026-06-12 02:52:12","63086592","pod=cartservice-dc9f4fb6d-t9hpn"
"2026-06-11 18:52:27","2026-06-12 02:52:27","63086592","pod=cartservice-dc9f4fb6d-t9hpn"
"2026-06-11 18:52:42","2026-06-12 02:52:42","63086592","pod=cartservice-dc9f4fb6d-t9hpn"
"2026-06-11 18:52:57","2026-06-12 02:52:57","63086592","pod=cartservice-dc9f4fb6d-t9hpn"
"2026-06-11 18:53:12","2026-06-12 02:53:12","63098880","pod=cartservice-dc9f4fb6d-t9hpn"
"2026-06-11 18:53:27","2026-06-12 02:53:27","63098880","pod=cartservice-dc9f4fb6d-t9hpn"
"2026-06-11 18:53:42","2026-06-12 02:53:42","63086592","pod=cartservice-dc9f4fb6d-t9hpn"
"2026-06-11 18:53:57","2026-06-12 02:53:57","63098880","pod=cartservice-dc9f4fb6d-t9hpn"
"2026-06-11 18:54:12","2026-06-12 02:54:12","63021056","pod=cartservice-dc9f4fb6d-t9hpn"
"2026-06-11 18:54:27","2026-06-12 02:54:27","63078400","pod=cartservice-dc9f4fb6d-t9hpn"
"2026-06-11 18:54:42","2026-06-12 02:54:42","63082496","pod=cartservice-dc9f4fb6d-t9hpn"
"2026-06-11 18:54:57","2026-06-12 02:54:57","63049728","pod=cartservice-dc9f4fb6d-t9hpn"
"2026-06-11 18:55:12","2026-06-12 02:55:12","63049728","pod=cartservice-dc9f4fb6d-t9hpn"
"2026-06-11 18:55:27","2026-06-12 02:55:27","63311872","pod=cartservice-dc9f4fb6d-t9hpn"
"2026-06-11 18:55:42","2026-06-12 02:55:42","63062016","pod=cartservice-dc9f4fb6d-t9hpn"
"2026-06-11 18:55:57","2026-06-12 02:55:57","63086592","pod=cartservice-dc9f4fb6d-t9hpn"
"2026-06-11 18:56:12","2026-06-12 02:56:12","63057920","pod=cartservice-dc9f4fb6d-t9hpn"
"2026-06-11 18:56:27","2026-06-12 02:56:27","63057920","pod=cartservice-dc9f4fb6d-t9hpn"
"2026-06-11 18:56:42","2026-06-12 02:56:42","63574016","pod=cartservice-dc9f4fb6d-t9hpn"
"2026-06-11 18:56:57","2026-06-12 02:56:57","63094784","pod=cartservice-dc9f4fb6d-t9hpn"
"2026-06-11 18:57:12","2026-06-12 02:57:12","63115264","pod=cartservice-dc9f4fb6d-t9hpn"
"2026-06-11 18:57:27","2026-06-12 02:57:27","63078400","pod=cartservice-dc9f4fb6d-t9hpn"
"2026-06-11 18:57:42","2026-06-12 02:57:42","63119360","pod=cartservice-dc9f4fb6d-t9hpn"
"2026-06-11 18:57:57","2026-06-12 02:57:57","63119360","pod=cartservice-dc9f4fb6d-t9hpn"
"2026-06-11 18:58:12","2026-06-12 02:58:12","63049728","pod=cartservice-dc9f4fb6d-t9hpn"
"2026-06-11 18:58:27","2026-06-12 02:58:27","63049728","pod=cartservice-dc9f4fb6d-t9hpn"
"2026-06-11 18:58:42","2026-06-12 02:58:42","63049728","pod=cartservice-dc9f4fb6d-t9hpn"
"2026-06-11 18:58:57","2026-06-12 02:58:57","63041536","pod=cartservice-dc9f4fb6d-t9hpn"
"2026-06-11 18:59:12","2026-06-12 02:59:12","63426560","pod=cartservice-dc9f4fb6d-t9hpn"
"2026-06-11 18:59:27","2026-06-12 02:59:27","63102976","pod=cartservice-dc9f4fb6d-t9hpn"
"2026-06-11 18:59:42","2026-06-12 02:59:42","63102976","pod=cartservice-dc9f4fb6d-t9hpn"
"2026-06-11 18:59:57","2026-06-12 02:59:57","63074304","pod=cartservice-dc9f4fb6d-t9hpn"
"2026-06-11 19:00:12","2026-06-12 03:00:12","63164416","pod=cartservice-dc9f4fb6d-t9hpn"
"2026-06-11 19:00:27","2026-06-12 03:00:27","63385600","pod=cartservice-dc9f4fb6d-t9hpn"
"2026-06-11 19:00:42","2026-06-12 03:00:42","63123456","pod=cartservice-dc9f4fb6d-t9hpn"
"2026-06-11 19:00:57","2026-06-12 03:00:57","63123456","pod=cartservice-dc9f4fb6d-t9hpn"
"2026-06-11 19:01:12","2026-06-12 03:01:12","63123456","pod=cartservice-dc9f4fb6d-t9hpn"
"2026-06-11 19:01:27","2026-06-12 03:01:27","63184896","pod=cartservice-dc9f4fb6d-t9hpn"
"2026-06-11 19:01:42","2026-06-12 03:01:42","63184896","pod=cartservice-dc9f4fb6d-t9hpn"
"2026-06-11 19:01:57","2026-06-12 03:01:57","63156224","pod=cartservice-dc9f4fb6d-t9hpn"
"2026-06-11 19:02:12","2026-06-12 03:02:12","63119360","pod=cartservice-dc9f4fb6d-t9hpn"
"2026-06-11 19:02:27","2026-06-12 03:02:27","63135744","pod=cartservice-dc9f4fb6d-t9hpn"
"2026-06-11 19:02:42","2026-06-12 03:02:42","63160320","pod=cartservice-dc9f4fb6d-t9hpn"
"2026-06-11 19:02:57","2026-06-12 03:02:57","63168512","pod=cartservice-dc9f4fb6d-t9hpn"
"2026-06-11 19:03:12","2026-06-12 03:03:12","63164416","pod=cartservice-dc9f4fb6d-t9hpn"
"2026-06-11 19:03:27","2026-06-12 03:03:27","63164416","pod=cartservice-dc9f4fb6d-t9hpn"
"2026-06-11 19:03:42","2026-06-12 03:03:42","63193088","pod=cartservice-dc9f4fb6d-t9hpn"
"2026-06-11 19:03:57","2026-06-12 03:03:57","63135744","pod=cartservice-dc9f4fb6d-t9hpn"
"2026-06-11 19:04:12","2026-06-12 03:04:12","63164416","pod=cartservice-dc9f4fb6d-t9hpn"
"2026-06-11 19:04:27","2026-06-12 03:04:27","63098880","pod=cartservice-dc9f4fb6d-t9hpn"
"2026-06-11 19:04:42","2026-06-12 03:04:42","63107072","pod=cartservice-dc9f4fb6d-t9hpn"
"2026-06-11 19:04:57","2026-06-12 03:04:57","63098880","pod=cartservice-dc9f4fb6d-t9hpn"
"2026-06-11 19:05:12","2026-06-12 03:05:12","63127552","pod=cartservice-dc9f4fb6d-t9hpn"
"2026-06-11 19:05:27","2026-06-12 03:05:27","63156224","pod=cartservice-dc9f4fb6d-t9hpn"
"2026-06-11 19:05:42","2026-06-12 03:05:42","63127552","pod=cartservice-dc9f4fb6d-t9hpn"
"2026-06-11 19:05:57","2026-06-12 03:05:57","63188992","pod=cartservice-dc9f4fb6d-t9hpn"
"2026-06-11 19:06:12","2026-06-12 03:06:12","63188992","pod=cartservice-dc9f4fb6d-t9hpn"
"2026-06-11 19:06:27","2026-06-12 03:06:27","63152128","pod=cartservice-dc9f4fb6d-t9hpn"
"2026-06-11 19:06:42","2026-06-12 03:06:42","63078400","pod=cartservice-dc9f4fb6d-t9hpn"
"2026-06-11 19:06:57","2026-06-12 03:06:57","63111168","pod=cartservice-dc9f4fb6d-t9hpn"
"2026-06-11 19:07:12","2026-06-12 03:07:12","63135744","pod=cartservice-dc9f4fb6d-t9hpn"
"2026-06-11 19:07:27","2026-06-12 03:07:27","63135744","pod=cartservice-dc9f4fb6d-t9hpn"
"2026-06-11 19:07:42","2026-06-12 03:07:42","63143936","pod=cartservice-dc9f4fb6d-t9hpn"
"2026-06-11 19:07:57","2026-06-12 03:07:57","63184896","pod=cartservice-dc9f4fb6d-t9hpn"
"2026-06-11 19:08:12","2026-06-12 03:08:12","63188992","pod=cartservice-dc9f4fb6d-t9hpn"
"2026-06-11 19:08:27","2026-06-12 03:08:27","63131648","pod=cartservice-dc9f4fb6d-t9hpn"
"2026-06-11 19:08:42","2026-06-12 03:08:42","63135744","pod=cartservice-dc9f4fb6d-t9hpn"
"2026-06-11 19:08:57","2026-06-12 03:08:57","63135744","pod=cartservice-dc9f4fb6d-t9hpn"
"2026-06-11 19:09:12","2026-06-12 03:09:12","63131648","pod=cartservice-dc9f4fb6d-t9hpn"
"2026-06-11 19:09:27","2026-06-12 03:09:27","63160320","pod=cartservice-dc9f4fb6d-t9hpn"
"2026-06-11 19:09:42","2026-06-12 03:09:42","63127552","pod=cartservice-dc9f4fb6d-t9hpn"
"2026-06-11 19:09:57","2026-06-12 03:09:57","63127552","pod=cartservice-dc9f4fb6d-t9hpn"
"2026-06-11 19:10:12","2026-06-12 03:10:12","63184896","pod=cartservice-dc9f4fb6d-t9hpn"
"2026-06-11 19:10:27","2026-06-12 03:10:27","63180800","pod=cartservice-dc9f4fb6d-t9hpn"
"2026-06-11 19:10:42","2026-06-12 03:10:42","63373312","pod=cartservice-dc9f4fb6d-t9hpn"
"2026-06-11 19:10:57","2026-06-12 03:10:57","63373312","pod=cartservice-dc9f4fb6d-t9hpn"
"2026-06-11 19:11:12","2026-06-12 03:11:12","63115264","pod=cartservice-dc9f4fb6d-t9hpn"
"2026-06-11 19:11:27","2026-06-12 03:11:27","63143936","pod=cartservice-dc9f4fb6d-t9hpn"
"2026-06-11 19:11:42","2026-06-12 03:11:42","63270912","pod=cartservice-dc9f4fb6d-t9hpn"
"2026-06-11 19:11:57","2026-06-12 03:11:57","63139840","pod=cartservice-dc9f4fb6d-t9hpn"
"2026-06-11 19:12:12","2026-06-12 03:12:12","63139840","pod=cartservice-dc9f4fb6d-t9hpn"
"2026-06-11 19:12:27","2026-06-12 03:12:27","63168512","pod=cartservice-dc9f4fb6d-t9hpn"
"2026-06-11 19:12:42","2026-06-12 03:12:42","63168512","pod=cartservice-dc9f4fb6d-t9hpn"
"2026-06-11 19:12:57","2026-06-12 03:12:57","63193088","pod=cartservice-dc9f4fb6d-t9hpn"
"2026-06-11 19:13:12","2026-06-12 03:13:12","63143936","pod=cartservice-dc9f4fb6d-t9hpn"
"2026-06-11 19:13:27","2026-06-12 03:13:27","63152128","pod=cartservice-dc9f4fb6d-t9hpn"
"2026-06-11 19:13:42","2026-06-12 03:13:42","63188992","pod=cartservice-dc9f4fb6d-t9hpn"
"2026-06-11 19:13:57","2026-06-12 03:13:57","63152128","pod=cartservice-dc9f4fb6d-t9hpn"
"2026-06-11 19:14:12","2026-06-12 03:14:12","63152128","pod=cartservice-dc9f4fb6d-t9hpn"
"2026-06-11 19:14:27","2026-06-12 03:14:27","63987712","pod=cartservice-dc9f4fb6d-t9hpn"
"2026-06-11 19:14:42","2026-06-12 03:14:42","63180800","pod=cartservice-dc9f4fb6d-t9hpn"
"2026-06-11 19:14:57","2026-06-12 03:14:57","63451136","pod=cartservice-dc9f4fb6d-t9hpn"
"2026-06-11 19:15:12","2026-06-12 03:15:12","63094784","pod=cartservice-dc9f4fb6d-t9hpn"
"2026-06-11 19:15:27","2026-06-12 03:15:27","63086592","pod=cartservice-dc9f4fb6d-t9hpn"
"2026-06-11 19:15:42","2026-06-12 03:15:42","63172608","pod=cartservice-dc9f4fb6d-t9hpn"
"2026-06-11 19:15:57","2026-06-12 03:15:57","63172608","pod=cartservice-dc9f4fb6d-t9hpn"
"2026-06-11 19:16:12","2026-06-12 03:16:12","63143936","pod=cartservice-dc9f4fb6d-t9hpn"
"2026-06-11 19:16:27","2026-06-12 03:16:27","63107072","pod=cartservice-dc9f4fb6d-t9hpn"
"2026-06-11 19:16:42","2026-06-12 03:16:42","63160320","pod=cartservice-dc9f4fb6d-t9hpn"
"2026-06-11 19:16:57","2026-06-12 03:16:57","63160320","pod=cartservice-dc9f4fb6d-t9hpn"
"2026-06-11 19:17:12","2026-06-12 03:17:12","63393792","pod=cartservice-dc9f4fb6d-t9hpn"
"2026-06-11 19:17:27","2026-06-12 03:17:27","63123456","pod=cartservice-dc9f4fb6d-t9hpn"
"2026-06-11 19:17:42","2026-06-12 03:17:42","63139840","pod=cartservice-dc9f4fb6d-t9hpn"
"2026-06-11 19:17:57","2026-06-12 03:17:57","63127552","pod=cartservice-dc9f4fb6d-t9hpn"
"2026-06-11 19:18:12","2026-06-12 03:18:12","63131648","pod=cartservice-dc9f4fb6d-t9hpn"
"2026-06-11 19:18:27","2026-06-12 03:18:27","63164416","pod=cartservice-dc9f4fb6d-t9hpn"
"2026-06-11 19:18:42","2026-06-12 03:18:42","63160320","pod=cartservice-dc9f4fb6d-t9hpn"
"2026-06-11 19:18:57","2026-06-12 03:18:57","63160320","pod=cartservice-dc9f4fb6d-t9hpn"
"2026-06-11 19:19:12","2026-06-12 03:19:12","63057920","pod=cartservice-dc9f4fb6d-t9hpn"
"2026-06-11 19:19:27","2026-06-12 03:19:27","63119360","pod=cartservice-dc9f4fb6d-t9hpn"
"2026-06-11 19:19:42","2026-06-12 03:19:42","63414272","pod=cartservice-dc9f4fb6d-t9hpn"
"2026-06-11 19:19:57","2026-06-12 03:19:57","63381504","pod=cartservice-dc9f4fb6d-t9hpn"
"2026-06-11 19:20:12","2026-06-12 03:20:12","63148032","pod=cartservice-dc9f4fb6d-t9hpn"
"2026-06-11 19:20:27","2026-06-12 03:20:27","63148032","pod=cartservice-dc9f4fb6d-t9hpn"
"2026-06-11 19:20:42","2026-06-12 03:20:42","63176704","pod=cartservice-dc9f4fb6d-t9hpn"
"2026-06-11 19:20:57","2026-06-12 03:20:57","63148032","pod=cartservice-dc9f4fb6d-t9hpn"
"2026-06-11 19:21:12","2026-06-12 03:21:12","63119360","pod=cartservice-dc9f4fb6d-t9hpn"
"2026-06-11 19:21:27","2026-06-12 03:21:27","63180800","pod=cartservice-dc9f4fb6d-t9hpn"
"2026-06-11 19:21:42","2026-06-12 03:21:42","63180800","pod=cartservice-dc9f4fb6d-t9hpn"
"2026-06-11 19:21:57","2026-06-12 03:21:57","63094784","pod=cartservice-dc9f4fb6d-t9hpn"
"2026-06-11 19:22:12","2026-06-12 03:22:12","63119360","pod=cartservice-dc9f4fb6d-t9hpn"
"2026-06-11 19:22:27","2026-06-12 03:22:27","63377408","pod=cartservice-dc9f4fb6d-t9hpn"
"2026-06-11 19:22:42","2026-06-12 03:22:42","63148032","pod=cartservice-dc9f4fb6d-t9hpn"
"2026-06-11 19:22:57","2026-06-12 03:22:57","63406080","pod=cartservice-dc9f4fb6d-t9hpn"
"2026-06-11 19:23:12","2026-06-12 03:23:12","63148032","pod=cartservice-dc9f4fb6d-t9hpn"
"2026-06-11 19:23:27","2026-06-12 03:23:27","63148032","pod=cartservice-dc9f4fb6d-t9hpn"
"2026-06-11 19:23:42","2026-06-12 03:23:42","63381504","pod=cartservice-dc9f4fb6d-t9hpn"
"2026-06-11 19:23:57","2026-06-12 03:23:57","63148032","pod=cartservice-dc9f4fb6d-t9hpn"
"2026-06-11 19:24:12","2026-06-12 03:24:12","63148032","pod=cartservice-dc9f4fb6d-t9hpn"
"2026-06-11 19:24:27","2026-06-12 03:24:27","63164416","pod=cartservice-dc9f4fb6d-t9hpn"
"2026-06-11 19:24:42","2026-06-12 03:24:42","63127552","pod=cartservice-dc9f4fb6d-t9hpn"
"2026-06-11 19:24:57","2026-06-12 03:24:57","63127552","pod=cartservice-dc9f4fb6d-t9hpn"
"2026-06-11 19:25:12","2026-06-12 03:25:12","63127552","pod=cartservice-dc9f4fb6d-t9hpn"
"2026-06-11 19:25:27","2026-06-12 03:25:27","63131648","pod=cartservice-dc9f4fb6d-t9hpn"
"2026-06-11 19:25:42","2026-06-12 03:25:42","63127552","pod=cartservice-dc9f4fb6d-t9hpn"
"2026-06-11 19:25:57","2026-06-12 03:25:57","63143936","pod=cartservice-dc9f4fb6d-t9hpn"
"2026-06-11 19:26:12","2026-06-12 03:26:12","63168512","pod=cartservice-dc9f4fb6d-t9hpn"
"2026-06-11 19:26:27","2026-06-12 03:26:27","63193088","pod=cartservice-dc9f4fb6d-t9hpn"
"2026-06-11 19:26:42","2026-06-12 03:26:42","63127552","pod=cartservice-dc9f4fb6d-t9hpn"
"2026-06-11 19:26:57","2026-06-12 03:26:57","63164416","pod=cartservice-dc9f4fb6d-t9hpn"
"2026-06-11 17:26:57","2026-06-12 01:26:57","12664832","pod=checkoutservice-6d7ccbb6cf-jhbpr"
"2026-06-11 17:27:12","2026-06-12 01:27:12","12664832","pod=checkoutservice-6d7ccbb6cf-jhbpr"
"2026-06-11 17:27:27","2026-06-12 01:27:27","12664832","pod=checkoutservice-6d7ccbb6cf-jhbpr"
"2026-06-11 17:27:42","2026-06-12 01:27:42","12664832","pod=checkoutservice-6d7ccbb6cf-jhbpr"
"2026-06-11 17:27:57","2026-06-12 01:27:57","12832768","pod=checkoutservice-6d7ccbb6cf-jhbpr"
"2026-06-11 17:28:12","2026-06-12 01:28:12","12832768","pod=checkoutservice-6d7ccbb6cf-jhbpr"
"2026-06-11 17:28:27","2026-06-12 01:28:27","12836864","pod=checkoutservice-6d7ccbb6cf-jhbpr"
"2026-06-11 17:28:42","2026-06-12 01:28:42","12836864","pod=checkoutservice-6d7ccbb6cf-jhbpr"
"2026-06-11 17:28:57","2026-06-12 01:28:57","12939264","pod=checkoutservice-6d7ccbb6cf-jhbpr"
"2026-06-11 17:29:12","2026-06-12 01:29:12","12943360","pod=checkoutservice-6d7ccbb6cf-jhbpr"
"2026-06-11 17:29:27","2026-06-12 01:29:27","12947456","pod=checkoutservice-6d7ccbb6cf-jhbpr"
"2026-06-11 17:29:42","2026-06-12 01:29:42","12951552","pod=checkoutservice-6d7ccbb6cf-jhbpr"
"2026-06-11 17:29:57","2026-06-12 01:29:57","12591104","pod=checkoutservice-6d7ccbb6cf-jhbpr"
"2026-06-11 17:30:12","2026-06-12 01:30:12","12591104","pod=checkoutservice-6d7ccbb6cf-jhbpr"
"2026-06-11 17:30:27","2026-06-12 01:30:27","12562432","pod=checkoutservice-6d7ccbb6cf-jhbpr"
"2026-06-11 17:30:42","2026-06-12 01:30:42","12562432","pod=checkoutservice-6d7ccbb6cf-jhbpr"
"2026-06-11 17:30:57","2026-06-12 01:30:57","12558336","pod=checkoutservice-6d7ccbb6cf-jhbpr"
"2026-06-11 17:31:12","2026-06-12 01:31:12","12644352","pod=checkoutservice-6d7ccbb6cf-jhbpr"
"2026-06-11 17:31:27","2026-06-12 01:31:27","12644352","pod=checkoutservice-6d7ccbb6cf-jhbpr"
"2026-06-11 17:31:42","2026-06-12 01:31:42","12652544","pod=checkoutservice-6d7ccbb6cf-jhbpr"
"2026-06-11 17:31:57","2026-06-12 01:31:57","12648448","pod=checkoutservice-6d7ccbb6cf-jhbpr"
"2026-06-11 17:32:12","2026-06-12 01:32:12","12484608","pod=checkoutservice-6d7ccbb6cf-jhbpr"
"2026-06-11 17:32:27","2026-06-12 01:32:27","12488704","pod=checkoutservice-6d7ccbb6cf-jhbpr"
"2026-06-11 17:32:42","2026-06-12 01:32:42","12488704","pod=checkoutservice-6d7ccbb6cf-jhbpr"
"2026-06-11 17:32:57","2026-06-12 01:32:57","12754944","pod=checkoutservice-6d7ccbb6cf-jhbpr"
"2026-06-11 17:33:12","2026-06-12 01:33:12","12775424","pod=checkoutservice-6d7ccbb6cf-jhbpr"
"2026-06-11 17:33:27","2026-06-12 01:33:27","12926976","pod=checkoutservice-6d7ccbb6cf-jhbpr"
"2026-06-11 17:33:42","2026-06-12 01:33:42","12926976","pod=checkoutservice-6d7ccbb6cf-jhbpr"
"2026-06-11 17:33:57","2026-06-12 01:33:57","12734464","pod=checkoutservice-6d7ccbb6cf-jhbpr"
"2026-06-11 17:34:12","2026-06-12 01:34:12","12734464","pod=checkoutservice-6d7ccbb6cf-jhbpr"
"2026-06-11 17:34:27","2026-06-12 01:34:27","12734464","pod=checkoutservice-6d7ccbb6cf-jhbpr"
"2026-06-11 17:34:42","2026-06-12 01:34:42","12750848","pod=checkoutservice-6d7ccbb6cf-jhbpr"
"2026-06-11 17:34:57","2026-06-12 01:34:57","12750848","pod=checkoutservice-6d7ccbb6cf-jhbpr"
"2026-06-11 17:35:12","2026-06-12 01:35:12","12746752","pod=checkoutservice-6d7ccbb6cf-jhbpr"
"2026-06-11 17:35:27","2026-06-12 01:35:27","12746752","pod=checkoutservice-6d7ccbb6cf-jhbpr"
"2026-06-11 17:35:42","2026-06-12 01:35:42","12746752","pod=checkoutservice-6d7ccbb6cf-jhbpr"
"2026-06-11 17:35:57","2026-06-12 01:35:57","12759040","pod=checkoutservice-6d7ccbb6cf-jhbpr"
"2026-06-11 17:36:12","2026-06-12 01:36:12","12746752","pod=checkoutservice-6d7ccbb6cf-jhbpr"
"2026-06-11 17:36:27","2026-06-12 01:36:27","12746752","pod=checkoutservice-6d7ccbb6cf-jhbpr"
"2026-06-11 17:36:42","2026-06-12 01:36:42","12742656","pod=checkoutservice-6d7ccbb6cf-jhbpr"
"2026-06-11 17:36:57","2026-06-12 01:36:57","12746752","pod=checkoutservice-6d7ccbb6cf-jhbpr"
"2026-06-11 17:37:12","2026-06-12 01:37:12","12746752","pod=checkoutservice-6d7ccbb6cf-jhbpr"
"2026-06-11 17:37:27","2026-06-12 01:37:27","12746752","pod=checkoutservice-6d7ccbb6cf-jhbpr"
"2026-06-11 17:37:42","2026-06-12 01:37:42","12746752","pod=checkoutservice-6d7ccbb6cf-jhbpr"
"2026-06-11 17:37:57","2026-06-12 01:37:57","12746752","pod=checkoutservice-6d7ccbb6cf-jhbpr"
"2026-06-11 17:38:12","2026-06-12 01:38:12","12783616","pod=checkoutservice-6d7ccbb6cf-jhbpr"
"2026-06-11 17:38:27","2026-06-12 01:38:27","12783616","pod=checkoutservice-6d7ccbb6cf-jhbpr"
"2026-06-11 17:38:42","2026-06-12 01:38:42","12783616","pod=checkoutservice-6d7ccbb6cf-jhbpr"
"2026-06-11 17:38:57","2026-06-12 01:38:57","12779520","pod=checkoutservice-6d7ccbb6cf-jhbpr"
"2026-06-11 17:39:12","2026-06-12 01:39:12","12779520","pod=checkoutservice-6d7ccbb6cf-jhbpr"
"2026-06-11 17:39:27","2026-06-12 01:39:27","12787712","pod=checkoutservice-6d7ccbb6cf-jhbpr"
"2026-06-11 17:39:42","2026-06-12 01:39:42","12943360","pod=checkoutservice-6d7ccbb6cf-jhbpr"
"2026-06-11 17:39:57","2026-06-12 01:39:57","12943360","pod=checkoutservice-6d7ccbb6cf-jhbpr"
"2026-06-11 17:40:12","2026-06-12 01:40:12","12943360","pod=checkoutservice-6d7ccbb6cf-jhbpr"
"2026-06-11 17:40:27","2026-06-12 01:40:27","12689408","pod=checkoutservice-6d7ccbb6cf-jhbpr"
"2026-06-11 17:40:42","2026-06-12 01:40:42","12689408","pod=checkoutservice-6d7ccbb6cf-jhbpr"
"2026-06-11 17:40:57","2026-06-12 01:40:57","12980224","pod=checkoutservice-6d7ccbb6cf-jhbpr"
"2026-06-11 17:41:12","2026-06-12 01:41:12","12697600","pod=checkoutservice-6d7ccbb6cf-jhbpr"
"2026-06-11 17:41:27","2026-06-12 01:41:27","12697600","pod=checkoutservice-6d7ccbb6cf-jhbpr"
"2026-06-11 17:41:42","2026-06-12 01:41:42","12693504","pod=checkoutservice-6d7ccbb6cf-jhbpr"
"2026-06-11 17:41:57","2026-06-12 01:41:57","12697600","pod=checkoutservice-6d7ccbb6cf-jhbpr"
"2026-06-11 17:42:12","2026-06-12 01:42:12","12697600","pod=checkoutservice-6d7ccbb6cf-jhbpr"
"2026-06-11 17:42:27","2026-06-12 01:42:27","12697600","pod=checkoutservice-6d7ccbb6cf-jhbpr"
"2026-06-11 17:42:42","2026-06-12 01:42:42","12808192","pod=checkoutservice-6d7ccbb6cf-jhbpr"
"2026-06-11 17:42:57","2026-06-12 01:42:57","12812288","pod=checkoutservice-6d7ccbb6cf-jhbpr"
"2026-06-11 17:43:12","2026-06-12 01:43:12","12816384","pod=checkoutservice-6d7ccbb6cf-jhbpr"
"2026-06-11 17:43:27","2026-06-12 01:43:27","12824576","pod=checkoutservice-6d7ccbb6cf-jhbpr"
"2026-06-11 17:43:42","2026-06-12 01:43:42","12816384","pod=checkoutservice-6d7ccbb6cf-jhbpr"
"2026-06-11 17:43:57","2026-06-12 01:43:57","12816384","pod=checkoutservice-6d7ccbb6cf-jhbpr"
"2026-06-11 17:44:12","2026-06-12 01:44:12","12816384","pod=checkoutservice-6d7ccbb6cf-jhbpr"
"2026-06-11 17:44:27","2026-06-12 01:44:27","12816384","pod=checkoutservice-6d7ccbb6cf-jhbpr"
"2026-06-11 17:44:42","2026-06-12 01:44:42","12890112","pod=checkoutservice-6d7ccbb6cf-jhbpr"
"2026-06-11 17:44:57","2026-06-12 01:44:57","12886016","pod=checkoutservice-6d7ccbb6cf-jhbpr"
"2026-06-11 17:45:12","2026-06-12 01:45:12","12894208","pod=checkoutservice-6d7ccbb6cf-jhbpr"
"2026-06-11 17:45:27","2026-06-12 01:45:27","12890112","pod=checkoutservice-6d7ccbb6cf-jhbpr"
"2026-06-11 17:45:42","2026-06-12 01:45:42","12890112","pod=checkoutservice-6d7ccbb6cf-jhbpr"
"2026-06-11 17:45:57","2026-06-12 01:45:57","12726272","pod=checkoutservice-6d7ccbb6cf-jhbpr"
"2026-06-11 17:46:12","2026-06-12 01:46:12","12726272","pod=checkoutservice-6d7ccbb6cf-jhbpr"
"2026-06-11 17:46:27","2026-06-12 01:46:27","12730368","pod=checkoutservice-6d7ccbb6cf-jhbpr"
"2026-06-11 17:46:42","2026-06-12 01:46:42","12800000","pod=checkoutservice-6d7ccbb6cf-jhbpr"
"2026-06-11 17:46:57","2026-06-12 01:46:57","12800000","pod=checkoutservice-6d7ccbb6cf-jhbpr"
"2026-06-11 17:47:12","2026-06-12 01:47:12","12791808","pod=checkoutservice-6d7ccbb6cf-jhbpr"
"2026-06-11 17:47:27","2026-06-12 01:47:27","12791808","pod=checkoutservice-6d7ccbb6cf-jhbpr"
"2026-06-11 17:47:42","2026-06-12 01:47:42","12791808","pod=checkoutservice-6d7ccbb6cf-jhbpr"
"2026-06-11 17:47:57","2026-06-12 01:47:57","12791808","pod=checkoutservice-6d7ccbb6cf-jhbpr"
"2026-06-11 17:48:12","2026-06-12 01:48:12","12791808","pod=checkoutservice-6d7ccbb6cf-jhbpr"
"2026-06-11 17:48:27","2026-06-12 01:48:27","12771328","pod=checkoutservice-6d7ccbb6cf-jhbpr"
"2026-06-11 17:48:42","2026-06-12 01:48:42","12771328","pod=checkoutservice-6d7ccbb6cf-jhbpr"
"2026-06-11 17:48:57","2026-06-12 01:48:57","12783616","pod=checkoutservice-6d7ccbb6cf-jhbpr"
"2026-06-11 17:49:12","2026-06-12 01:49:12","12894208","pod=checkoutservice-6d7ccbb6cf-jhbpr"
"2026-06-11 17:49:27","2026-06-12 01:49:27","12898304","pod=checkoutservice-6d7ccbb6cf-jhbpr"
"2026-06-11 17:49:42","2026-06-12 01:49:42","12902400","pod=checkoutservice-6d7ccbb6cf-jhbpr"
"2026-06-11 17:49:57","2026-06-12 01:49:57","12902400","pod=checkoutservice-6d7ccbb6cf-jhbpr"
"2026-06-11 17:50:12","2026-06-12 01:50:12","12902400","pod=checkoutservice-6d7ccbb6cf-jhbpr"
"2026-06-11 17:50:27","2026-06-12 01:50:27","12902400","pod=checkoutservice-6d7ccbb6cf-jhbpr"
"2026-06-11 17:50:42","2026-06-12 01:50:42","12902400","pod=checkoutservice-6d7ccbb6cf-jhbpr"
"2026-06-11 17:50:57","2026-06-12 01:50:57","12902400","pod=checkoutservice-6d7ccbb6cf-jhbpr"
"2026-06-11 17:51:12","2026-06-12 01:51:12","12902400","pod=checkoutservice-6d7ccbb6cf-jhbpr"
"2026-06-11 17:51:27","2026-06-12 01:51:27","12640256","pod=checkoutservice-6d7ccbb6cf-jhbpr"
"2026-06-11 17:51:42","2026-06-12 01:51:42","12640256","pod=checkoutservice-6d7ccbb6cf-jhbpr"
"2026-06-11 17:51:57","2026-06-12 01:51:57","12640256","pod=checkoutservice-6d7ccbb6cf-jhbpr"
"2026-06-11 17:52:12","2026-06-12 01:52:12","12804096","pod=checkoutservice-6d7ccbb6cf-jhbpr"
"2026-06-11 17:52:27","2026-06-12 01:52:27","12804096","pod=checkoutservice-6d7ccbb6cf-jhbpr"
"2026-06-11 17:52:42","2026-06-12 01:52:42","12812288","pod=checkoutservice-6d7ccbb6cf-jhbpr"
"2026-06-11 17:52:57","2026-06-12 01:52:57","12812288","pod=checkoutservice-6d7ccbb6cf-jhbpr"
"2026-06-11 17:53:12","2026-06-12 01:53:12","12849152","pod=checkoutservice-6d7ccbb6cf-jhbpr"
"2026-06-11 17:53:27","2026-06-12 01:53:27","12840960","pod=checkoutservice-6d7ccbb6cf-jhbpr"
"2026-06-11 17:53:42","2026-06-12 01:53:42","12836864","pod=checkoutservice-6d7ccbb6cf-jhbpr"
"2026-06-11 17:53:57","2026-06-12 01:53:57","12836864","pod=checkoutservice-6d7ccbb6cf-jhbpr"
"2026-06-11 17:54:12","2026-06-12 01:54:12","12840960","pod=checkoutservice-6d7ccbb6cf-jhbpr"
"2026-06-11 17:54:27","2026-06-12 01:54:27","12881920","pod=checkoutservice-6d7ccbb6cf-jhbpr"
"2026-06-11 17:54:42","2026-06-12 01:54:42","12881920","pod=checkoutservice-6d7ccbb6cf-jhbpr"
"2026-06-11 17:54:57","2026-06-12 01:54:57","12886016","pod=checkoutservice-6d7ccbb6cf-jhbpr"
"2026-06-11 17:55:12","2026-06-12 01:55:12","12886016","pod=checkoutservice-6d7ccbb6cf-jhbpr"
"2026-06-11 17:55:27","2026-06-12 01:55:27","12890112","pod=checkoutservice-6d7ccbb6cf-jhbpr"
"2026-06-11 17:55:42","2026-06-12 01:55:42","12890112","pod=checkoutservice-6d7ccbb6cf-jhbpr"
"2026-06-11 17:55:57","2026-06-12 01:55:57","12894208","pod=checkoutservice-6d7ccbb6cf-jhbpr"
"2026-06-11 17:56:12","2026-06-12 01:56:12","12894208","pod=checkoutservice-6d7ccbb6cf-jhbpr"
"2026-06-11 17:56:27","2026-06-12 01:56:27","12574720","pod=checkoutservice-6d7ccbb6cf-jhbpr"
"2026-06-11 17:56:42","2026-06-12 01:56:42","12574720","pod=checkoutservice-6d7ccbb6cf-jhbpr"
"2026-06-11 17:56:57","2026-06-12 01:56:57","12623872","pod=checkoutservice-6d7ccbb6cf-jhbpr"
"2026-06-11 17:57:12","2026-06-12 01:57:12","12615680","pod=checkoutservice-6d7ccbb6cf-jhbpr"
"2026-06-11 17:57:27","2026-06-12 01:57:27","12685312","pod=checkoutservice-6d7ccbb6cf-jhbpr"
"2026-06-11 17:57:42","2026-06-12 01:57:42","12681216","pod=checkoutservice-6d7ccbb6cf-jhbpr"
"2026-06-11 17:57:57","2026-06-12 01:57:57","12685312","pod=checkoutservice-6d7ccbb6cf-jhbpr"
"2026-06-11 17:58:12","2026-06-12 01:58:12","12689408","pod=checkoutservice-6d7ccbb6cf-jhbpr"
"2026-06-11 17:58:27","2026-06-12 01:58:27","12689408","pod=checkoutservice-6d7ccbb6cf-jhbpr"
"2026-06-11 17:58:42","2026-06-12 01:58:42","12697600","pod=checkoutservice-6d7ccbb6cf-jhbpr"
"2026-06-11 17:58:57","2026-06-12 01:58:57","12697600","pod=checkoutservice-6d7ccbb6cf-jhbpr"
"2026-06-11 17:59:12","2026-06-12 01:59:12","12697600","pod=checkoutservice-6d7ccbb6cf-jhbpr"
"2026-06-11 17:59:27","2026-06-12 01:59:27","12697600","pod=checkoutservice-6d7ccbb6cf-jhbpr"
"2026-06-11 17:59:42","2026-06-12 01:59:42","12697600","pod=checkoutservice-6d7ccbb6cf-jhbpr"
"2026-06-11 17:59:57","2026-06-12 01:59:57","12939264","pod=checkoutservice-6d7ccbb6cf-jhbpr"
"2026-06-11 18:00:12","2026-06-12 02:00:12","12939264","pod=checkoutservice-6d7ccbb6cf-jhbpr"
"2026-06-11 18:00:27","2026-06-12 02:00:27","12935168","pod=checkoutservice-6d7ccbb6cf-jhbpr"
"2026-06-11 18:00:42","2026-06-12 02:00:42","12935168","pod=checkoutservice-6d7ccbb6cf-jhbpr"
"2026-06-11 18:00:57","2026-06-12 02:00:57","12742656","pod=checkoutservice-6d7ccbb6cf-jhbpr"
"2026-06-11 18:01:12","2026-06-12 02:01:12","12742656","pod=checkoutservice-6d7ccbb6cf-jhbpr"
"2026-06-11 18:01:27","2026-06-12 02:01:27","12742656","pod=checkoutservice-6d7ccbb6cf-jhbpr"
"2026-06-11 18:01:42","2026-06-12 02:01:42","12742656","pod=checkoutservice-6d7ccbb6cf-jhbpr"
"2026-06-11 18:01:57","2026-06-12 02:01:57","12742656","pod=checkoutservice-6d7ccbb6cf-jhbpr"
"2026-06-11 18:02:12","2026-06-12 02:02:12","12877824","pod=checkoutservice-6d7ccbb6cf-jhbpr"
"2026-06-11 18:02:27","2026-06-12 02:02:27","12873728","pod=checkoutservice-6d7ccbb6cf-jhbpr"
"2026-06-11 18:02:42","2026-06-12 02:02:42","12877824","pod=checkoutservice-6d7ccbb6cf-jhbpr"
"2026-06-11 18:02:57","2026-06-12 02:02:57","12890112","pod=checkoutservice-6d7ccbb6cf-jhbpr"
"2026-06-11 18:03:12","2026-06-12 02:03:12","12890112","pod=checkoutservice-6d7ccbb6cf-jhbpr"
"2026-06-11 18:03:27","2026-06-12 02:03:27","12877824","pod=checkoutservice-6d7ccbb6cf-jhbpr"
"2026-06-11 18:03:42","2026-06-12 02:03:42","12877824","pod=checkoutservice-6d7ccbb6cf-jhbpr"
"2026-06-11 18:03:57","2026-06-12 02:03:57","12701696","pod=checkoutservice-6d7ccbb6cf-jhbpr"
"2026-06-11 18:04:12","2026-06-12 02:04:12","12701696","pod=checkoutservice-6d7ccbb6cf-jhbpr"
"2026-06-11 18:04:27","2026-06-12 02:04:27","12701696","pod=checkoutservice-6d7ccbb6cf-jhbpr"
"2026-06-11 18:04:42","2026-06-12 02:04:42","12701696","pod=checkoutservice-6d7ccbb6cf-jhbpr"
"2026-06-11 18:04:57","2026-06-12 02:04:57","12931072","pod=checkoutservice-6d7ccbb6cf-jhbpr"
"2026-06-11 18:05:12","2026-06-12 02:05:12","12926976","pod=checkoutservice-6d7ccbb6cf-jhbpr"
"2026-06-11 18:05:27","2026-06-12 02:05:27","12926976","pod=checkoutservice-6d7ccbb6cf-jhbpr"
"2026-06-11 18:05:42","2026-06-12 02:05:42","12926976","pod=checkoutservice-6d7ccbb6cf-jhbpr"
"2026-06-11 18:05:57","2026-06-12 02:05:57","12939264","pod=checkoutservice-6d7ccbb6cf-jhbpr"
"2026-06-11 18:06:12","2026-06-12 02:06:12","12939264","pod=checkoutservice-6d7ccbb6cf-jhbpr"
"2026-06-11 18:06:27","2026-06-12 02:06:27","12943360","pod=checkoutservice-6d7ccbb6cf-jhbpr"
"2026-06-11 18:06:42","2026-06-12 02:06:42","12943360","pod=checkoutservice-6d7ccbb6cf-jhbpr"
"2026-06-11 18:06:57","2026-06-12 02:06:57","12705792","pod=checkoutservice-6d7ccbb6cf-jhbpr"
"2026-06-11 18:07:12","2026-06-12 02:07:12","12709888","pod=checkoutservice-6d7ccbb6cf-jhbpr"
"2026-06-11 18:07:27","2026-06-12 02:07:27","12718080","pod=checkoutservice-6d7ccbb6cf-jhbpr"
"2026-06-11 18:07:42","2026-06-12 02:07:42","12595200","pod=checkoutservice-6d7ccbb6cf-jhbpr"
"2026-06-11 18:07:57","2026-06-12 02:07:57","12595200","pod=checkoutservice-6d7ccbb6cf-jhbpr"
"2026-06-11 18:08:12","2026-06-12 02:08:12","12709888","pod=checkoutservice-6d7ccbb6cf-jhbpr"
"2026-06-11 18:08:27","2026-06-12 02:08:27","13463552","pod=checkoutservice-6d7ccbb6cf-jhbpr"
"2026-06-11 18:08:42","2026-06-12 02:08:42","13463552","pod=checkoutservice-6d7ccbb6cf-jhbpr"
"2026-06-11 18:08:57","2026-06-12 02:08:57","12656640","pod=checkoutservice-6d7ccbb6cf-jhbpr"
"2026-06-11 18:09:12","2026-06-12 02:09:12","12656640","pod=checkoutservice-6d7ccbb6cf-jhbpr"
"2026-06-11 18:09:27","2026-06-12 02:09:27","12738560","pod=checkoutservice-6d7ccbb6cf-jhbpr"
"2026-06-11 18:09:42","2026-06-12 02:09:42","12754944","pod=checkoutservice-6d7ccbb6cf-jhbpr"
"2026-06-11 18:09:57","2026-06-12 02:09:57","12816384","pod=checkoutservice-6d7ccbb6cf-jhbpr"
"2026-06-11 18:10:12","2026-06-12 02:10:12","12861440","pod=checkoutservice-6d7ccbb6cf-jhbpr"
"2026-06-11 18:10:27","2026-06-12 02:10:27","12865536","pod=checkoutservice-6d7ccbb6cf-jhbpr"
"2026-06-11 18:10:42","2026-06-12 02:10:42","12861440","pod=checkoutservice-6d7ccbb6cf-jhbpr"
"2026-06-11 18:10:57","2026-06-12 02:10:57","12865536","pod=checkoutservice-6d7ccbb6cf-jhbpr"
"2026-06-11 18:11:12","2026-06-12 02:11:12","12865536","pod=checkoutservice-6d7ccbb6cf-jhbpr"
"2026-06-11 18:11:27","2026-06-12 02:11:27","12943360","pod=checkoutservice-6d7ccbb6cf-jhbpr"
"2026-06-11 18:11:42","2026-06-12 02:11:42","12947456","pod=checkoutservice-6d7ccbb6cf-jhbpr"
"2026-06-11 18:11:57","2026-06-12 02:11:57","12947456","pod=checkoutservice-6d7ccbb6cf-jhbpr"
"2026-06-11 18:12:12","2026-06-12 02:12:12","12959744","pod=checkoutservice-6d7ccbb6cf-jhbpr"
"2026-06-11 18:12:27","2026-06-12 02:12:27","12959744","pod=checkoutservice-6d7ccbb6cf-jhbpr"
"2026-06-11 18:12:42","2026-06-12 02:12:42","12943360","pod=checkoutservice-6d7ccbb6cf-jhbpr"
"2026-06-11 18:12:57","2026-06-12 02:12:57","12943360","pod=checkoutservice-6d7ccbb6cf-jhbpr"
"2026-06-11 18:13:12","2026-06-12 02:13:12","12947456","pod=checkoutservice-6d7ccbb6cf-jhbpr"
"2026-06-11 18:13:27","2026-06-12 02:13:27","12947456","pod=checkoutservice-6d7ccbb6cf-jhbpr"
"2026-06-11 18:13:42","2026-06-12 02:13:42","12980224","pod=checkoutservice-6d7ccbb6cf-jhbpr"
"2026-06-11 18:13:57","2026-06-12 02:13:57","12980224","pod=checkoutservice-6d7ccbb6cf-jhbpr"
"2026-06-11 18:14:12","2026-06-12 02:14:12","12976128","pod=checkoutservice-6d7ccbb6cf-jhbpr"
"2026-06-11 18:14:27","2026-06-12 02:14:27","12963840","pod=checkoutservice-6d7ccbb6cf-jhbpr"
"2026-06-11 18:14:42","2026-06-12 02:14:42","12963840","pod=checkoutservice-6d7ccbb6cf-jhbpr"
"2026-06-11 18:14:57","2026-06-12 02:14:57","12963840","pod=checkoutservice-6d7ccbb6cf-jhbpr"
"2026-06-11 18:15:12","2026-06-12 02:15:12","12959744","pod=checkoutservice-6d7ccbb6cf-jhbpr"
"2026-06-11 18:15:27","2026-06-12 02:15:27","12967936","pod=checkoutservice-6d7ccbb6cf-jhbpr"
"2026-06-11 18:15:42","2026-06-12 02:15:42","12967936","pod=checkoutservice-6d7ccbb6cf-jhbpr"
"2026-06-11 18:15:57","2026-06-12 02:15:57","12787712","pod=checkoutservice-6d7ccbb6cf-jhbpr"
"2026-06-11 18:16:12","2026-06-12 02:16:12","12771328","pod=checkoutservice-6d7ccbb6cf-jhbpr"
"2026-06-11 18:16:27","2026-06-12 02:16:27","12771328","pod=checkoutservice-6d7ccbb6cf-jhbpr"
"2026-06-11 18:16:42","2026-06-12 02:16:42","12775424","pod=checkoutservice-6d7ccbb6cf-jhbpr"
"2026-06-11 18:16:57","2026-06-12 02:16:57","12775424","pod=checkoutservice-6d7ccbb6cf-jhbpr"
"2026-06-11 18:17:12","2026-06-12 02:17:12","12783616","pod=checkoutservice-6d7ccbb6cf-jhbpr"
"2026-06-11 18:17:27","2026-06-12 02:17:27","12783616","pod=checkoutservice-6d7ccbb6cf-jhbpr"
"2026-06-11 18:17:42","2026-06-12 02:17:42","12783616","pod=checkoutservice-6d7ccbb6cf-jhbpr"
"2026-06-11 18:17:57","2026-06-12 02:17:57","12787712","pod=checkoutservice-6d7ccbb6cf-jhbpr"
"2026-06-11 18:18:12","2026-06-12 02:18:12","12783616","pod=checkoutservice-6d7ccbb6cf-jhbpr"
"2026-06-11 18:18:27","2026-06-12 02:18:27","12783616","pod=checkoutservice-6d7ccbb6cf-jhbpr"
"2026-06-11 18:18:42","2026-06-12 02:18:42","12779520","pod=checkoutservice-6d7ccbb6cf-jhbpr"
"2026-06-11 18:18:57","2026-06-12 02:18:57","12783616","pod=checkoutservice-6d7ccbb6cf-jhbpr"
"2026-06-11 18:19:12","2026-06-12 02:19:12","12783616","pod=checkoutservice-6d7ccbb6cf-jhbpr"
"2026-06-11 18:19:27","2026-06-12 02:19:27","12783616","pod=checkoutservice-6d7ccbb6cf-jhbpr"
"2026-06-11 18:19:42","2026-06-12 02:19:42","12783616","pod=checkoutservice-6d7ccbb6cf-jhbpr"
"2026-06-11 18:19:57","2026-06-12 02:19:57","12926976","pod=checkoutservice-6d7ccbb6cf-jhbpr"
"2026-06-11 18:20:12","2026-06-12 02:20:12","12922880","pod=checkoutservice-6d7ccbb6cf-jhbpr"
"2026-06-11 18:20:27","2026-06-12 02:20:27","12922880","pod=checkoutservice-6d7ccbb6cf-jhbpr"
"2026-06-11 18:20:42","2026-06-12 02:20:42","12922880","pod=checkoutservice-6d7ccbb6cf-jhbpr"
"2026-06-11 18:20:57","2026-06-12 02:20:57","12922880","pod=checkoutservice-6d7ccbb6cf-jhbpr"
"2026-06-11 18:21:12","2026-06-12 02:21:12","12984320","pod=checkoutservice-6d7ccbb6cf-jhbpr"
"2026-06-11 18:21:27","2026-06-12 02:21:27","12984320","pod=checkoutservice-6d7ccbb6cf-jhbpr"
"2026-06-11 18:21:42","2026-06-12 02:21:42","12984320","pod=checkoutservice-6d7ccbb6cf-jhbpr"
"2026-06-11 18:21:57","2026-06-12 02:21:57","13008896","pod=checkoutservice-6d7ccbb6cf-jhbpr"
"2026-06-11 18:22:12","2026-06-12 02:22:12","13008896","pod=checkoutservice-6d7ccbb6cf-jhbpr"
"2026-06-11 18:22:27","2026-06-12 02:22:27","13008896","pod=checkoutservice-6d7ccbb6cf-jhbpr"
"2026-06-11 18:22:42","2026-06-12 02:22:42","13008896","pod=checkoutservice-6d7ccbb6cf-jhbpr"
"2026-06-11 18:22:57","2026-06-12 02:22:57","13008896","pod=checkoutservice-6d7ccbb6cf-jhbpr"
"2026-06-11 18:23:12","2026-06-12 02:23:12","13008896","pod=checkoutservice-6d7ccbb6cf-jhbpr"
"2026-06-11 18:23:27","2026-06-12 02:23:27","12763136","pod=checkoutservice-6d7ccbb6cf-jhbpr"
"2026-06-11 18:23:42","2026-06-12 02:23:42","12742656","pod=checkoutservice-6d7ccbb6cf-jhbpr"
"2026-06-11 18:23:57","2026-06-12 02:23:57","12742656","pod=checkoutservice-6d7ccbb6cf-jhbpr"
"2026-06-11 18:24:12","2026-06-12 02:24:12","12742656","pod=checkoutservice-6d7ccbb6cf-jhbpr"
"2026-06-11 18:24:27","2026-06-12 02:24:27","12976128","pod=checkoutservice-6d7ccbb6cf-jhbpr"
"2026-06-11 18:24:42","2026-06-12 02:24:42","13119488","pod=checkoutservice-6d7ccbb6cf-jhbpr"
"2026-06-11 18:24:57","2026-06-12 02:24:57","13205504","pod=checkoutservice-6d7ccbb6cf-jhbpr"
"2026-06-11 18:25:12","2026-06-12 02:25:12","13205504","pod=checkoutservice-6d7ccbb6cf-jhbpr"
"2026-06-11 18:25:27","2026-06-12 02:25:27","12906496","pod=checkoutservice-6d7ccbb6cf-jhbpr"
"2026-06-11 18:25:42","2026-06-12 02:25:42","12910592","pod=checkoutservice-6d7ccbb6cf-jhbpr"
"2026-06-11 18:25:57","2026-06-12 02:25:57","12910592","pod=checkoutservice-6d7ccbb6cf-jhbpr"
"2026-06-11 18:26:12","2026-06-12 02:26:12","12906496","pod=checkoutservice-6d7ccbb6cf-jhbpr"
"2026-06-11 18:26:27","2026-06-12 02:26:27","12910592","pod=checkoutservice-6d7ccbb6cf-jhbpr"
"2026-06-11 18:26:42","2026-06-12 02:26:42","12910592","pod=checkoutservice-6d7ccbb6cf-jhbpr"
"2026-06-11 18:26:57","2026-06-12 02:26:57","12918784","pod=checkoutservice-6d7ccbb6cf-jhbpr"
"2026-06-11 18:27:12","2026-06-12 02:27:12","12918784","pod=checkoutservice-6d7ccbb6cf-jhbpr"
"2026-06-11 18:27:27","2026-06-12 02:27:27","12595200","pod=checkoutservice-6d7ccbb6cf-jhbpr"
"2026-06-11 18:27:42","2026-06-12 02:27:42","12591104","pod=checkoutservice-6d7ccbb6cf-jhbpr"
"2026-06-11 18:27:57","2026-06-12 02:27:57","12591104","pod=checkoutservice-6d7ccbb6cf-jhbpr"
"2026-06-11 18:28:12","2026-06-12 02:28:12","12591104","pod=checkoutservice-6d7ccbb6cf-jhbpr"
"2026-06-11 18:28:27","2026-06-12 02:28:27","12591104","pod=checkoutservice-6d7ccbb6cf-jhbpr"
"2026-06-11 18:28:42","2026-06-12 02:28:42","13639680","pod=checkoutservice-6d7ccbb6cf-jhbpr"
"2026-06-11 18:28:57","2026-06-12 02:28:57","12595200","pod=checkoutservice-6d7ccbb6cf-jhbpr"
"2026-06-11 18:29:12","2026-06-12 02:29:12","12595200","pod=checkoutservice-6d7ccbb6cf-jhbpr"
"2026-06-11 18:29:27","2026-06-12 02:29:27","12595200","pod=checkoutservice-6d7ccbb6cf-jhbpr"
"2026-06-11 18:29:42","2026-06-12 02:29:42","12627968","pod=checkoutservice-6d7ccbb6cf-jhbpr"
"2026-06-11 18:29:57","2026-06-12 02:29:57","12623872","pod=checkoutservice-6d7ccbb6cf-jhbpr"
"2026-06-11 18:30:12","2026-06-12 02:30:12","12623872","pod=checkoutservice-6d7ccbb6cf-jhbpr"
"2026-06-11 18:30:27","2026-06-12 02:30:27","12791808","pod=checkoutservice-6d7ccbb6cf-jhbpr"
"2026-06-11 18:30:42","2026-06-12 02:30:42","12779520","pod=checkoutservice-6d7ccbb6cf-jhbpr"
"2026-06-11 18:30:57","2026-06-12 02:30:57","12771328","pod=checkoutservice-6d7ccbb6cf-jhbpr"
"2026-06-11 18:31:12","2026-06-12 02:31:12","12767232","pod=checkoutservice-6d7ccbb6cf-jhbpr"
"2026-06-11 18:31:27","2026-06-12 02:31:27","13324288","pod=checkoutservice-6d7ccbb6cf-jhbpr"
"2026-06-11 18:31:42","2026-06-12 02:31:42","13324288","pod=checkoutservice-6d7ccbb6cf-jhbpr"
"2026-06-11 18:31:57","2026-06-12 02:31:57","12812288","pod=checkoutservice-6d7ccbb6cf-jhbpr"
"2026-06-11 18:32:12","2026-06-12 02:32:12","12849152","pod=checkoutservice-6d7ccbb6cf-jhbpr"
"2026-06-11 18:32:27","2026-06-12 02:32:27","12603392","pod=checkoutservice-6d7ccbb6cf-jhbpr"
"2026-06-11 18:32:42","2026-06-12 02:32:42","12595200","pod=checkoutservice-6d7ccbb6cf-jhbpr"
"2026-06-11 18:32:57","2026-06-12 02:32:57","12595200","pod=checkoutservice-6d7ccbb6cf-jhbpr"
"2026-06-11 18:33:12","2026-06-12 02:33:12","12591104","pod=checkoutservice-6d7ccbb6cf-jhbpr"
"2026-06-11 18:33:27","2026-06-12 02:33:27","12595200","pod=checkoutservice-6d7ccbb6cf-jhbpr"
"2026-06-11 18:33:42","2026-06-12 02:33:42","12914688","pod=checkoutservice-6d7ccbb6cf-jhbpr"
"2026-06-11 18:33:57","2026-06-12 02:33:57","13012992","pod=checkoutservice-6d7ccbb6cf-jhbpr"
"2026-06-11 18:34:12","2026-06-12 02:34:12","13082624","pod=checkoutservice-6d7ccbb6cf-jhbpr"
"2026-06-11 18:34:27","2026-06-12 02:34:27","12509184","pod=checkoutservice-6d7ccbb6cf-jhbpr"
"2026-06-11 18:34:42","2026-06-12 02:34:42","12509184","pod=checkoutservice-6d7ccbb6cf-jhbpr"
"2026-06-11 18:34:57","2026-06-12 02:34:57","12509184","pod=checkoutservice-6d7ccbb6cf-jhbpr"
"2026-06-11 18:35:12","2026-06-12 02:35:12","12599296","pod=checkoutservice-6d7ccbb6cf-jhbpr"
"2026-06-11 18:35:27","2026-06-12 02:35:27","12599296","pod=checkoutservice-6d7ccbb6cf-jhbpr"
"2026-06-11 18:35:42","2026-06-12 02:35:42","12599296","pod=checkoutservice-6d7ccbb6cf-jhbpr"
"2026-06-11 18:35:57","2026-06-12 02:35:57","12599296","pod=checkoutservice-6d7ccbb6cf-jhbpr"
"2026-06-11 18:36:12","2026-06-12 02:36:12","12599296","pod=checkoutservice-6d7ccbb6cf-jhbpr"
"2026-06-11 18:36:27","2026-06-12 02:36:27","12599296","pod=checkoutservice-6d7ccbb6cf-jhbpr"
"2026-06-11 18:36:42","2026-06-12 02:36:42","12603392","pod=checkoutservice-6d7ccbb6cf-jhbpr"
"2026-06-11 18:36:57","2026-06-12 02:36:57","12763136","pod=checkoutservice-6d7ccbb6cf-jhbpr"
"2026-06-11 18:37:12","2026-06-12 02:37:12","12787712","pod=checkoutservice-6d7ccbb6cf-jhbpr"
"2026-06-11 18:37:27","2026-06-12 02:37:27","12681216","pod=checkoutservice-6d7ccbb6cf-jhbpr"
"2026-06-11 18:37:42","2026-06-12 02:37:42","12673024","pod=checkoutservice-6d7ccbb6cf-jhbpr"
"2026-06-11 18:37:57","2026-06-12 02:37:57","12668928","pod=checkoutservice-6d7ccbb6cf-jhbpr"
"2026-06-11 18:38:12","2026-06-12 02:38:12","12673024","pod=checkoutservice-6d7ccbb6cf-jhbpr"
"2026-06-11 18:38:27","2026-06-12 02:38:27","13086720","pod=checkoutservice-6d7ccbb6cf-jhbpr"
"2026-06-11 18:38:42","2026-06-12 02:38:42","13967360","pod=checkoutservice-6d7ccbb6cf-jhbpr"
"2026-06-11 18:38:57","2026-06-12 02:38:57","13332480","pod=checkoutservice-6d7ccbb6cf-jhbpr"
"2026-06-11 18:39:12","2026-06-12 02:39:12","13332480","pod=checkoutservice-6d7ccbb6cf-jhbpr"
"2026-06-11 18:39:27","2026-06-12 02:39:27","12730368","pod=checkoutservice-6d7ccbb6cf-jhbpr"
"2026-06-11 18:39:42","2026-06-12 02:39:42","12730368","pod=checkoutservice-6d7ccbb6cf-jhbpr"
"2026-06-11 18:39:57","2026-06-12 02:39:57","12730368","pod=checkoutservice-6d7ccbb6cf-jhbpr"
"2026-06-11 18:40:12","2026-06-12 02:40:12","12726272","pod=checkoutservice-6d7ccbb6cf-jhbpr"
"2026-06-11 18:40:27","2026-06-12 02:40:27","12726272","pod=checkoutservice-6d7ccbb6cf-jhbpr"
"2026-06-11 18:40:42","2026-06-12 02:40:42","12759040","pod=checkoutservice-6d7ccbb6cf-jhbpr"
"2026-06-11 18:40:57","2026-06-12 02:40:57","12763136","pod=checkoutservice-6d7ccbb6cf-jhbpr"
"2026-06-11 18:41:12","2026-06-12 02:41:12","12763136","pod=checkoutservice-6d7ccbb6cf-jhbpr"
"2026-06-11 18:41:27","2026-06-12 02:41:27","12763136","pod=checkoutservice-6d7ccbb6cf-jhbpr"
"2026-06-11 18:41:42","2026-06-12 02:41:42","12767232","pod=checkoutservice-6d7ccbb6cf-jhbpr"
"2026-06-11 18:41:57","2026-06-12 02:41:57","12832768","pod=checkoutservice-6d7ccbb6cf-jhbpr"
"2026-06-11 18:42:12","2026-06-12 02:42:12","12967936","pod=checkoutservice-6d7ccbb6cf-jhbpr"
"2026-06-11 18:42:27","2026-06-12 02:42:27","13185024","pod=checkoutservice-6d7ccbb6cf-jhbpr"
"2026-06-11 18:42:42","2026-06-12 02:42:42","13316096","pod=checkoutservice-6d7ccbb6cf-jhbpr"
"2026-06-11 18:42:57","2026-06-12 02:42:57","13508608","pod=checkoutservice-6d7ccbb6cf-jhbpr"
"2026-06-11 18:43:12","2026-06-12 02:43:12","12578816","pod=checkoutservice-6d7ccbb6cf-jhbpr"
"2026-06-11 18:43:27","2026-06-12 02:43:27","12587008","pod=checkoutservice-6d7ccbb6cf-jhbpr"
"2026-06-11 18:43:42","2026-06-12 02:43:42","12587008","pod=checkoutservice-6d7ccbb6cf-jhbpr"
"2026-06-11 18:43:57","2026-06-12 02:43:57","12587008","pod=checkoutservice-6d7ccbb6cf-jhbpr"
"2026-06-11 18:44:12","2026-06-12 02:44:12","12730368","pod=checkoutservice-6d7ccbb6cf-jhbpr"
"2026-06-11 18:44:27","2026-06-12 02:44:27","12730368","pod=checkoutservice-6d7ccbb6cf-jhbpr"
"2026-06-11 18:44:42","2026-06-12 02:44:42","12730368","pod=checkoutservice-6d7ccbb6cf-jhbpr"
"2026-06-11 18:44:57","2026-06-12 02:44:57","12922880","pod=checkoutservice-6d7ccbb6cf-jhbpr"
"2026-06-11 18:45:12","2026-06-12 02:45:12","12918784","pod=checkoutservice-6d7ccbb6cf-jhbpr"
"2026-06-11 18:45:27","2026-06-12 02:45:27","12918784","pod=checkoutservice-6d7ccbb6cf-jhbpr"
"2026-06-11 18:45:42","2026-06-12 02:45:42","12935168","pod=checkoutservice-6d7ccbb6cf-jhbpr"
"2026-06-11 18:45:57","2026-06-12 02:45:57","12939264","pod=checkoutservice-6d7ccbb6cf-jhbpr"
"2026-06-11 18:46:12","2026-06-12 02:46:12","12677120","pod=checkoutservice-6d7ccbb6cf-jhbpr"
"2026-06-11 18:46:27","2026-06-12 02:46:27","12677120","pod=checkoutservice-6d7ccbb6cf-jhbpr"
"2026-06-11 18:46:42","2026-06-12 02:46:42","12673024","pod=checkoutservice-6d7ccbb6cf-jhbpr"
"2026-06-11 18:46:57","2026-06-12 02:46:57","12673024","pod=checkoutservice-6d7ccbb6cf-jhbpr"
"2026-06-11 18:47:12","2026-06-12 02:47:12","12673024","pod=checkoutservice-6d7ccbb6cf-jhbpr"
"2026-06-11 18:47:27","2026-06-12 02:47:27","12673024","pod=checkoutservice-6d7ccbb6cf-jhbpr"
"2026-06-11 18:47:42","2026-06-12 02:47:42","12677120","pod=checkoutservice-6d7ccbb6cf-jhbpr"
"2026-06-11 18:47:57","2026-06-12 02:47:57","12677120","pod=checkoutservice-6d7ccbb6cf-jhbpr"
"2026-06-11 18:48:12","2026-06-12 02:48:12","12681216","pod=checkoutservice-6d7ccbb6cf-jhbpr"
"2026-06-11 18:48:27","2026-06-12 02:48:27","12746752","pod=checkoutservice-6d7ccbb6cf-jhbpr"
"2026-06-11 18:48:42","2026-06-12 02:48:42","12746752","pod=checkoutservice-6d7ccbb6cf-jhbpr"
"2026-06-11 18:48:57","2026-06-12 02:48:57","12759040","pod=checkoutservice-6d7ccbb6cf-jhbpr"
"2026-06-11 18:49:12","2026-06-12 02:49:12","12754944","pod=checkoutservice-6d7ccbb6cf-jhbpr"
"2026-06-11 18:49:27","2026-06-12 02:49:27","12759040","pod=checkoutservice-6d7ccbb6cf-jhbpr"
"2026-06-11 18:49:42","2026-06-12 02:49:42","12763136","pod=checkoutservice-6d7ccbb6cf-jhbpr"
"2026-06-11 18:49:57","2026-06-12 02:49:57","12763136","pod=checkoutservice-6d7ccbb6cf-jhbpr"
"2026-06-11 18:50:12","2026-06-12 02:50:12","12763136","pod=checkoutservice-6d7ccbb6cf-jhbpr"
"2026-06-11 18:50:27","2026-06-12 02:50:27","12611584","pod=checkoutservice-6d7ccbb6cf-jhbpr"
"2026-06-11 18:50:42","2026-06-12 02:50:42","12607488","pod=checkoutservice-6d7ccbb6cf-jhbpr"
"2026-06-11 18:50:57","2026-06-12 02:50:57","12607488","pod=checkoutservice-6d7ccbb6cf-jhbpr"
"2026-06-11 18:51:12","2026-06-12 02:51:12","12607488","pod=checkoutservice-6d7ccbb6cf-jhbpr"
"2026-06-11 18:51:27","2026-06-12 02:51:27","12746752","pod=checkoutservice-6d7ccbb6cf-jhbpr"
"2026-06-11 18:51:42","2026-06-12 02:51:42","12808192","pod=checkoutservice-6d7ccbb6cf-jhbpr"
"2026-06-11 18:51:57","2026-06-12 02:51:57","12816384","pod=checkoutservice-6d7ccbb6cf-jhbpr"
"2026-06-11 18:52:12","2026-06-12 02:52:12","12812288","pod=checkoutservice-6d7ccbb6cf-jhbpr"
"2026-06-11 18:52:27","2026-06-12 02:52:27","12812288","pod=checkoutservice-6d7ccbb6cf-jhbpr"
"2026-06-11 18:52:42","2026-06-12 02:52:42","12890112","pod=checkoutservice-6d7ccbb6cf-jhbpr"
"2026-06-11 18:52:57","2026-06-12 02:52:57","12890112","pod=checkoutservice-6d7ccbb6cf-jhbpr"
"2026-06-11 18:53:12","2026-06-12 02:53:12","12898304","pod=checkoutservice-6d7ccbb6cf-jhbpr"
"2026-06-11 18:53:27","2026-06-12 02:53:27","12906496","pod=checkoutservice-6d7ccbb6cf-jhbpr"
"2026-06-11 18:53:42","2026-06-12 02:53:42","12906496","pod=checkoutservice-6d7ccbb6cf-jhbpr"
"2026-06-11 18:53:57","2026-06-12 02:53:57","12902400","pod=checkoutservice-6d7ccbb6cf-jhbpr"
"2026-06-11 18:54:12","2026-06-12 02:54:12","12902400","pod=checkoutservice-6d7ccbb6cf-jhbpr"
"2026-06-11 18:54:27","2026-06-12 02:54:27","12906496","pod=checkoutservice-6d7ccbb6cf-jhbpr"
"2026-06-11 18:54:42","2026-06-12 02:54:42","12914688","pod=checkoutservice-6d7ccbb6cf-jhbpr"
"2026-06-11 18:54:57","2026-06-12 02:54:57","12914688","pod=checkoutservice-6d7ccbb6cf-jhbpr"
"2026-06-11 18:55:12","2026-06-12 02:55:12","12914688","pod=checkoutservice-6d7ccbb6cf-jhbpr"
"2026-06-11 18:55:27","2026-06-12 02:55:27","12914688","pod=checkoutservice-6d7ccbb6cf-jhbpr"
"2026-06-11 18:55:42","2026-06-12 02:55:42","12939264","pod=checkoutservice-6d7ccbb6cf-jhbpr"
"2026-06-11 18:55:57","2026-06-12 02:55:57","12939264","pod=checkoutservice-6d7ccbb6cf-jhbpr"
"2026-06-11 18:56:12","2026-06-12 02:56:12","12939264","pod=checkoutservice-6d7ccbb6cf-jhbpr"
"2026-06-11 18:56:27","2026-06-12 02:56:27","12939264","pod=checkoutservice-6d7ccbb6cf-jhbpr"
"2026-06-11 18:56:42","2026-06-12 02:56:42","12939264","pod=checkoutservice-6d7ccbb6cf-jhbpr"
"2026-06-11 18:56:57","2026-06-12 02:56:57","12939264","pod=checkoutservice-6d7ccbb6cf-jhbpr"
"2026-06-11 18:57:12","2026-06-12 02:57:12","12955648","pod=checkoutservice-6d7ccbb6cf-jhbpr"
"2026-06-11 18:57:27","2026-06-12 02:57:27","12947456","pod=checkoutservice-6d7ccbb6cf-jhbpr"
"2026-06-11 18:57:42","2026-06-12 02:57:42","12947456","pod=checkoutservice-6d7ccbb6cf-jhbpr"
"2026-06-11 18:57:57","2026-06-12 02:57:57","12931072","pod=checkoutservice-6d7ccbb6cf-jhbpr"
"2026-06-11 18:58:12","2026-06-12 02:58:12","12931072","pod=checkoutservice-6d7ccbb6cf-jhbpr"
"2026-06-11 18:58:27","2026-06-12 02:58:27","12668928","pod=checkoutservice-6d7ccbb6cf-jhbpr"
"2026-06-11 18:58:42","2026-06-12 02:58:42","12673024","pod=checkoutservice-6d7ccbb6cf-jhbpr"
"2026-06-11 18:58:57","2026-06-12 02:58:57","12668928","pod=checkoutservice-6d7ccbb6cf-jhbpr"
"2026-06-11 18:59:12","2026-06-12 02:59:12","12668928","pod=checkoutservice-6d7ccbb6cf-jhbpr"
"2026-06-11 18:59:27","2026-06-12 02:59:27","12754944","pod=checkoutservice-6d7ccbb6cf-jhbpr"
"2026-06-11 18:59:42","2026-06-12 02:59:42","12754944","pod=checkoutservice-6d7ccbb6cf-jhbpr"
"2026-06-11 18:59:57","2026-06-12 02:59:57","12754944","pod=checkoutservice-6d7ccbb6cf-jhbpr"
"2026-06-11 19:00:12","2026-06-12 03:00:12","12840960","pod=checkoutservice-6d7ccbb6cf-jhbpr"
"2026-06-11 19:00:27","2026-06-12 03:00:27","12840960","pod=checkoutservice-6d7ccbb6cf-jhbpr"
"2026-06-11 19:00:42","2026-06-12 03:00:42","12943360","pod=checkoutservice-6d7ccbb6cf-jhbpr"
"2026-06-11 19:00:57","2026-06-12 03:00:57","12943360","pod=checkoutservice-6d7ccbb6cf-jhbpr"
"2026-06-11 19:01:12","2026-06-12 03:01:12","13115392","pod=checkoutservice-6d7ccbb6cf-jhbpr"
"2026-06-11 19:01:27","2026-06-12 03:01:27","12984320","pod=checkoutservice-6d7ccbb6cf-jhbpr"
"2026-06-11 19:01:42","2026-06-12 03:01:42","12984320","pod=checkoutservice-6d7ccbb6cf-jhbpr"
"2026-06-11 19:01:57","2026-06-12 03:01:57","12984320","pod=checkoutservice-6d7ccbb6cf-jhbpr"
"2026-06-11 19:02:12","2026-06-12 03:02:12","12984320","pod=checkoutservice-6d7ccbb6cf-jhbpr"
"2026-06-11 19:02:27","2026-06-12 03:02:27","12587008","pod=checkoutservice-6d7ccbb6cf-jhbpr"
"2026-06-11 19:02:42","2026-06-12 03:02:42","12603392","pod=checkoutservice-6d7ccbb6cf-jhbpr"
"2026-06-11 19:02:57","2026-06-12 03:02:57","12599296","pod=checkoutservice-6d7ccbb6cf-jhbpr"
"2026-06-11 19:03:12","2026-06-12 03:03:12","12603392","pod=checkoutservice-6d7ccbb6cf-jhbpr"
"2026-06-11 19:03:27","2026-06-12 03:03:27","12668928","pod=checkoutservice-6d7ccbb6cf-jhbpr"
"2026-06-11 19:03:42","2026-06-12 03:03:42","12668928","pod=checkoutservice-6d7ccbb6cf-jhbpr"
"2026-06-11 19:03:57","2026-06-12 03:03:57","12664832","pod=checkoutservice-6d7ccbb6cf-jhbpr"
"2026-06-11 19:04:12","2026-06-12 03:04:12","12668928","pod=checkoutservice-6d7ccbb6cf-jhbpr"
"2026-06-11 19:04:27","2026-06-12 03:04:27","12673024","pod=checkoutservice-6d7ccbb6cf-jhbpr"
"2026-06-11 19:04:42","2026-06-12 03:04:42","12681216","pod=checkoutservice-6d7ccbb6cf-jhbpr"
"2026-06-11 19:04:57","2026-06-12 03:04:57","12681216","pod=checkoutservice-6d7ccbb6cf-jhbpr"
"2026-06-11 19:05:12","2026-06-12 03:05:12","12681216","pod=checkoutservice-6d7ccbb6cf-jhbpr"
"2026-06-11 19:05:27","2026-06-12 03:05:27","12673024","pod=checkoutservice-6d7ccbb6cf-jhbpr"
"2026-06-11 19:05:42","2026-06-12 03:05:42","12677120","pod=checkoutservice-6d7ccbb6cf-jhbpr"
"2026-06-11 19:05:57","2026-06-12 03:05:57","12685312","pod=checkoutservice-6d7ccbb6cf-jhbpr"
"2026-06-11 19:06:12","2026-06-12 03:06:12","12902400","pod=checkoutservice-6d7ccbb6cf-jhbpr"
"2026-06-11 19:06:27","2026-06-12 03:06:27","13176832","pod=checkoutservice-6d7ccbb6cf-jhbpr"
"2026-06-11 19:06:42","2026-06-12 03:06:42","13176832","pod=checkoutservice-6d7ccbb6cf-jhbpr"
"2026-06-11 19:06:57","2026-06-12 03:06:57","13783040","pod=checkoutservice-6d7ccbb6cf-jhbpr"
"2026-06-11 19:07:12","2026-06-12 03:07:12","13361152","pod=checkoutservice-6d7ccbb6cf-jhbpr"
"2026-06-11 19:07:27","2026-06-12 03:07:27","12828672","pod=checkoutservice-6d7ccbb6cf-jhbpr"
"2026-06-11 19:07:42","2026-06-12 03:07:42","12828672","pod=checkoutservice-6d7ccbb6cf-jhbpr"
"2026-06-11 19:07:57","2026-06-12 03:07:57","12832768","pod=checkoutservice-6d7ccbb6cf-jhbpr"
"2026-06-11 19:08:12","2026-06-12 03:08:12","12832768","pod=checkoutservice-6d7ccbb6cf-jhbpr"
"2026-06-11 19:08:27","2026-06-12 03:08:27","12877824","pod=checkoutservice-6d7ccbb6cf-jhbpr"
"2026-06-11 19:08:42","2026-06-12 03:08:42","12877824","pod=checkoutservice-6d7ccbb6cf-jhbpr"
"2026-06-11 19:08:57","2026-06-12 03:08:57","12877824","pod=checkoutservice-6d7ccbb6cf-jhbpr"
"2026-06-11 19:09:12","2026-06-12 03:09:12","12877824","pod=checkoutservice-6d7ccbb6cf-jhbpr"
"2026-06-11 19:09:27","2026-06-12 03:09:27","12873728","pod=checkoutservice-6d7ccbb6cf-jhbpr"
"2026-06-11 19:09:42","2026-06-12 03:09:42","12877824","pod=checkoutservice-6d7ccbb6cf-jhbpr"
"2026-06-11 19:09:57","2026-06-12 03:09:57","12877824","pod=checkoutservice-6d7ccbb6cf-jhbpr"
"2026-06-11 19:10:12","2026-06-12 03:10:12","12881920","pod=checkoutservice-6d7ccbb6cf-jhbpr"
"2026-06-11 19:10:27","2026-06-12 03:10:27","12877824","pod=checkoutservice-6d7ccbb6cf-jhbpr"
"2026-06-11 19:10:42","2026-06-12 03:10:42","12906496","pod=checkoutservice-6d7ccbb6cf-jhbpr"
"2026-06-11 19:10:57","2026-06-12 03:10:57","12910592","pod=checkoutservice-6d7ccbb6cf-jhbpr"
"2026-06-11 19:11:12","2026-06-12 03:11:12","12910592","pod=checkoutservice-6d7ccbb6cf-jhbpr"
"2026-06-11 19:11:27","2026-06-12 03:11:27","12910592","pod=checkoutservice-6d7ccbb6cf-jhbpr"
"2026-06-11 19:11:42","2026-06-12 03:11:42","12910592","pod=checkoutservice-6d7ccbb6cf-jhbpr"
"2026-06-11 19:11:57","2026-06-12 03:11:57","12910592","pod=checkoutservice-6d7ccbb6cf-jhbpr"
"2026-06-11 19:12:12","2026-06-12 03:12:12","12914688","pod=checkoutservice-6d7ccbb6cf-jhbpr"
"2026-06-11 19:12:27","2026-06-12 03:12:27","12914688","pod=checkoutservice-6d7ccbb6cf-jhbpr"
"2026-06-11 19:12:42","2026-06-12 03:12:42","12910592","pod=checkoutservice-6d7ccbb6cf-jhbpr"
"2026-06-11 19:12:57","2026-06-12 03:12:57","12656640","pod=checkoutservice-6d7ccbb6cf-jhbpr"
"2026-06-11 19:13:12","2026-06-12 03:13:12","12922880","pod=checkoutservice-6d7ccbb6cf-jhbpr"
"2026-06-11 19:13:27","2026-06-12 03:13:27","12660736","pod=checkoutservice-6d7ccbb6cf-jhbpr"
"2026-06-11 19:13:42","2026-06-12 03:13:42","12976128","pod=checkoutservice-6d7ccbb6cf-jhbpr"
"2026-06-11 19:13:57","2026-06-12 03:13:57","13094912","pod=checkoutservice-6d7ccbb6cf-jhbpr"
"2026-06-11 19:14:12","2026-06-12 03:14:12","13139968","pod=checkoutservice-6d7ccbb6cf-jhbpr"
"2026-06-11 19:14:27","2026-06-12 03:14:27","13156352","pod=checkoutservice-6d7ccbb6cf-jhbpr"
"2026-06-11 19:14:42","2026-06-12 03:14:42","12746752","pod=checkoutservice-6d7ccbb6cf-jhbpr"
"2026-06-11 19:14:57","2026-06-12 03:14:57","12996608","pod=checkoutservice-6d7ccbb6cf-jhbpr"
"2026-06-11 19:15:12","2026-06-12 03:15:12","12738560","pod=checkoutservice-6d7ccbb6cf-jhbpr"
"2026-06-11 19:15:27","2026-06-12 03:15:27","12734464","pod=checkoutservice-6d7ccbb6cf-jhbpr"
"2026-06-11 19:15:42","2026-06-12 03:15:42","12734464","pod=checkoutservice-6d7ccbb6cf-jhbpr"
"2026-06-11 19:15:57","2026-06-12 03:15:57","12734464","pod=checkoutservice-6d7ccbb6cf-jhbpr"
"2026-06-11 19:16:12","2026-06-12 03:16:12","12734464","pod=checkoutservice-6d7ccbb6cf-jhbpr"
"2026-06-11 19:16:27","2026-06-12 03:16:27","12734464","pod=checkoutservice-6d7ccbb6cf-jhbpr"
"2026-06-11 19:16:42","2026-06-12 03:16:42","12734464","pod=checkoutservice-6d7ccbb6cf-jhbpr"
"2026-06-11 19:16:57","2026-06-12 03:16:57","12734464","pod=checkoutservice-6d7ccbb6cf-jhbpr"
"2026-06-11 19:17:12","2026-06-12 03:17:12","12734464","pod=checkoutservice-6d7ccbb6cf-jhbpr"
"2026-06-11 19:17:27","2026-06-12 03:17:27","12734464","pod=checkoutservice-6d7ccbb6cf-jhbpr"
"2026-06-11 19:17:42","2026-06-12 03:17:42","12734464","pod=checkoutservice-6d7ccbb6cf-jhbpr"
"2026-06-11 19:17:57","2026-06-12 03:17:57","12734464","pod=checkoutservice-6d7ccbb6cf-jhbpr"
"2026-06-11 19:18:12","2026-06-12 03:18:12","12734464","pod=checkoutservice-6d7ccbb6cf-jhbpr"
"2026-06-11 19:18:27","2026-06-12 03:18:27","12734464","pod=checkoutservice-6d7ccbb6cf-jhbpr"
"2026-06-11 19:18:42","2026-06-12 03:18:42","12541952","pod=checkoutservice-6d7ccbb6cf-jhbpr"
"2026-06-11 19:18:57","2026-06-12 03:18:57","12541952","pod=checkoutservice-6d7ccbb6cf-jhbpr"
"2026-06-11 19:19:12","2026-06-12 03:19:12","12541952","pod=checkoutservice-6d7ccbb6cf-jhbpr"
"2026-06-11 19:19:27","2026-06-12 03:19:27","12541952","pod=checkoutservice-6d7ccbb6cf-jhbpr"
"2026-06-11 19:19:42","2026-06-12 03:19:42","12541952","pod=checkoutservice-6d7ccbb6cf-jhbpr"
"2026-06-11 19:19:57","2026-06-12 03:19:57","12607488","pod=checkoutservice-6d7ccbb6cf-jhbpr"
"2026-06-11 19:20:12","2026-06-12 03:20:12","12607488","pod=checkoutservice-6d7ccbb6cf-jhbpr"
"2026-06-11 19:20:27","2026-06-12 03:20:27","12865536","pod=checkoutservice-6d7ccbb6cf-jhbpr"
"2026-06-11 19:20:42","2026-06-12 03:20:42","12865536","pod=checkoutservice-6d7ccbb6cf-jhbpr"
"2026-06-11 19:20:57","2026-06-12 03:20:57","12701696","pod=checkoutservice-6d7ccbb6cf-jhbpr"
"2026-06-11 19:21:12","2026-06-12 03:21:12","12693504","pod=checkoutservice-6d7ccbb6cf-jhbpr"
"2026-06-11 19:21:27","2026-06-12 03:21:27","12693504","pod=checkoutservice-6d7ccbb6cf-jhbpr"
"2026-06-11 19:21:42","2026-06-12 03:21:42","12693504","pod=checkoutservice-6d7ccbb6cf-jhbpr"
"2026-06-11 19:21:57","2026-06-12 03:21:57","12693504","pod=checkoutservice-6d7ccbb6cf-jhbpr"
"2026-06-11 19:22:12","2026-06-12 03:22:12","12697600","pod=checkoutservice-6d7ccbb6cf-jhbpr"
"2026-06-11 19:22:27","2026-06-12 03:22:27","12697600","pod=checkoutservice-6d7ccbb6cf-jhbpr"
"2026-06-11 19:22:42","2026-06-12 03:22:42","12713984","pod=checkoutservice-6d7ccbb6cf-jhbpr"
"2026-06-11 19:22:57","2026-06-12 03:22:57","12865536","pod=checkoutservice-6d7ccbb6cf-jhbpr"
"2026-06-11 19:23:12","2026-06-12 03:23:12","12869632","pod=checkoutservice-6d7ccbb6cf-jhbpr"
"2026-06-11 19:23:27","2026-06-12 03:23:27","12886016","pod=checkoutservice-6d7ccbb6cf-jhbpr"
"2026-06-11 19:23:42","2026-06-12 03:23:42","12869632","pod=checkoutservice-6d7ccbb6cf-jhbpr"
"2026-06-11 19:23:57","2026-06-12 03:23:57","12627968","pod=checkoutservice-6d7ccbb6cf-jhbpr"
"2026-06-11 19:24:12","2026-06-12 03:24:12","12627968","pod=checkoutservice-6d7ccbb6cf-jhbpr"
"2026-06-11 19:24:27","2026-06-12 03:24:27","12632064","pod=checkoutservice-6d7ccbb6cf-jhbpr"
"2026-06-11 19:24:42","2026-06-12 03:24:42","12632064","pod=checkoutservice-6d7ccbb6cf-jhbpr"
"2026-06-11 19:24:57","2026-06-12 03:24:57","12632064","pod=checkoutservice-6d7ccbb6cf-jhbpr"
"2026-06-11 19:25:12","2026-06-12 03:25:12","12632064","pod=checkoutservice-6d7ccbb6cf-jhbpr"
"2026-06-11 19:25:27","2026-06-12 03:25:27","12636160","pod=checkoutservice-6d7ccbb6cf-jhbpr"
"2026-06-11 19:25:42","2026-06-12 03:25:42","12771328","pod=checkoutservice-6d7ccbb6cf-jhbpr"
"2026-06-11 19:25:57","2026-06-12 03:25:57","12779520","pod=checkoutservice-6d7ccbb6cf-jhbpr"
"2026-06-11 19:26:12","2026-06-12 03:26:12","12775424","pod=checkoutservice-6d7ccbb6cf-jhbpr"
"2026-06-11 19:26:27","2026-06-12 03:26:27","12783616","pod=checkoutservice-6d7ccbb6cf-jhbpr"
"2026-06-11 19:26:42","2026-06-12 03:26:42","12783616","pod=checkoutservice-6d7ccbb6cf-jhbpr"
"2026-06-11 19:26:57","2026-06-12 03:26:57","12783616","pod=checkoutservice-6d7ccbb6cf-jhbpr"
"2026-06-11 17:26:57","2026-06-12 01:26:57","91197440","pod=currencyservice-7f9f695db5-mb6pd"
"2026-06-11 17:27:12","2026-06-12 01:27:12","91312128","pod=currencyservice-7f9f695db5-mb6pd"
"2026-06-11 17:27:27","2026-06-12 01:27:27","91328512","pod=currencyservice-7f9f695db5-mb6pd"
"2026-06-11 17:27:42","2026-06-12 01:27:42","91328512","pod=currencyservice-7f9f695db5-mb6pd"
"2026-06-11 17:27:57","2026-06-12 01:27:57","91836416","pod=currencyservice-7f9f695db5-mb6pd"
"2026-06-11 17:28:12","2026-06-12 01:28:12","91582464","pod=currencyservice-7f9f695db5-mb6pd"
"2026-06-11 17:28:27","2026-06-12 01:28:27","92131328","pod=currencyservice-7f9f695db5-mb6pd"
"2026-06-11 17:28:42","2026-06-12 01:28:42","91783168","pod=currencyservice-7f9f695db5-mb6pd"
"2026-06-11 17:28:57","2026-06-12 01:28:57","91783168","pod=currencyservice-7f9f695db5-mb6pd"
"2026-06-11 17:29:12","2026-06-12 01:29:12","91992064","pod=currencyservice-7f9f695db5-mb6pd"
"2026-06-11 17:29:27","2026-06-12 01:29:27","92049408","pod=currencyservice-7f9f695db5-mb6pd"
"2026-06-11 17:29:42","2026-06-12 01:29:42","92323840","pod=currencyservice-7f9f695db5-mb6pd"
"2026-06-11 17:29:57","2026-06-12 01:29:57","92516352","pod=currencyservice-7f9f695db5-mb6pd"
"2026-06-11 17:30:12","2026-06-12 01:30:12","92553216","pod=currencyservice-7f9f695db5-mb6pd"
"2026-06-11 17:30:27","2026-06-12 01:30:27","92553216","pod=currencyservice-7f9f695db5-mb6pd"
"2026-06-11 17:30:42","2026-06-12 01:30:42","92098560","pod=currencyservice-7f9f695db5-mb6pd"
"2026-06-11 17:30:57","2026-06-12 01:30:57","92291072","pod=currencyservice-7f9f695db5-mb6pd"
"2026-06-11 17:31:12","2026-06-12 01:31:12","92618752","pod=currencyservice-7f9f695db5-mb6pd"
"2026-06-11 17:31:27","2026-06-12 01:31:27","93028352","pod=currencyservice-7f9f695db5-mb6pd"
"2026-06-11 17:31:42","2026-06-12 01:31:42","92962816","pod=currencyservice-7f9f695db5-mb6pd"
"2026-06-11 17:31:57","2026-06-12 01:31:57","92962816","pod=currencyservice-7f9f695db5-mb6pd"
"2026-06-11 17:32:12","2026-06-12 01:32:12","92749824","pod=currencyservice-7f9f695db5-mb6pd"
"2026-06-11 17:32:27","2026-06-12 01:32:27","92938240","pod=currencyservice-7f9f695db5-mb6pd"
"2026-06-11 17:32:42","2026-06-12 01:32:42","92880896","pod=currencyservice-7f9f695db5-mb6pd"
"2026-06-11 17:32:57","2026-06-12 01:32:57","93392896","pod=currencyservice-7f9f695db5-mb6pd"
"2026-06-11 17:33:12","2026-06-12 01:33:12","93392896","pod=currencyservice-7f9f695db5-mb6pd"
"2026-06-11 17:33:27","2026-06-12 01:33:27","93356032","pod=currencyservice-7f9f695db5-mb6pd"
"2026-06-11 17:33:42","2026-06-12 01:33:42","93257728","pod=currencyservice-7f9f695db5-mb6pd"
"2026-06-11 17:33:57","2026-06-12 01:33:57","93483008","pod=currencyservice-7f9f695db5-mb6pd"
"2026-06-11 17:34:12","2026-06-12 01:34:12","93483008","pod=currencyservice-7f9f695db5-mb6pd"
"2026-06-11 17:34:27","2026-06-12 01:34:27","94154752","pod=currencyservice-7f9f695db5-mb6pd"
"2026-06-11 17:34:42","2026-06-12 01:34:42","94154752","pod=currencyservice-7f9f695db5-mb6pd"
"2026-06-11 17:34:57","2026-06-12 01:34:57","93962240","pod=currencyservice-7f9f695db5-mb6pd"
"2026-06-11 17:35:12","2026-06-12 01:35:12","93929472","pod=currencyservice-7f9f695db5-mb6pd"
"2026-06-11 17:35:27","2026-06-12 01:35:27","94564352","pod=currencyservice-7f9f695db5-mb6pd"
"2026-06-11 17:35:42","2026-06-12 01:35:42","94244864","pod=currencyservice-7f9f695db5-mb6pd"
"2026-06-11 17:35:57","2026-06-12 01:35:57","94539776","pod=currencyservice-7f9f695db5-mb6pd"
"2026-06-11 17:36:12","2026-06-12 01:36:12","94142464","pod=currencyservice-7f9f695db5-mb6pd"
"2026-06-11 17:36:27","2026-06-12 01:36:27","94699520","pod=currencyservice-7f9f695db5-mb6pd"
"2026-06-11 17:36:42","2026-06-12 01:36:42","94498816","pod=currencyservice-7f9f695db5-mb6pd"
"2026-06-11 17:36:57","2026-06-12 01:36:57","94810112","pod=currencyservice-7f9f695db5-mb6pd"
"2026-06-11 17:37:12","2026-06-12 01:37:12","94703616","pod=currencyservice-7f9f695db5-mb6pd"
"2026-06-11 17:37:27","2026-06-12 01:37:27","95145984","pod=currencyservice-7f9f695db5-mb6pd"
"2026-06-11 17:37:42","2026-06-12 01:37:42","94887936","pod=currencyservice-7f9f695db5-mb6pd"
"2026-06-11 17:37:57","2026-06-12 01:37:57","94801920","pod=currencyservice-7f9f695db5-mb6pd"
"2026-06-11 17:38:12","2026-06-12 01:38:12","95227904","pod=currencyservice-7f9f695db5-mb6pd"
"2026-06-11 17:38:27","2026-06-12 01:38:27","94674944","pod=currencyservice-7f9f695db5-mb6pd"
"2026-06-11 17:38:42","2026-06-12 01:38:42","94674944","pod=currencyservice-7f9f695db5-mb6pd"
"2026-06-11 17:38:57","2026-06-12 01:38:57","94986240","pod=currencyservice-7f9f695db5-mb6pd"
"2026-06-11 17:39:12","2026-06-12 01:39:12","95678464","pod=currencyservice-7f9f695db5-mb6pd"
"2026-06-11 17:39:27","2026-06-12 01:39:27","95772672","pod=currencyservice-7f9f695db5-mb6pd"
"2026-06-11 17:39:42","2026-06-12 01:39:42","95772672","pod=currencyservice-7f9f695db5-mb6pd"
"2026-06-11 17:39:57","2026-06-12 01:39:57","95035392","pod=currencyservice-7f9f695db5-mb6pd"
"2026-06-11 17:40:12","2026-06-12 01:40:12","94994432","pod=currencyservice-7f9f695db5-mb6pd"
"2026-06-11 17:40:27","2026-06-12 01:40:27","95604736","pod=currencyservice-7f9f695db5-mb6pd"
"2026-06-11 17:40:42","2026-06-12 01:40:42","95113216","pod=currencyservice-7f9f695db5-mb6pd"
"2026-06-11 17:40:57","2026-06-12 01:40:57","95432704","pod=currencyservice-7f9f695db5-mb6pd"
"2026-06-11 17:41:12","2026-06-12 01:41:12","95559680","pod=currencyservice-7f9f695db5-mb6pd"
"2026-06-11 17:41:27","2026-06-12 01:41:27","95559680","pod=currencyservice-7f9f695db5-mb6pd"
"2026-06-11 17:41:42","2026-06-12 01:41:42","95391744","pod=currencyservice-7f9f695db5-mb6pd"
"2026-06-11 17:41:57","2026-06-12 01:41:57","96059392","pod=currencyservice-7f9f695db5-mb6pd"
"2026-06-11 17:42:12","2026-06-12 01:42:12","95698944","pod=currencyservice-7f9f695db5-mb6pd"
"2026-06-11 17:42:27","2026-06-12 01:42:27","96202752","pod=currencyservice-7f9f695db5-mb6pd"
"2026-06-11 17:42:42","2026-06-12 01:42:42","96301056","pod=currencyservice-7f9f695db5-mb6pd"
"2026-06-11 17:42:57","2026-06-12 01:42:57","96358400","pod=currencyservice-7f9f695db5-mb6pd"
"2026-06-11 17:43:12","2026-06-12 01:43:12","96227328","pod=currencyservice-7f9f695db5-mb6pd"
"2026-06-11 17:43:27","2026-06-12 01:43:27","96120832","pod=currencyservice-7f9f695db5-mb6pd"
"2026-06-11 17:43:42","2026-06-12 01:43:42","96485376","pod=currencyservice-7f9f695db5-mb6pd"
"2026-06-11 17:43:57","2026-06-12 01:43:57","96534528","pod=currencyservice-7f9f695db5-mb6pd"
"2026-06-11 17:44:12","2026-06-12 01:44:12","96923648","pod=currencyservice-7f9f695db5-mb6pd"
"2026-06-11 17:44:27","2026-06-12 01:44:27","97583104","pod=currencyservice-7f9f695db5-mb6pd"
"2026-06-11 17:44:42","2026-06-12 01:44:42","97583104","pod=currencyservice-7f9f695db5-mb6pd"
"2026-06-11 17:44:57","2026-06-12 01:44:57","97902592","pod=currencyservice-7f9f695db5-mb6pd"
"2026-06-11 17:45:12","2026-06-12 01:45:12","92598272","pod=currencyservice-7f9f695db5-mb6pd"
"2026-06-11 17:45:27","2026-06-12 01:45:27","93003776","pod=currencyservice-7f9f695db5-mb6pd"
"2026-06-11 17:45:42","2026-06-12 01:45:42","92868608","pod=currencyservice-7f9f695db5-mb6pd"
"2026-06-11 17:45:57","2026-06-12 01:45:57","93487104","pod=currencyservice-7f9f695db5-mb6pd"
"2026-06-11 17:46:12","2026-06-12 01:46:12","93487104","pod=currencyservice-7f9f695db5-mb6pd"
"2026-06-11 17:46:27","2026-06-12 01:46:27","94027776","pod=currencyservice-7f9f695db5-mb6pd"
"2026-06-11 17:46:42","2026-06-12 01:46:42","94404608","pod=currencyservice-7f9f695db5-mb6pd"
"2026-06-11 17:46:57","2026-06-12 01:46:57","94285824","pod=currencyservice-7f9f695db5-mb6pd"
"2026-06-11 17:47:12","2026-06-12 01:47:12","94285824","pod=currencyservice-7f9f695db5-mb6pd"
"2026-06-11 17:47:27","2026-06-12 01:47:27","95182848","pod=currencyservice-7f9f695db5-mb6pd"
"2026-06-11 17:47:42","2026-06-12 01:47:42","95244288","pod=currencyservice-7f9f695db5-mb6pd"
"2026-06-11 17:47:57","2026-06-12 01:47:57","95535104","pod=currencyservice-7f9f695db5-mb6pd"
"2026-06-11 17:48:12","2026-06-12 01:48:12","95477760","pod=currencyservice-7f9f695db5-mb6pd"
"2026-06-11 17:48:27","2026-06-12 01:48:27","95477760","pod=currencyservice-7f9f695db5-mb6pd"
"2026-06-11 17:48:42","2026-06-12 01:48:42","96247808","pod=currencyservice-7f9f695db5-mb6pd"
"2026-06-11 17:48:57","2026-06-12 01:48:57","96923648","pod=currencyservice-7f9f695db5-mb6pd"
"2026-06-11 17:49:12","2026-06-12 01:49:12","96829440","pod=currencyservice-7f9f695db5-mb6pd"
"2026-06-11 17:49:27","2026-06-12 01:49:27","96829440","pod=currencyservice-7f9f695db5-mb6pd"
"2026-06-11 17:49:42","2026-06-12 01:49:42","97193984","pod=currencyservice-7f9f695db5-mb6pd"
"2026-06-11 17:49:57","2026-06-12 01:49:57","97357824","pod=currencyservice-7f9f695db5-mb6pd"
"2026-06-11 17:50:12","2026-06-12 01:50:12","97959936","pod=currencyservice-7f9f695db5-mb6pd"
"2026-06-11 17:50:27","2026-06-12 01:50:27","97992704","pod=currencyservice-7f9f695db5-mb6pd"
"2026-06-11 17:50:42","2026-06-12 01:50:42","97964032","pod=currencyservice-7f9f695db5-mb6pd"
"2026-06-11 17:50:57","2026-06-12 01:50:57","98361344","pod=currencyservice-7f9f695db5-mb6pd"
"2026-06-11 17:51:12","2026-06-12 01:51:12","98668544","pod=currencyservice-7f9f695db5-mb6pd"
"2026-06-11 17:51:27","2026-06-12 01:51:27","98316288","pod=currencyservice-7f9f695db5-mb6pd"
"2026-06-11 17:51:42","2026-06-12 01:51:42","98623488","pod=currencyservice-7f9f695db5-mb6pd"
"2026-06-11 17:51:57","2026-06-12 01:51:57","98623488","pod=currencyservice-7f9f695db5-mb6pd"
"2026-06-11 17:52:12","2026-06-12 01:52:12","99553280","pod=currencyservice-7f9f695db5-mb6pd"
"2026-06-11 17:52:27","2026-06-12 01:52:27","99553280","pod=currencyservice-7f9f695db5-mb6pd"
"2026-06-11 17:52:42","2026-06-12 01:52:42","100257792","pod=currencyservice-7f9f695db5-mb6pd"
"2026-06-11 17:52:57","2026-06-12 01:52:57","100143104","pod=currencyservice-7f9f695db5-mb6pd"
"2026-06-11 17:53:12","2026-06-12 01:53:12","100143104","pod=currencyservice-7f9f695db5-mb6pd"
"2026-06-11 17:53:27","2026-06-12 01:53:27","100184064","pod=currencyservice-7f9f695db5-mb6pd"
"2026-06-11 17:53:42","2026-06-12 01:53:42","100929536","pod=currencyservice-7f9f695db5-mb6pd"
"2026-06-11 17:53:57","2026-06-12 01:53:57","100978688","pod=currencyservice-7f9f695db5-mb6pd"
"2026-06-11 17:54:12","2026-06-12 01:54:12","101015552","pod=currencyservice-7f9f695db5-mb6pd"
"2026-06-11 17:54:27","2026-06-12 01:54:27","100909056","pod=currencyservice-7f9f695db5-mb6pd"
"2026-06-11 17:54:42","2026-06-12 01:54:42","100909056","pod=currencyservice-7f9f695db5-mb6pd"
"2026-06-11 17:54:57","2026-06-12 01:54:57","101011456","pod=currencyservice-7f9f695db5-mb6pd"
"2026-06-11 17:55:12","2026-06-12 01:55:12","101093376","pod=currencyservice-7f9f695db5-mb6pd"
"2026-06-11 17:55:27","2026-06-12 01:55:27","101990400","pod=currencyservice-7f9f695db5-mb6pd"
"2026-06-11 17:55:42","2026-06-12 01:55:42","101871616","pod=currencyservice-7f9f695db5-mb6pd"
"2026-06-11 17:55:57","2026-06-12 01:55:57","101355520","pod=currencyservice-7f9f695db5-mb6pd"
"2026-06-11 17:56:12","2026-06-12 01:56:12","101818368","pod=currencyservice-7f9f695db5-mb6pd"
"2026-06-11 17:56:27","2026-06-12 01:56:27","101408768","pod=currencyservice-7f9f695db5-mb6pd"
"2026-06-11 17:56:42","2026-06-12 01:56:42","101781504","pod=currencyservice-7f9f695db5-mb6pd"
"2026-06-11 17:56:57","2026-06-12 01:56:57","101703680","pod=currencyservice-7f9f695db5-mb6pd"
"2026-06-11 17:57:12","2026-06-12 01:57:12","102301696","pod=currencyservice-7f9f695db5-mb6pd"
"2026-06-11 17:57:27","2026-06-12 01:57:27","102420480","pod=currencyservice-7f9f695db5-mb6pd"
"2026-06-11 17:57:42","2026-06-12 01:57:42","101990400","pod=currencyservice-7f9f695db5-mb6pd"
"2026-06-11 17:57:57","2026-06-12 01:57:57","102105088","pod=currencyservice-7f9f695db5-mb6pd"
"2026-06-11 17:58:12","2026-06-12 01:58:12","102359040","pod=currencyservice-7f9f695db5-mb6pd"
"2026-06-11 17:58:27","2026-06-12 01:58:27","102305792","pod=currencyservice-7f9f695db5-mb6pd"
"2026-06-11 17:58:42","2026-06-12 01:58:42","102440960","pod=currencyservice-7f9f695db5-mb6pd"
"2026-06-11 17:58:57","2026-06-12 01:58:57","102658048","pod=currencyservice-7f9f695db5-mb6pd"
"2026-06-11 17:59:12","2026-06-12 01:59:12","102363136","pod=currencyservice-7f9f695db5-mb6pd"
"2026-06-11 17:59:27","2026-06-12 01:59:27","102752256","pod=currencyservice-7f9f695db5-mb6pd"
"2026-06-11 17:59:42","2026-06-12 01:59:42","102416384","pod=currencyservice-7f9f695db5-mb6pd"
"2026-06-11 17:59:57","2026-06-12 01:59:57","102518784","pod=currencyservice-7f9f695db5-mb6pd"
"2026-06-11 18:00:12","2026-06-12 02:00:12","102768640","pod=currencyservice-7f9f695db5-mb6pd"
"2026-06-11 18:00:27","2026-06-12 02:00:27","103546880","pod=currencyservice-7f9f695db5-mb6pd"
"2026-06-11 18:00:42","2026-06-12 02:00:42","102952960","pod=currencyservice-7f9f695db5-mb6pd"
"2026-06-11 18:00:57","2026-06-12 02:00:57","103276544","pod=currencyservice-7f9f695db5-mb6pd"
"2026-06-11 18:01:12","2026-06-12 02:01:12","103694336","pod=currencyservice-7f9f695db5-mb6pd"
"2026-06-11 18:01:27","2026-06-12 02:01:27","103088128","pod=currencyservice-7f9f695db5-mb6pd"
"2026-06-11 18:01:42","2026-06-12 02:01:42","103743488","pod=currencyservice-7f9f695db5-mb6pd"
"2026-06-11 18:01:57","2026-06-12 02:01:57","103362560","pod=currencyservice-7f9f695db5-mb6pd"
"2026-06-11 18:02:12","2026-06-12 02:02:12","103706624","pod=currencyservice-7f9f695db5-mb6pd"
"2026-06-11 18:02:27","2026-06-12 02:02:27","104439808","pod=currencyservice-7f9f695db5-mb6pd"
"2026-06-11 18:02:42","2026-06-12 02:02:42","104243200","pod=currencyservice-7f9f695db5-mb6pd"
"2026-06-11 18:02:57","2026-06-12 02:02:57","104882176","pod=currencyservice-7f9f695db5-mb6pd"
"2026-06-11 18:03:12","2026-06-12 02:03:12","105205760","pod=currencyservice-7f9f695db5-mb6pd"
"2026-06-11 18:03:27","2026-06-12 02:03:27","105455616","pod=currencyservice-7f9f695db5-mb6pd"
"2026-06-11 18:03:42","2026-06-12 02:03:42","104960000","pod=currencyservice-7f9f695db5-mb6pd"
"2026-06-11 18:03:57","2026-06-12 02:03:57","105598976","pod=currencyservice-7f9f695db5-mb6pd"
"2026-06-11 18:04:12","2026-06-12 02:04:12","105242624","pod=currencyservice-7f9f695db5-mb6pd"
"2026-06-11 18:04:27","2026-06-12 02:04:27","105799680","pod=currencyservice-7f9f695db5-mb6pd"
"2026-06-11 18:04:42","2026-06-12 02:04:42","105242624","pod=currencyservice-7f9f695db5-mb6pd"
"2026-06-11 18:04:57","2026-06-12 02:04:57","105345024","pod=currencyservice-7f9f695db5-mb6pd"
"2026-06-11 18:05:12","2026-06-12 02:05:12","105590784","pod=currencyservice-7f9f695db5-mb6pd"
"2026-06-11 18:05:27","2026-06-12 02:05:27","105590784","pod=currencyservice-7f9f695db5-mb6pd"
"2026-06-11 18:05:42","2026-06-12 02:05:42","106008576","pod=currencyservice-7f9f695db5-mb6pd"
"2026-06-11 18:05:57","2026-06-12 02:05:57","106184704","pod=currencyservice-7f9f695db5-mb6pd"
"2026-06-11 18:06:12","2026-06-12 02:06:12","106217472","pod=currencyservice-7f9f695db5-mb6pd"
"2026-06-11 18:06:27","2026-06-12 02:06:27","105787392","pod=currencyservice-7f9f695db5-mb6pd"
"2026-06-11 18:06:42","2026-06-12 02:06:42","106098688","pod=currencyservice-7f9f695db5-mb6pd"
"2026-06-11 18:06:57","2026-06-12 02:06:57","106229760","pod=currencyservice-7f9f695db5-mb6pd"
"2026-06-11 18:07:12","2026-06-12 02:07:12","106250240","pod=currencyservice-7f9f695db5-mb6pd"
"2026-06-11 18:07:27","2026-06-12 02:07:27","106471424","pod=currencyservice-7f9f695db5-mb6pd"
"2026-06-11 18:07:42","2026-06-12 02:07:42","106176512","pod=currencyservice-7f9f695db5-mb6pd"
"2026-06-11 18:07:57","2026-06-12 02:07:57","106156032","pod=currencyservice-7f9f695db5-mb6pd"
"2026-06-11 18:08:12","2026-06-12 02:08:12","106242048","pod=currencyservice-7f9f695db5-mb6pd"
"2026-06-11 18:08:27","2026-06-12 02:08:27","106463232","pod=currencyservice-7f9f695db5-mb6pd"
"2026-06-11 18:08:42","2026-06-12 02:08:42","106283008","pod=currencyservice-7f9f695db5-mb6pd"
"2026-06-11 18:08:57","2026-06-12 02:08:57","106283008","pod=currencyservice-7f9f695db5-mb6pd"
"2026-06-11 18:09:12","2026-06-12 02:09:12","106381312","pod=currencyservice-7f9f695db5-mb6pd"
"2026-06-11 18:09:27","2026-06-12 02:09:27","106532864","pod=currencyservice-7f9f695db5-mb6pd"
"2026-06-11 18:09:42","2026-06-12 02:09:42","107061248","pod=currencyservice-7f9f695db5-mb6pd"
"2026-06-11 18:09:57","2026-06-12 02:09:57","107065344","pod=currencyservice-7f9f695db5-mb6pd"
"2026-06-11 18:10:12","2026-06-12 02:10:12","106893312","pod=currencyservice-7f9f695db5-mb6pd"
"2026-06-11 18:10:27","2026-06-12 02:10:27","107040768","pod=currencyservice-7f9f695db5-mb6pd"
"2026-06-11 18:10:42","2026-06-12 02:10:42","107040768","pod=currencyservice-7f9f695db5-mb6pd"
"2026-06-11 18:10:57","2026-06-12 02:10:57","107282432","pod=currencyservice-7f9f695db5-mb6pd"
"2026-06-11 18:11:12","2026-06-12 02:11:12","107282432","pod=currencyservice-7f9f695db5-mb6pd"
"2026-06-11 18:11:27","2026-06-12 02:11:27","106848256","pod=currencyservice-7f9f695db5-mb6pd"
"2026-06-11 18:11:42","2026-06-12 02:11:42","107626496","pod=currencyservice-7f9f695db5-mb6pd"
"2026-06-11 18:11:57","2026-06-12 02:11:57","107483136","pod=currencyservice-7f9f695db5-mb6pd"
"2026-06-11 18:12:12","2026-06-12 02:12:12","107798528","pod=currencyservice-7f9f695db5-mb6pd"
"2026-06-11 18:12:27","2026-06-12 02:12:27","107798528","pod=currencyservice-7f9f695db5-mb6pd"
"2026-06-11 18:12:42","2026-06-12 02:12:42","108195840","pod=currencyservice-7f9f695db5-mb6pd"
"2026-06-11 18:12:57","2026-06-12 02:12:57","108126208","pod=currencyservice-7f9f695db5-mb6pd"
"2026-06-11 18:13:12","2026-06-12 02:13:12","108957696","pod=currencyservice-7f9f695db5-mb6pd"
"2026-06-11 18:13:27","2026-06-12 02:13:27","108371968","pod=currencyservice-7f9f695db5-mb6pd"
"2026-06-11 18:13:42","2026-06-12 02:13:42","108392448","pod=currencyservice-7f9f695db5-mb6pd"
"2026-06-11 18:13:57","2026-06-12 02:13:57","108818432","pod=currencyservice-7f9f695db5-mb6pd"
"2026-06-11 18:14:12","2026-06-12 02:14:12","108818432","pod=currencyservice-7f9f695db5-mb6pd"
"2026-06-11 18:14:27","2026-06-12 02:14:27","108675072","pod=currencyservice-7f9f695db5-mb6pd"
"2026-06-11 18:14:42","2026-06-12 02:14:42","108756992","pod=currencyservice-7f9f695db5-mb6pd"
"2026-06-11 18:14:57","2026-06-12 02:14:57","108634112","pod=currencyservice-7f9f695db5-mb6pd"
"2026-06-11 18:15:12","2026-06-12 02:15:12","109273088","pod=currencyservice-7f9f695db5-mb6pd"
"2026-06-11 18:15:27","2026-06-12 02:15:27","109322240","pod=currencyservice-7f9f695db5-mb6pd"
"2026-06-11 18:15:42","2026-06-12 02:15:42","108736512","pod=currencyservice-7f9f695db5-mb6pd"
"2026-06-11 18:15:57","2026-06-12 02:15:57","109268992","pod=currencyservice-7f9f695db5-mb6pd"
"2026-06-11 18:16:12","2026-06-12 02:16:12","109268992","pod=currencyservice-7f9f695db5-mb6pd"
"2026-06-11 18:16:27","2026-06-12 02:16:27","109301760","pod=currencyservice-7f9f695db5-mb6pd"
"2026-06-11 18:16:42","2026-06-12 02:16:42","109326336","pod=currencyservice-7f9f695db5-mb6pd"
"2026-06-11 18:16:57","2026-06-12 02:16:57","109326336","pod=currencyservice-7f9f695db5-mb6pd"
"2026-06-11 18:17:12","2026-06-12 02:17:12","109219840","pod=currencyservice-7f9f695db5-mb6pd"
"2026-06-11 18:17:27","2026-06-12 02:17:27","109588480","pod=currencyservice-7f9f695db5-mb6pd"
"2026-06-11 18:17:42","2026-06-12 02:17:42","109842432","pod=currencyservice-7f9f695db5-mb6pd"
"2026-06-11 18:17:57","2026-06-12 02:17:57","109670400","pod=currencyservice-7f9f695db5-mb6pd"
"2026-06-11 18:18:12","2026-06-12 02:18:12","109559808","pod=currencyservice-7f9f695db5-mb6pd"
"2026-06-11 18:18:27","2026-06-12 02:18:27","109559808","pod=currencyservice-7f9f695db5-mb6pd"
"2026-06-11 18:18:42","2026-06-12 02:18:42","109527040","pod=currencyservice-7f9f695db5-mb6pd"
"2026-06-11 18:18:57","2026-06-12 02:18:57","109522944","pod=currencyservice-7f9f695db5-mb6pd"
"2026-06-11 18:19:12","2026-06-12 02:19:12","109780992","pod=currencyservice-7f9f695db5-mb6pd"
"2026-06-11 18:19:27","2026-06-12 02:19:27","110174208","pod=currencyservice-7f9f695db5-mb6pd"
"2026-06-11 18:19:42","2026-06-12 02:19:42","110333952","pod=currencyservice-7f9f695db5-mb6pd"
"2026-06-11 18:19:57","2026-06-12 02:19:57","109932544","pod=currencyservice-7f9f695db5-mb6pd"
"2026-06-11 18:20:12","2026-06-12 02:20:12","109912064","pod=currencyservice-7f9f695db5-mb6pd"
"2026-06-11 18:20:27","2026-06-12 02:20:27","110620672","pod=currencyservice-7f9f695db5-mb6pd"
"2026-06-11 18:20:42","2026-06-12 02:20:42","110239744","pod=currencyservice-7f9f695db5-mb6pd"
"2026-06-11 18:20:57","2026-06-12 02:20:57","110432256","pod=currencyservice-7f9f695db5-mb6pd"
"2026-06-11 18:21:12","2026-06-12 02:21:12","110432256","pod=currencyservice-7f9f695db5-mb6pd"
"2026-06-11 18:21:27","2026-06-12 02:21:27","110645248","pod=currencyservice-7f9f695db5-mb6pd"
"2026-06-11 18:21:42","2026-06-12 02:21:42","110669824","pod=currencyservice-7f9f695db5-mb6pd"
"2026-06-11 18:21:57","2026-06-12 02:21:57","110669824","pod=currencyservice-7f9f695db5-mb6pd"
"2026-06-11 18:22:12","2026-06-12 02:22:12","111689728","pod=currencyservice-7f9f695db5-mb6pd"
"2026-06-11 18:22:27","2026-06-12 02:22:27","111513600","pod=currencyservice-7f9f695db5-mb6pd"
"2026-06-11 18:22:42","2026-06-12 02:22:42","111820800","pod=currencyservice-7f9f695db5-mb6pd"
"2026-06-11 18:22:57","2026-06-12 02:22:57","112062464","pod=currencyservice-7f9f695db5-mb6pd"
"2026-06-11 18:23:12","2026-06-12 02:23:12","111636480","pod=currencyservice-7f9f695db5-mb6pd"
"2026-06-11 18:23:27","2026-06-12 02:23:27","112529408","pod=currencyservice-7f9f695db5-mb6pd"
"2026-06-11 18:23:42","2026-06-12 02:23:42","111935488","pod=currencyservice-7f9f695db5-mb6pd"
"2026-06-11 18:23:57","2026-06-12 02:23:57","111661056","pod=currencyservice-7f9f695db5-mb6pd"
"2026-06-11 18:24:12","2026-06-12 02:24:12","112193536","pod=currencyservice-7f9f695db5-mb6pd"
"2026-06-11 18:24:27","2026-06-12 02:24:27","112193536","pod=currencyservice-7f9f695db5-mb6pd"
"2026-06-11 18:24:42","2026-06-12 02:24:42","112435200","pod=currencyservice-7f9f695db5-mb6pd"
"2026-06-11 18:24:57","2026-06-12 02:24:57","112455680","pod=currencyservice-7f9f695db5-mb6pd"
"2026-06-11 18:25:12","2026-06-12 02:25:12","112095232","pod=currencyservice-7f9f695db5-mb6pd"
"2026-06-11 18:25:27","2026-06-12 02:25:27","112418816","pod=currencyservice-7f9f695db5-mb6pd"
"2026-06-11 18:25:42","2026-06-12 02:25:42","112418816","pod=currencyservice-7f9f695db5-mb6pd"
"2026-06-11 18:25:57","2026-06-12 02:25:57","112877568","pod=currencyservice-7f9f695db5-mb6pd"
"2026-06-11 18:26:12","2026-06-12 02:26:12","112726016","pod=currencyservice-7f9f695db5-mb6pd"
"2026-06-11 18:26:27","2026-06-12 02:26:27","112721920","pod=currencyservice-7f9f695db5-mb6pd"
"2026-06-11 18:26:42","2026-06-12 02:26:42","112328704","pod=currencyservice-7f9f695db5-mb6pd"
"2026-06-11 18:26:57","2026-06-12 02:26:57","113360896","pod=currencyservice-7f9f695db5-mb6pd"
"2026-06-11 18:27:12","2026-06-12 02:27:12","113164288","pod=currencyservice-7f9f695db5-mb6pd"
"2026-06-11 18:27:27","2026-06-12 02:27:27","112623616","pod=currencyservice-7f9f695db5-mb6pd"
"2026-06-11 18:27:42","2026-06-12 02:27:42","113061888","pod=currencyservice-7f9f695db5-mb6pd"
"2026-06-11 18:27:57","2026-06-12 02:27:57","112672768","pod=currencyservice-7f9f695db5-mb6pd"
"2026-06-11 18:28:12","2026-06-12 02:28:12","113262592","pod=currencyservice-7f9f695db5-mb6pd"
"2026-06-11 18:28:27","2026-06-12 02:28:27","113414144","pod=currencyservice-7f9f695db5-mb6pd"
"2026-06-11 18:28:42","2026-06-12 02:28:42","113156096","pod=currencyservice-7f9f695db5-mb6pd"
"2026-06-11 18:28:57","2026-06-12 02:28:57","113176576","pod=currencyservice-7f9f695db5-mb6pd"
"2026-06-11 18:29:12","2026-06-12 02:29:12","112979968","pod=currencyservice-7f9f695db5-mb6pd"
"2026-06-11 18:29:27","2026-06-12 02:29:27","113352704","pod=currencyservice-7f9f695db5-mb6pd"
"2026-06-11 18:29:42","2026-06-12 02:29:42","114139136","pod=currencyservice-7f9f695db5-mb6pd"
"2026-06-11 18:29:57","2026-06-12 02:29:57","113188864","pod=currencyservice-7f9f695db5-mb6pd"
"2026-06-11 18:30:12","2026-06-12 02:30:12","113569792","pod=currencyservice-7f9f695db5-mb6pd"
"2026-06-11 18:30:27","2026-06-12 02:30:27","113852416","pod=currencyservice-7f9f695db5-mb6pd"
"2026-06-11 18:30:42","2026-06-12 02:30:42","113889280","pod=currencyservice-7f9f695db5-mb6pd"
"2026-06-11 18:30:57","2026-06-12 02:30:57","113725440","pod=currencyservice-7f9f695db5-mb6pd"
"2026-06-11 18:31:12","2026-06-12 02:31:12","113782784","pod=currencyservice-7f9f695db5-mb6pd"
"2026-06-11 18:31:27","2026-06-12 02:31:27","113786880","pod=currencyservice-7f9f695db5-mb6pd"
"2026-06-11 18:31:42","2026-06-12 02:31:42","114360320","pod=currencyservice-7f9f695db5-mb6pd"
"2026-06-11 18:31:57","2026-06-12 02:31:57","114798592","pod=currencyservice-7f9f695db5-mb6pd"
"2026-06-11 18:32:12","2026-06-12 02:32:12","114765824","pod=currencyservice-7f9f695db5-mb6pd"
"2026-06-11 18:32:27","2026-06-12 02:32:27","115167232","pod=currencyservice-7f9f695db5-mb6pd"
"2026-06-11 18:32:42","2026-06-12 02:32:42","115290112","pod=currencyservice-7f9f695db5-mb6pd"
"2026-06-11 18:32:57","2026-06-12 02:32:57","115105792","pod=currencyservice-7f9f695db5-mb6pd"
"2026-06-11 18:33:12","2026-06-12 02:33:12","114597888","pod=currencyservice-7f9f695db5-mb6pd"
"2026-06-11 18:33:27","2026-06-12 02:33:27","114855936","pod=currencyservice-7f9f695db5-mb6pd"
"2026-06-11 18:33:42","2026-06-12 02:33:42","115261440","pod=currencyservice-7f9f695db5-mb6pd"
"2026-06-11 18:33:57","2026-06-12 02:33:57","115367936","pod=currencyservice-7f9f695db5-mb6pd"
"2026-06-11 18:34:12","2026-06-12 02:34:12","115376128","pod=currencyservice-7f9f695db5-mb6pd"
"2026-06-11 18:34:27","2026-06-12 02:34:27","114974720","pod=currencyservice-7f9f695db5-mb6pd"
"2026-06-11 18:34:42","2026-06-12 02:34:42","114974720","pod=currencyservice-7f9f695db5-mb6pd"
"2026-06-11 18:34:57","2026-06-12 02:34:57","115838976","pod=currencyservice-7f9f695db5-mb6pd"
"2026-06-11 18:35:12","2026-06-12 02:35:12","115441664","pod=currencyservice-7f9f695db5-mb6pd"
"2026-06-11 18:35:27","2026-06-12 02:35:27","115658752","pod=currencyservice-7f9f695db5-mb6pd"
"2026-06-11 18:35:42","2026-06-12 02:35:42","115949568","pod=currencyservice-7f9f695db5-mb6pd"
"2026-06-11 18:35:57","2026-06-12 02:35:57","115396608","pod=currencyservice-7f9f695db5-mb6pd"
"2026-06-11 18:36:12","2026-06-12 02:36:12","115539968","pod=currencyservice-7f9f695db5-mb6pd"
"2026-06-11 18:36:27","2026-06-12 02:36:27","116027392","pod=currencyservice-7f9f695db5-mb6pd"
"2026-06-11 18:36:42","2026-06-12 02:36:42","116027392","pod=currencyservice-7f9f695db5-mb6pd"
"2026-06-11 18:36:57","2026-06-12 02:36:57","115605504","pod=currencyservice-7f9f695db5-mb6pd"
"2026-06-11 18:37:12","2026-06-12 02:37:12","115933184","pod=currencyservice-7f9f695db5-mb6pd"
"2026-06-11 18:37:27","2026-06-12 02:37:27","116011008","pod=currencyservice-7f9f695db5-mb6pd"
"2026-06-11 18:37:42","2026-06-12 02:37:42","116011008","pod=currencyservice-7f9f695db5-mb6pd"
"2026-06-11 18:37:57","2026-06-12 02:37:57","116064256","pod=currencyservice-7f9f695db5-mb6pd"
"2026-06-11 18:38:12","2026-06-12 02:38:12","116527104","pod=currencyservice-7f9f695db5-mb6pd"
"2026-06-11 18:38:27","2026-06-12 02:38:27","116236288","pod=currencyservice-7f9f695db5-mb6pd"
"2026-06-11 18:38:42","2026-06-12 02:38:42","116744192","pod=currencyservice-7f9f695db5-mb6pd"
"2026-06-11 18:38:57","2026-06-12 02:38:57","116797440","pod=currencyservice-7f9f695db5-mb6pd"
"2026-06-11 18:39:12","2026-06-12 02:39:12","116506624","pod=currencyservice-7f9f695db5-mb6pd"
"2026-06-11 18:39:27","2026-06-12 02:39:27","116658176","pod=currencyservice-7f9f695db5-mb6pd"
"2026-06-11 18:39:42","2026-06-12 02:39:42","117006336","pod=currencyservice-7f9f695db5-mb6pd"
"2026-06-11 18:39:57","2026-06-12 02:39:57","116387840","pod=currencyservice-7f9f695db5-mb6pd"
"2026-06-11 18:40:12","2026-06-12 02:40:12","117096448","pod=currencyservice-7f9f695db5-mb6pd"
"2026-06-11 18:40:27","2026-06-12 02:40:27","117460992","pod=currencyservice-7f9f695db5-mb6pd"
"2026-06-11 18:40:42","2026-06-12 02:40:42","117432320","pod=currencyservice-7f9f695db5-mb6pd"
"2026-06-11 18:40:57","2026-06-12 02:40:57","117260288","pod=currencyservice-7f9f695db5-mb6pd"
"2026-06-11 18:41:12","2026-06-12 02:41:12","117567488","pod=currencyservice-7f9f695db5-mb6pd"
"2026-06-11 18:41:27","2026-06-12 02:41:27","117567488","pod=currencyservice-7f9f695db5-mb6pd"
"2026-06-11 18:41:42","2026-06-12 02:41:42","118251520","pod=currencyservice-7f9f695db5-mb6pd"
"2026-06-11 18:41:57","2026-06-12 02:41:57","118145024","pod=currencyservice-7f9f695db5-mb6pd"
"2026-06-11 18:42:12","2026-06-12 02:42:12","118145024","pod=currencyservice-7f9f695db5-mb6pd"
"2026-06-11 18:42:27","2026-06-12 02:42:27","118951936","pod=currencyservice-7f9f695db5-mb6pd"
"2026-06-11 18:42:42","2026-06-12 02:42:42","118829056","pod=currencyservice-7f9f695db5-mb6pd"
"2026-06-11 18:42:57","2026-06-12 02:42:57","119390208","pod=currencyservice-7f9f695db5-mb6pd"
"2026-06-11 18:43:12","2026-06-12 02:43:12","119390208","pod=currencyservice-7f9f695db5-mb6pd"
"2026-06-11 18:43:27","2026-06-12 02:43:27","119156736","pod=currencyservice-7f9f695db5-mb6pd"
"2026-06-11 18:43:42","2026-06-12 02:43:42","118861824","pod=currencyservice-7f9f695db5-mb6pd"
"2026-06-11 18:43:57","2026-06-12 02:43:57","119107584","pod=currencyservice-7f9f695db5-mb6pd"
"2026-06-11 18:44:12","2026-06-12 02:44:12","119083008","pod=currencyservice-7f9f695db5-mb6pd"
"2026-06-11 18:44:27","2026-06-12 02:44:27","119177216","pod=currencyservice-7f9f695db5-mb6pd"
"2026-06-11 18:44:42","2026-06-12 02:44:42","119570432","pod=currencyservice-7f9f695db5-mb6pd"
"2026-06-11 18:44:57","2026-06-12 02:44:57","118902784","pod=currencyservice-7f9f695db5-mb6pd"
"2026-06-11 18:45:12","2026-06-12 02:45:12","119136256","pod=currencyservice-7f9f695db5-mb6pd"
"2026-06-11 18:45:27","2026-06-12 02:45:27","119525376","pod=currencyservice-7f9f695db5-mb6pd"
"2026-06-11 18:45:42","2026-06-12 02:45:42","119676928","pod=currencyservice-7f9f695db5-mb6pd"
"2026-06-11 18:45:57","2026-06-12 02:45:57","119418880","pod=currencyservice-7f9f695db5-mb6pd"
"2026-06-11 18:46:12","2026-06-12 02:46:12","119885824","pod=currencyservice-7f9f695db5-mb6pd"
"2026-06-11 18:46:27","2026-06-12 02:46:27","119885824","pod=currencyservice-7f9f695db5-mb6pd"
"2026-06-11 18:46:42","2026-06-12 02:46:42","119406592","pod=currencyservice-7f9f695db5-mb6pd"
"2026-06-11 18:46:57","2026-06-12 02:46:57","119578624","pod=currencyservice-7f9f695db5-mb6pd"
"2026-06-11 18:47:12","2026-06-12 02:47:12","119857152","pod=currencyservice-7f9f695db5-mb6pd"
"2026-06-11 18:47:27","2026-06-12 02:47:27","120094720","pod=currencyservice-7f9f695db5-mb6pd"
"2026-06-11 18:47:42","2026-06-12 02:47:42","119599104","pod=currencyservice-7f9f695db5-mb6pd"
"2026-06-11 18:47:57","2026-06-12 02:47:57","120332288","pod=currencyservice-7f9f695db5-mb6pd"
"2026-06-11 18:48:12","2026-06-12 02:48:12","120279040","pod=currencyservice-7f9f695db5-mb6pd"
"2026-06-11 18:48:27","2026-06-12 02:48:27","119914496","pod=currencyservice-7f9f695db5-mb6pd"
"2026-06-11 18:48:42","2026-06-12 02:48:42","119914496","pod=currencyservice-7f9f695db5-mb6pd"
"2026-06-11 18:48:57","2026-06-12 02:48:57","120696832","pod=currencyservice-7f9f695db5-mb6pd"
"2026-06-11 18:49:12","2026-06-12 02:49:12","120188928","pod=currencyservice-7f9f695db5-mb6pd"
"2026-06-11 18:49:27","2026-06-12 02:49:27","120520704","pod=currencyservice-7f9f695db5-mb6pd"
"2026-06-11 18:49:42","2026-06-12 02:49:42","120770560","pod=currencyservice-7f9f695db5-mb6pd"
"2026-06-11 18:49:57","2026-06-12 02:49:57","120680448","pod=currencyservice-7f9f695db5-mb6pd"
"2026-06-11 18:50:12","2026-06-12 02:50:12","120918016","pod=currencyservice-7f9f695db5-mb6pd"
"2026-06-11 18:50:27","2026-06-12 02:50:27","121253888","pod=currencyservice-7f9f695db5-mb6pd"
"2026-06-11 18:50:42","2026-06-12 02:50:42","120827904","pod=currencyservice-7f9f695db5-mb6pd"
"2026-06-11 18:50:57","2026-06-12 02:50:57","121278464","pod=currencyservice-7f9f695db5-mb6pd"
"2026-06-11 18:51:12","2026-06-12 02:51:12","121278464","pod=currencyservice-7f9f695db5-mb6pd"
"2026-06-11 18:51:27","2026-06-12 02:51:27","121425920","pod=currencyservice-7f9f695db5-mb6pd"
"2026-06-11 18:51:42","2026-06-12 02:51:42","121425920","pod=currencyservice-7f9f695db5-mb6pd"
"2026-06-11 18:51:57","2026-06-12 02:51:57","121200640","pod=currencyservice-7f9f695db5-mb6pd"
"2026-06-11 18:52:12","2026-06-12 02:52:12","121602048","pod=currencyservice-7f9f695db5-mb6pd"
"2026-06-11 18:52:27","2026-06-12 02:52:27","121917440","pod=currencyservice-7f9f695db5-mb6pd"
"2026-06-11 18:52:42","2026-06-12 02:52:42","121303040","pod=currencyservice-7f9f695db5-mb6pd"
"2026-06-11 18:52:57","2026-06-12 02:52:57","122101760","pod=currencyservice-7f9f695db5-mb6pd"
"2026-06-11 18:53:12","2026-06-12 02:53:12","122101760","pod=currencyservice-7f9f695db5-mb6pd"
"2026-06-11 18:53:27","2026-06-12 02:53:27","121544704","pod=currencyservice-7f9f695db5-mb6pd"
"2026-06-11 18:53:42","2026-06-12 02:53:42","121917440","pod=currencyservice-7f9f695db5-mb6pd"
"2026-06-11 18:53:57","2026-06-12 02:53:57","122114048","pod=currencyservice-7f9f695db5-mb6pd"
"2026-06-11 18:54:12","2026-06-12 02:54:12","122261504","pod=currencyservice-7f9f695db5-mb6pd"
"2026-06-11 18:54:27","2026-06-12 02:54:27","122527744","pod=currencyservice-7f9f695db5-mb6pd"
"2026-06-11 18:54:42","2026-06-12 02:54:42","122638336","pod=currencyservice-7f9f695db5-mb6pd"
"2026-06-11 18:54:57","2026-06-12 02:54:57","122097664","pod=currencyservice-7f9f695db5-mb6pd"
"2026-06-11 18:55:12","2026-06-12 02:55:12","122028032","pod=currencyservice-7f9f695db5-mb6pd"
"2026-06-11 18:55:27","2026-06-12 02:55:27","123183104","pod=currencyservice-7f9f695db5-mb6pd"
"2026-06-11 18:55:42","2026-06-12 02:55:42","123183104","pod=currencyservice-7f9f695db5-mb6pd"
"2026-06-11 18:55:57","2026-06-12 02:55:57","122286080","pod=currencyservice-7f9f695db5-mb6pd"
"2026-06-11 18:56:12","2026-06-12 02:56:12","122859520","pod=currencyservice-7f9f695db5-mb6pd"
"2026-06-11 18:56:27","2026-06-12 02:56:27","123056128","pod=currencyservice-7f9f695db5-mb6pd"
"2026-06-11 18:56:42","2026-06-12 02:56:42","123056128","pod=currencyservice-7f9f695db5-mb6pd"
"2026-06-11 18:56:57","2026-06-12 02:56:57","122478592","pod=currencyservice-7f9f695db5-mb6pd"
"2026-06-11 18:57:12","2026-06-12 02:57:12","122761216","pod=currencyservice-7f9f695db5-mb6pd"
"2026-06-11 18:57:27","2026-06-12 02:57:27","122761216","pod=currencyservice-7f9f695db5-mb6pd"
"2026-06-11 18:57:42","2026-06-12 02:57:42","123011072","pod=currencyservice-7f9f695db5-mb6pd"
"2026-06-11 18:57:57","2026-06-12 02:57:57","123011072","pod=currencyservice-7f9f695db5-mb6pd"
"2026-06-11 18:58:12","2026-06-12 02:58:12","122851328","pod=currencyservice-7f9f695db5-mb6pd"
"2026-06-11 18:58:27","2026-06-12 02:58:27","123203584","pod=currencyservice-7f9f695db5-mb6pd"
"2026-06-11 18:58:42","2026-06-12 02:58:42","122925056","pod=currencyservice-7f9f695db5-mb6pd"
"2026-06-11 18:58:57","2026-06-12 02:58:57","123121664","pod=currencyservice-7f9f695db5-mb6pd"
"2026-06-11 18:59:12","2026-06-12 02:59:12","123424768","pod=currencyservice-7f9f695db5-mb6pd"
"2026-06-11 18:59:27","2026-06-12 02:59:27","124018688","pod=currencyservice-7f9f695db5-mb6pd"
"2026-06-11 18:59:42","2026-06-12 02:59:42","123744256","pod=currencyservice-7f9f695db5-mb6pd"
"2026-06-11 18:59:57","2026-06-12 02:59:57","123629568","pod=currencyservice-7f9f695db5-mb6pd"
"2026-06-11 19:00:12","2026-06-12 03:00:12","124018688","pod=currencyservice-7f9f695db5-mb6pd"
"2026-06-11 19:00:27","2026-06-12 03:00:27","124321792","pod=currencyservice-7f9f695db5-mb6pd"
"2026-06-11 19:00:42","2026-06-12 03:00:42","124649472","pod=currencyservice-7f9f695db5-mb6pd"
"2026-06-11 19:00:57","2026-06-12 03:00:57","124465152","pod=currencyservice-7f9f695db5-mb6pd"
"2026-06-11 19:01:12","2026-06-12 03:01:12","124420096","pod=currencyservice-7f9f695db5-mb6pd"
"2026-06-11 19:01:27","2026-06-12 03:01:27","124719104","pod=currencyservice-7f9f695db5-mb6pd"
"2026-06-11 19:01:42","2026-06-12 03:01:42","124719104","pod=currencyservice-7f9f695db5-mb6pd"
"2026-06-11 19:01:57","2026-06-12 03:01:57","124575744","pod=currencyservice-7f9f695db5-mb6pd"
"2026-06-11 19:02:12","2026-06-12 03:02:12","125063168","pod=currencyservice-7f9f695db5-mb6pd"
"2026-06-11 19:02:27","2026-06-12 03:02:27","124932096","pod=currencyservice-7f9f695db5-mb6pd"
"2026-06-11 19:02:42","2026-06-12 03:02:42","125321216","pod=currencyservice-7f9f695db5-mb6pd"
"2026-06-11 19:02:57","2026-06-12 03:02:57","125272064","pod=currencyservice-7f9f695db5-mb6pd"
"2026-06-11 19:03:12","2026-06-12 03:03:12","125177856","pod=currencyservice-7f9f695db5-mb6pd"
"2026-06-11 19:03:27","2026-06-12 03:03:27","125091840","pod=currencyservice-7f9f695db5-mb6pd"
"2026-06-11 19:03:42","2026-06-12 03:03:42","125132800","pod=currencyservice-7f9f695db5-mb6pd"
"2026-06-11 19:03:57","2026-06-12 03:03:57","125337600","pod=currencyservice-7f9f695db5-mb6pd"
"2026-06-11 19:04:12","2026-06-12 03:04:12","125239296","pod=currencyservice-7f9f695db5-mb6pd"
"2026-06-11 19:04:27","2026-06-12 03:04:27","125059072","pod=currencyservice-7f9f695db5-mb6pd"
"2026-06-11 19:04:42","2026-06-12 03:04:42","125665280","pod=currencyservice-7f9f695db5-mb6pd"
"2026-06-11 19:04:57","2026-06-12 03:04:57","125890560","pod=currencyservice-7f9f695db5-mb6pd"
"2026-06-11 19:05:12","2026-06-12 03:05:12","125374464","pod=currencyservice-7f9f695db5-mb6pd"
"2026-06-11 19:05:27","2026-06-12 03:05:27","125616128","pod=currencyservice-7f9f695db5-mb6pd"
"2026-06-11 19:05:42","2026-06-12 03:05:42","125849600","pod=currencyservice-7f9f695db5-mb6pd"
"2026-06-11 19:05:57","2026-06-12 03:05:57","126128128","pod=currencyservice-7f9f695db5-mb6pd"
"2026-06-11 19:06:12","2026-06-12 03:06:12","126214144","pod=currencyservice-7f9f695db5-mb6pd"
"2026-06-11 19:06:27","2026-06-12 03:06:27","125952000","pod=currencyservice-7f9f695db5-mb6pd"
"2026-06-11 19:06:42","2026-06-12 03:06:42","126218240","pod=currencyservice-7f9f695db5-mb6pd"
"2026-06-11 19:06:57","2026-06-12 03:06:57","126218240","pod=currencyservice-7f9f695db5-mb6pd"
"2026-06-11 19:07:12","2026-06-12 03:07:12","125874176","pod=currencyservice-7f9f695db5-mb6pd"
"2026-06-11 19:07:27","2026-06-12 03:07:27","126631936","pod=currencyservice-7f9f695db5-mb6pd"
"2026-06-11 19:07:42","2026-06-12 03:07:42","126631936","pod=currencyservice-7f9f695db5-mb6pd"
"2026-06-11 19:07:57","2026-06-12 03:07:57","126377984","pod=currencyservice-7f9f695db5-mb6pd"
"2026-06-11 19:08:12","2026-06-12 03:08:12","126001152","pod=currencyservice-7f9f695db5-mb6pd"
"2026-06-11 19:08:27","2026-06-12 03:08:27","126525440","pod=currencyservice-7f9f695db5-mb6pd"
"2026-06-11 19:08:42","2026-06-12 03:08:42","126525440","pod=currencyservice-7f9f695db5-mb6pd"
"2026-06-11 19:08:57","2026-06-12 03:08:57","126283776","pod=currencyservice-7f9f695db5-mb6pd"
"2026-06-11 19:09:12","2026-06-12 03:09:12","127070208","pod=currencyservice-7f9f695db5-mb6pd"
"2026-06-11 19:09:27","2026-06-12 03:09:27","127205376","pod=currencyservice-7f9f695db5-mb6pd"
"2026-06-11 19:09:42","2026-06-12 03:09:42","127774720","pod=currencyservice-7f9f695db5-mb6pd"
"2026-06-11 19:09:57","2026-06-12 03:09:57","127852544","pod=currencyservice-7f9f695db5-mb6pd"
"2026-06-11 19:10:12","2026-06-12 03:10:12","128229376","pod=currencyservice-7f9f695db5-mb6pd"
"2026-06-11 19:10:27","2026-06-12 03:10:27","128229376","pod=currencyservice-7f9f695db5-mb6pd"
"2026-06-11 19:10:42","2026-06-12 03:10:42","127885312","pod=currencyservice-7f9f695db5-mb6pd"
"2026-06-11 19:10:57","2026-06-12 03:10:57","128098304","pod=currencyservice-7f9f695db5-mb6pd"
"2026-06-11 19:11:12","2026-06-12 03:11:12","128491520","pod=currencyservice-7f9f695db5-mb6pd"
"2026-06-11 19:11:27","2026-06-12 03:11:27","128491520","pod=currencyservice-7f9f695db5-mb6pd"
"2026-06-11 19:11:42","2026-06-12 03:11:42","128663552","pod=currencyservice-7f9f695db5-mb6pd"
"2026-06-11 19:11:57","2026-06-12 03:11:57","128663552","pod=currencyservice-7f9f695db5-mb6pd"
"2026-06-11 19:12:12","2026-06-12 03:12:12","128446464","pod=currencyservice-7f9f695db5-mb6pd"
"2026-06-11 19:12:27","2026-06-12 03:12:27","128241664","pod=currencyservice-7f9f695db5-mb6pd"
"2026-06-11 19:12:42","2026-06-12 03:12:42","128770048","pod=currencyservice-7f9f695db5-mb6pd"
"2026-06-11 19:12:57","2026-06-12 03:12:57","128196608","pod=currencyservice-7f9f695db5-mb6pd"
"2026-06-11 19:13:12","2026-06-12 03:13:12","128851968","pod=currencyservice-7f9f695db5-mb6pd"
"2026-06-11 19:13:27","2026-06-12 03:13:27","128532480","pod=currencyservice-7f9f695db5-mb6pd"
"2026-06-11 19:13:42","2026-06-12 03:13:42","128827392","pod=currencyservice-7f9f695db5-mb6pd"
"2026-06-11 19:13:57","2026-06-12 03:13:57","128892928","pod=currencyservice-7f9f695db5-mb6pd"
"2026-06-11 19:14:12","2026-06-12 03:14:12","128684032","pod=currencyservice-7f9f695db5-mb6pd"
"2026-06-11 19:14:27","2026-06-12 03:14:27","129101824","pod=currencyservice-7f9f695db5-mb6pd"
"2026-06-11 19:14:42","2026-06-12 03:14:42","128618496","pod=currencyservice-7f9f695db5-mb6pd"
"2026-06-11 19:14:57","2026-06-12 03:14:57","128843776","pod=currencyservice-7f9f695db5-mb6pd"
"2026-06-11 19:15:12","2026-06-12 03:15:12","129449984","pod=currencyservice-7f9f695db5-mb6pd"
"2026-06-11 19:15:27","2026-06-12 03:15:27","129748992","pod=currencyservice-7f9f695db5-mb6pd"
"2026-06-11 19:15:42","2026-06-12 03:15:42","129126400","pod=currencyservice-7f9f695db5-mb6pd"
"2026-06-11 19:15:57","2026-06-12 03:15:57","129556480","pod=currencyservice-7f9f695db5-mb6pd"
"2026-06-11 19:16:12","2026-06-12 03:16:12","129806336","pod=currencyservice-7f9f695db5-mb6pd"
"2026-06-11 19:16:27","2026-06-12 03:16:27","129712128","pod=currencyservice-7f9f695db5-mb6pd"
"2026-06-11 19:16:42","2026-06-12 03:16:42","129814528","pod=currencyservice-7f9f695db5-mb6pd"
"2026-06-11 19:16:57","2026-06-12 03:16:57","129634304","pod=currencyservice-7f9f695db5-mb6pd"
"2026-06-11 19:17:12","2026-06-12 03:17:12","129806336","pod=currencyservice-7f9f695db5-mb6pd"
"2026-06-11 19:17:27","2026-06-12 03:17:27","129650688","pod=currencyservice-7f9f695db5-mb6pd"
"2026-06-11 19:17:42","2026-06-12 03:17:42","129810432","pod=currencyservice-7f9f695db5-mb6pd"
"2026-06-11 19:17:57","2026-06-12 03:17:57","129622016","pod=currencyservice-7f9f695db5-mb6pd"
"2026-06-11 19:18:12","2026-06-12 03:18:12","129888256","pod=currencyservice-7f9f695db5-mb6pd"
"2026-06-11 19:18:27","2026-06-12 03:18:27","129728512","pod=currencyservice-7f9f695db5-mb6pd"
"2026-06-11 19:18:42","2026-06-12 03:18:42","130060288","pod=currencyservice-7f9f695db5-mb6pd"
"2026-06-11 19:18:57","2026-06-12 03:18:57","129892352","pod=currencyservice-7f9f695db5-mb6pd"
"2026-06-11 19:19:12","2026-06-12 03:19:12","130392064","pod=currencyservice-7f9f695db5-mb6pd"
"2026-06-11 19:19:27","2026-06-12 03:19:27","130392064","pod=currencyservice-7f9f695db5-mb6pd"
"2026-06-11 19:19:42","2026-06-12 03:19:42","130879488","pod=currencyservice-7f9f695db5-mb6pd"
"2026-06-11 19:19:57","2026-06-12 03:19:57","130887680","pod=currencyservice-7f9f695db5-mb6pd"
"2026-06-11 19:20:12","2026-06-12 03:20:12","130863104","pod=currencyservice-7f9f695db5-mb6pd"
"2026-06-11 19:20:27","2026-06-12 03:20:27","131747840","pod=currencyservice-7f9f695db5-mb6pd"
"2026-06-11 19:20:42","2026-06-12 03:20:42","131284992","pod=currencyservice-7f9f695db5-mb6pd"
"2026-06-11 19:20:57","2026-06-12 03:20:57","131112960","pod=currencyservice-7f9f695db5-mb6pd"
"2026-06-11 19:21:12","2026-06-12 03:21:12","131112960","pod=currencyservice-7f9f695db5-mb6pd"
"2026-06-11 19:21:27","2026-06-12 03:21:27","131424256","pod=currencyservice-7f9f695db5-mb6pd"
"2026-06-11 19:21:42","2026-06-12 03:21:42","131543040","pod=currencyservice-7f9f695db5-mb6pd"
"2026-06-11 19:21:57","2026-06-12 03:21:57","131543040","pod=currencyservice-7f9f695db5-mb6pd"
"2026-06-11 19:22:12","2026-06-12 03:22:12","131997696","pod=currencyservice-7f9f695db5-mb6pd"
"2026-06-11 19:22:27","2026-06-12 03:22:27","131829760","pod=currencyservice-7f9f695db5-mb6pd"
"2026-06-11 19:22:42","2026-06-12 03:22:42","132104192","pod=currencyservice-7f9f695db5-mb6pd"
"2026-06-11 19:22:57","2026-06-12 03:22:57","131747840","pod=currencyservice-7f9f695db5-mb6pd"
"2026-06-11 19:23:12","2026-06-12 03:23:12","132583424","pod=currencyservice-7f9f695db5-mb6pd"
"2026-06-11 19:23:27","2026-06-12 03:23:27","132263936","pod=currencyservice-7f9f695db5-mb6pd"
"2026-06-11 19:23:42","2026-06-12 03:23:42","131846144","pod=currencyservice-7f9f695db5-mb6pd"
"2026-06-11 19:23:57","2026-06-12 03:23:57","132599808","pod=currencyservice-7f9f695db5-mb6pd"
"2026-06-11 19:24:12","2026-06-12 03:24:12","132751360","pod=currencyservice-7f9f695db5-mb6pd"
"2026-06-11 19:24:27","2026-06-12 03:24:27","132599808","pod=currencyservice-7f9f695db5-mb6pd"
"2026-06-11 19:24:42","2026-06-12 03:24:42","132444160","pod=currencyservice-7f9f695db5-mb6pd"
"2026-06-11 19:24:57","2026-06-12 03:24:57","132435968","pod=currencyservice-7f9f695db5-mb6pd"
"2026-06-11 19:25:12","2026-06-12 03:25:12","132435968","pod=currencyservice-7f9f695db5-mb6pd"
"2026-06-11 19:25:27","2026-06-12 03:25:27","133492736","pod=currencyservice-7f9f695db5-mb6pd"
"2026-06-11 19:25:42","2026-06-12 03:25:42","132902912","pod=currencyservice-7f9f695db5-mb6pd"
"2026-06-11 19:25:57","2026-06-12 03:25:57","132923392","pod=currencyservice-7f9f695db5-mb6pd"
"2026-06-11 19:26:12","2026-06-12 03:26:12","132923392","pod=currencyservice-7f9f695db5-mb6pd"
"2026-06-11 19:26:27","2026-06-12 03:26:27","133287936","pod=currencyservice-7f9f695db5-mb6pd"
"2026-06-11 19:26:42","2026-06-12 03:26:42","131866624","pod=currencyservice-7f9f695db5-mb6pd"
"2026-06-11 19:26:57","2026-06-12 03:26:57","131866624","pod=currencyservice-7f9f695db5-mb6pd"
"2026-06-11 17:26:57","2026-06-12 01:26:57","44179456","pod=emailservice-58dc4788c5-8g5bc"
"2026-06-11 17:27:12","2026-06-12 01:27:12","44183552","pod=emailservice-58dc4788c5-8g5bc"
"2026-06-11 17:27:27","2026-06-12 01:27:27","44179456","pod=emailservice-58dc4788c5-8g5bc"
"2026-06-11 17:27:42","2026-06-12 01:27:42","44441600","pod=emailservice-58dc4788c5-8g5bc"
"2026-06-11 17:27:57","2026-06-12 01:27:57","44179456","pod=emailservice-58dc4788c5-8g5bc"
"2026-06-11 17:28:12","2026-06-12 01:28:12","44179456","pod=emailservice-58dc4788c5-8g5bc"
"2026-06-11 17:28:27","2026-06-12 01:28:27","44183552","pod=emailservice-58dc4788c5-8g5bc"
"2026-06-11 17:28:42","2026-06-12 01:28:42","44183552","pod=emailservice-58dc4788c5-8g5bc"
"2026-06-11 17:28:57","2026-06-12 01:28:57","44179456","pod=emailservice-58dc4788c5-8g5bc"
"2026-06-11 17:29:12","2026-06-12 01:29:12","44179456","pod=emailservice-58dc4788c5-8g5bc"
"2026-06-11 17:29:27","2026-06-12 01:29:27","44179456","pod=emailservice-58dc4788c5-8g5bc"
"2026-06-11 17:29:42","2026-06-12 01:29:42","44187648","pod=emailservice-58dc4788c5-8g5bc"
"2026-06-11 17:29:57","2026-06-12 01:29:57","44179456","pod=emailservice-58dc4788c5-8g5bc"
"2026-06-11 17:30:12","2026-06-12 01:30:12","44179456","pod=emailservice-58dc4788c5-8g5bc"
"2026-06-11 17:30:27","2026-06-12 01:30:27","44179456","pod=emailservice-58dc4788c5-8g5bc"
"2026-06-11 17:30:42","2026-06-12 01:30:42","44179456","pod=emailservice-58dc4788c5-8g5bc"
"2026-06-11 17:30:57","2026-06-12 01:30:57","44179456","pod=emailservice-58dc4788c5-8g5bc"
"2026-06-11 17:31:12","2026-06-12 01:31:12","44179456","pod=emailservice-58dc4788c5-8g5bc"
"2026-06-11 17:31:27","2026-06-12 01:31:27","44179456","pod=emailservice-58dc4788c5-8g5bc"
"2026-06-11 17:31:42","2026-06-12 01:31:42","44179456","pod=emailservice-58dc4788c5-8g5bc"
"2026-06-11 17:31:57","2026-06-12 01:31:57","44179456","pod=emailservice-58dc4788c5-8g5bc"
"2026-06-11 17:32:12","2026-06-12 01:32:12","44441600","pod=emailservice-58dc4788c5-8g5bc"
"2026-06-11 17:32:27","2026-06-12 01:32:27","44179456","pod=emailservice-58dc4788c5-8g5bc"
"2026-06-11 17:32:42","2026-06-12 01:32:42","44179456","pod=emailservice-58dc4788c5-8g5bc"
"2026-06-11 17:32:57","2026-06-12 01:32:57","44179456","pod=emailservice-58dc4788c5-8g5bc"
"2026-06-11 17:33:12","2026-06-12 01:33:12","44179456","pod=emailservice-58dc4788c5-8g5bc"
"2026-06-11 17:33:27","2026-06-12 01:33:27","44179456","pod=emailservice-58dc4788c5-8g5bc"
"2026-06-11 17:33:42","2026-06-12 01:33:42","44179456","pod=emailservice-58dc4788c5-8g5bc"
"2026-06-11 17:33:57","2026-06-12 01:33:57","44179456","pod=emailservice-58dc4788c5-8g5bc"
"2026-06-11 17:34:12","2026-06-12 01:34:12","44179456","pod=emailservice-58dc4788c5-8g5bc"
"2026-06-11 17:34:27","2026-06-12 01:34:27","44441600","pod=emailservice-58dc4788c5-8g5bc"
"2026-06-11 17:34:42","2026-06-12 01:34:42","44179456","pod=emailservice-58dc4788c5-8g5bc"
"2026-06-11 17:34:57","2026-06-12 01:34:57","44179456","pod=emailservice-58dc4788c5-8g5bc"
"2026-06-11 17:35:12","2026-06-12 01:35:12","44179456","pod=emailservice-58dc4788c5-8g5bc"
"2026-06-11 17:35:27","2026-06-12 01:35:27","44179456","pod=emailservice-58dc4788c5-8g5bc"
"2026-06-11 17:35:42","2026-06-12 01:35:42","44179456","pod=emailservice-58dc4788c5-8g5bc"
"2026-06-11 17:35:57","2026-06-12 01:35:57","44179456","pod=emailservice-58dc4788c5-8g5bc"
"2026-06-11 17:36:12","2026-06-12 01:36:12","44179456","pod=emailservice-58dc4788c5-8g5bc"
"2026-06-11 17:36:27","2026-06-12 01:36:27","44179456","pod=emailservice-58dc4788c5-8g5bc"
"2026-06-11 17:36:42","2026-06-12 01:36:42","44437504","pod=emailservice-58dc4788c5-8g5bc"
"2026-06-11 17:36:57","2026-06-12 01:36:57","44453888","pod=emailservice-58dc4788c5-8g5bc"
"2026-06-11 17:37:12","2026-06-12 01:37:12","44179456","pod=emailservice-58dc4788c5-8g5bc"
"2026-06-11 17:37:27","2026-06-12 01:37:27","44179456","pod=emailservice-58dc4788c5-8g5bc"
"2026-06-11 17:37:42","2026-06-12 01:37:42","44179456","pod=emailservice-58dc4788c5-8g5bc"
"2026-06-11 17:37:57","2026-06-12 01:37:57","44179456","pod=emailservice-58dc4788c5-8g5bc"
"2026-06-11 17:38:12","2026-06-12 01:38:12","44179456","pod=emailservice-58dc4788c5-8g5bc"
"2026-06-11 17:38:27","2026-06-12 01:38:27","44179456","pod=emailservice-58dc4788c5-8g5bc"
"2026-06-11 17:38:42","2026-06-12 01:38:42","44179456","pod=emailservice-58dc4788c5-8g5bc"
"2026-06-11 17:38:57","2026-06-12 01:38:57","44179456","pod=emailservice-58dc4788c5-8g5bc"
"2026-06-11 17:39:12","2026-06-12 01:39:12","44179456","pod=emailservice-58dc4788c5-8g5bc"
"2026-06-11 17:39:27","2026-06-12 01:39:27","44179456","pod=emailservice-58dc4788c5-8g5bc"
"2026-06-11 17:39:42","2026-06-12 01:39:42","44179456","pod=emailservice-58dc4788c5-8g5bc"
"2026-06-11 17:39:57","2026-06-12 01:39:57","44179456","pod=emailservice-58dc4788c5-8g5bc"
"2026-06-11 17:40:12","2026-06-12 01:40:12","44179456","pod=emailservice-58dc4788c5-8g5bc"
"2026-06-11 17:40:27","2026-06-12 01:40:27","44437504","pod=emailservice-58dc4788c5-8g5bc"
"2026-06-11 17:40:42","2026-06-12 01:40:42","44437504","pod=emailservice-58dc4788c5-8g5bc"
"2026-06-11 17:40:57","2026-06-12 01:40:57","44183552","pod=emailservice-58dc4788c5-8g5bc"
"2026-06-11 17:41:12","2026-06-12 01:41:12","44179456","pod=emailservice-58dc4788c5-8g5bc"
"2026-06-11 17:41:27","2026-06-12 01:41:27","44179456","pod=emailservice-58dc4788c5-8g5bc"
"2026-06-11 17:41:42","2026-06-12 01:41:42","44179456","pod=emailservice-58dc4788c5-8g5bc"
"2026-06-11 17:41:57","2026-06-12 01:41:57","44179456","pod=emailservice-58dc4788c5-8g5bc"
"2026-06-11 17:42:12","2026-06-12 01:42:12","44179456","pod=emailservice-58dc4788c5-8g5bc"
"2026-06-11 17:42:27","2026-06-12 01:42:27","44183552","pod=emailservice-58dc4788c5-8g5bc"
"2026-06-11 17:42:42","2026-06-12 01:42:42","44179456","pod=emailservice-58dc4788c5-8g5bc"
"2026-06-11 17:42:57","2026-06-12 01:42:57","44179456","pod=emailservice-58dc4788c5-8g5bc"
"2026-06-11 17:43:12","2026-06-12 01:43:12","44179456","pod=emailservice-58dc4788c5-8g5bc"
"2026-06-11 17:43:27","2026-06-12 01:43:27","44179456","pod=emailservice-58dc4788c5-8g5bc"
"2026-06-11 17:43:42","2026-06-12 01:43:42","44179456","pod=emailservice-58dc4788c5-8g5bc"
"2026-06-11 17:43:57","2026-06-12 01:43:57","44179456","pod=emailservice-58dc4788c5-8g5bc"
"2026-06-11 17:44:12","2026-06-12 01:44:12","44179456","pod=emailservice-58dc4788c5-8g5bc"
"2026-06-11 17:44:27","2026-06-12 01:44:27","44179456","pod=emailservice-58dc4788c5-8g5bc"
"2026-06-11 17:44:42","2026-06-12 01:44:42","44179456","pod=emailservice-58dc4788c5-8g5bc"
"2026-06-11 17:44:57","2026-06-12 01:44:57","44437504","pod=emailservice-58dc4788c5-8g5bc"
"2026-06-11 17:45:12","2026-06-12 01:45:12","44179456","pod=emailservice-58dc4788c5-8g5bc"
"2026-06-11 17:45:27","2026-06-12 01:45:27","44179456","pod=emailservice-58dc4788c5-8g5bc"
"2026-06-11 17:45:42","2026-06-12 01:45:42","44179456","pod=emailservice-58dc4788c5-8g5bc"
"2026-06-11 17:45:57","2026-06-12 01:45:57","44179456","pod=emailservice-58dc4788c5-8g5bc"
"2026-06-11 17:46:12","2026-06-12 01:46:12","44179456","pod=emailservice-58dc4788c5-8g5bc"
"2026-06-11 17:46:27","2026-06-12 01:46:27","44179456","pod=emailservice-58dc4788c5-8g5bc"
"2026-06-11 17:46:42","2026-06-12 01:46:42","44179456","pod=emailservice-58dc4788c5-8g5bc"
"2026-06-11 17:46:57","2026-06-12 01:46:57","44179456","pod=emailservice-58dc4788c5-8g5bc"
"2026-06-11 17:47:12","2026-06-12 01:47:12","44179456","pod=emailservice-58dc4788c5-8g5bc"
"2026-06-11 17:47:27","2026-06-12 01:47:27","44179456","pod=emailservice-58dc4788c5-8g5bc"
"2026-06-11 17:47:42","2026-06-12 01:47:42","44179456","pod=emailservice-58dc4788c5-8g5bc"
"2026-06-11 17:47:57","2026-06-12 01:47:57","44179456","pod=emailservice-58dc4788c5-8g5bc"
"2026-06-11 17:48:12","2026-06-12 01:48:12","44179456","pod=emailservice-58dc4788c5-8g5bc"
"2026-06-11 17:48:27","2026-06-12 01:48:27","44179456","pod=emailservice-58dc4788c5-8g5bc"
"2026-06-11 17:48:42","2026-06-12 01:48:42","44179456","pod=emailservice-58dc4788c5-8g5bc"
"2026-06-11 17:48:57","2026-06-12 01:48:57","44179456","pod=emailservice-58dc4788c5-8g5bc"
"2026-06-11 17:49:12","2026-06-12 01:49:12","44179456","pod=emailservice-58dc4788c5-8g5bc"
"2026-06-11 17:49:27","2026-06-12 01:49:27","44179456","pod=emailservice-58dc4788c5-8g5bc"
"2026-06-11 17:49:42","2026-06-12 01:49:42","44179456","pod=emailservice-58dc4788c5-8g5bc"
"2026-06-11 17:49:57","2026-06-12 01:49:57","44437504","pod=emailservice-58dc4788c5-8g5bc"
"2026-06-11 17:50:12","2026-06-12 01:50:12","44179456","pod=emailservice-58dc4788c5-8g5bc"
"2026-06-11 17:50:27","2026-06-12 01:50:27","44179456","pod=emailservice-58dc4788c5-8g5bc"
"2026-06-11 17:50:42","2026-06-12 01:50:42","44179456","pod=emailservice-58dc4788c5-8g5bc"
"2026-06-11 17:50:57","2026-06-12 01:50:57","44179456","pod=emailservice-58dc4788c5-8g5bc"
"2026-06-11 17:51:12","2026-06-12 01:51:12","44179456","pod=emailservice-58dc4788c5-8g5bc"
"2026-06-11 17:51:27","2026-06-12 01:51:27","44179456","pod=emailservice-58dc4788c5-8g5bc"
"2026-06-11 17:51:42","2026-06-12 01:51:42","44179456","pod=emailservice-58dc4788c5-8g5bc"
"2026-06-11 17:51:57","2026-06-12 01:51:57","44179456","pod=emailservice-58dc4788c5-8g5bc"
"2026-06-11 17:52:12","2026-06-12 01:52:12","44179456","pod=emailservice-58dc4788c5-8g5bc"
"2026-06-11 17:52:27","2026-06-12 01:52:27","44179456","pod=emailservice-58dc4788c5-8g5bc"
"2026-06-11 17:52:42","2026-06-12 01:52:42","44179456","pod=emailservice-58dc4788c5-8g5bc"
"2026-06-11 17:52:57","2026-06-12 01:52:57","44437504","pod=emailservice-58dc4788c5-8g5bc"
"2026-06-11 17:53:12","2026-06-12 01:53:12","44179456","pod=emailservice-58dc4788c5-8g5bc"
"2026-06-11 17:53:27","2026-06-12 01:53:27","44179456","pod=emailservice-58dc4788c5-8g5bc"
"2026-06-11 17:53:42","2026-06-12 01:53:42","44179456","pod=emailservice-58dc4788c5-8g5bc"
"2026-06-11 17:53:57","2026-06-12 01:53:57","44179456","pod=emailservice-58dc4788c5-8g5bc"
"2026-06-11 17:54:12","2026-06-12 01:54:12","44179456","pod=emailservice-58dc4788c5-8g5bc"
"2026-06-11 17:54:27","2026-06-12 01:54:27","44179456","pod=emailservice-58dc4788c5-8g5bc"
"2026-06-11 17:54:42","2026-06-12 01:54:42","44179456","pod=emailservice-58dc4788c5-8g5bc"
"2026-06-11 17:54:57","2026-06-12 01:54:57","44179456","pod=emailservice-58dc4788c5-8g5bc"
"2026-06-11 17:55:12","2026-06-12 01:55:12","44179456","pod=emailservice-58dc4788c5-8g5bc"
"2026-06-11 17:55:27","2026-06-12 01:55:27","44179456","pod=emailservice-58dc4788c5-8g5bc"
"2026-06-11 17:55:42","2026-06-12 01:55:42","44179456","pod=emailservice-58dc4788c5-8g5bc"
"2026-06-11 17:55:57","2026-06-12 01:55:57","44179456","pod=emailservice-58dc4788c5-8g5bc"
"2026-06-11 17:56:12","2026-06-12 01:56:12","44179456","pod=emailservice-58dc4788c5-8g5bc"
"2026-06-11 17:56:27","2026-06-12 01:56:27","44437504","pod=emailservice-58dc4788c5-8g5bc"
"2026-06-11 17:56:42","2026-06-12 01:56:42","44437504","pod=emailservice-58dc4788c5-8g5bc"
"2026-06-11 17:56:57","2026-06-12 01:56:57","44179456","pod=emailservice-58dc4788c5-8g5bc"
"2026-06-11 17:57:12","2026-06-12 01:57:12","44179456","pod=emailservice-58dc4788c5-8g5bc"
"2026-06-11 17:57:27","2026-06-12 01:57:27","44179456","pod=emailservice-58dc4788c5-8g5bc"
"2026-06-11 17:57:42","2026-06-12 01:57:42","44179456","pod=emailservice-58dc4788c5-8g5bc"
"2026-06-11 17:57:57","2026-06-12 01:57:57","44179456","pod=emailservice-58dc4788c5-8g5bc"
"2026-06-11 17:58:12","2026-06-12 01:58:12","44179456","pod=emailservice-58dc4788c5-8g5bc"
"2026-06-11 17:58:27","2026-06-12 01:58:27","44179456","pod=emailservice-58dc4788c5-8g5bc"
"2026-06-11 17:58:42","2026-06-12 01:58:42","44179456","pod=emailservice-58dc4788c5-8g5bc"
"2026-06-11 17:58:57","2026-06-12 01:58:57","44179456","pod=emailservice-58dc4788c5-8g5bc"
"2026-06-11 17:59:12","2026-06-12 01:59:12","44179456","pod=emailservice-58dc4788c5-8g5bc"
"2026-06-11 17:59:27","2026-06-12 01:59:27","44179456","pod=emailservice-58dc4788c5-8g5bc"
"2026-06-11 17:59:42","2026-06-12 01:59:42","44179456","pod=emailservice-58dc4788c5-8g5bc"
"2026-06-11 17:59:57","2026-06-12 01:59:57","44179456","pod=emailservice-58dc4788c5-8g5bc"
"2026-06-11 18:00:12","2026-06-12 02:00:12","44179456","pod=emailservice-58dc4788c5-8g5bc"
"2026-06-11 18:00:27","2026-06-12 02:00:27","44179456","pod=emailservice-58dc4788c5-8g5bc"
"2026-06-11 18:00:42","2026-06-12 02:00:42","44179456","pod=emailservice-58dc4788c5-8g5bc"
"2026-06-11 18:00:57","2026-06-12 02:00:57","44179456","pod=emailservice-58dc4788c5-8g5bc"
"2026-06-11 18:01:12","2026-06-12 02:01:12","44179456","pod=emailservice-58dc4788c5-8g5bc"
"2026-06-11 18:01:27","2026-06-12 02:01:27","44437504","pod=emailservice-58dc4788c5-8g5bc"
"2026-06-11 18:01:42","2026-06-12 02:01:42","44179456","pod=emailservice-58dc4788c5-8g5bc"
"2026-06-11 18:01:57","2026-06-12 02:01:57","44179456","pod=emailservice-58dc4788c5-8g5bc"
"2026-06-11 18:02:12","2026-06-12 02:02:12","44179456","pod=emailservice-58dc4788c5-8g5bc"
"2026-06-11 18:02:27","2026-06-12 02:02:27","44179456","pod=emailservice-58dc4788c5-8g5bc"
"2026-06-11 18:02:42","2026-06-12 02:02:42","44179456","pod=emailservice-58dc4788c5-8g5bc"
"2026-06-11 18:02:57","2026-06-12 02:02:57","44179456","pod=emailservice-58dc4788c5-8g5bc"
"2026-06-11 18:03:12","2026-06-12 02:03:12","44179456","pod=emailservice-58dc4788c5-8g5bc"
"2026-06-11 18:03:27","2026-06-12 02:03:27","44179456","pod=emailservice-58dc4788c5-8g5bc"
"2026-06-11 18:03:42","2026-06-12 02:03:42","44179456","pod=emailservice-58dc4788c5-8g5bc"
"2026-06-11 18:03:57","2026-06-12 02:03:57","44187648","pod=emailservice-58dc4788c5-8g5bc"
"2026-06-11 18:04:12","2026-06-12 02:04:12","44187648","pod=emailservice-58dc4788c5-8g5bc"
"2026-06-11 18:04:27","2026-06-12 02:04:27","44195840","pod=emailservice-58dc4788c5-8g5bc"
"2026-06-11 18:04:42","2026-06-12 02:04:42","44195840","pod=emailservice-58dc4788c5-8g5bc"
"2026-06-11 18:04:57","2026-06-12 02:04:57","44195840","pod=emailservice-58dc4788c5-8g5bc"
"2026-06-11 18:05:12","2026-06-12 02:05:12","44195840","pod=emailservice-58dc4788c5-8g5bc"
"2026-06-11 18:05:27","2026-06-12 02:05:27","44195840","pod=emailservice-58dc4788c5-8g5bc"
"2026-06-11 18:05:42","2026-06-12 02:05:42","44195840","pod=emailservice-58dc4788c5-8g5bc"
"2026-06-11 18:05:57","2026-06-12 02:05:57","44195840","pod=emailservice-58dc4788c5-8g5bc"
"2026-06-11 18:06:12","2026-06-12 02:06:12","44195840","pod=emailservice-58dc4788c5-8g5bc"
"2026-06-11 18:06:27","2026-06-12 02:06:27","44195840","pod=emailservice-58dc4788c5-8g5bc"
"2026-06-11 18:06:42","2026-06-12 02:06:42","44195840","pod=emailservice-58dc4788c5-8g5bc"
"2026-06-11 18:06:57","2026-06-12 02:06:57","44195840","pod=emailservice-58dc4788c5-8g5bc"
"2026-06-11 18:07:12","2026-06-12 02:07:12","44195840","pod=emailservice-58dc4788c5-8g5bc"
"2026-06-11 18:07:27","2026-06-12 02:07:27","44195840","pod=emailservice-58dc4788c5-8g5bc"
"2026-06-11 18:07:42","2026-06-12 02:07:42","44195840","pod=emailservice-58dc4788c5-8g5bc"
"2026-06-11 18:07:57","2026-06-12 02:07:57","44195840","pod=emailservice-58dc4788c5-8g5bc"
"2026-06-11 18:08:12","2026-06-12 02:08:12","44195840","pod=emailservice-58dc4788c5-8g5bc"
"2026-06-11 18:08:27","2026-06-12 02:08:27","44195840","pod=emailservice-58dc4788c5-8g5bc"
"2026-06-11 18:08:42","2026-06-12 02:08:42","44195840","pod=emailservice-58dc4788c5-8g5bc"
"2026-06-11 18:08:57","2026-06-12 02:08:57","44195840","pod=emailservice-58dc4788c5-8g5bc"
"2026-06-11 18:09:12","2026-06-12 02:09:12","44195840","pod=emailservice-58dc4788c5-8g5bc"
"2026-06-11 18:09:27","2026-06-12 02:09:27","44199936","pod=emailservice-58dc4788c5-8g5bc"
"2026-06-11 18:09:42","2026-06-12 02:09:42","44195840","pod=emailservice-58dc4788c5-8g5bc"
"2026-06-11 18:09:57","2026-06-12 02:09:57","44195840","pod=emailservice-58dc4788c5-8g5bc"
"2026-06-11 18:10:12","2026-06-12 02:10:12","44195840","pod=emailservice-58dc4788c5-8g5bc"
"2026-06-11 18:10:27","2026-06-12 02:10:27","44195840","pod=emailservice-58dc4788c5-8g5bc"
"2026-06-11 18:10:42","2026-06-12 02:10:42","44195840","pod=emailservice-58dc4788c5-8g5bc"
"2026-06-11 18:10:57","2026-06-12 02:10:57","44195840","pod=emailservice-58dc4788c5-8g5bc"
"2026-06-11 18:11:12","2026-06-12 02:11:12","44195840","pod=emailservice-58dc4788c5-8g5bc"
"2026-06-11 18:11:27","2026-06-12 02:11:27","44195840","pod=emailservice-58dc4788c5-8g5bc"
"2026-06-11 18:11:42","2026-06-12 02:11:42","44195840","pod=emailservice-58dc4788c5-8g5bc"
"2026-06-11 18:11:57","2026-06-12 02:11:57","44195840","pod=emailservice-58dc4788c5-8g5bc"
"2026-06-11 18:12:12","2026-06-12 02:12:12","44195840","pod=emailservice-58dc4788c5-8g5bc"
"2026-06-11 18:12:27","2026-06-12 02:12:27","44195840","pod=emailservice-58dc4788c5-8g5bc"
"2026-06-11 18:12:42","2026-06-12 02:12:42","44195840","pod=emailservice-58dc4788c5-8g5bc"
"2026-06-11 18:12:57","2026-06-12 02:12:57","44195840","pod=emailservice-58dc4788c5-8g5bc"
"2026-06-11 18:13:12","2026-06-12 02:13:12","44195840","pod=emailservice-58dc4788c5-8g5bc"
"2026-06-11 18:13:27","2026-06-12 02:13:27","44195840","pod=emailservice-58dc4788c5-8g5bc"
"2026-06-11 18:13:42","2026-06-12 02:13:42","44195840","pod=emailservice-58dc4788c5-8g5bc"
"2026-06-11 18:13:57","2026-06-12 02:13:57","44195840","pod=emailservice-58dc4788c5-8g5bc"
"2026-06-11 18:14:12","2026-06-12 02:14:12","44195840","pod=emailservice-58dc4788c5-8g5bc"
"2026-06-11 18:14:27","2026-06-12 02:14:27","44195840","pod=emailservice-58dc4788c5-8g5bc"
"2026-06-11 18:14:42","2026-06-12 02:14:42","44195840","pod=emailservice-58dc4788c5-8g5bc"
"2026-06-11 18:14:57","2026-06-12 02:14:57","44195840","pod=emailservice-58dc4788c5-8g5bc"
"2026-06-11 18:15:12","2026-06-12 02:15:12","44195840","pod=emailservice-58dc4788c5-8g5bc"
"2026-06-11 18:15:27","2026-06-12 02:15:27","44195840","pod=emailservice-58dc4788c5-8g5bc"
"2026-06-11 18:15:42","2026-06-12 02:15:42","44195840","pod=emailservice-58dc4788c5-8g5bc"
"2026-06-11 18:15:57","2026-06-12 02:15:57","44195840","pod=emailservice-58dc4788c5-8g5bc"
"2026-06-11 18:16:12","2026-06-12 02:16:12","44195840","pod=emailservice-58dc4788c5-8g5bc"
"2026-06-11 18:16:27","2026-06-12 02:16:27","44195840","pod=emailservice-58dc4788c5-8g5bc"
"2026-06-11 18:16:42","2026-06-12 02:16:42","44195840","pod=emailservice-58dc4788c5-8g5bc"
"2026-06-11 18:16:57","2026-06-12 02:16:57","44195840","pod=emailservice-58dc4788c5-8g5bc"
"2026-06-11 18:17:12","2026-06-12 02:17:12","44195840","pod=emailservice-58dc4788c5-8g5bc"
"2026-06-11 18:17:27","2026-06-12 02:17:27","44195840","pod=emailservice-58dc4788c5-8g5bc"
"2026-06-11 18:17:42","2026-06-12 02:17:42","44195840","pod=emailservice-58dc4788c5-8g5bc"
"2026-06-11 18:17:57","2026-06-12 02:17:57","44195840","pod=emailservice-58dc4788c5-8g5bc"
"2026-06-11 18:18:12","2026-06-12 02:18:12","44195840","pod=emailservice-58dc4788c5-8g5bc"
"2026-06-11 18:18:27","2026-06-12 02:18:27","44204032","pod=emailservice-58dc4788c5-8g5bc"
"2026-06-11 18:18:42","2026-06-12 02:18:42","44204032","pod=emailservice-58dc4788c5-8g5bc"
"2026-06-11 18:18:57","2026-06-12 02:18:57","44195840","pod=emailservice-58dc4788c5-8g5bc"
"2026-06-11 18:19:12","2026-06-12 02:19:12","44195840","pod=emailservice-58dc4788c5-8g5bc"
"2026-06-11 18:19:27","2026-06-12 02:19:27","44195840","pod=emailservice-58dc4788c5-8g5bc"
"2026-06-11 18:19:42","2026-06-12 02:19:42","44195840","pod=emailservice-58dc4788c5-8g5bc"
"2026-06-11 18:19:57","2026-06-12 02:19:57","44195840","pod=emailservice-58dc4788c5-8g5bc"
"2026-06-11 18:20:12","2026-06-12 02:20:12","44195840","pod=emailservice-58dc4788c5-8g5bc"
"2026-06-11 18:20:27","2026-06-12 02:20:27","44195840","pod=emailservice-58dc4788c5-8g5bc"
"2026-06-11 18:20:42","2026-06-12 02:20:42","44195840","pod=emailservice-58dc4788c5-8g5bc"
"2026-06-11 18:20:57","2026-06-12 02:20:57","44195840","pod=emailservice-58dc4788c5-8g5bc"
"2026-06-11 18:21:12","2026-06-12 02:21:12","44195840","pod=emailservice-58dc4788c5-8g5bc"
"2026-06-11 18:21:27","2026-06-12 02:21:27","44453888","pod=emailservice-58dc4788c5-8g5bc"
"2026-06-11 18:21:42","2026-06-12 02:21:42","44195840","pod=emailservice-58dc4788c5-8g5bc"
"2026-06-11 18:21:57","2026-06-12 02:21:57","44195840","pod=emailservice-58dc4788c5-8g5bc"
"2026-06-11 18:22:12","2026-06-12 02:22:12","44195840","pod=emailservice-58dc4788c5-8g5bc"
"2026-06-11 18:22:27","2026-06-12 02:22:27","44195840","pod=emailservice-58dc4788c5-8g5bc"
"2026-06-11 18:22:42","2026-06-12 02:22:42","44195840","pod=emailservice-58dc4788c5-8g5bc"
"2026-06-11 18:22:57","2026-06-12 02:22:57","44195840","pod=emailservice-58dc4788c5-8g5bc"
"2026-06-11 18:23:12","2026-06-12 02:23:12","44195840","pod=emailservice-58dc4788c5-8g5bc"
"2026-06-11 18:23:27","2026-06-12 02:23:27","44195840","pod=emailservice-58dc4788c5-8g5bc"
"2026-06-11 18:23:42","2026-06-12 02:23:42","44195840","pod=emailservice-58dc4788c5-8g5bc"
"2026-06-11 18:23:57","2026-06-12 02:23:57","44195840","pod=emailservice-58dc4788c5-8g5bc"
"2026-06-11 18:24:12","2026-06-12 02:24:12","44195840","pod=emailservice-58dc4788c5-8g5bc"
"2026-06-11 18:24:27","2026-06-12 02:24:27","44195840","pod=emailservice-58dc4788c5-8g5bc"
"2026-06-11 18:24:42","2026-06-12 02:24:42","44195840","pod=emailservice-58dc4788c5-8g5bc"
"2026-06-11 18:24:57","2026-06-12 02:24:57","44195840","pod=emailservice-58dc4788c5-8g5bc"
"2026-06-11 18:25:12","2026-06-12 02:25:12","44195840","pod=emailservice-58dc4788c5-8g5bc"
"2026-06-11 18:25:27","2026-06-12 02:25:27","44199936","pod=emailservice-58dc4788c5-8g5bc"
"2026-06-11 18:25:42","2026-06-12 02:25:42","44195840","pod=emailservice-58dc4788c5-8g5bc"
"2026-06-11 18:25:57","2026-06-12 02:25:57","44195840","pod=emailservice-58dc4788c5-8g5bc"
"2026-06-11 18:26:12","2026-06-12 02:26:12","44195840","pod=emailservice-58dc4788c5-8g5bc"
"2026-06-11 18:26:27","2026-06-12 02:26:27","44195840","pod=emailservice-58dc4788c5-8g5bc"
"2026-06-11 18:26:42","2026-06-12 02:26:42","44195840","pod=emailservice-58dc4788c5-8g5bc"
"2026-06-11 18:26:57","2026-06-12 02:26:57","44195840","pod=emailservice-58dc4788c5-8g5bc"
"2026-06-11 18:27:12","2026-06-12 02:27:12","44199936","pod=emailservice-58dc4788c5-8g5bc"
"2026-06-11 18:27:27","2026-06-12 02:27:27","44195840","pod=emailservice-58dc4788c5-8g5bc"
"2026-06-11 18:27:42","2026-06-12 02:27:42","44195840","pod=emailservice-58dc4788c5-8g5bc"
"2026-06-11 18:27:57","2026-06-12 02:27:57","44195840","pod=emailservice-58dc4788c5-8g5bc"
"2026-06-11 18:28:12","2026-06-12 02:28:12","44462080","pod=emailservice-58dc4788c5-8g5bc"
"2026-06-11 18:28:27","2026-06-12 02:28:27","44462080","pod=emailservice-58dc4788c5-8g5bc"
"2026-06-11 18:28:42","2026-06-12 02:28:42","44195840","pod=emailservice-58dc4788c5-8g5bc"
"2026-06-11 18:28:57","2026-06-12 02:28:57","44204032","pod=emailservice-58dc4788c5-8g5bc"
"2026-06-11 18:29:12","2026-06-12 02:29:12","44195840","pod=emailservice-58dc4788c5-8g5bc"
"2026-06-11 18:29:27","2026-06-12 02:29:27","44195840","pod=emailservice-58dc4788c5-8g5bc"
"2026-06-11 18:29:42","2026-06-12 02:29:42","44195840","pod=emailservice-58dc4788c5-8g5bc"
"2026-06-11 18:29:57","2026-06-12 02:29:57","44195840","pod=emailservice-58dc4788c5-8g5bc"
"2026-06-11 18:30:12","2026-06-12 02:30:12","44195840","pod=emailservice-58dc4788c5-8g5bc"
"2026-06-11 18:30:27","2026-06-12 02:30:27","44462080","pod=emailservice-58dc4788c5-8g5bc"
"2026-06-11 18:30:42","2026-06-12 02:30:42","44462080","pod=emailservice-58dc4788c5-8g5bc"
"2026-06-11 18:30:57","2026-06-12 02:30:57","44195840","pod=emailservice-58dc4788c5-8g5bc"
"2026-06-11 18:31:12","2026-06-12 02:31:12","44195840","pod=emailservice-58dc4788c5-8g5bc"
"2026-06-11 18:31:27","2026-06-12 02:31:27","44195840","pod=emailservice-58dc4788c5-8g5bc"
"2026-06-11 18:31:42","2026-06-12 02:31:42","44199936","pod=emailservice-58dc4788c5-8g5bc"
"2026-06-11 18:31:57","2026-06-12 02:31:57","44195840","pod=emailservice-58dc4788c5-8g5bc"
"2026-06-11 18:32:12","2026-06-12 02:32:12","44195840","pod=emailservice-58dc4788c5-8g5bc"
"2026-06-11 18:32:27","2026-06-12 02:32:27","44195840","pod=emailservice-58dc4788c5-8g5bc"
"2026-06-11 18:32:42","2026-06-12 02:32:42","44195840","pod=emailservice-58dc4788c5-8g5bc"
"2026-06-11 18:32:57","2026-06-12 02:32:57","44195840","pod=emailservice-58dc4788c5-8g5bc"
"2026-06-11 18:33:12","2026-06-12 02:33:12","44195840","pod=emailservice-58dc4788c5-8g5bc"
"2026-06-11 18:33:27","2026-06-12 02:33:27","44195840","pod=emailservice-58dc4788c5-8g5bc"
"2026-06-11 18:33:42","2026-06-12 02:33:42","44195840","pod=emailservice-58dc4788c5-8g5bc"
"2026-06-11 18:33:57","2026-06-12 02:33:57","44195840","pod=emailservice-58dc4788c5-8g5bc"
"2026-06-11 18:34:12","2026-06-12 02:34:12","44195840","pod=emailservice-58dc4788c5-8g5bc"
"2026-06-11 18:34:27","2026-06-12 02:34:27","44195840","pod=emailservice-58dc4788c5-8g5bc"
"2026-06-11 18:34:42","2026-06-12 02:34:42","44195840","pod=emailservice-58dc4788c5-8g5bc"
"2026-06-11 18:34:57","2026-06-12 02:34:57","44195840","pod=emailservice-58dc4788c5-8g5bc"
"2026-06-11 18:35:12","2026-06-12 02:35:12","44195840","pod=emailservice-58dc4788c5-8g5bc"
"2026-06-11 18:35:27","2026-06-12 02:35:27","44195840","pod=emailservice-58dc4788c5-8g5bc"
"2026-06-11 18:35:42","2026-06-12 02:35:42","44195840","pod=emailservice-58dc4788c5-8g5bc"
"2026-06-11 18:35:57","2026-06-12 02:35:57","44195840","pod=emailservice-58dc4788c5-8g5bc"
"2026-06-11 18:36:12","2026-06-12 02:36:12","44195840","pod=emailservice-58dc4788c5-8g5bc"
"2026-06-11 18:36:27","2026-06-12 02:36:27","44453888","pod=emailservice-58dc4788c5-8g5bc"
"2026-06-11 18:36:42","2026-06-12 02:36:42","44208128","pod=emailservice-58dc4788c5-8g5bc"
"2026-06-11 18:36:57","2026-06-12 02:36:57","44195840","pod=emailservice-58dc4788c5-8g5bc"
"2026-06-11 18:37:12","2026-06-12 02:37:12","44195840","pod=emailservice-58dc4788c5-8g5bc"
"2026-06-11 18:37:27","2026-06-12 02:37:27","44195840","pod=emailservice-58dc4788c5-8g5bc"
"2026-06-11 18:37:42","2026-06-12 02:37:42","44195840","pod=emailservice-58dc4788c5-8g5bc"
"2026-06-11 18:37:57","2026-06-12 02:37:57","44195840","pod=emailservice-58dc4788c5-8g5bc"
"2026-06-11 18:38:12","2026-06-12 02:38:12","44195840","pod=emailservice-58dc4788c5-8g5bc"
"2026-06-11 18:38:27","2026-06-12 02:38:27","44195840","pod=emailservice-58dc4788c5-8g5bc"
"2026-06-11 18:38:42","2026-06-12 02:38:42","44195840","pod=emailservice-58dc4788c5-8g5bc"
"2026-06-11 18:38:57","2026-06-12 02:38:57","44195840","pod=emailservice-58dc4788c5-8g5bc"
"2026-06-11 18:39:12","2026-06-12 02:39:12","44195840","pod=emailservice-58dc4788c5-8g5bc"
"2026-06-11 18:39:27","2026-06-12 02:39:27","44195840","pod=emailservice-58dc4788c5-8g5bc"
"2026-06-11 18:39:42","2026-06-12 02:39:42","44195840","pod=emailservice-58dc4788c5-8g5bc"
"2026-06-11 18:39:57","2026-06-12 02:39:57","44195840","pod=emailservice-58dc4788c5-8g5bc"
"2026-06-11 18:40:12","2026-06-12 02:40:12","44195840","pod=emailservice-58dc4788c5-8g5bc"
"2026-06-11 18:40:27","2026-06-12 02:40:27","44195840","pod=emailservice-58dc4788c5-8g5bc"
"2026-06-11 18:40:42","2026-06-12 02:40:42","44457984","pod=emailservice-58dc4788c5-8g5bc"
"2026-06-11 18:40:57","2026-06-12 02:40:57","44195840","pod=emailservice-58dc4788c5-8g5bc"
"2026-06-11 18:41:12","2026-06-12 02:41:12","44208128","pod=emailservice-58dc4788c5-8g5bc"
"2026-06-11 18:41:27","2026-06-12 02:41:27","44208128","pod=emailservice-58dc4788c5-8g5bc"
"2026-06-11 18:41:42","2026-06-12 02:41:42","44208128","pod=emailservice-58dc4788c5-8g5bc"
"2026-06-11 18:41:57","2026-06-12 02:41:57","44208128","pod=emailservice-58dc4788c5-8g5bc"
"2026-06-11 18:42:12","2026-06-12 02:42:12","44208128","pod=emailservice-58dc4788c5-8g5bc"
"2026-06-11 18:42:27","2026-06-12 02:42:27","44208128","pod=emailservice-58dc4788c5-8g5bc"
"2026-06-11 18:42:42","2026-06-12 02:42:42","44208128","pod=emailservice-58dc4788c5-8g5bc"
"2026-06-11 18:42:57","2026-06-12 02:42:57","44208128","pod=emailservice-58dc4788c5-8g5bc"
"2026-06-11 18:43:12","2026-06-12 02:43:12","44208128","pod=emailservice-58dc4788c5-8g5bc"
"2026-06-11 18:43:27","2026-06-12 02:43:27","44208128","pod=emailservice-58dc4788c5-8g5bc"
"2026-06-11 18:43:42","2026-06-12 02:43:42","44208128","pod=emailservice-58dc4788c5-8g5bc"
"2026-06-11 18:43:57","2026-06-12 02:43:57","44208128","pod=emailservice-58dc4788c5-8g5bc"
"2026-06-11 18:44:12","2026-06-12 02:44:12","44208128","pod=emailservice-58dc4788c5-8g5bc"
"2026-06-11 18:44:27","2026-06-12 02:44:27","44208128","pod=emailservice-58dc4788c5-8g5bc"
"2026-06-11 18:44:42","2026-06-12 02:44:42","44208128","pod=emailservice-58dc4788c5-8g5bc"
"2026-06-11 18:44:57","2026-06-12 02:44:57","44208128","pod=emailservice-58dc4788c5-8g5bc"
"2026-06-11 18:45:12","2026-06-12 02:45:12","44208128","pod=emailservice-58dc4788c5-8g5bc"
"2026-06-11 18:45:27","2026-06-12 02:45:27","44208128","pod=emailservice-58dc4788c5-8g5bc"
"2026-06-11 18:45:42","2026-06-12 02:45:42","44208128","pod=emailservice-58dc4788c5-8g5bc"
"2026-06-11 18:45:57","2026-06-12 02:45:57","44216320","pod=emailservice-58dc4788c5-8g5bc"
"2026-06-11 18:46:12","2026-06-12 02:46:12","44208128","pod=emailservice-58dc4788c5-8g5bc"
"2026-06-11 18:46:27","2026-06-12 02:46:27","44208128","pod=emailservice-58dc4788c5-8g5bc"
"2026-06-11 18:46:42","2026-06-12 02:46:42","44208128","pod=emailservice-58dc4788c5-8g5bc"
"2026-06-11 18:46:57","2026-06-12 02:46:57","44208128","pod=emailservice-58dc4788c5-8g5bc"
"2026-06-11 18:47:12","2026-06-12 02:47:12","44208128","pod=emailservice-58dc4788c5-8g5bc"
"2026-06-11 18:47:27","2026-06-12 02:47:27","44208128","pod=emailservice-58dc4788c5-8g5bc"
"2026-06-11 18:47:42","2026-06-12 02:47:42","44208128","pod=emailservice-58dc4788c5-8g5bc"
"2026-06-11 18:47:57","2026-06-12 02:47:57","44208128","pod=emailservice-58dc4788c5-8g5bc"
"2026-06-11 18:48:12","2026-06-12 02:48:12","44208128","pod=emailservice-58dc4788c5-8g5bc"
"2026-06-11 18:48:27","2026-06-12 02:48:27","44208128","pod=emailservice-58dc4788c5-8g5bc"
"2026-06-11 18:48:42","2026-06-12 02:48:42","44466176","pod=emailservice-58dc4788c5-8g5bc"
"2026-06-11 18:48:57","2026-06-12 02:48:57","44208128","pod=emailservice-58dc4788c5-8g5bc"
"2026-06-11 18:49:12","2026-06-12 02:49:12","44474368","pod=emailservice-58dc4788c5-8g5bc"
"2026-06-11 18:49:27","2026-06-12 02:49:27","44208128","pod=emailservice-58dc4788c5-8g5bc"
"2026-06-11 18:49:42","2026-06-12 02:49:42","44208128","pod=emailservice-58dc4788c5-8g5bc"
"2026-06-11 18:49:57","2026-06-12 02:49:57","44208128","pod=emailservice-58dc4788c5-8g5bc"
"2026-06-11 18:50:12","2026-06-12 02:50:12","44208128","pod=emailservice-58dc4788c5-8g5bc"
"2026-06-11 18:50:27","2026-06-12 02:50:27","44208128","pod=emailservice-58dc4788c5-8g5bc"
"2026-06-11 18:50:42","2026-06-12 02:50:42","44208128","pod=emailservice-58dc4788c5-8g5bc"
"2026-06-11 18:50:57","2026-06-12 02:50:57","44216320","pod=emailservice-58dc4788c5-8g5bc"
"2026-06-11 18:51:12","2026-06-12 02:51:12","44208128","pod=emailservice-58dc4788c5-8g5bc"
"2026-06-11 18:51:27","2026-06-12 02:51:27","44208128","pod=emailservice-58dc4788c5-8g5bc"
"2026-06-11 18:51:42","2026-06-12 02:51:42","44216320","pod=emailservice-58dc4788c5-8g5bc"
"2026-06-11 18:51:57","2026-06-12 02:51:57","44208128","pod=emailservice-58dc4788c5-8g5bc"
"2026-06-11 18:52:12","2026-06-12 02:52:12","44474368","pod=emailservice-58dc4788c5-8g5bc"
"2026-06-11 18:52:27","2026-06-12 02:52:27","44208128","pod=emailservice-58dc4788c5-8g5bc"
"2026-06-11 18:52:42","2026-06-12 02:52:42","44208128","pod=emailservice-58dc4788c5-8g5bc"
"2026-06-11 18:52:57","2026-06-12 02:52:57","44208128","pod=emailservice-58dc4788c5-8g5bc"
"2026-06-11 18:53:12","2026-06-12 02:53:12","44208128","pod=emailservice-58dc4788c5-8g5bc"
"2026-06-11 18:53:27","2026-06-12 02:53:27","44208128","pod=emailservice-58dc4788c5-8g5bc"
"2026-06-11 18:53:42","2026-06-12 02:53:42","44208128","pod=emailservice-58dc4788c5-8g5bc"
"2026-06-11 18:53:57","2026-06-12 02:53:57","44208128","pod=emailservice-58dc4788c5-8g5bc"
"2026-06-11 18:54:12","2026-06-12 02:54:12","44208128","pod=emailservice-58dc4788c5-8g5bc"
"2026-06-11 18:54:27","2026-06-12 02:54:27","44208128","pod=emailservice-58dc4788c5-8g5bc"
"2026-06-11 18:54:42","2026-06-12 02:54:42","44208128","pod=emailservice-58dc4788c5-8g5bc"
"2026-06-11 18:54:57","2026-06-12 02:54:57","44208128","pod=emailservice-58dc4788c5-8g5bc"
"2026-06-11 18:55:12","2026-06-12 02:55:12","44466176","pod=emailservice-58dc4788c5-8g5bc"
"2026-06-11 18:55:27","2026-06-12 02:55:27","44474368","pod=emailservice-58dc4788c5-8g5bc"
"2026-06-11 18:55:42","2026-06-12 02:55:42","44208128","pod=emailservice-58dc4788c5-8g5bc"
"2026-06-11 18:55:57","2026-06-12 02:55:57","44208128","pod=emailservice-58dc4788c5-8g5bc"
"2026-06-11 18:56:12","2026-06-12 02:56:12","44208128","pod=emailservice-58dc4788c5-8g5bc"
"2026-06-11 18:56:27","2026-06-12 02:56:27","44208128","pod=emailservice-58dc4788c5-8g5bc"
"2026-06-11 18:56:42","2026-06-12 02:56:42","44208128","pod=emailservice-58dc4788c5-8g5bc"
"2026-06-11 18:56:57","2026-06-12 02:56:57","44208128","pod=emailservice-58dc4788c5-8g5bc"
"2026-06-11 18:57:12","2026-06-12 02:57:12","44208128","pod=emailservice-58dc4788c5-8g5bc"
"2026-06-11 18:57:27","2026-06-12 02:57:27","44208128","pod=emailservice-58dc4788c5-8g5bc"
"2026-06-11 18:57:42","2026-06-12 02:57:42","44208128","pod=emailservice-58dc4788c5-8g5bc"
"2026-06-11 18:57:57","2026-06-12 02:57:57","44212224","pod=emailservice-58dc4788c5-8g5bc"
"2026-06-11 18:58:12","2026-06-12 02:58:12","44208128","pod=emailservice-58dc4788c5-8g5bc"
"2026-06-11 18:58:27","2026-06-12 02:58:27","44208128","pod=emailservice-58dc4788c5-8g5bc"
"2026-06-11 18:58:42","2026-06-12 02:58:42","44208128","pod=emailservice-58dc4788c5-8g5bc"
"2026-06-11 18:58:57","2026-06-12 02:58:57","44208128","pod=emailservice-58dc4788c5-8g5bc"
"2026-06-11 18:59:12","2026-06-12 02:59:12","44208128","pod=emailservice-58dc4788c5-8g5bc"
"2026-06-11 18:59:27","2026-06-12 02:59:27","44208128","pod=emailservice-58dc4788c5-8g5bc"
"2026-06-11 18:59:42","2026-06-12 02:59:42","44208128","pod=emailservice-58dc4788c5-8g5bc"
"2026-06-11 18:59:57","2026-06-12 02:59:57","44208128","pod=emailservice-58dc4788c5-8g5bc"
"2026-06-11 19:00:12","2026-06-12 03:00:12","44208128","pod=emailservice-58dc4788c5-8g5bc"
"2026-06-11 19:00:27","2026-06-12 03:00:27","44208128","pod=emailservice-58dc4788c5-8g5bc"
"2026-06-11 19:00:42","2026-06-12 03:00:42","44208128","pod=emailservice-58dc4788c5-8g5bc"
"2026-06-11 19:00:57","2026-06-12 03:00:57","44208128","pod=emailservice-58dc4788c5-8g5bc"
"2026-06-11 19:01:12","2026-06-12 03:01:12","44208128","pod=emailservice-58dc4788c5-8g5bc"
"2026-06-11 19:01:27","2026-06-12 03:01:27","44466176","pod=emailservice-58dc4788c5-8g5bc"
"2026-06-11 19:01:42","2026-06-12 03:01:42","44208128","pod=emailservice-58dc4788c5-8g5bc"
"2026-06-11 19:01:57","2026-06-12 03:01:57","44216320","pod=emailservice-58dc4788c5-8g5bc"
"2026-06-11 19:02:12","2026-06-12 03:02:12","44208128","pod=emailservice-58dc4788c5-8g5bc"
"2026-06-11 19:02:27","2026-06-12 03:02:27","44208128","pod=emailservice-58dc4788c5-8g5bc"
"2026-06-11 19:02:42","2026-06-12 03:02:42","44208128","pod=emailservice-58dc4788c5-8g5bc"
"2026-06-11 19:02:57","2026-06-12 03:02:57","44208128","pod=emailservice-58dc4788c5-8g5bc"
"2026-06-11 19:03:12","2026-06-12 03:03:12","44208128","pod=emailservice-58dc4788c5-8g5bc"
"2026-06-11 19:03:27","2026-06-12 03:03:27","44433408","pod=emailservice-58dc4788c5-8g5bc"
"2026-06-11 19:03:42","2026-06-12 03:03:42","44433408","pod=emailservice-58dc4788c5-8g5bc"
"2026-06-11 19:03:57","2026-06-12 03:03:57","44433408","pod=emailservice-58dc4788c5-8g5bc"
"2026-06-11 19:04:12","2026-06-12 03:04:12","44433408","pod=emailservice-58dc4788c5-8g5bc"
"2026-06-11 19:04:27","2026-06-12 03:04:27","44433408","pod=emailservice-58dc4788c5-8g5bc"
"2026-06-11 19:04:42","2026-06-12 03:04:42","44433408","pod=emailservice-58dc4788c5-8g5bc"
"2026-06-11 19:04:57","2026-06-12 03:04:57","44433408","pod=emailservice-58dc4788c5-8g5bc"
"2026-06-11 19:05:12","2026-06-12 03:05:12","44433408","pod=emailservice-58dc4788c5-8g5bc"
"2026-06-11 19:05:27","2026-06-12 03:05:27","44433408","pod=emailservice-58dc4788c5-8g5bc"
"2026-06-11 19:05:42","2026-06-12 03:05:42","44433408","pod=emailservice-58dc4788c5-8g5bc"
"2026-06-11 19:05:57","2026-06-12 03:05:57","44441600","pod=emailservice-58dc4788c5-8g5bc"
"2026-06-11 19:06:12","2026-06-12 03:06:12","44433408","pod=emailservice-58dc4788c5-8g5bc"
"2026-06-11 19:06:27","2026-06-12 03:06:27","44433408","pod=emailservice-58dc4788c5-8g5bc"
"2026-06-11 19:06:42","2026-06-12 03:06:42","44433408","pod=emailservice-58dc4788c5-8g5bc"
"2026-06-11 19:06:57","2026-06-12 03:06:57","44433408","pod=emailservice-58dc4788c5-8g5bc"
"2026-06-11 19:07:12","2026-06-12 03:07:12","44433408","pod=emailservice-58dc4788c5-8g5bc"
"2026-06-11 19:07:27","2026-06-12 03:07:27","44433408","pod=emailservice-58dc4788c5-8g5bc"
"2026-06-11 19:07:42","2026-06-12 03:07:42","44433408","pod=emailservice-58dc4788c5-8g5bc"
"2026-06-11 19:07:57","2026-06-12 03:07:57","44433408","pod=emailservice-58dc4788c5-8g5bc"
"2026-06-11 19:08:12","2026-06-12 03:08:12","44433408","pod=emailservice-58dc4788c5-8g5bc"
"2026-06-11 19:08:27","2026-06-12 03:08:27","44433408","pod=emailservice-58dc4788c5-8g5bc"
"2026-06-11 19:08:42","2026-06-12 03:08:42","44433408","pod=emailservice-58dc4788c5-8g5bc"
"2026-06-11 19:08:57","2026-06-12 03:08:57","44433408","pod=emailservice-58dc4788c5-8g5bc"
"2026-06-11 19:09:12","2026-06-12 03:09:12","44433408","pod=emailservice-58dc4788c5-8g5bc"
"2026-06-11 19:09:27","2026-06-12 03:09:27","44433408","pod=emailservice-58dc4788c5-8g5bc"
"2026-06-11 19:09:42","2026-06-12 03:09:42","44699648","pod=emailservice-58dc4788c5-8g5bc"
"2026-06-11 19:09:57","2026-06-12 03:09:57","44433408","pod=emailservice-58dc4788c5-8g5bc"
"2026-06-11 19:10:12","2026-06-12 03:10:12","44433408","pod=emailservice-58dc4788c5-8g5bc"
"2026-06-11 19:10:27","2026-06-12 03:10:27","44433408","pod=emailservice-58dc4788c5-8g5bc"
"2026-06-11 19:10:42","2026-06-12 03:10:42","44433408","pod=emailservice-58dc4788c5-8g5bc"
"2026-06-11 19:10:57","2026-06-12 03:10:57","44433408","pod=emailservice-58dc4788c5-8g5bc"
"2026-06-11 19:11:12","2026-06-12 03:11:12","44441600","pod=emailservice-58dc4788c5-8g5bc"
"2026-06-11 19:11:27","2026-06-12 03:11:27","44433408","pod=emailservice-58dc4788c5-8g5bc"
"2026-06-11 19:11:42","2026-06-12 03:11:42","44433408","pod=emailservice-58dc4788c5-8g5bc"
"2026-06-11 19:11:57","2026-06-12 03:11:57","44433408","pod=emailservice-58dc4788c5-8g5bc"
"2026-06-11 19:12:12","2026-06-12 03:12:12","44433408","pod=emailservice-58dc4788c5-8g5bc"
"2026-06-11 19:12:27","2026-06-12 03:12:27","44433408","pod=emailservice-58dc4788c5-8g5bc"
"2026-06-11 19:12:42","2026-06-12 03:12:42","44433408","pod=emailservice-58dc4788c5-8g5bc"
"2026-06-11 19:12:57","2026-06-12 03:12:57","44433408","pod=emailservice-58dc4788c5-8g5bc"
"2026-06-11 19:13:12","2026-06-12 03:13:12","44699648","pod=emailservice-58dc4788c5-8g5bc"
"2026-06-11 19:13:27","2026-06-12 03:13:27","44437504","pod=emailservice-58dc4788c5-8g5bc"
"2026-06-11 19:13:42","2026-06-12 03:13:42","44429312","pod=emailservice-58dc4788c5-8g5bc"
"2026-06-11 19:13:57","2026-06-12 03:13:57","44429312","pod=emailservice-58dc4788c5-8g5bc"
"2026-06-11 19:14:12","2026-06-12 03:14:12","44429312","pod=emailservice-58dc4788c5-8g5bc"
"2026-06-11 19:14:27","2026-06-12 03:14:27","44429312","pod=emailservice-58dc4788c5-8g5bc"
"2026-06-11 19:14:42","2026-06-12 03:14:42","44429312","pod=emailservice-58dc4788c5-8g5bc"
"2026-06-11 19:14:57","2026-06-12 03:14:57","44429312","pod=emailservice-58dc4788c5-8g5bc"
"2026-06-11 19:15:12","2026-06-12 03:15:12","44429312","pod=emailservice-58dc4788c5-8g5bc"
"2026-06-11 19:15:27","2026-06-12 03:15:27","44429312","pod=emailservice-58dc4788c5-8g5bc"
"2026-06-11 19:15:42","2026-06-12 03:15:42","44429312","pod=emailservice-58dc4788c5-8g5bc"
"2026-06-11 19:15:57","2026-06-12 03:15:57","44433408","pod=emailservice-58dc4788c5-8g5bc"
"2026-06-11 19:16:12","2026-06-12 03:16:12","44433408","pod=emailservice-58dc4788c5-8g5bc"
"2026-06-11 19:16:27","2026-06-12 03:16:27","44437504","pod=emailservice-58dc4788c5-8g5bc"
"2026-06-11 19:16:42","2026-06-12 03:16:42","44437504","pod=emailservice-58dc4788c5-8g5bc"
"2026-06-11 19:16:57","2026-06-12 03:16:57","44433408","pod=emailservice-58dc4788c5-8g5bc"
"2026-06-11 19:17:12","2026-06-12 03:17:12","44433408","pod=emailservice-58dc4788c5-8g5bc"
"2026-06-11 19:17:27","2026-06-12 03:17:27","44433408","pod=emailservice-58dc4788c5-8g5bc"
"2026-06-11 19:17:42","2026-06-12 03:17:42","44433408","pod=emailservice-58dc4788c5-8g5bc"
"2026-06-11 19:17:57","2026-06-12 03:17:57","44433408","pod=emailservice-58dc4788c5-8g5bc"
"2026-06-11 19:18:12","2026-06-12 03:18:12","44433408","pod=emailservice-58dc4788c5-8g5bc"
"2026-06-11 19:18:27","2026-06-12 03:18:27","44433408","pod=emailservice-58dc4788c5-8g5bc"
"2026-06-11 19:18:42","2026-06-12 03:18:42","44433408","pod=emailservice-58dc4788c5-8g5bc"
"2026-06-11 19:18:57","2026-06-12 03:18:57","44433408","pod=emailservice-58dc4788c5-8g5bc"
"2026-06-11 19:19:12","2026-06-12 03:19:12","44433408","pod=emailservice-58dc4788c5-8g5bc"
"2026-06-11 19:19:27","2026-06-12 03:19:27","44433408","pod=emailservice-58dc4788c5-8g5bc"
"2026-06-11 19:19:42","2026-06-12 03:19:42","44691456","pod=emailservice-58dc4788c5-8g5bc"
"2026-06-11 19:19:57","2026-06-12 03:19:57","44433408","pod=emailservice-58dc4788c5-8g5bc"
"2026-06-11 19:20:12","2026-06-12 03:20:12","44441600","pod=emailservice-58dc4788c5-8g5bc"
"2026-06-11 19:20:27","2026-06-12 03:20:27","44433408","pod=emailservice-58dc4788c5-8g5bc"
"2026-06-11 19:20:42","2026-06-12 03:20:42","44441600","pod=emailservice-58dc4788c5-8g5bc"
"2026-06-11 19:20:57","2026-06-12 03:20:57","44433408","pod=emailservice-58dc4788c5-8g5bc"
"2026-06-11 19:21:12","2026-06-12 03:21:12","44433408","pod=emailservice-58dc4788c5-8g5bc"
"2026-06-11 19:21:27","2026-06-12 03:21:27","44695552","pod=emailservice-58dc4788c5-8g5bc"
"2026-06-11 19:21:42","2026-06-12 03:21:42","44433408","pod=emailservice-58dc4788c5-8g5bc"
"2026-06-11 19:21:57","2026-06-12 03:21:57","44433408","pod=emailservice-58dc4788c5-8g5bc"
"2026-06-11 19:22:12","2026-06-12 03:22:12","44433408","pod=emailservice-58dc4788c5-8g5bc"
"2026-06-11 19:22:27","2026-06-12 03:22:27","44433408","pod=emailservice-58dc4788c5-8g5bc"
"2026-06-11 19:22:42","2026-06-12 03:22:42","44433408","pod=emailservice-58dc4788c5-8g5bc"
"2026-06-11 19:22:57","2026-06-12 03:22:57","44433408","pod=emailservice-58dc4788c5-8g5bc"
"2026-06-11 19:23:12","2026-06-12 03:23:12","44433408","pod=emailservice-58dc4788c5-8g5bc"
"2026-06-11 19:23:27","2026-06-12 03:23:27","44433408","pod=emailservice-58dc4788c5-8g5bc"
"2026-06-11 19:23:42","2026-06-12 03:23:42","44433408","pod=emailservice-58dc4788c5-8g5bc"
"2026-06-11 19:23:57","2026-06-12 03:23:57","44433408","pod=emailservice-58dc4788c5-8g5bc"
"2026-06-11 19:24:12","2026-06-12 03:24:12","44433408","pod=emailservice-58dc4788c5-8g5bc"
"2026-06-11 19:24:27","2026-06-12 03:24:27","44433408","pod=emailservice-58dc4788c5-8g5bc"
"2026-06-11 19:24:42","2026-06-12 03:24:42","44433408","pod=emailservice-58dc4788c5-8g5bc"
"2026-06-11 19:24:57","2026-06-12 03:24:57","44433408","pod=emailservice-58dc4788c5-8g5bc"
"2026-06-11 19:25:12","2026-06-12 03:25:12","44433408","pod=emailservice-58dc4788c5-8g5bc"
"2026-06-11 19:25:27","2026-06-12 03:25:27","44433408","pod=emailservice-58dc4788c5-8g5bc"
"2026-06-11 19:25:42","2026-06-12 03:25:42","44433408","pod=emailservice-58dc4788c5-8g5bc"
"2026-06-11 19:25:57","2026-06-12 03:25:57","44433408","pod=emailservice-58dc4788c5-8g5bc"
"2026-06-11 19:26:12","2026-06-12 03:26:12","44433408","pod=emailservice-58dc4788c5-8g5bc"
"2026-06-11 19:26:27","2026-06-12 03:26:27","44433408","pod=emailservice-58dc4788c5-8g5bc"
"2026-06-11 19:26:42","2026-06-12 03:26:42","44433408","pod=emailservice-58dc4788c5-8g5bc"
"2026-06-11 19:26:57","2026-06-12 03:26:57","44433408","pod=emailservice-58dc4788c5-8g5bc"
"2026-06-11 17:26:57","2026-06-12 01:26:57","18710528","pod=frontend-76c94f7cfb-jkmgk"
"2026-06-11 17:27:12","2026-06-12 01:27:12","19062784","pod=frontend-76c94f7cfb-jkmgk"
"2026-06-11 17:27:27","2026-06-12 01:27:27","18866176","pod=frontend-76c94f7cfb-jkmgk"
"2026-06-11 17:27:42","2026-06-12 01:27:42","18784256","pod=frontend-76c94f7cfb-jkmgk"
"2026-06-11 17:27:57","2026-06-12 01:27:57","18931712","pod=frontend-76c94f7cfb-jkmgk"
"2026-06-11 17:28:12","2026-06-12 01:28:12","18980864","pod=frontend-76c94f7cfb-jkmgk"
"2026-06-11 17:28:27","2026-06-12 01:28:27","18980864","pod=frontend-76c94f7cfb-jkmgk"
"2026-06-11 17:28:42","2026-06-12 01:28:42","19136512","pod=frontend-76c94f7cfb-jkmgk"
"2026-06-11 17:28:57","2026-06-12 01:28:57","18837504","pod=frontend-76c94f7cfb-jkmgk"
"2026-06-11 17:29:12","2026-06-12 01:29:12","19980288","pod=frontend-76c94f7cfb-jkmgk"
"2026-06-11 17:29:27","2026-06-12 01:29:27","19980288","pod=frontend-76c94f7cfb-jkmgk"
"2026-06-11 17:29:42","2026-06-12 01:29:42","18907136","pod=frontend-76c94f7cfb-jkmgk"
"2026-06-11 17:29:57","2026-06-12 01:29:57","18784256","pod=frontend-76c94f7cfb-jkmgk"
"2026-06-11 17:30:12","2026-06-12 01:30:12","18767872","pod=frontend-76c94f7cfb-jkmgk"
"2026-06-11 17:30:27","2026-06-12 01:30:27","18931712","pod=frontend-76c94f7cfb-jkmgk"
"2026-06-11 17:30:42","2026-06-12 01:30:42","19111936","pod=frontend-76c94f7cfb-jkmgk"
"2026-06-11 17:30:57","2026-06-12 01:30:57","19111936","pod=frontend-76c94f7cfb-jkmgk"
"2026-06-11 17:31:12","2026-06-12 01:31:12","18878464","pod=frontend-76c94f7cfb-jkmgk"
"2026-06-11 17:31:27","2026-06-12 01:31:27","18706432","pod=frontend-76c94f7cfb-jkmgk"
"2026-06-11 17:31:42","2026-06-12 01:31:42","18403328","pod=frontend-76c94f7cfb-jkmgk"
"2026-06-11 17:31:57","2026-06-12 01:31:57","18669568","pod=frontend-76c94f7cfb-jkmgk"
"2026-06-11 17:32:12","2026-06-12 01:32:12","18931712","pod=frontend-76c94f7cfb-jkmgk"
"2026-06-11 17:32:27","2026-06-12 01:32:27","19173376","pod=frontend-76c94f7cfb-jkmgk"
"2026-06-11 17:32:42","2026-06-12 01:32:42","18960384","pod=frontend-76c94f7cfb-jkmgk"
"2026-06-11 17:32:57","2026-06-12 01:32:57","24064000","pod=frontend-76c94f7cfb-jkmgk"
"2026-06-11 17:33:12","2026-06-12 01:33:12","24088576","pod=frontend-76c94f7cfb-jkmgk"
"2026-06-11 17:33:27","2026-06-12 01:33:27","24182784","pod=frontend-76c94f7cfb-jkmgk"
"2026-06-11 17:33:42","2026-06-12 01:33:42","24969216","pod=frontend-76c94f7cfb-jkmgk"
"2026-06-11 17:33:57","2026-06-12 01:33:57","24227840","pod=frontend-76c94f7cfb-jkmgk"
"2026-06-11 17:34:12","2026-06-12 01:34:12","24657920","pod=frontend-76c94f7cfb-jkmgk"
"2026-06-11 17:34:27","2026-06-12 01:34:27","24657920","pod=frontend-76c94f7cfb-jkmgk"
"2026-06-11 17:34:42","2026-06-12 01:34:42","23912448","pod=frontend-76c94f7cfb-jkmgk"
"2026-06-11 17:34:57","2026-06-12 01:34:57","24375296","pod=frontend-76c94f7cfb-jkmgk"
"2026-06-11 17:35:12","2026-06-12 01:35:12","24375296","pod=frontend-76c94f7cfb-jkmgk"
"2026-06-11 17:35:27","2026-06-12 01:35:27","24047616","pod=frontend-76c94f7cfb-jkmgk"
"2026-06-11 17:35:42","2026-06-12 01:35:42","24047616","pod=frontend-76c94f7cfb-jkmgk"
"2026-06-11 17:35:57","2026-06-12 01:35:57","24653824","pod=frontend-76c94f7cfb-jkmgk"
"2026-06-11 17:36:12","2026-06-12 01:36:12","24481792","pod=frontend-76c94f7cfb-jkmgk"
"2026-06-11 17:36:27","2026-06-12 01:36:27","24547328","pod=frontend-76c94f7cfb-jkmgk"
"2026-06-11 17:36:42","2026-06-12 01:36:42","24113152","pod=frontend-76c94f7cfb-jkmgk"
"2026-06-11 17:36:57","2026-06-12 01:36:57","24113152","pod=frontend-76c94f7cfb-jkmgk"
"2026-06-11 17:37:12","2026-06-12 01:37:12","24260608","pod=frontend-76c94f7cfb-jkmgk"
"2026-06-11 17:37:27","2026-06-12 01:37:27","24285184","pod=frontend-76c94f7cfb-jkmgk"
"2026-06-11 17:37:42","2026-06-12 01:37:42","24506368","pod=frontend-76c94f7cfb-jkmgk"
"2026-06-11 17:37:57","2026-06-12 01:37:57","24068096","pod=frontend-76c94f7cfb-jkmgk"
"2026-06-11 17:38:12","2026-06-12 01:38:12","24059904","pod=frontend-76c94f7cfb-jkmgk"
"2026-06-11 17:38:27","2026-06-12 01:38:27","24354816","pod=frontend-76c94f7cfb-jkmgk"
"2026-06-11 17:38:42","2026-06-12 01:38:42","24027136","pod=frontend-76c94f7cfb-jkmgk"
"2026-06-11 17:38:57","2026-06-12 01:38:57","24027136","pod=frontend-76c94f7cfb-jkmgk"
"2026-06-11 17:39:12","2026-06-12 01:39:12","24109056","pod=frontend-76c94f7cfb-jkmgk"
"2026-06-11 17:39:27","2026-06-12 01:39:27","24084480","pod=frontend-76c94f7cfb-jkmgk"
"2026-06-11 17:39:42","2026-06-12 01:39:42","24064000","pod=frontend-76c94f7cfb-jkmgk"
"2026-06-11 17:39:57","2026-06-12 01:39:57","24674304","pod=frontend-76c94f7cfb-jkmgk"
"2026-06-11 17:40:12","2026-06-12 01:40:12","24059904","pod=frontend-76c94f7cfb-jkmgk"
"2026-06-11 17:40:27","2026-06-12 01:40:27","24104960","pod=frontend-76c94f7cfb-jkmgk"
"2026-06-11 17:40:42","2026-06-12 01:40:42","24236032","pod=frontend-76c94f7cfb-jkmgk"
"2026-06-11 17:40:57","2026-06-12 01:40:57","23957504","pod=frontend-76c94f7cfb-jkmgk"
"2026-06-11 17:41:12","2026-06-12 01:41:12","24346624","pod=frontend-76c94f7cfb-jkmgk"
"2026-06-11 17:41:27","2026-06-12 01:41:27","24211456","pod=frontend-76c94f7cfb-jkmgk"
"2026-06-11 17:41:42","2026-06-12 01:41:42","24211456","pod=frontend-76c94f7cfb-jkmgk"
"2026-06-11 17:41:57","2026-06-12 01:41:57","24035328","pod=frontend-76c94f7cfb-jkmgk"
"2026-06-11 17:42:12","2026-06-12 01:42:12","24301568","pod=frontend-76c94f7cfb-jkmgk"
"2026-06-11 17:42:27","2026-06-12 01:42:27","24059904","pod=frontend-76c94f7cfb-jkmgk"
"2026-06-11 17:42:42","2026-06-12 01:42:42","24289280","pod=frontend-76c94f7cfb-jkmgk"
"2026-06-11 17:42:57","2026-06-12 01:42:57","24076288","pod=frontend-76c94f7cfb-jkmgk"
"2026-06-11 17:43:12","2026-06-12 01:43:12","23953408","pod=frontend-76c94f7cfb-jkmgk"
"2026-06-11 17:43:27","2026-06-12 01:43:27","24018944","pod=frontend-76c94f7cfb-jkmgk"
"2026-06-11 17:43:42","2026-06-12 01:43:42","24018944","pod=frontend-76c94f7cfb-jkmgk"
"2026-06-11 17:43:57","2026-06-12 01:43:57","24223744","pod=frontend-76c94f7cfb-jkmgk"
"2026-06-11 17:44:12","2026-06-12 01:44:12","23945216","pod=frontend-76c94f7cfb-jkmgk"
"2026-06-11 17:44:27","2026-06-12 01:44:27","24088576","pod=frontend-76c94f7cfb-jkmgk"
"2026-06-11 17:44:42","2026-06-12 01:44:42","23928832","pod=frontend-76c94f7cfb-jkmgk"
"2026-06-11 17:44:57","2026-06-12 01:44:57","24076288","pod=frontend-76c94f7cfb-jkmgk"
"2026-06-11 17:45:12","2026-06-12 01:45:12","24268800","pod=frontend-76c94f7cfb-jkmgk"
"2026-06-11 17:45:27","2026-06-12 01:45:27","24080384","pod=frontend-76c94f7cfb-jkmgk"
"2026-06-11 17:45:42","2026-06-12 01:45:42","24080384","pod=frontend-76c94f7cfb-jkmgk"
"2026-06-11 17:45:57","2026-06-12 01:45:57","24227840","pod=frontend-76c94f7cfb-jkmgk"
"2026-06-11 17:46:12","2026-06-12 01:46:12","24068096","pod=frontend-76c94f7cfb-jkmgk"
"2026-06-11 17:46:27","2026-06-12 01:46:27","24068096","pod=frontend-76c94f7cfb-jkmgk"
"2026-06-11 17:46:42","2026-06-12 01:46:42","24555520","pod=frontend-76c94f7cfb-jkmgk"
"2026-06-11 17:46:57","2026-06-12 01:46:57","23883776","pod=frontend-76c94f7cfb-jkmgk"
"2026-06-11 17:47:12","2026-06-12 01:47:12","23855104","pod=frontend-76c94f7cfb-jkmgk"
"2026-06-11 17:47:27","2026-06-12 01:47:27","24141824","pod=frontend-76c94f7cfb-jkmgk"
"2026-06-11 17:47:42","2026-06-12 01:47:42","24109056","pod=frontend-76c94f7cfb-jkmgk"
"2026-06-11 17:47:57","2026-06-12 01:47:57","24117248","pod=frontend-76c94f7cfb-jkmgk"
"2026-06-11 17:48:12","2026-06-12 01:48:12","24219648","pod=frontend-76c94f7cfb-jkmgk"
"2026-06-11 17:48:27","2026-06-12 01:48:27","25542656","pod=frontend-76c94f7cfb-jkmgk"
"2026-06-11 17:48:42","2026-06-12 01:48:42","24027136","pod=frontend-76c94f7cfb-jkmgk"
"2026-06-11 17:48:57","2026-06-12 01:48:57","24162304","pod=frontend-76c94f7cfb-jkmgk"
"2026-06-11 17:49:12","2026-06-12 01:49:12","23810048","pod=frontend-76c94f7cfb-jkmgk"
"2026-06-11 17:49:27","2026-06-12 01:49:27","23801856","pod=frontend-76c94f7cfb-jkmgk"
"2026-06-11 17:49:42","2026-06-12 01:49:42","23822336","pod=frontend-76c94f7cfb-jkmgk"
"2026-06-11 17:49:57","2026-06-12 01:49:57","23994368","pod=frontend-76c94f7cfb-jkmgk"
"2026-06-11 17:50:12","2026-06-12 01:50:12","24178688","pod=frontend-76c94f7cfb-jkmgk"
"2026-06-11 17:50:27","2026-06-12 01:50:27","24461312","pod=frontend-76c94f7cfb-jkmgk"
"2026-06-11 17:50:42","2026-06-12 01:50:42","23748608","pod=frontend-76c94f7cfb-jkmgk"
"2026-06-11 17:50:57","2026-06-12 01:50:57","23871488","pod=frontend-76c94f7cfb-jkmgk"
"2026-06-11 17:51:12","2026-06-12 01:51:12","24100864","pod=frontend-76c94f7cfb-jkmgk"
"2026-06-11 17:51:27","2026-06-12 01:51:27","24100864","pod=frontend-76c94f7cfb-jkmgk"
"2026-06-11 17:51:42","2026-06-12 01:51:42","24256512","pod=frontend-76c94f7cfb-jkmgk"
"2026-06-11 17:51:57","2026-06-12 01:51:57","24133632","pod=frontend-76c94f7cfb-jkmgk"
"2026-06-11 17:52:12","2026-06-12 01:52:12","23924736","pod=frontend-76c94f7cfb-jkmgk"
"2026-06-11 17:52:27","2026-06-12 01:52:27","23793664","pod=frontend-76c94f7cfb-jkmgk"
"2026-06-11 17:52:42","2026-06-12 01:52:42","24666112","pod=frontend-76c94f7cfb-jkmgk"
"2026-06-11 17:52:57","2026-06-12 01:52:57","24399872","pod=frontend-76c94f7cfb-jkmgk"
"2026-06-11 17:53:12","2026-06-12 01:53:12","24150016","pod=frontend-76c94f7cfb-jkmgk"
"2026-06-11 17:53:27","2026-06-12 01:53:27","24604672","pod=frontend-76c94f7cfb-jkmgk"
"2026-06-11 17:53:42","2026-06-12 01:53:42","23965696","pod=frontend-76c94f7cfb-jkmgk"
"2026-06-11 17:53:57","2026-06-12 01:53:57","23965696","pod=frontend-76c94f7cfb-jkmgk"
"2026-06-11 17:54:12","2026-06-12 01:54:12","24109056","pod=frontend-76c94f7cfb-jkmgk"
"2026-06-11 17:54:27","2026-06-12 01:54:27","23752704","pod=frontend-76c94f7cfb-jkmgk"
"2026-06-11 17:54:42","2026-06-12 01:54:42","23752704","pod=frontend-76c94f7cfb-jkmgk"
"2026-06-11 17:54:57","2026-06-12 01:54:57","25006080","pod=frontend-76c94f7cfb-jkmgk"
"2026-06-11 17:55:12","2026-06-12 01:55:12","23912448","pod=frontend-76c94f7cfb-jkmgk"
"2026-06-11 17:55:27","2026-06-12 01:55:27","23875584","pod=frontend-76c94f7cfb-jkmgk"
"2026-06-11 17:55:42","2026-06-12 01:55:42","23875584","pod=frontend-76c94f7cfb-jkmgk"
"2026-06-11 17:55:57","2026-06-12 01:55:57","23982080","pod=frontend-76c94f7cfb-jkmgk"
"2026-06-11 17:56:12","2026-06-12 01:56:12","24432640","pod=frontend-76c94f7cfb-jkmgk"
"2026-06-11 17:56:27","2026-06-12 01:56:27","24236032","pod=frontend-76c94f7cfb-jkmgk"
"2026-06-11 17:56:42","2026-06-12 01:56:42","24518656","pod=frontend-76c94f7cfb-jkmgk"
"2026-06-11 17:56:57","2026-06-12 01:56:57","24526848","pod=frontend-76c94f7cfb-jkmgk"
"2026-06-11 17:57:12","2026-06-12 01:57:12","24526848","pod=frontend-76c94f7cfb-jkmgk"
"2026-06-11 17:57:27","2026-06-12 01:57:27","23994368","pod=frontend-76c94f7cfb-jkmgk"
"2026-06-11 17:57:42","2026-06-12 01:57:42","24784896","pod=frontend-76c94f7cfb-jkmgk"
"2026-06-11 17:57:57","2026-06-12 01:57:57","24137728","pod=frontend-76c94f7cfb-jkmgk"
"2026-06-11 17:58:12","2026-06-12 01:58:12","24293376","pod=frontend-76c94f7cfb-jkmgk"
"2026-06-11 17:58:27","2026-06-12 01:58:27","24358912","pod=frontend-76c94f7cfb-jkmgk"
"2026-06-11 17:58:42","2026-06-12 01:58:42","24256512","pod=frontend-76c94f7cfb-jkmgk"
"2026-06-11 17:58:57","2026-06-12 01:58:57","24096768","pod=frontend-76c94f7cfb-jkmgk"
"2026-06-11 17:59:12","2026-06-12 01:59:12","23891968","pod=frontend-76c94f7cfb-jkmgk"
"2026-06-11 17:59:27","2026-06-12 01:59:27","23891968","pod=frontend-76c94f7cfb-jkmgk"
"2026-06-11 17:59:42","2026-06-12 01:59:42","24252416","pod=frontend-76c94f7cfb-jkmgk"
"2026-06-11 17:59:57","2026-06-12 01:59:57","24772608","pod=frontend-76c94f7cfb-jkmgk"
"2026-06-11 18:00:12","2026-06-12 02:00:12","24772608","pod=frontend-76c94f7cfb-jkmgk"
"2026-06-11 18:00:27","2026-06-12 02:00:27","23949312","pod=frontend-76c94f7cfb-jkmgk"
"2026-06-11 18:00:42","2026-06-12 02:00:42","23867392","pod=frontend-76c94f7cfb-jkmgk"
"2026-06-11 18:00:57","2026-06-12 02:00:57","23998464","pod=frontend-76c94f7cfb-jkmgk"
"2026-06-11 18:01:12","2026-06-12 02:01:12","24035328","pod=frontend-76c94f7cfb-jkmgk"
"2026-06-11 18:01:27","2026-06-12 02:01:27","23855104","pod=frontend-76c94f7cfb-jkmgk"
"2026-06-11 18:01:42","2026-06-12 02:01:42","24219648","pod=frontend-76c94f7cfb-jkmgk"
"2026-06-11 18:01:57","2026-06-12 02:01:57","24547328","pod=frontend-76c94f7cfb-jkmgk"
"2026-06-11 18:02:12","2026-06-12 02:02:12","23941120","pod=frontend-76c94f7cfb-jkmgk"
"2026-06-11 18:02:27","2026-06-12 02:02:27","23941120","pod=frontend-76c94f7cfb-jkmgk"
"2026-06-11 18:02:42","2026-06-12 02:02:42","24420352","pod=frontend-76c94f7cfb-jkmgk"
"2026-06-11 18:02:57","2026-06-12 02:02:57","24420352","pod=frontend-76c94f7cfb-jkmgk"
"2026-06-11 18:03:12","2026-06-12 02:03:12","24104960","pod=frontend-76c94f7cfb-jkmgk"
"2026-06-11 18:03:27","2026-06-12 02:03:27","23998464","pod=frontend-76c94f7cfb-jkmgk"
"2026-06-11 18:03:42","2026-06-12 02:03:42","24010752","pod=frontend-76c94f7cfb-jkmgk"
"2026-06-11 18:03:57","2026-06-12 02:03:57","23621632","pod=frontend-76c94f7cfb-jkmgk"
"2026-06-11 18:04:12","2026-06-12 02:04:12","23863296","pod=frontend-76c94f7cfb-jkmgk"
"2026-06-11 18:04:27","2026-06-12 02:04:27","24510464","pod=frontend-76c94f7cfb-jkmgk"
"2026-06-11 18:04:42","2026-06-12 02:04:42","24510464","pod=frontend-76c94f7cfb-jkmgk"
"2026-06-11 18:04:57","2026-06-12 02:04:57","23777280","pod=frontend-76c94f7cfb-jkmgk"
"2026-06-11 18:05:12","2026-06-12 02:05:12","23785472","pod=frontend-76c94f7cfb-jkmgk"
"2026-06-11 18:05:27","2026-06-12 02:05:27","24088576","pod=frontend-76c94f7cfb-jkmgk"
"2026-06-11 18:05:42","2026-06-12 02:05:42","24125440","pod=frontend-76c94f7cfb-jkmgk"
"2026-06-11 18:05:57","2026-06-12 02:05:57","24162304","pod=frontend-76c94f7cfb-jkmgk"
"2026-06-11 18:06:12","2026-06-12 02:06:12","24076288","pod=frontend-76c94f7cfb-jkmgk"
"2026-06-11 18:06:27","2026-06-12 02:06:27","24076288","pod=frontend-76c94f7cfb-jkmgk"
"2026-06-11 18:06:42","2026-06-12 02:06:42","24031232","pod=frontend-76c94f7cfb-jkmgk"
"2026-06-11 18:06:57","2026-06-12 02:06:57","24072192","pod=frontend-76c94f7cfb-jkmgk"
"2026-06-11 18:07:12","2026-06-12 02:07:12","24616960","pod=frontend-76c94f7cfb-jkmgk"
"2026-06-11 18:07:27","2026-06-12 02:07:27","24305664","pod=frontend-76c94f7cfb-jkmgk"
"2026-06-11 18:07:42","2026-06-12 02:07:42","24317952","pod=frontend-76c94f7cfb-jkmgk"
"2026-06-11 18:07:57","2026-06-12 02:07:57","24125440","pod=frontend-76c94f7cfb-jkmgk"
"2026-06-11 18:08:12","2026-06-12 02:08:12","24150016","pod=frontend-76c94f7cfb-jkmgk"
"2026-06-11 18:08:27","2026-06-12 02:08:27","24170496","pod=frontend-76c94f7cfb-jkmgk"
"2026-06-11 18:08:42","2026-06-12 02:08:42","24199168","pod=frontend-76c94f7cfb-jkmgk"
"2026-06-11 18:08:57","2026-06-12 02:08:57","24203264","pod=frontend-76c94f7cfb-jkmgk"
"2026-06-11 18:09:12","2026-06-12 02:09:12","23904256","pod=frontend-76c94f7cfb-jkmgk"
"2026-06-11 18:09:27","2026-06-12 02:09:27","24203264","pod=frontend-76c94f7cfb-jkmgk"
"2026-06-11 18:09:42","2026-06-12 02:09:42","24866816","pod=frontend-76c94f7cfb-jkmgk"
"2026-06-11 18:09:57","2026-06-12 02:09:57","24866816","pod=frontend-76c94f7cfb-jkmgk"
"2026-06-11 18:10:12","2026-06-12 02:10:12","23986176","pod=frontend-76c94f7cfb-jkmgk"
"2026-06-11 18:10:27","2026-06-12 02:10:27","24150016","pod=frontend-76c94f7cfb-jkmgk"
"2026-06-11 18:10:42","2026-06-12 02:10:42","24141824","pod=frontend-76c94f7cfb-jkmgk"
"2026-06-11 18:10:57","2026-06-12 02:10:57","24199168","pod=frontend-76c94f7cfb-jkmgk"
"2026-06-11 18:11:12","2026-06-12 02:11:12","24199168","pod=frontend-76c94f7cfb-jkmgk"
"2026-06-11 18:11:27","2026-06-12 02:11:27","24047616","pod=frontend-76c94f7cfb-jkmgk"
"2026-06-11 18:11:42","2026-06-12 02:11:42","23998464","pod=frontend-76c94f7cfb-jkmgk"
"2026-06-11 18:11:57","2026-06-12 02:11:57","24158208","pod=frontend-76c94f7cfb-jkmgk"
"2026-06-11 18:12:12","2026-06-12 02:12:12","24231936","pod=frontend-76c94f7cfb-jkmgk"
"2026-06-11 18:12:27","2026-06-12 02:12:27","23982080","pod=frontend-76c94f7cfb-jkmgk"
"2026-06-11 18:12:42","2026-06-12 02:12:42","24289280","pod=frontend-76c94f7cfb-jkmgk"
"2026-06-11 18:12:57","2026-06-12 02:12:57","24752128","pod=frontend-76c94f7cfb-jkmgk"
"2026-06-11 18:13:12","2026-06-12 02:13:12","23461888","pod=frontend-76c94f7cfb-jkmgk"
"2026-06-11 18:13:27","2026-06-12 02:13:27","23547904","pod=frontend-76c94f7cfb-jkmgk"
"2026-06-11 18:13:42","2026-06-12 02:13:42","23842816","pod=frontend-76c94f7cfb-jkmgk"
"2026-06-11 18:13:57","2026-06-12 02:13:57","24125440","pod=frontend-76c94f7cfb-jkmgk"
"2026-06-11 18:14:12","2026-06-12 02:14:12","24346624","pod=frontend-76c94f7cfb-jkmgk"
"2026-06-11 18:14:27","2026-06-12 02:14:27","23568384","pod=frontend-76c94f7cfb-jkmgk"
"2026-06-11 18:14:42","2026-06-12 02:14:42","23953408","pod=frontend-76c94f7cfb-jkmgk"
"2026-06-11 18:14:57","2026-06-12 02:14:57","23977984","pod=frontend-76c94f7cfb-jkmgk"
"2026-06-11 18:15:12","2026-06-12 02:15:12","24084480","pod=frontend-76c94f7cfb-jkmgk"
"2026-06-11 18:15:27","2026-06-12 02:15:27","24375296","pod=frontend-76c94f7cfb-jkmgk"
"2026-06-11 18:15:42","2026-06-12 02:15:42","24375296","pod=frontend-76c94f7cfb-jkmgk"
"2026-06-11 18:15:57","2026-06-12 02:15:57","24600576","pod=frontend-76c94f7cfb-jkmgk"
"2026-06-11 18:16:12","2026-06-12 02:16:12","24600576","pod=frontend-76c94f7cfb-jkmgk"
"2026-06-11 18:16:27","2026-06-12 02:16:27","23875584","pod=frontend-76c94f7cfb-jkmgk"
"2026-06-11 18:16:42","2026-06-12 02:16:42","24059904","pod=frontend-76c94f7cfb-jkmgk"
"2026-06-11 18:16:57","2026-06-12 02:16:57","24084480","pod=frontend-76c94f7cfb-jkmgk"
"2026-06-11 18:17:12","2026-06-12 02:17:12","23805952","pod=frontend-76c94f7cfb-jkmgk"
"2026-06-11 18:17:27","2026-06-12 02:17:27","24166400","pod=frontend-76c94f7cfb-jkmgk"
"2026-06-11 18:17:42","2026-06-12 02:17:42","23887872","pod=frontend-76c94f7cfb-jkmgk"
"2026-06-11 18:17:57","2026-06-12 02:17:57","23814144","pod=frontend-76c94f7cfb-jkmgk"
"2026-06-11 18:18:12","2026-06-12 02:18:12","23814144","pod=frontend-76c94f7cfb-jkmgk"
"2026-06-11 18:18:27","2026-06-12 02:18:27","23777280","pod=frontend-76c94f7cfb-jkmgk"
"2026-06-11 18:18:42","2026-06-12 02:18:42","23900160","pod=frontend-76c94f7cfb-jkmgk"
"2026-06-11 18:18:57","2026-06-12 02:18:57","23949312","pod=frontend-76c94f7cfb-jkmgk"
"2026-06-11 18:19:12","2026-06-12 02:19:12","23728128","pod=frontend-76c94f7cfb-jkmgk"
"2026-06-11 18:19:27","2026-06-12 02:19:27","23728128","pod=frontend-76c94f7cfb-jkmgk"
"2026-06-11 18:19:42","2026-06-12 02:19:42","23949312","pod=frontend-76c94f7cfb-jkmgk"
"2026-06-11 18:19:57","2026-06-12 02:19:57","23764992","pod=frontend-76c94f7cfb-jkmgk"
"2026-06-11 18:20:12","2026-06-12 02:20:12","24072192","pod=frontend-76c94f7cfb-jkmgk"
"2026-06-11 18:20:27","2026-06-12 02:20:27","24072192","pod=frontend-76c94f7cfb-jkmgk"
"2026-06-11 18:20:42","2026-06-12 02:20:42","23756800","pod=frontend-76c94f7cfb-jkmgk"
"2026-06-11 18:20:57","2026-06-12 02:20:57","24276992","pod=frontend-76c94f7cfb-jkmgk"
"2026-06-11 18:21:12","2026-06-12 02:21:12","24059904","pod=frontend-76c94f7cfb-jkmgk"
"2026-06-11 18:21:27","2026-06-12 02:21:27","23810048","pod=frontend-76c94f7cfb-jkmgk"
"2026-06-11 18:21:42","2026-06-12 02:21:42","23748608","pod=frontend-76c94f7cfb-jkmgk"
"2026-06-11 18:21:57","2026-06-12 02:21:57","23863296","pod=frontend-76c94f7cfb-jkmgk"
"2026-06-11 18:22:12","2026-06-12 02:22:12","23904256","pod=frontend-76c94f7cfb-jkmgk"
"2026-06-11 18:22:27","2026-06-12 02:22:27","24113152","pod=frontend-76c94f7cfb-jkmgk"
"2026-06-11 18:22:42","2026-06-12 02:22:42","23846912","pod=frontend-76c94f7cfb-jkmgk"
"2026-06-11 18:22:57","2026-06-12 02:22:57","23846912","pod=frontend-76c94f7cfb-jkmgk"
"2026-06-11 18:23:12","2026-06-12 02:23:12","24662016","pod=frontend-76c94f7cfb-jkmgk"
"2026-06-11 18:23:27","2026-06-12 02:23:27","24662016","pod=frontend-76c94f7cfb-jkmgk"
"2026-06-11 18:23:42","2026-06-12 02:23:42","23711744","pod=frontend-76c94f7cfb-jkmgk"
"2026-06-11 18:23:57","2026-06-12 02:23:57","23801856","pod=frontend-76c94f7cfb-jkmgk"
"2026-06-11 18:24:12","2026-06-12 02:24:12","23822336","pod=frontend-76c94f7cfb-jkmgk"
"2026-06-11 18:24:27","2026-06-12 02:24:27","23928832","pod=frontend-76c94f7cfb-jkmgk"
"2026-06-11 18:24:42","2026-06-12 02:24:42","23928832","pod=frontend-76c94f7cfb-jkmgk"
"2026-06-11 18:24:57","2026-06-12 02:24:57","24137728","pod=frontend-76c94f7cfb-jkmgk"
"2026-06-11 18:25:12","2026-06-12 02:25:12","24322048","pod=frontend-76c94f7cfb-jkmgk"
"2026-06-11 18:25:27","2026-06-12 02:25:27","23875584","pod=frontend-76c94f7cfb-jkmgk"
"2026-06-11 18:25:42","2026-06-12 02:25:42","23703552","pod=frontend-76c94f7cfb-jkmgk"
"2026-06-11 18:25:57","2026-06-12 02:25:57","23711744","pod=frontend-76c94f7cfb-jkmgk"
"2026-06-11 18:26:12","2026-06-12 02:26:12","24059904","pod=frontend-76c94f7cfb-jkmgk"
"2026-06-11 18:26:27","2026-06-12 02:26:27","24272896","pod=frontend-76c94f7cfb-jkmgk"
"2026-06-11 18:26:42","2026-06-12 02:26:42","23937024","pod=frontend-76c94f7cfb-jkmgk"
"2026-06-11 18:26:57","2026-06-12 02:26:57","24113152","pod=frontend-76c94f7cfb-jkmgk"
"2026-06-11 18:27:12","2026-06-12 02:27:12","23609344","pod=frontend-76c94f7cfb-jkmgk"
"2026-06-11 18:27:27","2026-06-12 02:27:27","23457792","pod=frontend-76c94f7cfb-jkmgk"
"2026-06-11 18:27:42","2026-06-12 02:27:42","23564288","pod=frontend-76c94f7cfb-jkmgk"
"2026-06-11 18:27:57","2026-06-12 02:27:57","24014848","pod=frontend-76c94f7cfb-jkmgk"
"2026-06-11 18:28:12","2026-06-12 02:28:12","23908352","pod=frontend-76c94f7cfb-jkmgk"
"2026-06-11 18:28:27","2026-06-12 02:28:27","23814144","pod=frontend-76c94f7cfb-jkmgk"
"2026-06-11 18:28:42","2026-06-12 02:28:42","23838720","pod=frontend-76c94f7cfb-jkmgk"
"2026-06-11 18:28:57","2026-06-12 02:28:57","23838720","pod=frontend-76c94f7cfb-jkmgk"
"2026-06-11 18:29:12","2026-06-12 02:29:12","24236032","pod=frontend-76c94f7cfb-jkmgk"
"2026-06-11 18:29:27","2026-06-12 02:29:27","23863296","pod=frontend-76c94f7cfb-jkmgk"
"2026-06-11 18:29:42","2026-06-12 02:29:42","23625728","pod=frontend-76c94f7cfb-jkmgk"
"2026-06-11 18:29:57","2026-06-12 02:29:57","24076288","pod=frontend-76c94f7cfb-jkmgk"
"2026-06-11 18:30:12","2026-06-12 02:30:12","24137728","pod=frontend-76c94f7cfb-jkmgk"
"2026-06-11 18:30:27","2026-06-12 02:30:27","24158208","pod=frontend-76c94f7cfb-jkmgk"
"2026-06-11 18:30:42","2026-06-12 02:30:42","24141824","pod=frontend-76c94f7cfb-jkmgk"
"2026-06-11 18:30:57","2026-06-12 02:30:57","23601152","pod=frontend-76c94f7cfb-jkmgk"
"2026-06-11 18:31:12","2026-06-12 02:31:12","24027136","pod=frontend-76c94f7cfb-jkmgk"
"2026-06-11 18:31:27","2026-06-12 02:31:27","23601152","pod=frontend-76c94f7cfb-jkmgk"
"2026-06-11 18:31:42","2026-06-12 02:31:42","24088576","pod=frontend-76c94f7cfb-jkmgk"
"2026-06-11 18:31:57","2026-06-12 02:31:57","24727552","pod=frontend-76c94f7cfb-jkmgk"
"2026-06-11 18:32:12","2026-06-12 02:32:12","24727552","pod=frontend-76c94f7cfb-jkmgk"
"2026-06-11 18:32:27","2026-06-12 02:32:27","23760896","pod=frontend-76c94f7cfb-jkmgk"
"2026-06-11 18:32:42","2026-06-12 02:32:42","23810048","pod=frontend-76c94f7cfb-jkmgk"
"2026-06-11 18:32:57","2026-06-12 02:32:57","23515136","pod=frontend-76c94f7cfb-jkmgk"
"2026-06-11 18:33:12","2026-06-12 02:33:12","23515136","pod=frontend-76c94f7cfb-jkmgk"
"2026-06-11 18:33:27","2026-06-12 02:33:27","23654400","pod=frontend-76c94f7cfb-jkmgk"
"2026-06-11 18:33:42","2026-06-12 02:33:42","23654400","pod=frontend-76c94f7cfb-jkmgk"
"2026-06-11 18:33:57","2026-06-12 02:33:57","23629824","pod=frontend-76c94f7cfb-jkmgk"
"2026-06-11 18:34:12","2026-06-12 02:34:12","23707648","pod=frontend-76c94f7cfb-jkmgk"
"2026-06-11 18:34:27","2026-06-12 02:34:27","23777280","pod=frontend-76c94f7cfb-jkmgk"
"2026-06-11 18:34:42","2026-06-12 02:34:42","23957504","pod=frontend-76c94f7cfb-jkmgk"
"2026-06-11 18:34:57","2026-06-12 02:34:57","23859200","pod=frontend-76c94f7cfb-jkmgk"
"2026-06-11 18:35:12","2026-06-12 02:35:12","23961600","pod=frontend-76c94f7cfb-jkmgk"
"2026-06-11 18:35:27","2026-06-12 02:35:27","24330240","pod=frontend-76c94f7cfb-jkmgk"
"2026-06-11 18:35:42","2026-06-12 02:35:42","24018944","pod=frontend-76c94f7cfb-jkmgk"
"2026-06-11 18:35:57","2026-06-12 02:35:57","23646208","pod=frontend-76c94f7cfb-jkmgk"
"2026-06-11 18:36:12","2026-06-12 02:36:12","24080384","pod=frontend-76c94f7cfb-jkmgk"
"2026-06-11 18:36:27","2026-06-12 02:36:27","23728128","pod=frontend-76c94f7cfb-jkmgk"
"2026-06-11 18:36:42","2026-06-12 02:36:42","24219648","pod=frontend-76c94f7cfb-jkmgk"
"2026-06-11 18:36:57","2026-06-12 02:36:57","24219648","pod=frontend-76c94f7cfb-jkmgk"
"2026-06-11 18:37:12","2026-06-12 02:37:12","23617536","pod=frontend-76c94f7cfb-jkmgk"
"2026-06-11 18:37:27","2026-06-12 02:37:27","23666688","pod=frontend-76c94f7cfb-jkmgk"
"2026-06-11 18:37:42","2026-06-12 02:37:42","23666688","pod=frontend-76c94f7cfb-jkmgk"
"2026-06-11 18:37:57","2026-06-12 02:37:57","23629824","pod=frontend-76c94f7cfb-jkmgk"
"2026-06-11 18:38:12","2026-06-12 02:38:12","24121344","pod=frontend-76c94f7cfb-jkmgk"
"2026-06-11 18:38:27","2026-06-12 02:38:27","23814144","pod=frontend-76c94f7cfb-jkmgk"
"2026-06-11 18:38:42","2026-06-12 02:38:42","23814144","pod=frontend-76c94f7cfb-jkmgk"
"2026-06-11 18:38:57","2026-06-12 02:38:57","23654400","pod=frontend-76c94f7cfb-jkmgk"
"2026-06-11 18:39:12","2026-06-12 02:39:12","24305664","pod=frontend-76c94f7cfb-jkmgk"
"2026-06-11 18:39:27","2026-06-12 02:39:27","23797760","pod=frontend-76c94f7cfb-jkmgk"
"2026-06-11 18:39:42","2026-06-12 02:39:42","23924736","pod=frontend-76c94f7cfb-jkmgk"
"2026-06-11 18:39:57","2026-06-12 02:39:57","23773184","pod=frontend-76c94f7cfb-jkmgk"
"2026-06-11 18:40:12","2026-06-12 02:40:12","24985600","pod=frontend-76c94f7cfb-jkmgk"
"2026-06-11 18:40:27","2026-06-12 02:40:27","28803072","pod=frontend-76c94f7cfb-jkmgk"
"2026-06-11 18:40:42","2026-06-12 02:40:42","24334336","pod=frontend-76c94f7cfb-jkmgk"
"2026-06-11 18:40:57","2026-06-12 02:40:57","24334336","pod=frontend-76c94f7cfb-jkmgk"
"2026-06-11 18:41:12","2026-06-12 02:41:12","28131328","pod=frontend-76c94f7cfb-jkmgk"
"2026-06-11 18:41:27","2026-06-12 02:41:27","24367104","pod=frontend-76c94f7cfb-jkmgk"
"2026-06-11 18:41:42","2026-06-12 02:41:42","24367104","pod=frontend-76c94f7cfb-jkmgk"
"2026-06-11 18:41:57","2026-06-12 02:41:57","24109056","pod=frontend-76c94f7cfb-jkmgk"
"2026-06-11 18:42:12","2026-06-12 02:42:12","24162304","pod=frontend-76c94f7cfb-jkmgk"
"2026-06-11 18:42:27","2026-06-12 02:42:27","28430336","pod=frontend-76c94f7cfb-jkmgk"
"2026-06-11 18:42:42","2026-06-12 02:42:42","28741632","pod=frontend-76c94f7cfb-jkmgk"
"2026-06-11 18:42:57","2026-06-12 02:42:57","28778496","pod=frontend-76c94f7cfb-jkmgk"
"2026-06-11 18:43:12","2026-06-12 02:43:12","28028928","pod=frontend-76c94f7cfb-jkmgk"
"2026-06-11 18:43:27","2026-06-12 02:43:27","28028928","pod=frontend-76c94f7cfb-jkmgk"
"2026-06-11 18:43:42","2026-06-12 02:43:42","24330240","pod=frontend-76c94f7cfb-jkmgk"
"2026-06-11 18:43:57","2026-06-12 02:43:57","28577792","pod=frontend-76c94f7cfb-jkmgk"
"2026-06-11 18:44:12","2026-06-12 02:44:12","28987392","pod=frontend-76c94f7cfb-jkmgk"
"2026-06-11 18:44:27","2026-06-12 02:44:27","24350720","pod=frontend-76c94f7cfb-jkmgk"
"2026-06-11 18:44:42","2026-06-12 02:44:42","24350720","pod=frontend-76c94f7cfb-jkmgk"
"2026-06-11 18:44:57","2026-06-12 02:44:57","28209152","pod=frontend-76c94f7cfb-jkmgk"
"2026-06-11 18:45:12","2026-06-12 02:45:12","28684288","pod=frontend-76c94f7cfb-jkmgk"
"2026-06-11 18:45:27","2026-06-12 02:45:27","28418048","pod=frontend-76c94f7cfb-jkmgk"
"2026-06-11 18:45:42","2026-06-12 02:45:42","24240128","pod=frontend-76c94f7cfb-jkmgk"
"2026-06-11 18:45:57","2026-06-12 02:45:57","28565504","pod=frontend-76c94f7cfb-jkmgk"
"2026-06-11 18:46:12","2026-06-12 02:46:12","28565504","pod=frontend-76c94f7cfb-jkmgk"
"2026-06-11 18:46:27","2026-06-12 02:46:27","23855104","pod=frontend-76c94f7cfb-jkmgk"
"2026-06-11 18:46:42","2026-06-12 02:46:42","28233728","pod=frontend-76c94f7cfb-jkmgk"
"2026-06-11 18:46:57","2026-06-12 02:46:57","28844032","pod=frontend-76c94f7cfb-jkmgk"
"2026-06-11 18:47:12","2026-06-12 02:47:12","28844032","pod=frontend-76c94f7cfb-jkmgk"
"2026-06-11 18:47:27","2026-06-12 02:47:27","24166400","pod=frontend-76c94f7cfb-jkmgk"
"2026-06-11 18:47:42","2026-06-12 02:47:42","28483584","pod=frontend-76c94f7cfb-jkmgk"
"2026-06-11 18:47:57","2026-06-12 02:47:57","28860416","pod=frontend-76c94f7cfb-jkmgk"
"2026-06-11 18:48:12","2026-06-12 02:48:12","24301568","pod=frontend-76c94f7cfb-jkmgk"
"2026-06-11 18:48:27","2026-06-12 02:48:27","28323840","pod=frontend-76c94f7cfb-jkmgk"
"2026-06-11 18:48:42","2026-06-12 02:48:42","28622848","pod=frontend-76c94f7cfb-jkmgk"
"2026-06-11 18:48:57","2026-06-12 02:48:57","24137728","pod=frontend-76c94f7cfb-jkmgk"
"2026-06-11 18:49:12","2026-06-12 02:49:12","24014848","pod=frontend-76c94f7cfb-jkmgk"
"2026-06-11 18:49:27","2026-06-12 02:49:27","23990272","pod=frontend-76c94f7cfb-jkmgk"
"2026-06-11 18:49:42","2026-06-12 02:49:42","24137728","pod=frontend-76c94f7cfb-jkmgk"
"2026-06-11 18:49:57","2026-06-12 02:49:57","24150016","pod=frontend-76c94f7cfb-jkmgk"
"2026-06-11 18:50:12","2026-06-12 02:50:12","24150016","pod=frontend-76c94f7cfb-jkmgk"
"2026-06-11 18:50:27","2026-06-12 02:50:27","23953408","pod=frontend-76c94f7cfb-jkmgk"
"2026-06-11 18:50:42","2026-06-12 02:50:42","24276992","pod=frontend-76c94f7cfb-jkmgk"
"2026-06-11 18:50:57","2026-06-12 02:50:57","23896064","pod=frontend-76c94f7cfb-jkmgk"
"2026-06-11 18:51:12","2026-06-12 02:51:12","24223744","pod=frontend-76c94f7cfb-jkmgk"
"2026-06-11 18:51:27","2026-06-12 02:51:27","24109056","pod=frontend-76c94f7cfb-jkmgk"
"2026-06-11 18:51:42","2026-06-12 02:51:42","24182784","pod=frontend-76c94f7cfb-jkmgk"
"2026-06-11 18:51:57","2026-06-12 02:51:57","24211456","pod=frontend-76c94f7cfb-jkmgk"
"2026-06-11 18:52:12","2026-06-12 02:52:12","24211456","pod=frontend-76c94f7cfb-jkmgk"
"2026-06-11 18:52:27","2026-06-12 02:52:27","23977984","pod=frontend-76c94f7cfb-jkmgk"
"2026-06-11 18:52:42","2026-06-12 02:52:42","23928832","pod=frontend-76c94f7cfb-jkmgk"
"2026-06-11 18:52:57","2026-06-12 02:52:57","24592384","pod=frontend-76c94f7cfb-jkmgk"
"2026-06-11 18:53:12","2026-06-12 02:53:12","23957504","pod=frontend-76c94f7cfb-jkmgk"
"2026-06-11 18:53:27","2026-06-12 02:53:27","23961600","pod=frontend-76c94f7cfb-jkmgk"
"2026-06-11 18:53:42","2026-06-12 02:53:42","23949312","pod=frontend-76c94f7cfb-jkmgk"
"2026-06-11 18:53:57","2026-06-12 02:53:57","24289280","pod=frontend-76c94f7cfb-jkmgk"
"2026-06-11 18:54:12","2026-06-12 02:54:12","24014848","pod=frontend-76c94f7cfb-jkmgk"
"2026-06-11 18:54:27","2026-06-12 02:54:27","24276992","pod=frontend-76c94f7cfb-jkmgk"
"2026-06-11 18:54:42","2026-06-12 02:54:42","24039424","pod=frontend-76c94f7cfb-jkmgk"
"2026-06-11 18:54:57","2026-06-12 02:54:57","24096768","pod=frontend-76c94f7cfb-jkmgk"
"2026-06-11 18:55:12","2026-06-12 02:55:12","25673728","pod=frontend-76c94f7cfb-jkmgk"
"2026-06-11 18:55:27","2026-06-12 02:55:27","23904256","pod=frontend-76c94f7cfb-jkmgk"
"2026-06-11 18:55:42","2026-06-12 02:55:42","24870912","pod=frontend-76c94f7cfb-jkmgk"
"2026-06-11 18:55:57","2026-06-12 02:55:57","24293376","pod=frontend-76c94f7cfb-jkmgk"
"2026-06-11 18:56:12","2026-06-12 02:56:12","24047616","pod=frontend-76c94f7cfb-jkmgk"
"2026-06-11 18:56:27","2026-06-12 02:56:27","25001984","pod=frontend-76c94f7cfb-jkmgk"
"2026-06-11 18:56:42","2026-06-12 02:56:42","24940544","pod=frontend-76c94f7cfb-jkmgk"
"2026-06-11 18:56:57","2026-06-12 02:56:57","24195072","pod=frontend-76c94f7cfb-jkmgk"
"2026-06-11 18:57:12","2026-06-12 02:57:12","24367104","pod=frontend-76c94f7cfb-jkmgk"
"2026-06-11 18:57:27","2026-06-12 02:57:27","24690688","pod=frontend-76c94f7cfb-jkmgk"
"2026-06-11 18:57:42","2026-06-12 02:57:42","24215552","pod=frontend-76c94f7cfb-jkmgk"
"2026-06-11 18:57:57","2026-06-12 02:57:57","24215552","pod=frontend-76c94f7cfb-jkmgk"
"2026-06-11 18:58:12","2026-06-12 02:58:12","23994368","pod=frontend-76c94f7cfb-jkmgk"
"2026-06-11 18:58:27","2026-06-12 02:58:27","24203264","pod=frontend-76c94f7cfb-jkmgk"
"2026-06-11 18:58:42","2026-06-12 02:58:42","24064000","pod=frontend-76c94f7cfb-jkmgk"
"2026-06-11 18:58:57","2026-06-12 02:58:57","24064000","pod=frontend-76c94f7cfb-jkmgk"
"2026-06-11 18:59:12","2026-06-12 02:59:12","23883776","pod=frontend-76c94f7cfb-jkmgk"
"2026-06-11 18:59:27","2026-06-12 02:59:27","24465408","pod=frontend-76c94f7cfb-jkmgk"
"2026-06-11 18:59:42","2026-06-12 02:59:42","24592384","pod=frontend-76c94f7cfb-jkmgk"
"2026-06-11 18:59:57","2026-06-12 02:59:57","24592384","pod=frontend-76c94f7cfb-jkmgk"
"2026-06-11 19:00:12","2026-06-12 03:00:12","24014848","pod=frontend-76c94f7cfb-jkmgk"
"2026-06-11 19:00:27","2026-06-12 03:00:27","23810048","pod=frontend-76c94f7cfb-jkmgk"
"2026-06-11 19:00:42","2026-06-12 03:00:42","24104960","pod=frontend-76c94f7cfb-jkmgk"
"2026-06-11 19:00:57","2026-06-12 03:00:57","24186880","pod=frontend-76c94f7cfb-jkmgk"
"2026-06-11 19:01:12","2026-06-12 03:01:12","28139520","pod=frontend-76c94f7cfb-jkmgk"
"2026-06-11 19:01:27","2026-06-12 03:01:27","28405760","pod=frontend-76c94f7cfb-jkmgk"
"2026-06-11 19:01:42","2026-06-12 03:01:42","28028928","pod=frontend-76c94f7cfb-jkmgk"
"2026-06-11 19:01:57","2026-06-12 03:01:57","28180480","pod=frontend-76c94f7cfb-jkmgk"
"2026-06-11 19:02:12","2026-06-12 03:02:12","24023040","pod=frontend-76c94f7cfb-jkmgk"
"2026-06-11 19:02:27","2026-06-12 03:02:27","25120768","pod=frontend-76c94f7cfb-jkmgk"
"2026-06-11 19:02:42","2026-06-12 03:02:42","24051712","pod=frontend-76c94f7cfb-jkmgk"
"2026-06-11 19:02:57","2026-06-12 03:02:57","24076288","pod=frontend-76c94f7cfb-jkmgk"
"2026-06-11 19:03:12","2026-06-12 03:03:12","24244224","pod=frontend-76c94f7cfb-jkmgk"
"2026-06-11 19:03:27","2026-06-12 03:03:27","28405760","pod=frontend-76c94f7cfb-jkmgk"
"2026-06-11 19:03:42","2026-06-12 03:03:42","28553216","pod=frontend-76c94f7cfb-jkmgk"
"2026-06-11 19:03:57","2026-06-12 03:03:57","27811840","pod=frontend-76c94f7cfb-jkmgk"
"2026-06-11 19:04:12","2026-06-12 03:04:12","27877376","pod=frontend-76c94f7cfb-jkmgk"
"2026-06-11 19:04:27","2026-06-12 03:04:27","28168192","pod=frontend-76c94f7cfb-jkmgk"
"2026-06-11 19:04:42","2026-06-12 03:04:42","23932928","pod=frontend-76c94f7cfb-jkmgk"
"2026-06-11 19:04:57","2026-06-12 03:04:57","24215552","pod=frontend-76c94f7cfb-jkmgk"
"2026-06-11 19:05:12","2026-06-12 03:05:12","23785472","pod=frontend-76c94f7cfb-jkmgk"
"2026-06-11 19:05:27","2026-06-12 03:05:27","23785472","pod=frontend-76c94f7cfb-jkmgk"
"2026-06-11 19:05:42","2026-06-12 03:05:42","23990272","pod=frontend-76c94f7cfb-jkmgk"
"2026-06-11 19:05:57","2026-06-12 03:05:57","28393472","pod=frontend-76c94f7cfb-jkmgk"
"2026-06-11 19:06:12","2026-06-12 03:06:12","28106752","pod=frontend-76c94f7cfb-jkmgk"
"2026-06-11 19:06:27","2026-06-12 03:06:27","28315648","pod=frontend-76c94f7cfb-jkmgk"
"2026-06-11 19:06:42","2026-06-12 03:06:42","28131328","pod=frontend-76c94f7cfb-jkmgk"
"2026-06-11 19:06:57","2026-06-12 03:06:57","23760896","pod=frontend-76c94f7cfb-jkmgk"
"2026-06-11 19:07:12","2026-06-12 03:07:12","24006656","pod=frontend-76c94f7cfb-jkmgk"
"2026-06-11 19:07:27","2026-06-12 03:07:27","23797760","pod=frontend-76c94f7cfb-jkmgk"
"2026-06-11 19:07:42","2026-06-12 03:07:42","24092672","pod=frontend-76c94f7cfb-jkmgk"
"2026-06-11 19:07:57","2026-06-12 03:07:57","24092672","pod=frontend-76c94f7cfb-jkmgk"
"2026-06-11 19:08:12","2026-06-12 03:08:12","24137728","pod=frontend-76c94f7cfb-jkmgk"
"2026-06-11 19:08:27","2026-06-12 03:08:27","24137728","pod=frontend-76c94f7cfb-jkmgk"
"2026-06-11 19:08:42","2026-06-12 03:08:42","28282880","pod=frontend-76c94f7cfb-jkmgk"
"2026-06-11 19:08:57","2026-06-12 03:08:57","28409856","pod=frontend-76c94f7cfb-jkmgk"
"2026-06-11 19:09:12","2026-06-12 03:09:12","28561408","pod=frontend-76c94f7cfb-jkmgk"
"2026-06-11 19:09:27","2026-06-12 03:09:27","27856896","pod=frontend-76c94f7cfb-jkmgk"
"2026-06-11 19:09:42","2026-06-12 03:09:42","24195072","pod=frontend-76c94f7cfb-jkmgk"
"2026-06-11 19:09:57","2026-06-12 03:09:57","24031232","pod=frontend-76c94f7cfb-jkmgk"
"2026-06-11 19:10:12","2026-06-12 03:10:12","24367104","pod=frontend-76c94f7cfb-jkmgk"
"2026-06-11 19:10:27","2026-06-12 03:10:27","24002560","pod=frontend-76c94f7cfb-jkmgk"
"2026-06-11 19:10:42","2026-06-12 03:10:42","24002560","pod=frontend-76c94f7cfb-jkmgk"
"2026-06-11 19:10:57","2026-06-12 03:10:57","23879680","pod=frontend-76c94f7cfb-jkmgk"
"2026-06-11 19:11:12","2026-06-12 03:11:12","28413952","pod=frontend-76c94f7cfb-jkmgk"
"2026-06-11 19:11:27","2026-06-12 03:11:27","28033024","pod=frontend-76c94f7cfb-jkmgk"
"2026-06-11 19:11:42","2026-06-12 03:11:42","27865088","pod=frontend-76c94f7cfb-jkmgk"
"2026-06-11 19:11:57","2026-06-12 03:11:57","27877376","pod=frontend-76c94f7cfb-jkmgk"
"2026-06-11 19:12:12","2026-06-12 03:12:12","24547328","pod=frontend-76c94f7cfb-jkmgk"
"2026-06-11 19:12:27","2026-06-12 03:12:27","24244224","pod=frontend-76c94f7cfb-jkmgk"
"2026-06-11 19:12:42","2026-06-12 03:12:42","23891968","pod=frontend-76c94f7cfb-jkmgk"
"2026-06-11 19:12:57","2026-06-12 03:12:57","24293376","pod=frontend-76c94f7cfb-jkmgk"
"2026-06-11 19:13:12","2026-06-12 03:13:12","24309760","pod=frontend-76c94f7cfb-jkmgk"
"2026-06-11 19:13:27","2026-06-12 03:13:27","24309760","pod=frontend-76c94f7cfb-jkmgk"
"2026-06-11 19:13:42","2026-06-12 03:13:42","24571904","pod=frontend-76c94f7cfb-jkmgk"
"2026-06-11 19:13:57","2026-06-12 03:13:57","23834624","pod=frontend-76c94f7cfb-jkmgk"
"2026-06-11 19:14:12","2026-06-12 03:14:12","28073984","pod=frontend-76c94f7cfb-jkmgk"
"2026-06-11 19:14:27","2026-06-12 03:14:27","28737536","pod=frontend-76c94f7cfb-jkmgk"
"2026-06-11 19:14:42","2026-06-12 03:14:42","28049408","pod=frontend-76c94f7cfb-jkmgk"
"2026-06-11 19:14:57","2026-06-12 03:14:57","23658496","pod=frontend-76c94f7cfb-jkmgk"
"2026-06-11 19:15:12","2026-06-12 03:15:12","23658496","pod=frontend-76c94f7cfb-jkmgk"
"2026-06-11 19:15:27","2026-06-12 03:15:27","23814144","pod=frontend-76c94f7cfb-jkmgk"
"2026-06-11 19:15:42","2026-06-12 03:15:42","24641536","pod=frontend-76c94f7cfb-jkmgk"
"2026-06-11 19:15:57","2026-06-12 03:15:57","23744512","pod=frontend-76c94f7cfb-jkmgk"
"2026-06-11 19:16:12","2026-06-12 03:16:12","24031232","pod=frontend-76c94f7cfb-jkmgk"
"2026-06-11 19:16:27","2026-06-12 03:16:27","24170496","pod=frontend-76c94f7cfb-jkmgk"
"2026-06-11 19:16:42","2026-06-12 03:16:42","29253632","pod=frontend-76c94f7cfb-jkmgk"
"2026-06-11 19:16:57","2026-06-12 03:16:57","28057600","pod=frontend-76c94f7cfb-jkmgk"
"2026-06-11 19:17:12","2026-06-12 03:17:12","28254208","pod=frontend-76c94f7cfb-jkmgk"
"2026-06-11 19:17:27","2026-06-12 03:17:27","28106752","pod=frontend-76c94f7cfb-jkmgk"
"2026-06-11 19:17:42","2026-06-12 03:17:42","24686592","pod=frontend-76c94f7cfb-jkmgk"
"2026-06-11 19:17:57","2026-06-12 03:17:57","23744512","pod=frontend-76c94f7cfb-jkmgk"
"2026-06-11 19:18:12","2026-06-12 03:18:12","23744512","pod=frontend-76c94f7cfb-jkmgk"
"2026-06-11 19:18:27","2026-06-12 03:18:27","24072192","pod=frontend-76c94f7cfb-jkmgk"
"2026-06-11 19:18:42","2026-06-12 03:18:42","24072192","pod=frontend-76c94f7cfb-jkmgk"
"2026-06-11 19:18:57","2026-06-12 03:18:57","28184576","pod=frontend-76c94f7cfb-jkmgk"
"2026-06-11 19:19:12","2026-06-12 03:19:12","28217344","pod=frontend-76c94f7cfb-jkmgk"
"2026-06-11 19:19:27","2026-06-12 03:19:27","27848704","pod=frontend-76c94f7cfb-jkmgk"
"2026-06-11 19:19:42","2026-06-12 03:19:42","28131328","pod=frontend-76c94f7cfb-jkmgk"
"2026-06-11 19:19:57","2026-06-12 03:19:57","23363584","pod=frontend-76c94f7cfb-jkmgk"
"2026-06-11 19:20:12","2026-06-12 03:20:12","24014848","pod=frontend-76c94f7cfb-jkmgk"
"2026-06-11 19:20:27","2026-06-12 03:20:27","24305664","pod=frontend-76c94f7cfb-jkmgk"
"2026-06-11 19:20:42","2026-06-12 03:20:42","24068096","pod=frontend-76c94f7cfb-jkmgk"
"2026-06-11 19:20:57","2026-06-12 03:20:57","24002560","pod=frontend-76c94f7cfb-jkmgk"
"2026-06-11 19:21:12","2026-06-12 03:21:12","23810048","pod=frontend-76c94f7cfb-jkmgk"
"2026-06-11 19:21:27","2026-06-12 03:21:27","23810048","pod=frontend-76c94f7cfb-jkmgk"
"2026-06-11 19:21:42","2026-06-12 03:21:42","24133632","pod=frontend-76c94f7cfb-jkmgk"
"2026-06-11 19:21:57","2026-06-12 03:21:57","23785472","pod=frontend-76c94f7cfb-jkmgk"
"2026-06-11 19:22:12","2026-06-12 03:22:12","23879680","pod=frontend-76c94f7cfb-jkmgk"
"2026-06-11 19:22:27","2026-06-12 03:22:27","23937024","pod=frontend-76c94f7cfb-jkmgk"
"2026-06-11 19:22:42","2026-06-12 03:22:42","24072192","pod=frontend-76c94f7cfb-jkmgk"
"2026-06-11 19:22:57","2026-06-12 03:22:57","24055808","pod=frontend-76c94f7cfb-jkmgk"
"2026-06-11 19:23:12","2026-06-12 03:23:12","24104960","pod=frontend-76c94f7cfb-jkmgk"
"2026-06-11 19:23:27","2026-06-12 03:23:27","23887872","pod=frontend-76c94f7cfb-jkmgk"
"2026-06-11 19:23:42","2026-06-12 03:23:42","23949312","pod=frontend-76c94f7cfb-jkmgk"
"2026-06-11 19:23:57","2026-06-12 03:23:57","24100864","pod=frontend-76c94f7cfb-jkmgk"
"2026-06-11 19:24:12","2026-06-12 03:24:12","24444928","pod=frontend-76c94f7cfb-jkmgk"
"2026-06-11 19:24:27","2026-06-12 03:24:27","24444928","pod=frontend-76c94f7cfb-jkmgk"
"2026-06-11 19:24:42","2026-06-12 03:24:42","24125440","pod=frontend-76c94f7cfb-jkmgk"
"2026-06-11 19:24:57","2026-06-12 03:24:57","24125440","pod=frontend-76c94f7cfb-jkmgk"
"2026-06-11 19:25:12","2026-06-12 03:25:12","23957504","pod=frontend-76c94f7cfb-jkmgk"
"2026-06-11 19:25:27","2026-06-12 03:25:27","24047616","pod=frontend-76c94f7cfb-jkmgk"
"2026-06-11 19:25:42","2026-06-12 03:25:42","24047616","pod=frontend-76c94f7cfb-jkmgk"
"2026-06-11 19:25:57","2026-06-12 03:25:57","23875584","pod=frontend-76c94f7cfb-jkmgk"
"2026-06-11 19:26:12","2026-06-12 03:26:12","23928832","pod=frontend-76c94f7cfb-jkmgk"
"2026-06-11 19:26:27","2026-06-12 03:26:27","23699456","pod=frontend-76c94f7cfb-jkmgk"
"2026-06-11 19:26:42","2026-06-12 03:26:42","23699456","pod=frontend-76c94f7cfb-jkmgk"
"2026-06-11 19:26:57","2026-06-12 03:26:57","24117248","pod=frontend-76c94f7cfb-jkmgk"
"2026-06-11 17:26:57","2026-06-12 01:26:57","52383744","pod=loadgenerator-69fdddd69d-5m544"
"2026-06-11 17:27:12","2026-06-12 01:27:12","52400128","pod=loadgenerator-69fdddd69d-5m544"
"2026-06-11 17:27:27","2026-06-12 01:27:27","52645888","pod=loadgenerator-69fdddd69d-5m544"
"2026-06-11 17:27:42","2026-06-12 01:27:42","52645888","pod=loadgenerator-69fdddd69d-5m544"
"2026-06-11 17:27:57","2026-06-12 01:27:57","52396032","pod=loadgenerator-69fdddd69d-5m544"
"2026-06-11 17:28:12","2026-06-12 01:28:12","52396032","pod=loadgenerator-69fdddd69d-5m544"
"2026-06-11 17:28:27","2026-06-12 01:28:27","52396032","pod=loadgenerator-69fdddd69d-5m544"
"2026-06-11 17:28:42","2026-06-12 01:28:42","52404224","pod=loadgenerator-69fdddd69d-5m544"
"2026-06-11 17:28:57","2026-06-12 01:28:57","52412416","pod=loadgenerator-69fdddd69d-5m544"
"2026-06-11 17:29:12","2026-06-12 01:29:12","52416512","pod=loadgenerator-69fdddd69d-5m544"
"2026-06-11 17:29:27","2026-06-12 01:29:27","52416512","pod=loadgenerator-69fdddd69d-5m544"
"2026-06-11 17:29:42","2026-06-12 01:29:42","52428800","pod=loadgenerator-69fdddd69d-5m544"
"2026-06-11 17:29:57","2026-06-12 01:29:57","52686848","pod=loadgenerator-69fdddd69d-5m544"
"2026-06-11 17:30:12","2026-06-12 01:30:12","52432896","pod=loadgenerator-69fdddd69d-5m544"
"2026-06-11 17:30:27","2026-06-12 01:30:27","52445184","pod=loadgenerator-69fdddd69d-5m544"
"2026-06-11 17:30:42","2026-06-12 01:30:42","52445184","pod=loadgenerator-69fdddd69d-5m544"
"2026-06-11 17:30:57","2026-06-12 01:30:57","52445184","pod=loadgenerator-69fdddd69d-5m544"
"2026-06-11 17:31:12","2026-06-12 01:31:12","52707328","pod=loadgenerator-69fdddd69d-5m544"
"2026-06-11 17:31:27","2026-06-12 01:31:27","52711424","pod=loadgenerator-69fdddd69d-5m544"
"2026-06-11 17:31:42","2026-06-12 01:31:42","52465664","pod=loadgenerator-69fdddd69d-5m544"
"2026-06-11 17:31:57","2026-06-12 01:31:57","52469760","pod=loadgenerator-69fdddd69d-5m544"
"2026-06-11 17:32:12","2026-06-12 01:32:12","52482048","pod=loadgenerator-69fdddd69d-5m544"
"2026-06-11 17:32:27","2026-06-12 01:32:27","52482048","pod=loadgenerator-69fdddd69d-5m544"
"2026-06-11 17:32:42","2026-06-12 01:32:42","52502528","pod=loadgenerator-69fdddd69d-5m544"
"2026-06-11 17:32:57","2026-06-12 01:32:57","52494336","pod=loadgenerator-69fdddd69d-5m544"
"2026-06-11 17:33:12","2026-06-12 01:33:12","52494336","pod=loadgenerator-69fdddd69d-5m544"
"2026-06-11 17:33:27","2026-06-12 01:33:27","52494336","pod=loadgenerator-69fdddd69d-5m544"
"2026-06-11 17:33:42","2026-06-12 01:33:42","52506624","pod=loadgenerator-69fdddd69d-5m544"
"2026-06-11 17:33:57","2026-06-12 01:33:57","52506624","pod=loadgenerator-69fdddd69d-5m544"
"2026-06-11 17:34:12","2026-06-12 01:34:12","52506624","pod=loadgenerator-69fdddd69d-5m544"
"2026-06-11 17:34:27","2026-06-12 01:34:27","52506624","pod=loadgenerator-69fdddd69d-5m544"
"2026-06-11 17:34:42","2026-06-12 01:34:42","52518912","pod=loadgenerator-69fdddd69d-5m544"
"2026-06-11 17:34:57","2026-06-12 01:34:57","52776960","pod=loadgenerator-69fdddd69d-5m544"
"2026-06-11 17:35:12","2026-06-12 01:35:12","52523008","pod=loadgenerator-69fdddd69d-5m544"
"2026-06-11 17:35:27","2026-06-12 01:35:27","52531200","pod=loadgenerator-69fdddd69d-5m544"
"2026-06-11 17:35:42","2026-06-12 01:35:42","52797440","pod=loadgenerator-69fdddd69d-5m544"
"2026-06-11 17:35:57","2026-06-12 01:35:57","52535296","pod=loadgenerator-69fdddd69d-5m544"
"2026-06-11 17:36:12","2026-06-12 01:36:12","52547584","pod=loadgenerator-69fdddd69d-5m544"
"2026-06-11 17:36:27","2026-06-12 01:36:27","52547584","pod=loadgenerator-69fdddd69d-5m544"
"2026-06-11 17:36:42","2026-06-12 01:36:42","52551680","pod=loadgenerator-69fdddd69d-5m544"
"2026-06-11 17:36:57","2026-06-12 01:36:57","52555776","pod=loadgenerator-69fdddd69d-5m544"
"2026-06-11 17:37:12","2026-06-12 01:37:12","52559872","pod=loadgenerator-69fdddd69d-5m544"
"2026-06-11 17:37:27","2026-06-12 01:37:27","52559872","pod=loadgenerator-69fdddd69d-5m544"
"2026-06-11 17:37:42","2026-06-12 01:37:42","52568064","pod=loadgenerator-69fdddd69d-5m544"
"2026-06-11 17:37:57","2026-06-12 01:37:57","52572160","pod=loadgenerator-69fdddd69d-5m544"
"2026-06-11 17:38:12","2026-06-12 01:38:12","52596736","pod=loadgenerator-69fdddd69d-5m544"
"2026-06-11 17:38:27","2026-06-12 01:38:27","52596736","pod=loadgenerator-69fdddd69d-5m544"
"2026-06-11 17:38:42","2026-06-12 01:38:42","52584448","pod=loadgenerator-69fdddd69d-5m544"
"2026-06-11 17:38:57","2026-06-12 01:38:57","52596736","pod=loadgenerator-69fdddd69d-5m544"
"2026-06-11 17:39:12","2026-06-12 01:39:12","52596736","pod=loadgenerator-69fdddd69d-5m544"
"2026-06-11 17:39:27","2026-06-12 01:39:27","52604928","pod=loadgenerator-69fdddd69d-5m544"
"2026-06-11 17:39:42","2026-06-12 01:39:42","52604928","pod=loadgenerator-69fdddd69d-5m544"
"2026-06-11 17:39:57","2026-06-12 01:39:57","52613120","pod=loadgenerator-69fdddd69d-5m544"
"2026-06-11 17:40:12","2026-06-12 01:40:12","52625408","pod=loadgenerator-69fdddd69d-5m544"
"2026-06-11 17:40:27","2026-06-12 01:40:27","52891648","pod=loadgenerator-69fdddd69d-5m544"
"2026-06-11 17:40:42","2026-06-12 01:40:42","52629504","pod=loadgenerator-69fdddd69d-5m544"
"2026-06-11 17:40:57","2026-06-12 01:40:57","52633600","pod=loadgenerator-69fdddd69d-5m544"
"2026-06-11 17:41:12","2026-06-12 01:41:12","52641792","pod=loadgenerator-69fdddd69d-5m544"
"2026-06-11 17:41:27","2026-06-12 01:41:27","52641792","pod=loadgenerator-69fdddd69d-5m544"
"2026-06-11 17:41:42","2026-06-12 01:41:42","52908032","pod=loadgenerator-69fdddd69d-5m544"
"2026-06-11 17:41:57","2026-06-12 01:41:57","52649984","pod=loadgenerator-69fdddd69d-5m544"
"2026-06-11 17:42:12","2026-06-12 01:42:12","52658176","pod=loadgenerator-69fdddd69d-5m544"
"2026-06-11 17:42:27","2026-06-12 01:42:27","52658176","pod=loadgenerator-69fdddd69d-5m544"
"2026-06-11 17:42:42","2026-06-12 01:42:42","52658176","pod=loadgenerator-69fdddd69d-5m544"
"2026-06-11 17:42:57","2026-06-12 01:42:57","52666368","pod=loadgenerator-69fdddd69d-5m544"
"2026-06-11 17:43:12","2026-06-12 01:43:12","52928512","pod=loadgenerator-69fdddd69d-5m544"
"2026-06-11 17:43:27","2026-06-12 01:43:27","52928512","pod=loadgenerator-69fdddd69d-5m544"
"2026-06-11 17:43:42","2026-06-12 01:43:42","52699136","pod=loadgenerator-69fdddd69d-5m544"
"2026-06-11 17:43:57","2026-06-12 01:43:57","52944896","pod=loadgenerator-69fdddd69d-5m544"
"2026-06-11 17:44:12","2026-06-12 01:44:12","52690944","pod=loadgenerator-69fdddd69d-5m544"
"2026-06-11 17:44:27","2026-06-12 01:44:27","52699136","pod=loadgenerator-69fdddd69d-5m544"
"2026-06-11 17:44:42","2026-06-12 01:44:42","52699136","pod=loadgenerator-69fdddd69d-5m544"
"2026-06-11 17:44:57","2026-06-12 01:44:57","52703232","pod=loadgenerator-69fdddd69d-5m544"
"2026-06-11 17:45:12","2026-06-12 01:45:12","52711424","pod=loadgenerator-69fdddd69d-5m544"
"2026-06-11 17:45:27","2026-06-12 01:45:27","52715520","pod=loadgenerator-69fdddd69d-5m544"
"2026-06-11 17:45:42","2026-06-12 01:45:42","52723712","pod=loadgenerator-69fdddd69d-5m544"
"2026-06-11 17:45:57","2026-06-12 01:45:57","52723712","pod=loadgenerator-69fdddd69d-5m544"
"2026-06-11 17:46:12","2026-06-12 01:46:12","52727808","pod=loadgenerator-69fdddd69d-5m544"
"2026-06-11 17:46:27","2026-06-12 01:46:27","52731904","pod=loadgenerator-69fdddd69d-5m544"
"2026-06-11 17:46:42","2026-06-12 01:46:42","52731904","pod=loadgenerator-69fdddd69d-5m544"
"2026-06-11 17:46:57","2026-06-12 01:46:57","52740096","pod=loadgenerator-69fdddd69d-5m544"
"2026-06-11 17:47:12","2026-06-12 01:47:12","52748288","pod=loadgenerator-69fdddd69d-5m544"
"2026-06-11 17:47:27","2026-06-12 01:47:27","52748288","pod=loadgenerator-69fdddd69d-5m544"
"2026-06-11 17:47:42","2026-06-12 01:47:42","52756480","pod=loadgenerator-69fdddd69d-5m544"
"2026-06-11 17:47:57","2026-06-12 01:47:57","52756480","pod=loadgenerator-69fdddd69d-5m544"
"2026-06-11 17:48:12","2026-06-12 01:48:12","52756480","pod=loadgenerator-69fdddd69d-5m544"
"2026-06-11 17:48:27","2026-06-12 01:48:27","52760576","pod=loadgenerator-69fdddd69d-5m544"
"2026-06-11 17:48:42","2026-06-12 01:48:42","52768768","pod=loadgenerator-69fdddd69d-5m544"
"2026-06-11 17:48:57","2026-06-12 01:48:57","52768768","pod=loadgenerator-69fdddd69d-5m544"
"2026-06-11 17:49:12","2026-06-12 01:49:12","52772864","pod=loadgenerator-69fdddd69d-5m544"
"2026-06-11 17:49:27","2026-06-12 01:49:27","52801536","pod=loadgenerator-69fdddd69d-5m544"
"2026-06-11 17:49:42","2026-06-12 01:49:42","52789248","pod=loadgenerator-69fdddd69d-5m544"
"2026-06-11 17:49:57","2026-06-12 01:49:57","52793344","pod=loadgenerator-69fdddd69d-5m544"
"2026-06-11 17:50:12","2026-06-12 01:50:12","52793344","pod=loadgenerator-69fdddd69d-5m544"
"2026-06-11 17:50:27","2026-06-12 01:50:27","52797440","pod=loadgenerator-69fdddd69d-5m544"
"2026-06-11 17:50:42","2026-06-12 01:50:42","52805632","pod=loadgenerator-69fdddd69d-5m544"
"2026-06-11 17:50:57","2026-06-12 01:50:57","53063680","pod=loadgenerator-69fdddd69d-5m544"
"2026-06-11 17:51:12","2026-06-12 01:51:12","52813824","pod=loadgenerator-69fdddd69d-5m544"
"2026-06-11 17:51:27","2026-06-12 01:51:27","52817920","pod=loadgenerator-69fdddd69d-5m544"
"2026-06-11 17:51:42","2026-06-12 01:51:42","52826112","pod=loadgenerator-69fdddd69d-5m544"
"2026-06-11 17:51:57","2026-06-12 01:51:57","52826112","pod=loadgenerator-69fdddd69d-5m544"
"2026-06-11 17:52:12","2026-06-12 01:52:12","52826112","pod=loadgenerator-69fdddd69d-5m544"
"2026-06-11 17:52:27","2026-06-12 01:52:27","52834304","pod=loadgenerator-69fdddd69d-5m544"
"2026-06-11 17:52:42","2026-06-12 01:52:42","52834304","pod=loadgenerator-69fdddd69d-5m544"
"2026-06-11 17:52:57","2026-06-12 01:52:57","52846592","pod=loadgenerator-69fdddd69d-5m544"
"2026-06-11 17:53:12","2026-06-12 01:53:12","52854784","pod=loadgenerator-69fdddd69d-5m544"
"2026-06-11 17:53:27","2026-06-12 01:53:27","52858880","pod=loadgenerator-69fdddd69d-5m544"
"2026-06-11 17:53:42","2026-06-12 01:53:42","52862976","pod=loadgenerator-69fdddd69d-5m544"
"2026-06-11 17:53:57","2026-06-12 01:53:57","52862976","pod=loadgenerator-69fdddd69d-5m544"
"2026-06-11 17:54:12","2026-06-12 01:54:12","52883456","pod=loadgenerator-69fdddd69d-5m544"
"2026-06-11 17:54:27","2026-06-12 01:54:27","53125120","pod=loadgenerator-69fdddd69d-5m544"
"2026-06-11 17:54:42","2026-06-12 01:54:42","52871168","pod=loadgenerator-69fdddd69d-5m544"
"2026-06-11 17:54:57","2026-06-12 01:54:57","52891648","pod=loadgenerator-69fdddd69d-5m544"
"2026-06-11 17:55:12","2026-06-12 01:55:12","53141504","pod=loadgenerator-69fdddd69d-5m544"
"2026-06-11 17:55:27","2026-06-12 01:55:27","52887552","pod=loadgenerator-69fdddd69d-5m544"
"2026-06-11 17:55:42","2026-06-12 01:55:42","52895744","pod=loadgenerator-69fdddd69d-5m544"
"2026-06-11 17:55:57","2026-06-12 01:55:57","52899840","pod=loadgenerator-69fdddd69d-5m544"
"2026-06-11 17:56:12","2026-06-12 01:56:12","52908032","pod=loadgenerator-69fdddd69d-5m544"
"2026-06-11 17:56:27","2026-06-12 01:56:27","52912128","pod=loadgenerator-69fdddd69d-5m544"
"2026-06-11 17:56:42","2026-06-12 01:56:42","52912128","pod=loadgenerator-69fdddd69d-5m544"
"2026-06-11 17:56:57","2026-06-12 01:56:57","52912128","pod=loadgenerator-69fdddd69d-5m544"
"2026-06-11 17:57:12","2026-06-12 01:57:12","52924416","pod=loadgenerator-69fdddd69d-5m544"
"2026-06-11 17:57:27","2026-06-12 01:57:27","52924416","pod=loadgenerator-69fdddd69d-5m544"
"2026-06-11 17:57:42","2026-06-12 01:57:42","52944896","pod=loadgenerator-69fdddd69d-5m544"
"2026-06-11 17:57:57","2026-06-12 01:57:57","52948992","pod=loadgenerator-69fdddd69d-5m544"
"2026-06-11 17:58:12","2026-06-12 01:58:12","52940800","pod=loadgenerator-69fdddd69d-5m544"
"2026-06-11 17:58:27","2026-06-12 01:58:27","52940800","pod=loadgenerator-69fdddd69d-5m544"
"2026-06-11 17:58:42","2026-06-12 01:58:42","52940800","pod=loadgenerator-69fdddd69d-5m544"
"2026-06-11 17:58:57","2026-06-12 01:58:57","53211136","pod=loadgenerator-69fdddd69d-5m544"
"2026-06-11 17:59:12","2026-06-12 01:59:12","52961280","pod=loadgenerator-69fdddd69d-5m544"
"2026-06-11 17:59:27","2026-06-12 01:59:27","52961280","pod=loadgenerator-69fdddd69d-5m544"
"2026-06-11 17:59:42","2026-06-12 01:59:42","52969472","pod=loadgenerator-69fdddd69d-5m544"
"2026-06-11 17:59:57","2026-06-12 01:59:57","52969472","pod=loadgenerator-69fdddd69d-5m544"
"2026-06-11 18:00:12","2026-06-12 02:00:12","52977664","pod=loadgenerator-69fdddd69d-5m544"
"2026-06-11 18:00:27","2026-06-12 02:00:27","52981760","pod=loadgenerator-69fdddd69d-5m544"
"2026-06-11 18:00:42","2026-06-12 02:00:42","52985856","pod=loadgenerator-69fdddd69d-5m544"
"2026-06-11 18:00:57","2026-06-12 02:00:57","52989952","pod=loadgenerator-69fdddd69d-5m544"
"2026-06-11 18:01:12","2026-06-12 02:01:12","53010432","pod=loadgenerator-69fdddd69d-5m544"
"2026-06-11 18:01:27","2026-06-12 02:01:27","53010432","pod=loadgenerator-69fdddd69d-5m544"
"2026-06-11 18:01:42","2026-06-12 02:01:42","53268480","pod=loadgenerator-69fdddd69d-5m544"
"2026-06-11 18:01:57","2026-06-12 02:01:57","53014528","pod=loadgenerator-69fdddd69d-5m544"
"2026-06-11 18:02:12","2026-06-12 02:02:12","53014528","pod=loadgenerator-69fdddd69d-5m544"
"2026-06-11 18:02:27","2026-06-12 02:02:27","53022720","pod=loadgenerator-69fdddd69d-5m544"
"2026-06-11 18:02:42","2026-06-12 02:02:42","53026816","pod=loadgenerator-69fdddd69d-5m544"
"2026-06-11 18:02:57","2026-06-12 02:02:57","53026816","pod=loadgenerator-69fdddd69d-5m544"
"2026-06-11 18:03:12","2026-06-12 02:03:12","53043200","pod=loadgenerator-69fdddd69d-5m544"
"2026-06-11 18:03:27","2026-06-12 02:03:27","53043200","pod=loadgenerator-69fdddd69d-5m544"
"2026-06-11 18:03:42","2026-06-12 02:03:42","53047296","pod=loadgenerator-69fdddd69d-5m544"
"2026-06-11 18:03:57","2026-06-12 02:03:57","53305344","pod=loadgenerator-69fdddd69d-5m544"
"2026-06-11 18:04:12","2026-06-12 02:04:12","53055488","pod=loadgenerator-69fdddd69d-5m544"
"2026-06-11 18:04:27","2026-06-12 02:04:27","53055488","pod=loadgenerator-69fdddd69d-5m544"
"2026-06-11 18:04:42","2026-06-12 02:04:42","53063680","pod=loadgenerator-69fdddd69d-5m544"
"2026-06-11 18:04:57","2026-06-12 02:04:57","53063680","pod=loadgenerator-69fdddd69d-5m544"
"2026-06-11 18:05:12","2026-06-12 02:05:12","53063680","pod=loadgenerator-69fdddd69d-5m544"
"2026-06-11 18:05:27","2026-06-12 02:05:27","53071872","pod=loadgenerator-69fdddd69d-5m544"
"2026-06-11 18:05:42","2026-06-12 02:05:42","53071872","pod=loadgenerator-69fdddd69d-5m544"
"2026-06-11 18:05:57","2026-06-12 02:05:57","53080064","pod=loadgenerator-69fdddd69d-5m544"
"2026-06-11 18:06:12","2026-06-12 02:06:12","53350400","pod=loadgenerator-69fdddd69d-5m544"
"2026-06-11 18:06:27","2026-06-12 02:06:27","53092352","pod=loadgenerator-69fdddd69d-5m544"
"2026-06-11 18:06:42","2026-06-12 02:06:42","53096448","pod=loadgenerator-69fdddd69d-5m544"
"2026-06-11 18:06:57","2026-06-12 02:06:57","53104640","pod=loadgenerator-69fdddd69d-5m544"
"2026-06-11 18:07:12","2026-06-12 02:07:12","53104640","pod=loadgenerator-69fdddd69d-5m544"
"2026-06-11 18:07:27","2026-06-12 02:07:27","53104640","pod=loadgenerator-69fdddd69d-5m544"
"2026-06-11 18:07:42","2026-06-12 02:07:42","53125120","pod=loadgenerator-69fdddd69d-5m544"
"2026-06-11 18:07:57","2026-06-12 02:07:57","53125120","pod=loadgenerator-69fdddd69d-5m544"
"2026-06-11 18:08:12","2026-06-12 02:08:12","53125120","pod=loadgenerator-69fdddd69d-5m544"
"2026-06-11 18:08:27","2026-06-12 02:08:27","53387264","pod=loadgenerator-69fdddd69d-5m544"
"2026-06-11 18:08:42","2026-06-12 02:08:42","53129216","pod=loadgenerator-69fdddd69d-5m544"
"2026-06-11 18:08:57","2026-06-12 02:08:57","53395456","pod=loadgenerator-69fdddd69d-5m544"
"2026-06-11 18:09:12","2026-06-12 02:09:12","53125120","pod=loadgenerator-69fdddd69d-5m544"
"2026-06-11 18:09:27","2026-06-12 02:09:27","53129216","pod=loadgenerator-69fdddd69d-5m544"
"2026-06-11 18:09:42","2026-06-12 02:09:42","53137408","pod=loadgenerator-69fdddd69d-5m544"
"2026-06-11 18:09:57","2026-06-12 02:09:57","53137408","pod=loadgenerator-69fdddd69d-5m544"
"2026-06-11 18:10:12","2026-06-12 02:10:12","53145600","pod=loadgenerator-69fdddd69d-5m544"
"2026-06-11 18:10:27","2026-06-12 02:10:27","53153792","pod=loadgenerator-69fdddd69d-5m544"
"2026-06-11 18:10:42","2026-06-12 02:10:42","53161984","pod=loadgenerator-69fdddd69d-5m544"
"2026-06-11 18:10:57","2026-06-12 02:10:57","53166080","pod=loadgenerator-69fdddd69d-5m544"
"2026-06-11 18:11:12","2026-06-12 02:11:12","53166080","pod=loadgenerator-69fdddd69d-5m544"
"2026-06-11 18:11:27","2026-06-12 02:11:27","53174272","pod=loadgenerator-69fdddd69d-5m544"
"2026-06-11 18:11:42","2026-06-12 02:11:42","53432320","pod=loadgenerator-69fdddd69d-5m544"
"2026-06-11 18:11:57","2026-06-12 02:11:57","53174272","pod=loadgenerator-69fdddd69d-5m544"
"2026-06-11 18:12:12","2026-06-12 02:12:12","53186560","pod=loadgenerator-69fdddd69d-5m544"
"2026-06-11 18:12:27","2026-06-12 02:12:27","53202944","pod=loadgenerator-69fdddd69d-5m544"
"2026-06-11 18:12:42","2026-06-12 02:12:42","53202944","pod=loadgenerator-69fdddd69d-5m544"
"2026-06-11 18:12:57","2026-06-12 02:12:57","53202944","pod=loadgenerator-69fdddd69d-5m544"
"2026-06-11 18:13:12","2026-06-12 02:13:12","53202944","pod=loadgenerator-69fdddd69d-5m544"
"2026-06-11 18:13:27","2026-06-12 02:13:27","53202944","pod=loadgenerator-69fdddd69d-5m544"
"2026-06-11 18:13:42","2026-06-12 02:13:42","53207040","pod=loadgenerator-69fdddd69d-5m544"
"2026-06-11 18:13:57","2026-06-12 02:13:57","53469184","pod=loadgenerator-69fdddd69d-5m544"
"2026-06-11 18:14:12","2026-06-12 02:14:12","53469184","pod=loadgenerator-69fdddd69d-5m544"
"2026-06-11 18:14:27","2026-06-12 02:14:27","53207040","pod=loadgenerator-69fdddd69d-5m544"
"2026-06-11 18:14:42","2026-06-12 02:14:42","53207040","pod=loadgenerator-69fdddd69d-5m544"
"2026-06-11 18:14:57","2026-06-12 02:14:57","53207040","pod=loadgenerator-69fdddd69d-5m544"
"2026-06-11 18:15:12","2026-06-12 02:15:12","53207040","pod=loadgenerator-69fdddd69d-5m544"
"2026-06-11 18:15:27","2026-06-12 02:15:27","53235712","pod=loadgenerator-69fdddd69d-5m544"
"2026-06-11 18:15:42","2026-06-12 02:15:42","53469184","pod=loadgenerator-69fdddd69d-5m544"
"2026-06-11 18:15:57","2026-06-12 02:15:57","53223424","pod=loadgenerator-69fdddd69d-5m544"
"2026-06-11 18:16:12","2026-06-12 02:16:12","53227520","pod=loadgenerator-69fdddd69d-5m544"
"2026-06-11 18:16:27","2026-06-12 02:16:27","53227520","pod=loadgenerator-69fdddd69d-5m544"
"2026-06-11 18:16:42","2026-06-12 02:16:42","53497856","pod=loadgenerator-69fdddd69d-5m544"
"2026-06-11 18:16:57","2026-06-12 02:16:57","53497856","pod=loadgenerator-69fdddd69d-5m544"
"2026-06-11 18:17:12","2026-06-12 02:17:12","53239808","pod=loadgenerator-69fdddd69d-5m544"
"2026-06-11 18:17:27","2026-06-12 02:17:27","53497856","pod=loadgenerator-69fdddd69d-5m544"
"2026-06-11 18:17:42","2026-06-12 02:17:42","53260288","pod=loadgenerator-69fdddd69d-5m544"
"2026-06-11 18:17:57","2026-06-12 02:17:57","53260288","pod=loadgenerator-69fdddd69d-5m544"
"2026-06-11 18:18:12","2026-06-12 02:18:12","53264384","pod=loadgenerator-69fdddd69d-5m544"
"2026-06-11 18:18:27","2026-06-12 02:18:27","53268480","pod=loadgenerator-69fdddd69d-5m544"
"2026-06-11 18:18:42","2026-06-12 02:18:42","53268480","pod=loadgenerator-69fdddd69d-5m544"
"2026-06-11 18:18:57","2026-06-12 02:18:57","53272576","pod=loadgenerator-69fdddd69d-5m544"
"2026-06-11 18:19:12","2026-06-12 02:19:12","53276672","pod=loadgenerator-69fdddd69d-5m544"
"2026-06-11 18:19:27","2026-06-12 02:19:27","53280768","pod=loadgenerator-69fdddd69d-5m544"
"2026-06-11 18:19:42","2026-06-12 02:19:42","53280768","pod=loadgenerator-69fdddd69d-5m544"
"2026-06-11 18:19:57","2026-06-12 02:19:57","53542912","pod=loadgenerator-69fdddd69d-5m544"
"2026-06-11 18:20:12","2026-06-12 02:20:12","53555200","pod=loadgenerator-69fdddd69d-5m544"
"2026-06-11 18:20:27","2026-06-12 02:20:27","53555200","pod=loadgenerator-69fdddd69d-5m544"
"2026-06-11 18:20:42","2026-06-12 02:20:42","53305344","pod=loadgenerator-69fdddd69d-5m544"
"2026-06-11 18:20:57","2026-06-12 02:20:57","53313536","pod=loadgenerator-69fdddd69d-5m544"
"2026-06-11 18:21:12","2026-06-12 02:21:12","53317632","pod=loadgenerator-69fdddd69d-5m544"
"2026-06-11 18:21:27","2026-06-12 02:21:27","53321728","pod=loadgenerator-69fdddd69d-5m544"
"2026-06-11 18:21:42","2026-06-12 02:21:42","53325824","pod=loadgenerator-69fdddd69d-5m544"
"2026-06-11 18:21:57","2026-06-12 02:21:57","53329920","pod=loadgenerator-69fdddd69d-5m544"
"2026-06-11 18:22:12","2026-06-12 02:22:12","53334016","pod=loadgenerator-69fdddd69d-5m544"
"2026-06-11 18:22:27","2026-06-12 02:22:27","53342208","pod=loadgenerator-69fdddd69d-5m544"
"2026-06-11 18:22:42","2026-06-12 02:22:42","53342208","pod=loadgenerator-69fdddd69d-5m544"
"2026-06-11 18:22:57","2026-06-12 02:22:57","53342208","pod=loadgenerator-69fdddd69d-5m544"
"2026-06-11 18:23:12","2026-06-12 02:23:12","53354496","pod=loadgenerator-69fdddd69d-5m544"
"2026-06-11 18:23:27","2026-06-12 02:23:27","53354496","pod=loadgenerator-69fdddd69d-5m544"
"2026-06-11 18:23:42","2026-06-12 02:23:42","53342208","pod=loadgenerator-69fdddd69d-5m544"
"2026-06-11 18:23:57","2026-06-12 02:23:57","53346304","pod=loadgenerator-69fdddd69d-5m544"
"2026-06-11 18:24:12","2026-06-12 02:24:12","53354496","pod=loadgenerator-69fdddd69d-5m544"
"2026-06-11 18:24:27","2026-06-12 02:24:27","53612544","pod=loadgenerator-69fdddd69d-5m544"
"2026-06-11 18:24:42","2026-06-12 02:24:42","53362688","pod=loadgenerator-69fdddd69d-5m544"
"2026-06-11 18:24:57","2026-06-12 02:24:57","53370880","pod=loadgenerator-69fdddd69d-5m544"
"2026-06-11 18:25:12","2026-06-12 02:25:12","53370880","pod=loadgenerator-69fdddd69d-5m544"
"2026-06-11 18:25:27","2026-06-12 02:25:27","53370880","pod=loadgenerator-69fdddd69d-5m544"
"2026-06-11 18:25:42","2026-06-12 02:25:42","53383168","pod=loadgenerator-69fdddd69d-5m544"
"2026-06-11 18:25:57","2026-06-12 02:25:57","53387264","pod=loadgenerator-69fdddd69d-5m544"
"2026-06-11 18:26:12","2026-06-12 02:26:12","53395456","pod=loadgenerator-69fdddd69d-5m544"
"2026-06-11 18:26:27","2026-06-12 02:26:27","53395456","pod=loadgenerator-69fdddd69d-5m544"
"2026-06-11 18:26:42","2026-06-12 02:26:42","53649408","pod=loadgenerator-69fdddd69d-5m544"
"2026-06-11 18:26:57","2026-06-12 02:26:57","53407744","pod=loadgenerator-69fdddd69d-5m544"
"2026-06-11 18:27:12","2026-06-12 02:27:12","53669888","pod=loadgenerator-69fdddd69d-5m544"
"2026-06-11 18:27:27","2026-06-12 02:27:27","53411840","pod=loadgenerator-69fdddd69d-5m544"
"2026-06-11 18:27:42","2026-06-12 02:27:42","53411840","pod=loadgenerator-69fdddd69d-5m544"
"2026-06-11 18:27:57","2026-06-12 02:27:57","53415936","pod=loadgenerator-69fdddd69d-5m544"
"2026-06-11 18:28:12","2026-06-12 02:28:12","53690368","pod=loadgenerator-69fdddd69d-5m544"
"2026-06-11 18:28:27","2026-06-12 02:28:27","53436416","pod=loadgenerator-69fdddd69d-5m544"
"2026-06-11 18:28:42","2026-06-12 02:28:42","53436416","pod=loadgenerator-69fdddd69d-5m544"
"2026-06-11 18:28:57","2026-06-12 02:28:57","53702656","pod=loadgenerator-69fdddd69d-5m544"
"2026-06-11 18:29:12","2026-06-12 02:29:12","53452800","pod=loadgenerator-69fdddd69d-5m544"
"2026-06-11 18:29:27","2026-06-12 02:29:27","53456896","pod=loadgenerator-69fdddd69d-5m544"
"2026-06-11 18:29:42","2026-06-12 02:29:42","53456896","pod=loadgenerator-69fdddd69d-5m544"
"2026-06-11 18:29:57","2026-06-12 02:29:57","53456896","pod=loadgenerator-69fdddd69d-5m544"
"2026-06-11 18:30:12","2026-06-12 02:30:12","53460992","pod=loadgenerator-69fdddd69d-5m544"
"2026-06-11 18:30:27","2026-06-12 02:30:27","53714944","pod=loadgenerator-69fdddd69d-5m544"
"2026-06-11 18:30:42","2026-06-12 02:30:42","53469184","pod=loadgenerator-69fdddd69d-5m544"
"2026-06-11 18:30:57","2026-06-12 02:30:57","53460992","pod=loadgenerator-69fdddd69d-5m544"
"2026-06-11 18:31:12","2026-06-12 02:31:12","53465088","pod=loadgenerator-69fdddd69d-5m544"
"2026-06-11 18:31:27","2026-06-12 02:31:27","53469184","pod=loadgenerator-69fdddd69d-5m544"
"2026-06-11 18:31:42","2026-06-12 02:31:42","53477376","pod=loadgenerator-69fdddd69d-5m544"
"2026-06-11 18:31:57","2026-06-12 02:31:57","53501952","pod=loadgenerator-69fdddd69d-5m544"
"2026-06-11 18:32:12","2026-06-12 02:32:12","53485568","pod=loadgenerator-69fdddd69d-5m544"
"2026-06-11 18:32:27","2026-06-12 02:32:27","53489664","pod=loadgenerator-69fdddd69d-5m544"
"2026-06-11 18:32:42","2026-06-12 02:32:42","53489664","pod=loadgenerator-69fdddd69d-5m544"
"2026-06-11 18:32:57","2026-06-12 02:32:57","53497856","pod=loadgenerator-69fdddd69d-5m544"
"2026-06-11 18:33:12","2026-06-12 02:33:12","53501952","pod=loadgenerator-69fdddd69d-5m544"
"2026-06-11 18:33:27","2026-06-12 02:33:27","53510144","pod=loadgenerator-69fdddd69d-5m544"
"2026-06-11 18:33:42","2026-06-12 02:33:42","53510144","pod=loadgenerator-69fdddd69d-5m544"
"2026-06-11 18:33:57","2026-06-12 02:33:57","53518336","pod=loadgenerator-69fdddd69d-5m544"
"2026-06-11 18:34:12","2026-06-12 02:34:12","53780480","pod=loadgenerator-69fdddd69d-5m544"
"2026-06-11 18:34:27","2026-06-12 02:34:27","53526528","pod=loadgenerator-69fdddd69d-5m544"
"2026-06-11 18:34:42","2026-06-12 02:34:42","53526528","pod=loadgenerator-69fdddd69d-5m544"
"2026-06-11 18:34:57","2026-06-12 02:34:57","53542912","pod=loadgenerator-69fdddd69d-5m544"
"2026-06-11 18:35:12","2026-06-12 02:35:12","53792768","pod=loadgenerator-69fdddd69d-5m544"
"2026-06-11 18:35:27","2026-06-12 02:35:27","53805056","pod=loadgenerator-69fdddd69d-5m544"
"2026-06-11 18:35:42","2026-06-12 02:35:42","53555200","pod=loadgenerator-69fdddd69d-5m544"
"2026-06-11 18:35:57","2026-06-12 02:35:57","53809152","pod=loadgenerator-69fdddd69d-5m544"
"2026-06-11 18:36:12","2026-06-12 02:36:12","53563392","pod=loadgenerator-69fdddd69d-5m544"
"2026-06-11 18:36:27","2026-06-12 02:36:27","53563392","pod=loadgenerator-69fdddd69d-5m544"
"2026-06-11 18:36:42","2026-06-12 02:36:42","53817344","pod=loadgenerator-69fdddd69d-5m544"
"2026-06-11 18:36:57","2026-06-12 02:36:57","53571584","pod=loadgenerator-69fdddd69d-5m544"
"2026-06-11 18:37:12","2026-06-12 02:37:12","53571584","pod=loadgenerator-69fdddd69d-5m544"
"2026-06-11 18:37:27","2026-06-12 02:37:27","53583872","pod=loadgenerator-69fdddd69d-5m544"
"2026-06-11 18:37:42","2026-06-12 02:37:42","53587968","pod=loadgenerator-69fdddd69d-5m544"
"2026-06-11 18:37:57","2026-06-12 02:37:57","53592064","pod=loadgenerator-69fdddd69d-5m544"
"2026-06-11 18:38:12","2026-06-12 02:38:12","53592064","pod=loadgenerator-69fdddd69d-5m544"
"2026-06-11 18:38:27","2026-06-12 02:38:27","53596160","pod=loadgenerator-69fdddd69d-5m544"
"2026-06-11 18:38:42","2026-06-12 02:38:42","53612544","pod=loadgenerator-69fdddd69d-5m544"
"2026-06-11 18:38:57","2026-06-12 02:38:57","53612544","pod=loadgenerator-69fdddd69d-5m544"
"2026-06-11 18:39:12","2026-06-12 02:39:12","53620736","pod=loadgenerator-69fdddd69d-5m544"
"2026-06-11 18:39:27","2026-06-12 02:39:27","53620736","pod=loadgenerator-69fdddd69d-5m544"
"2026-06-11 18:39:42","2026-06-12 02:39:42","53624832","pod=loadgenerator-69fdddd69d-5m544"
"2026-06-11 18:39:57","2026-06-12 02:39:57","53624832","pod=loadgenerator-69fdddd69d-5m544"
"2026-06-11 18:40:12","2026-06-12 02:40:12","53628928","pod=loadgenerator-69fdddd69d-5m544"
"2026-06-11 18:40:27","2026-06-12 02:40:27","53882880","pod=loadgenerator-69fdddd69d-5m544"
"2026-06-11 18:40:42","2026-06-12 02:40:42","53641216","pod=loadgenerator-69fdddd69d-5m544"
"2026-06-11 18:40:57","2026-06-12 02:40:57","53641216","pod=loadgenerator-69fdddd69d-5m544"
"2026-06-11 18:41:12","2026-06-12 02:41:12","53645312","pod=loadgenerator-69fdddd69d-5m544"
"2026-06-11 18:41:27","2026-06-12 02:41:27","53657600","pod=loadgenerator-69fdddd69d-5m544"
"2026-06-11 18:41:42","2026-06-12 02:41:42","53661696","pod=loadgenerator-69fdddd69d-5m544"
"2026-06-11 18:41:57","2026-06-12 02:41:57","53661696","pod=loadgenerator-69fdddd69d-5m544"
"2026-06-11 18:42:12","2026-06-12 02:42:12","53673984","pod=loadgenerator-69fdddd69d-5m544"
"2026-06-11 18:42:27","2026-06-12 02:42:27","53690368","pod=loadgenerator-69fdddd69d-5m544"
"2026-06-11 18:42:42","2026-06-12 02:42:42","53678080","pod=loadgenerator-69fdddd69d-5m544"
"2026-06-11 18:42:57","2026-06-12 02:42:57","53678080","pod=loadgenerator-69fdddd69d-5m544"
"2026-06-11 18:43:12","2026-06-12 02:43:12","53678080","pod=loadgenerator-69fdddd69d-5m544"
"2026-06-11 18:43:27","2026-06-12 02:43:27","53682176","pod=loadgenerator-69fdddd69d-5m544"
"2026-06-11 18:43:42","2026-06-12 02:43:42","53690368","pod=loadgenerator-69fdddd69d-5m544"
"2026-06-11 18:43:57","2026-06-12 02:43:57","53698560","pod=loadgenerator-69fdddd69d-5m544"
"2026-06-11 18:44:12","2026-06-12 02:44:12","53698560","pod=loadgenerator-69fdddd69d-5m544"
"2026-06-11 18:44:27","2026-06-12 02:44:27","53702656","pod=loadgenerator-69fdddd69d-5m544"
"2026-06-11 18:44:42","2026-06-12 02:44:42","53710848","pod=loadgenerator-69fdddd69d-5m544"
"2026-06-11 18:44:57","2026-06-12 02:44:57","53694464","pod=loadgenerator-69fdddd69d-5m544"
"2026-06-11 18:45:12","2026-06-12 02:45:12","53694464","pod=loadgenerator-69fdddd69d-5m544"
"2026-06-11 18:45:27","2026-06-12 02:45:27","53702656","pod=loadgenerator-69fdddd69d-5m544"
"2026-06-11 18:45:42","2026-06-12 02:45:42","53731328","pod=loadgenerator-69fdddd69d-5m544"
"2026-06-11 18:45:57","2026-06-12 02:45:57","53719040","pod=loadgenerator-69fdddd69d-5m544"
"2026-06-11 18:46:12","2026-06-12 02:46:12","53719040","pod=loadgenerator-69fdddd69d-5m544"
"2026-06-11 18:46:27","2026-06-12 02:46:27","53981184","pod=loadgenerator-69fdddd69d-5m544"
"2026-06-11 18:46:42","2026-06-12 02:46:42","53727232","pod=loadgenerator-69fdddd69d-5m544"
"2026-06-11 18:46:57","2026-06-12 02:46:57","53739520","pod=loadgenerator-69fdddd69d-5m544"
"2026-06-11 18:47:12","2026-06-12 02:47:12","53739520","pod=loadgenerator-69fdddd69d-5m544"
"2026-06-11 18:47:27","2026-06-12 02:47:27","53743616","pod=loadgenerator-69fdddd69d-5m544"
"2026-06-11 18:47:42","2026-06-12 02:47:42","53751808","pod=loadgenerator-69fdddd69d-5m544"
"2026-06-11 18:47:57","2026-06-12 02:47:57","53764096","pod=loadgenerator-69fdddd69d-5m544"
"2026-06-11 18:48:12","2026-06-12 02:48:12","53760000","pod=loadgenerator-69fdddd69d-5m544"
"2026-06-11 18:48:27","2026-06-12 02:48:27","53760000","pod=loadgenerator-69fdddd69d-5m544"
"2026-06-11 18:48:42","2026-06-12 02:48:42","53768192","pod=loadgenerator-69fdddd69d-5m544"
"2026-06-11 18:48:57","2026-06-12 02:48:57","53768192","pod=loadgenerator-69fdddd69d-5m544"
"2026-06-11 18:49:12","2026-06-12 02:49:12","53772288","pod=loadgenerator-69fdddd69d-5m544"
"2026-06-11 18:49:27","2026-06-12 02:49:27","53784576","pod=loadgenerator-69fdddd69d-5m544"
"2026-06-11 18:49:42","2026-06-12 02:49:42","53784576","pod=loadgenerator-69fdddd69d-5m544"
"2026-06-11 18:49:57","2026-06-12 02:49:57","54054912","pod=loadgenerator-69fdddd69d-5m544"
"2026-06-11 18:50:12","2026-06-12 02:50:12","54054912","pod=loadgenerator-69fdddd69d-5m544"
"2026-06-11 18:50:27","2026-06-12 02:50:27","53805056","pod=loadgenerator-69fdddd69d-5m544"
"2026-06-11 18:50:42","2026-06-12 02:50:42","53809152","pod=loadgenerator-69fdddd69d-5m544"
"2026-06-11 18:50:57","2026-06-12 02:50:57","53813248","pod=loadgenerator-69fdddd69d-5m544"
"2026-06-11 18:51:12","2026-06-12 02:51:12","53813248","pod=loadgenerator-69fdddd69d-5m544"
"2026-06-11 18:51:27","2026-06-12 02:51:27","53825536","pod=loadgenerator-69fdddd69d-5m544"
"2026-06-11 18:51:42","2026-06-12 02:51:42","53825536","pod=loadgenerator-69fdddd69d-5m544"
"2026-06-11 18:51:57","2026-06-12 02:51:57","53829632","pod=loadgenerator-69fdddd69d-5m544"
"2026-06-11 18:52:12","2026-06-12 02:52:12","53841920","pod=loadgenerator-69fdddd69d-5m544"
"2026-06-11 18:52:27","2026-06-12 02:52:27","53841920","pod=loadgenerator-69fdddd69d-5m544"
"2026-06-11 18:52:42","2026-06-12 02:52:42","53846016","pod=loadgenerator-69fdddd69d-5m544"
"2026-06-11 18:52:57","2026-06-12 02:52:57","54108160","pod=loadgenerator-69fdddd69d-5m544"
"2026-06-11 18:53:12","2026-06-12 02:53:12","53858304","pod=loadgenerator-69fdddd69d-5m544"
"2026-06-11 18:53:27","2026-06-12 02:53:27","53858304","pod=loadgenerator-69fdddd69d-5m544"
"2026-06-11 18:53:42","2026-06-12 02:53:42","53858304","pod=loadgenerator-69fdddd69d-5m544"
"2026-06-11 18:53:57","2026-06-12 02:53:57","54116352","pod=loadgenerator-69fdddd69d-5m544"
"2026-06-11 18:54:12","2026-06-12 02:54:12","54116352","pod=loadgenerator-69fdddd69d-5m544"
"2026-06-11 18:54:27","2026-06-12 02:54:27","53878784","pod=loadgenerator-69fdddd69d-5m544"
"2026-06-11 18:54:42","2026-06-12 02:54:42","53882880","pod=loadgenerator-69fdddd69d-5m544"
"2026-06-11 18:54:57","2026-06-12 02:54:57","53886976","pod=loadgenerator-69fdddd69d-5m544"
"2026-06-11 18:55:12","2026-06-12 02:55:12","54145024","pod=loadgenerator-69fdddd69d-5m544"
"2026-06-11 18:55:27","2026-06-12 02:55:27","53886976","pod=loadgenerator-69fdddd69d-5m544"
"2026-06-11 18:55:42","2026-06-12 02:55:42","53899264","pod=loadgenerator-69fdddd69d-5m544"
"2026-06-11 18:55:57","2026-06-12 02:55:57","53911552","pod=loadgenerator-69fdddd69d-5m544"
"2026-06-11 18:56:12","2026-06-12 02:56:12","53903360","pod=loadgenerator-69fdddd69d-5m544"
"2026-06-11 18:56:27","2026-06-12 02:56:27","53903360","pod=loadgenerator-69fdddd69d-5m544"
"2026-06-11 18:56:42","2026-06-12 02:56:42","53944320","pod=loadgenerator-69fdddd69d-5m544"
"2026-06-11 18:56:57","2026-06-12 02:56:57","54173696","pod=loadgenerator-69fdddd69d-5m544"
"2026-06-11 18:57:12","2026-06-12 02:57:12","53923840","pod=loadgenerator-69fdddd69d-5m544"
"2026-06-11 18:57:27","2026-06-12 02:57:27","53927936","pod=loadgenerator-69fdddd69d-5m544"
"2026-06-11 18:57:42","2026-06-12 02:57:42","53932032","pod=loadgenerator-69fdddd69d-5m544"
"2026-06-11 18:57:57","2026-06-12 02:57:57","54181888","pod=loadgenerator-69fdddd69d-5m544"
"2026-06-11 18:58:12","2026-06-12 02:58:12","53919744","pod=loadgenerator-69fdddd69d-5m544"
"2026-06-11 18:58:27","2026-06-12 02:58:27","53923840","pod=loadgenerator-69fdddd69d-5m544"
"2026-06-11 18:58:42","2026-06-12 02:58:42","53927936","pod=loadgenerator-69fdddd69d-5m544"
"2026-06-11 18:58:57","2026-06-12 02:58:57","53940224","pod=loadgenerator-69fdddd69d-5m544"
"2026-06-11 18:59:12","2026-06-12 02:59:12","53940224","pod=loadgenerator-69fdddd69d-5m544"
"2026-06-11 18:59:27","2026-06-12 02:59:27","53948416","pod=loadgenerator-69fdddd69d-5m544"
"2026-06-11 18:59:42","2026-06-12 02:59:42","53948416","pod=loadgenerator-69fdddd69d-5m544"
"2026-06-11 18:59:57","2026-06-12 02:59:57","53948416","pod=loadgenerator-69fdddd69d-5m544"
"2026-06-11 19:00:12","2026-06-12 03:00:12","53948416","pod=loadgenerator-69fdddd69d-5m544"
"2026-06-11 19:00:27","2026-06-12 03:00:27","53952512","pod=loadgenerator-69fdddd69d-5m544"
"2026-06-11 19:00:42","2026-06-12 03:00:42","53956608","pod=loadgenerator-69fdddd69d-5m544"
"2026-06-11 19:00:57","2026-06-12 03:00:57","53968896","pod=loadgenerator-69fdddd69d-5m544"
"2026-06-11 19:01:12","2026-06-12 03:01:12","53977088","pod=loadgenerator-69fdddd69d-5m544"
"2026-06-11 19:01:27","2026-06-12 03:01:27","53985280","pod=loadgenerator-69fdddd69d-5m544"
"2026-06-11 19:01:42","2026-06-12 03:01:42","53981184","pod=loadgenerator-69fdddd69d-5m544"
"2026-06-11 19:01:57","2026-06-12 03:01:57","53985280","pod=loadgenerator-69fdddd69d-5m544"
"2026-06-11 19:02:12","2026-06-12 03:02:12","53985280","pod=loadgenerator-69fdddd69d-5m544"
"2026-06-11 19:02:27","2026-06-12 03:02:27","53989376","pod=loadgenerator-69fdddd69d-5m544"
"2026-06-11 19:02:42","2026-06-12 03:02:42","53989376","pod=loadgenerator-69fdddd69d-5m544"
"2026-06-11 19:02:57","2026-06-12 03:02:57","54255616","pod=loadgenerator-69fdddd69d-5m544"
"2026-06-11 19:03:12","2026-06-12 03:03:12","54009856","pod=loadgenerator-69fdddd69d-5m544"
"2026-06-11 19:03:27","2026-06-12 03:03:27","54013952","pod=loadgenerator-69fdddd69d-5m544"
"2026-06-11 19:03:42","2026-06-12 03:03:42","54018048","pod=loadgenerator-69fdddd69d-5m544"
"2026-06-11 19:03:57","2026-06-12 03:03:57","54026240","pod=loadgenerator-69fdddd69d-5m544"
"2026-06-11 19:04:12","2026-06-12 03:04:12","54030336","pod=loadgenerator-69fdddd69d-5m544"
"2026-06-11 19:04:27","2026-06-12 03:04:27","54030336","pod=loadgenerator-69fdddd69d-5m544"
"2026-06-11 19:04:42","2026-06-12 03:04:42","54042624","pod=loadgenerator-69fdddd69d-5m544"
"2026-06-11 19:04:57","2026-06-12 03:04:57","54046720","pod=loadgenerator-69fdddd69d-5m544"
"2026-06-11 19:05:12","2026-06-12 03:05:12","54046720","pod=loadgenerator-69fdddd69d-5m544"
"2026-06-11 19:05:27","2026-06-12 03:05:27","54038528","pod=loadgenerator-69fdddd69d-5m544"
"2026-06-11 19:05:42","2026-06-12 03:05:42","54038528","pod=loadgenerator-69fdddd69d-5m544"
"2026-06-11 19:05:57","2026-06-12 03:05:57","54296576","pod=loadgenerator-69fdddd69d-5m544"
"2026-06-11 19:06:12","2026-06-12 03:06:12","54046720","pod=loadgenerator-69fdddd69d-5m544"
"2026-06-11 19:06:27","2026-06-12 03:06:27","54030336","pod=loadgenerator-69fdddd69d-5m544"
"2026-06-11 19:06:42","2026-06-12 03:06:42","54034432","pod=loadgenerator-69fdddd69d-5m544"
"2026-06-11 19:06:57","2026-06-12 03:06:57","54034432","pod=loadgenerator-69fdddd69d-5m544"
"2026-06-11 19:07:12","2026-06-12 03:07:12","54046720","pod=loadgenerator-69fdddd69d-5m544"
"2026-06-11 19:07:27","2026-06-12 03:07:27","54046720","pod=loadgenerator-69fdddd69d-5m544"
"2026-06-11 19:07:42","2026-06-12 03:07:42","54054912","pod=loadgenerator-69fdddd69d-5m544"
"2026-06-11 19:07:57","2026-06-12 03:07:57","54063104","pod=loadgenerator-69fdddd69d-5m544"
"2026-06-11 19:08:12","2026-06-12 03:08:12","54325248","pod=loadgenerator-69fdddd69d-5m544"
"2026-06-11 19:08:27","2026-06-12 03:08:27","54071296","pod=loadgenerator-69fdddd69d-5m544"
"2026-06-11 19:08:42","2026-06-12 03:08:42","54075392","pod=loadgenerator-69fdddd69d-5m544"
"2026-06-11 19:08:57","2026-06-12 03:08:57","54075392","pod=loadgenerator-69fdddd69d-5m544"
"2026-06-11 19:09:12","2026-06-12 03:09:12","54079488","pod=loadgenerator-69fdddd69d-5m544"
"2026-06-11 19:09:27","2026-06-12 03:09:27","54087680","pod=loadgenerator-69fdddd69d-5m544"
"2026-06-11 19:09:42","2026-06-12 03:09:42","54091776","pod=loadgenerator-69fdddd69d-5m544"
"2026-06-11 19:09:57","2026-06-12 03:09:57","54091776","pod=loadgenerator-69fdddd69d-5m544"
"2026-06-11 19:10:12","2026-06-12 03:10:12","54099968","pod=loadgenerator-69fdddd69d-5m544"
"2026-06-11 19:10:27","2026-06-12 03:10:27","54099968","pod=loadgenerator-69fdddd69d-5m544"
"2026-06-11 19:10:42","2026-06-12 03:10:42","54112256","pod=loadgenerator-69fdddd69d-5m544"
"2026-06-11 19:10:57","2026-06-12 03:10:57","54124544","pod=loadgenerator-69fdddd69d-5m544"
"2026-06-11 19:11:12","2026-06-12 03:11:12","54124544","pod=loadgenerator-69fdddd69d-5m544"
"2026-06-11 19:11:27","2026-06-12 03:11:27","54124544","pod=loadgenerator-69fdddd69d-5m544"
"2026-06-11 19:11:42","2026-06-12 03:11:42","54132736","pod=loadgenerator-69fdddd69d-5m544"
"2026-06-11 19:11:57","2026-06-12 03:11:57","54132736","pod=loadgenerator-69fdddd69d-5m544"
"2026-06-11 19:12:12","2026-06-12 03:12:12","54132736","pod=loadgenerator-69fdddd69d-5m544"
"2026-06-11 19:12:27","2026-06-12 03:12:27","54136832","pod=loadgenerator-69fdddd69d-5m544"
"2026-06-11 19:12:42","2026-06-12 03:12:42","54136832","pod=loadgenerator-69fdddd69d-5m544"
"2026-06-11 19:12:57","2026-06-12 03:12:57","54149120","pod=loadgenerator-69fdddd69d-5m544"
"2026-06-11 19:13:12","2026-06-12 03:13:12","54153216","pod=loadgenerator-69fdddd69d-5m544"
"2026-06-11 19:13:27","2026-06-12 03:13:27","54161408","pod=loadgenerator-69fdddd69d-5m544"
"2026-06-11 19:13:42","2026-06-12 03:13:42","54161408","pod=loadgenerator-69fdddd69d-5m544"
"2026-06-11 19:13:57","2026-06-12 03:13:57","54165504","pod=loadgenerator-69fdddd69d-5m544"
"2026-06-11 19:14:12","2026-06-12 03:14:12","54169600","pod=loadgenerator-69fdddd69d-5m544"
"2026-06-11 19:14:27","2026-06-12 03:14:27","54181888","pod=loadgenerator-69fdddd69d-5m544"
"2026-06-11 19:14:42","2026-06-12 03:14:42","54448128","pod=loadgenerator-69fdddd69d-5m544"
"2026-06-11 19:14:57","2026-06-12 03:14:57","54202368","pod=loadgenerator-69fdddd69d-5m544"
"2026-06-11 19:15:12","2026-06-12 03:15:12","54202368","pod=loadgenerator-69fdddd69d-5m544"
"2026-06-11 19:15:27","2026-06-12 03:15:27","54206464","pod=loadgenerator-69fdddd69d-5m544"
"2026-06-11 19:15:42","2026-06-12 03:15:42","54206464","pod=loadgenerator-69fdddd69d-5m544"
"2026-06-11 19:15:57","2026-06-12 03:15:57","54214656","pod=loadgenerator-69fdddd69d-5m544"
"2026-06-11 19:16:12","2026-06-12 03:16:12","54218752","pod=loadgenerator-69fdddd69d-5m544"
"2026-06-11 19:16:27","2026-06-12 03:16:27","54226944","pod=loadgenerator-69fdddd69d-5m544"
"2026-06-11 19:16:42","2026-06-12 03:16:42","54226944","pod=loadgenerator-69fdddd69d-5m544"
"2026-06-11 19:16:57","2026-06-12 03:16:57","54484992","pod=loadgenerator-69fdddd69d-5m544"
"2026-06-11 19:17:12","2026-06-12 03:17:12","54484992","pod=loadgenerator-69fdddd69d-5m544"
"2026-06-11 19:17:27","2026-06-12 03:17:27","54235136","pod=loadgenerator-69fdddd69d-5m544"
"2026-06-11 19:17:42","2026-06-12 03:17:42","54239232","pod=loadgenerator-69fdddd69d-5m544"
"2026-06-11 19:17:57","2026-06-12 03:17:57","54239232","pod=loadgenerator-69fdddd69d-5m544"
"2026-06-11 19:18:12","2026-06-12 03:18:12","54251520","pod=loadgenerator-69fdddd69d-5m544"
"2026-06-11 19:18:27","2026-06-12 03:18:27","54259712","pod=loadgenerator-69fdddd69d-5m544"
"2026-06-11 19:18:42","2026-06-12 03:18:42","54259712","pod=loadgenerator-69fdddd69d-5m544"
"2026-06-11 19:18:57","2026-06-12 03:18:57","54263808","pod=loadgenerator-69fdddd69d-5m544"
"2026-06-11 19:19:12","2026-06-12 03:19:12","54263808","pod=loadgenerator-69fdddd69d-5m544"
"2026-06-11 19:19:27","2026-06-12 03:19:27","54259712","pod=loadgenerator-69fdddd69d-5m544"
"2026-06-11 19:19:42","2026-06-12 03:19:42","54530048","pod=loadgenerator-69fdddd69d-5m544"
"2026-06-11 19:19:57","2026-06-12 03:19:57","54530048","pod=loadgenerator-69fdddd69d-5m544"
"2026-06-11 19:20:12","2026-06-12 03:20:12","54280192","pod=loadgenerator-69fdddd69d-5m544"
"2026-06-11 19:20:27","2026-06-12 03:20:27","54284288","pod=loadgenerator-69fdddd69d-5m544"
"2026-06-11 19:20:42","2026-06-12 03:20:42","54288384","pod=loadgenerator-69fdddd69d-5m544"
"2026-06-11 19:20:57","2026-06-12 03:20:57","54296576","pod=loadgenerator-69fdddd69d-5m544"
"2026-06-11 19:21:12","2026-06-12 03:21:12","54304768","pod=loadgenerator-69fdddd69d-5m544"
"2026-06-11 19:21:27","2026-06-12 03:21:27","54304768","pod=loadgenerator-69fdddd69d-5m544"
"2026-06-11 19:21:42","2026-06-12 03:21:42","54308864","pod=loadgenerator-69fdddd69d-5m544"
"2026-06-11 19:21:57","2026-06-12 03:21:57","54321152","pod=loadgenerator-69fdddd69d-5m544"
"2026-06-11 19:22:12","2026-06-12 03:22:12","54329344","pod=loadgenerator-69fdddd69d-5m544"
"2026-06-11 19:22:27","2026-06-12 03:22:27","54329344","pod=loadgenerator-69fdddd69d-5m544"
"2026-06-11 19:22:42","2026-06-12 03:22:42","54337536","pod=loadgenerator-69fdddd69d-5m544"
"2026-06-11 19:22:57","2026-06-12 03:22:57","54337536","pod=loadgenerator-69fdddd69d-5m544"
"2026-06-11 19:23:12","2026-06-12 03:23:12","54337536","pod=loadgenerator-69fdddd69d-5m544"
"2026-06-11 19:23:27","2026-06-12 03:23:27","54341632","pod=loadgenerator-69fdddd69d-5m544"
"2026-06-11 19:23:42","2026-06-12 03:23:42","54345728","pod=loadgenerator-69fdddd69d-5m544"
"2026-06-11 19:23:57","2026-06-12 03:23:57","54358016","pod=loadgenerator-69fdddd69d-5m544"
"2026-06-11 19:24:12","2026-06-12 03:24:12","54358016","pod=loadgenerator-69fdddd69d-5m544"
"2026-06-11 19:24:27","2026-06-12 03:24:27","54366208","pod=loadgenerator-69fdddd69d-5m544"
"2026-06-11 19:24:42","2026-06-12 03:24:42","54644736","pod=loadgenerator-69fdddd69d-5m544"
"2026-06-11 19:24:57","2026-06-12 03:24:57","54644736","pod=loadgenerator-69fdddd69d-5m544"
"2026-06-11 19:25:12","2026-06-12 03:25:12","54382592","pod=loadgenerator-69fdddd69d-5m544"
"2026-06-11 19:25:27","2026-06-12 03:25:27","54386688","pod=loadgenerator-69fdddd69d-5m544"
"2026-06-11 19:25:42","2026-06-12 03:25:42","54386688","pod=loadgenerator-69fdddd69d-5m544"
"2026-06-11 19:25:57","2026-06-12 03:25:57","54648832","pod=loadgenerator-69fdddd69d-5m544"
"2026-06-11 19:26:12","2026-06-12 03:26:12","54394880","pod=loadgenerator-69fdddd69d-5m544"
"2026-06-11 19:26:27","2026-06-12 03:26:27","54394880","pod=loadgenerator-69fdddd69d-5m544"
"2026-06-11 19:26:42","2026-06-12 03:26:42","54423552","pod=loadgenerator-69fdddd69d-5m544"
"2026-06-11 19:26:57","2026-06-12 03:26:57","54423552","pod=loadgenerator-69fdddd69d-5m544"
"2026-06-11 17:26:57","2026-06-12 01:26:57","82526208","pod=paymentservice-7cff85ccd7-wtdrt"
"2026-06-11 17:27:12","2026-06-12 01:27:12","83009536","pod=paymentservice-7cff85ccd7-wtdrt"
"2026-06-11 17:27:27","2026-06-12 01:27:27","83136512","pod=paymentservice-7cff85ccd7-wtdrt"
"2026-06-11 17:27:42","2026-06-12 01:27:42","83136512","pod=paymentservice-7cff85ccd7-wtdrt"
"2026-06-11 17:27:57","2026-06-12 01:27:57","83451904","pod=paymentservice-7cff85ccd7-wtdrt"
"2026-06-11 17:28:12","2026-06-12 01:28:12","82907136","pod=paymentservice-7cff85ccd7-wtdrt"
"2026-06-11 17:28:27","2026-06-12 01:28:27","83234816","pod=paymentservice-7cff85ccd7-wtdrt"
"2026-06-11 17:28:42","2026-06-12 01:28:42","83439616","pod=paymentservice-7cff85ccd7-wtdrt"
"2026-06-11 17:28:57","2026-06-12 01:28:57","83718144","pod=paymentservice-7cff85ccd7-wtdrt"
"2026-06-11 17:29:12","2026-06-12 01:29:12","83918848","pod=paymentservice-7cff85ccd7-wtdrt"
"2026-06-11 17:29:27","2026-06-12 01:29:27","84185088","pod=paymentservice-7cff85ccd7-wtdrt"
"2026-06-11 17:29:42","2026-06-12 01:29:42","83509248","pod=paymentservice-7cff85ccd7-wtdrt"
"2026-06-11 17:29:57","2026-06-12 01:29:57","83832832","pod=paymentservice-7cff85ccd7-wtdrt"
"2026-06-11 17:30:12","2026-06-12 01:30:12","84570112","pod=paymentservice-7cff85ccd7-wtdrt"
"2026-06-11 17:30:27","2026-06-12 01:30:27","84402176","pod=paymentservice-7cff85ccd7-wtdrt"
"2026-06-11 17:30:42","2026-06-12 01:30:42","84574208","pod=paymentservice-7cff85ccd7-wtdrt"
"2026-06-11 17:30:57","2026-06-12 01:30:57","84811776","pod=paymentservice-7cff85ccd7-wtdrt"
"2026-06-11 17:31:12","2026-06-12 01:31:12","84262912","pod=paymentservice-7cff85ccd7-wtdrt"
"2026-06-11 17:31:27","2026-06-12 01:31:27","84369408","pod=paymentservice-7cff85ccd7-wtdrt"
"2026-06-11 17:31:42","2026-06-12 01:31:42","84369408","pod=paymentservice-7cff85ccd7-wtdrt"
"2026-06-11 17:31:57","2026-06-12 01:31:57","85061632","pod=paymentservice-7cff85ccd7-wtdrt"
"2026-06-11 17:32:12","2026-06-12 01:32:12","85061632","pod=paymentservice-7cff85ccd7-wtdrt"
"2026-06-11 17:32:27","2026-06-12 01:32:27","85524480","pod=paymentservice-7cff85ccd7-wtdrt"
"2026-06-11 17:32:42","2026-06-12 01:32:42","84877312","pod=paymentservice-7cff85ccd7-wtdrt"
"2026-06-11 17:32:57","2026-06-12 01:32:57","85180416","pod=paymentservice-7cff85ccd7-wtdrt"
"2026-06-11 17:33:12","2026-06-12 01:33:12","85397504","pod=paymentservice-7cff85ccd7-wtdrt"
"2026-06-11 17:33:27","2026-06-12 01:33:27","85680128","pod=paymentservice-7cff85ccd7-wtdrt"
"2026-06-11 17:33:42","2026-06-12 01:33:42","85680128","pod=paymentservice-7cff85ccd7-wtdrt"
"2026-06-11 17:33:57","2026-06-12 01:33:57","86044672","pod=paymentservice-7cff85ccd7-wtdrt"
"2026-06-11 17:34:12","2026-06-12 01:34:12","85381120","pod=paymentservice-7cff85ccd7-wtdrt"
"2026-06-11 17:34:27","2026-06-12 01:34:27","85647360","pod=paymentservice-7cff85ccd7-wtdrt"
"2026-06-11 17:34:42","2026-06-12 01:34:42","85856256","pod=paymentservice-7cff85ccd7-wtdrt"
"2026-06-11 17:34:57","2026-06-12 01:34:57","86106112","pod=paymentservice-7cff85ccd7-wtdrt"
"2026-06-11 17:35:12","2026-06-12 01:35:12","86372352","pod=paymentservice-7cff85ccd7-wtdrt"
"2026-06-11 17:35:27","2026-06-12 01:35:27","86237184","pod=paymentservice-7cff85ccd7-wtdrt"
"2026-06-11 17:35:42","2026-06-12 01:35:42","86167552","pod=paymentservice-7cff85ccd7-wtdrt"
"2026-06-11 17:35:57","2026-06-12 01:35:57","86319104","pod=paymentservice-7cff85ccd7-wtdrt"
"2026-06-11 17:36:12","2026-06-12 01:36:12","87015424","pod=paymentservice-7cff85ccd7-wtdrt"
"2026-06-11 17:36:27","2026-06-12 01:36:27","87015424","pod=paymentservice-7cff85ccd7-wtdrt"
"2026-06-11 17:36:42","2026-06-12 01:36:42","86499328","pod=paymentservice-7cff85ccd7-wtdrt"
"2026-06-11 17:36:57","2026-06-12 01:36:57","86900736","pod=paymentservice-7cff85ccd7-wtdrt"
"2026-06-11 17:37:12","2026-06-12 01:37:12","86900736","pod=paymentservice-7cff85ccd7-wtdrt"
"2026-06-11 17:37:27","2026-06-12 01:37:27","87154688","pod=paymentservice-7cff85ccd7-wtdrt"
"2026-06-11 17:37:42","2026-06-12 01:37:42","87269376","pod=paymentservice-7cff85ccd7-wtdrt"
"2026-06-11 17:37:57","2026-06-12 01:37:57","87429120","pod=paymentservice-7cff85ccd7-wtdrt"
"2026-06-11 17:38:12","2026-06-12 01:38:12","87658496","pod=paymentservice-7cff85ccd7-wtdrt"
"2026-06-11 17:38:27","2026-06-12 01:38:27","87150592","pod=paymentservice-7cff85ccd7-wtdrt"
"2026-06-11 17:38:42","2026-06-12 01:38:42","87150592","pod=paymentservice-7cff85ccd7-wtdrt"
"2026-06-11 17:38:57","2026-06-12 01:38:57","87543808","pod=paymentservice-7cff85ccd7-wtdrt"
"2026-06-11 17:39:12","2026-06-12 01:39:12","87658496","pod=paymentservice-7cff85ccd7-wtdrt"
"2026-06-11 17:39:27","2026-06-12 01:39:27","87887872","pod=paymentservice-7cff85ccd7-wtdrt"
"2026-06-11 17:39:42","2026-06-12 01:39:42","88231936","pod=paymentservice-7cff85ccd7-wtdrt"
"2026-06-11 17:39:57","2026-06-12 01:39:57","88494080","pod=paymentservice-7cff85ccd7-wtdrt"
"2026-06-11 17:40:12","2026-06-12 01:40:12","88018944","pod=paymentservice-7cff85ccd7-wtdrt"
"2026-06-11 17:40:27","2026-06-12 01:40:27","88018944","pod=paymentservice-7cff85ccd7-wtdrt"
"2026-06-11 17:40:42","2026-06-12 01:40:42","88502272","pod=paymentservice-7cff85ccd7-wtdrt"
"2026-06-11 17:40:57","2026-06-12 01:40:57","88752128","pod=paymentservice-7cff85ccd7-wtdrt"
"2026-06-11 17:41:12","2026-06-12 01:41:12","88866816","pod=paymentservice-7cff85ccd7-wtdrt"
"2026-06-11 17:41:27","2026-06-12 01:41:27","89051136","pod=paymentservice-7cff85ccd7-wtdrt"
"2026-06-11 17:41:42","2026-06-12 01:41:42","88535040","pod=paymentservice-7cff85ccd7-wtdrt"
"2026-06-11 17:41:57","2026-06-12 01:41:57","88637440","pod=paymentservice-7cff85ccd7-wtdrt"
"2026-06-11 17:42:12","2026-06-12 01:42:12","88981504","pod=paymentservice-7cff85ccd7-wtdrt"
"2026-06-11 17:42:27","2026-06-12 01:42:27","89157632","pod=paymentservice-7cff85ccd7-wtdrt"
"2026-06-11 17:42:42","2026-06-12 01:42:42","89468928","pod=paymentservice-7cff85ccd7-wtdrt"
"2026-06-11 17:42:57","2026-06-12 01:42:57","89812992","pod=paymentservice-7cff85ccd7-wtdrt"
"2026-06-11 17:43:12","2026-06-12 01:43:12","89903104","pod=paymentservice-7cff85ccd7-wtdrt"
"2026-06-11 17:43:27","2026-06-12 01:43:27","89264128","pod=paymentservice-7cff85ccd7-wtdrt"
"2026-06-11 17:43:42","2026-06-12 01:43:42","89518080","pod=paymentservice-7cff85ccd7-wtdrt"
"2026-06-11 17:43:57","2026-06-12 01:43:57","89808896","pod=paymentservice-7cff85ccd7-wtdrt"
"2026-06-11 17:44:12","2026-06-12 01:44:12","89808896","pod=paymentservice-7cff85ccd7-wtdrt"
"2026-06-11 17:44:27","2026-06-12 01:44:27","90021888","pod=paymentservice-7cff85ccd7-wtdrt"
"2026-06-11 17:44:42","2026-06-12 01:44:42","90476544","pod=paymentservice-7cff85ccd7-wtdrt"
"2026-06-11 17:44:57","2026-06-12 01:44:57","90476544","pod=paymentservice-7cff85ccd7-wtdrt"
"2026-06-11 17:45:12","2026-06-12 01:45:12","90128384","pod=paymentservice-7cff85ccd7-wtdrt"
"2026-06-11 17:45:27","2026-06-12 01:45:27","90128384","pod=paymentservice-7cff85ccd7-wtdrt"
"2026-06-11 17:45:42","2026-06-12 01:45:42","90357760","pod=paymentservice-7cff85ccd7-wtdrt"
"2026-06-11 17:45:57","2026-06-12 01:45:57","90730496","pod=paymentservice-7cff85ccd7-wtdrt"
"2026-06-11 17:46:12","2026-06-12 01:46:12","90501120","pod=paymentservice-7cff85ccd7-wtdrt"
"2026-06-11 17:46:27","2026-06-12 01:46:27","90501120","pod=paymentservice-7cff85ccd7-wtdrt"
"2026-06-11 17:46:42","2026-06-12 01:46:42","90677248","pod=paymentservice-7cff85ccd7-wtdrt"
"2026-06-11 17:46:57","2026-06-12 01:46:57","90783744","pod=paymentservice-7cff85ccd7-wtdrt"
"2026-06-11 17:47:12","2026-06-12 01:47:12","91115520","pod=paymentservice-7cff85ccd7-wtdrt"
"2026-06-11 17:47:27","2026-06-12 01:47:27","91262976","pod=paymentservice-7cff85ccd7-wtdrt"
"2026-06-11 17:47:42","2026-06-12 01:47:42","91086848","pod=paymentservice-7cff85ccd7-wtdrt"
"2026-06-11 17:47:57","2026-06-12 01:47:57","91152384","pod=paymentservice-7cff85ccd7-wtdrt"
"2026-06-11 17:48:12","2026-06-12 01:48:12","91328512","pod=paymentservice-7cff85ccd7-wtdrt"
"2026-06-11 17:48:27","2026-06-12 01:48:27","91586560","pod=paymentservice-7cff85ccd7-wtdrt"
"2026-06-11 17:48:42","2026-06-12 01:48:42","91807744","pod=paymentservice-7cff85ccd7-wtdrt"
"2026-06-11 17:48:57","2026-06-12 01:48:57","91992064","pod=paymentservice-7cff85ccd7-wtdrt"
"2026-06-11 17:49:12","2026-06-12 01:49:12","92221440","pod=paymentservice-7cff85ccd7-wtdrt"
"2026-06-11 17:49:27","2026-06-12 01:49:27","92340224","pod=paymentservice-7cff85ccd7-wtdrt"
"2026-06-11 17:49:42","2026-06-12 01:49:42","91824128","pod=paymentservice-7cff85ccd7-wtdrt"
"2026-06-11 17:49:57","2026-06-12 01:49:57","91824128","pod=paymentservice-7cff85ccd7-wtdrt"
"2026-06-11 17:50:12","2026-06-12 01:50:12","92073984","pod=paymentservice-7cff85ccd7-wtdrt"
"2026-06-11 17:50:27","2026-06-12 01:50:27","92299264","pod=paymentservice-7cff85ccd7-wtdrt"
"2026-06-11 17:50:42","2026-06-12 01:50:42","92442624","pod=paymentservice-7cff85ccd7-wtdrt"
"2026-06-11 17:50:57","2026-06-12 01:50:57","91959296","pod=paymentservice-7cff85ccd7-wtdrt"
"2026-06-11 17:51:12","2026-06-12 01:51:12","92250112","pod=paymentservice-7cff85ccd7-wtdrt"
"2026-06-11 17:51:27","2026-06-12 01:51:27","92250112","pod=paymentservice-7cff85ccd7-wtdrt"
"2026-06-11 17:51:42","2026-06-12 01:51:42","92557312","pod=paymentservice-7cff85ccd7-wtdrt"
"2026-06-11 17:51:57","2026-06-12 01:51:57","92839936","pod=paymentservice-7cff85ccd7-wtdrt"
"2026-06-11 17:52:12","2026-06-12 01:52:12","92950528","pod=paymentservice-7cff85ccd7-wtdrt"
"2026-06-11 17:52:27","2026-06-12 01:52:27","92266496","pod=paymentservice-7cff85ccd7-wtdrt"
"2026-06-11 17:52:42","2026-06-12 01:52:42","92528640","pod=paymentservice-7cff85ccd7-wtdrt"
"2026-06-11 17:52:57","2026-06-12 01:52:57","92729344","pod=paymentservice-7cff85ccd7-wtdrt"
"2026-06-11 17:53:12","2026-06-12 01:53:12","93036544","pod=paymentservice-7cff85ccd7-wtdrt"
"2026-06-11 17:53:27","2026-06-12 01:53:27","93179904","pod=paymentservice-7cff85ccd7-wtdrt"
"2026-06-11 17:53:42","2026-06-12 01:53:42","96509952","pod=paymentservice-7cff85ccd7-wtdrt"
"2026-06-11 17:53:57","2026-06-12 01:53:57","92954624","pod=paymentservice-7cff85ccd7-wtdrt"
"2026-06-11 17:54:12","2026-06-12 01:54:12","93085696","pod=paymentservice-7cff85ccd7-wtdrt"
"2026-06-11 17:54:27","2026-06-12 01:54:27","93327360","pod=paymentservice-7cff85ccd7-wtdrt"
"2026-06-11 17:54:42","2026-06-12 01:54:42","93433856","pod=paymentservice-7cff85ccd7-wtdrt"
"2026-06-11 17:54:57","2026-06-12 01:54:57","93675520","pod=paymentservice-7cff85ccd7-wtdrt"
"2026-06-11 17:55:12","2026-06-12 01:55:12","93859840","pod=paymentservice-7cff85ccd7-wtdrt"
"2026-06-11 17:55:27","2026-06-12 01:55:27","93298688","pod=paymentservice-7cff85ccd7-wtdrt"
"2026-06-11 17:55:42","2026-06-12 01:55:42","93495296","pod=paymentservice-7cff85ccd7-wtdrt"
"2026-06-11 17:55:57","2026-06-12 01:55:57","93876224","pod=paymentservice-7cff85ccd7-wtdrt"
"2026-06-11 17:56:12","2026-06-12 01:56:12","94081024","pod=paymentservice-7cff85ccd7-wtdrt"
"2026-06-11 17:56:27","2026-06-12 01:56:27","94081024","pod=paymentservice-7cff85ccd7-wtdrt"
"2026-06-11 17:56:42","2026-06-12 01:56:42","94425088","pod=paymentservice-7cff85ccd7-wtdrt"
"2026-06-11 17:56:57","2026-06-12 01:56:57","94523392","pod=paymentservice-7cff85ccd7-wtdrt"
"2026-06-11 17:57:12","2026-06-12 01:57:12","93921280","pod=paymentservice-7cff85ccd7-wtdrt"
"2026-06-11 17:57:27","2026-06-12 01:57:27","94019584","pod=paymentservice-7cff85ccd7-wtdrt"
"2026-06-11 17:57:42","2026-06-12 01:57:42","94478336","pod=paymentservice-7cff85ccd7-wtdrt"
"2026-06-11 17:57:57","2026-06-12 01:57:57","94760960","pod=paymentservice-7cff85ccd7-wtdrt"
"2026-06-11 17:58:12","2026-06-12 01:58:12","94760960","pod=paymentservice-7cff85ccd7-wtdrt"
"2026-06-11 17:58:27","2026-06-12 01:58:27","95023104","pod=paymentservice-7cff85ccd7-wtdrt"
"2026-06-11 17:58:42","2026-06-12 01:58:42","95248384","pod=paymentservice-7cff85ccd7-wtdrt"
"2026-06-11 17:58:57","2026-06-12 01:58:57","94584832","pod=paymentservice-7cff85ccd7-wtdrt"
"2026-06-11 17:59:12","2026-06-12 01:59:12","94781440","pod=paymentservice-7cff85ccd7-wtdrt"
"2026-06-11 17:59:27","2026-06-12 01:59:27","95059968","pod=paymentservice-7cff85ccd7-wtdrt"
"2026-06-11 17:59:42","2026-06-12 01:59:42","95232000","pod=paymentservice-7cff85ccd7-wtdrt"
"2026-06-11 17:59:57","2026-06-12 01:59:57","95440896","pod=paymentservice-7cff85ccd7-wtdrt"
"2026-06-11 18:00:12","2026-06-12 02:00:12","95440896","pod=paymentservice-7cff85ccd7-wtdrt"
"2026-06-11 18:00:27","2026-06-12 02:00:27","95780864","pod=paymentservice-7cff85ccd7-wtdrt"
"2026-06-11 18:00:42","2026-06-12 02:00:42","95109120","pod=paymentservice-7cff85ccd7-wtdrt"
"2026-06-11 18:00:57","2026-06-12 02:00:57","95604736","pod=paymentservice-7cff85ccd7-wtdrt"
"2026-06-11 18:01:12","2026-06-12 02:01:12","95633408","pod=paymentservice-7cff85ccd7-wtdrt"
"2026-06-11 18:01:27","2026-06-12 02:01:27","95731712","pod=paymentservice-7cff85ccd7-wtdrt"
"2026-06-11 18:01:42","2026-06-12 02:01:42","96018432","pod=paymentservice-7cff85ccd7-wtdrt"
"2026-06-11 18:01:57","2026-06-12 02:01:57","95375360","pod=paymentservice-7cff85ccd7-wtdrt"
"2026-06-11 18:02:12","2026-06-12 02:02:12","95617024","pod=paymentservice-7cff85ccd7-wtdrt"
"2026-06-11 18:02:27","2026-06-12 02:02:27","95911936","pod=paymentservice-7cff85ccd7-wtdrt"
"2026-06-11 18:02:42","2026-06-12 02:02:42","96022528","pod=paymentservice-7cff85ccd7-wtdrt"
"2026-06-11 18:02:57","2026-06-12 02:02:57","96313344","pod=paymentservice-7cff85ccd7-wtdrt"
"2026-06-11 18:03:12","2026-06-12 02:03:12","96456704","pod=paymentservice-7cff85ccd7-wtdrt"
"2026-06-11 18:03:27","2026-06-12 02:03:27","96108544","pod=paymentservice-7cff85ccd7-wtdrt"
"2026-06-11 18:03:42","2026-06-12 02:03:42","96370688","pod=paymentservice-7cff85ccd7-wtdrt"
"2026-06-11 18:03:57","2026-06-12 02:03:57","96587776","pod=paymentservice-7cff85ccd7-wtdrt"
"2026-06-11 18:04:12","2026-06-12 02:04:12","96587776","pod=paymentservice-7cff85ccd7-wtdrt"
"2026-06-11 18:04:27","2026-06-12 02:04:27","96927744","pod=paymentservice-7cff85ccd7-wtdrt"
"2026-06-11 18:04:42","2026-06-12 02:04:42","97308672","pod=paymentservice-7cff85ccd7-wtdrt"
"2026-06-11 18:04:57","2026-06-12 02:04:57","96792576","pod=paymentservice-7cff85ccd7-wtdrt"
"2026-06-11 18:05:12","2026-06-12 02:05:12","97042432","pod=paymentservice-7cff85ccd7-wtdrt"
"2026-06-11 18:05:27","2026-06-12 02:05:27","97239040","pod=paymentservice-7cff85ccd7-wtdrt"
"2026-06-11 18:05:42","2026-06-12 02:05:42","97382400","pod=paymentservice-7cff85ccd7-wtdrt"
"2026-06-11 18:05:57","2026-06-12 02:05:57","97538048","pod=paymentservice-7cff85ccd7-wtdrt"
"2026-06-11 18:06:12","2026-06-12 02:06:12","97959936","pod=paymentservice-7cff85ccd7-wtdrt"
"2026-06-11 18:06:27","2026-06-12 02:06:27","97427456","pod=paymentservice-7cff85ccd7-wtdrt"
"2026-06-11 18:06:42","2026-06-12 02:06:42","97427456","pod=paymentservice-7cff85ccd7-wtdrt"
"2026-06-11 18:06:57","2026-06-12 02:06:57","97689600","pod=paymentservice-7cff85ccd7-wtdrt"
"2026-06-11 18:07:12","2026-06-12 02:07:12","98000896","pod=paymentservice-7cff85ccd7-wtdrt"
"2026-06-11 18:07:27","2026-06-12 02:07:27","98295808","pod=paymentservice-7cff85ccd7-wtdrt"
"2026-06-11 18:07:42","2026-06-12 02:07:42","97927168","pod=paymentservice-7cff85ccd7-wtdrt"
"2026-06-11 18:07:57","2026-06-12 02:07:57","97927168","pod=paymentservice-7cff85ccd7-wtdrt"
"2026-06-11 18:08:12","2026-06-12 02:08:12","98156544","pod=paymentservice-7cff85ccd7-wtdrt"
"2026-06-11 18:08:27","2026-06-12 02:08:27","98443264","pod=paymentservice-7cff85ccd7-wtdrt"
"2026-06-11 18:08:42","2026-06-12 02:08:42","98721792","pod=paymentservice-7cff85ccd7-wtdrt"
"2026-06-11 18:08:57","2026-06-12 02:08:57","98299904","pod=paymentservice-7cff85ccd7-wtdrt"
"2026-06-11 18:09:12","2026-06-12 02:09:12","98451456","pod=paymentservice-7cff85ccd7-wtdrt"
"2026-06-11 18:09:27","2026-06-12 02:09:27","98770944","pod=paymentservice-7cff85ccd7-wtdrt"
"2026-06-11 18:09:42","2026-06-12 02:09:42","99131392","pod=paymentservice-7cff85ccd7-wtdrt"
"2026-06-11 18:09:57","2026-06-12 02:09:57","99401728","pod=paymentservice-7cff85ccd7-wtdrt"
"2026-06-11 18:10:12","2026-06-12 02:10:12","98947072","pod=paymentservice-7cff85ccd7-wtdrt"
"2026-06-11 18:10:27","2026-06-12 02:10:27","98947072","pod=paymentservice-7cff85ccd7-wtdrt"
"2026-06-11 18:10:42","2026-06-12 02:10:42","99196928","pod=paymentservice-7cff85ccd7-wtdrt"
"2026-06-11 18:10:57","2026-06-12 02:10:57","99348480","pod=paymentservice-7cff85ccd7-wtdrt"
"2026-06-11 18:11:12","2026-06-12 02:11:12","99651584","pod=paymentservice-7cff85ccd7-wtdrt"
"2026-06-11 18:11:27","2026-06-12 02:11:27","99397632","pod=paymentservice-7cff85ccd7-wtdrt"
"2026-06-11 18:11:42","2026-06-12 02:11:42","99860480","pod=paymentservice-7cff85ccd7-wtdrt"
"2026-06-11 18:11:57","2026-06-12 02:11:57","99799040","pod=paymentservice-7cff85ccd7-wtdrt"
"2026-06-11 18:12:12","2026-06-12 02:12:12","100122624","pod=paymentservice-7cff85ccd7-wtdrt"
"2026-06-11 18:12:27","2026-06-12 02:12:27","100122624","pod=paymentservice-7cff85ccd7-wtdrt"
"2026-06-11 18:12:42","2026-06-12 02:12:42","100438016","pod=paymentservice-7cff85ccd7-wtdrt"
"2026-06-11 18:12:57","2026-06-12 02:12:57","99971072","pod=paymentservice-7cff85ccd7-wtdrt"
"2026-06-11 18:13:12","2026-06-12 02:13:12","100085760","pod=paymentservice-7cff85ccd7-wtdrt"
"2026-06-11 18:13:27","2026-06-12 02:13:27","100339712","pod=paymentservice-7cff85ccd7-wtdrt"
"2026-06-11 18:13:42","2026-06-12 02:13:42","100589568","pod=paymentservice-7cff85ccd7-wtdrt"
"2026-06-11 18:13:57","2026-06-12 02:13:57","100589568","pod=paymentservice-7cff85ccd7-wtdrt"
"2026-06-11 18:14:12","2026-06-12 02:14:12","100810752","pod=paymentservice-7cff85ccd7-wtdrt"
"2026-06-11 18:14:27","2026-06-12 02:14:27","100999168","pod=paymentservice-7cff85ccd7-wtdrt"
"2026-06-11 18:14:42","2026-06-12 02:14:42","100491264","pod=paymentservice-7cff85ccd7-wtdrt"
"2026-06-11 18:14:57","2026-06-12 02:14:57","100605952","pod=paymentservice-7cff85ccd7-wtdrt"
"2026-06-11 18:15:12","2026-06-12 02:15:12","100605952","pod=paymentservice-7cff85ccd7-wtdrt"
"2026-06-11 18:15:27","2026-06-12 02:15:27","101064704","pod=paymentservice-7cff85ccd7-wtdrt"
"2026-06-11 18:15:42","2026-06-12 02:15:42","101187584","pod=paymentservice-7cff85ccd7-wtdrt"
"2026-06-11 18:15:57","2026-06-12 02:15:57","101453824","pod=paymentservice-7cff85ccd7-wtdrt"
"2026-06-11 18:16:12","2026-06-12 02:16:12","101863424","pod=paymentservice-7cff85ccd7-wtdrt"
"2026-06-11 18:16:27","2026-06-12 02:16:27","101163008","pod=paymentservice-7cff85ccd7-wtdrt"
"2026-06-11 18:16:42","2026-06-12 02:16:42","101163008","pod=paymentservice-7cff85ccd7-wtdrt"
"2026-06-11 18:16:57","2026-06-12 02:16:57","101380096","pod=paymentservice-7cff85ccd7-wtdrt"
"2026-06-11 18:17:12","2026-06-12 02:17:12","101691392","pod=paymentservice-7cff85ccd7-wtdrt"
"2026-06-11 18:17:27","2026-06-12 02:17:27","101691392","pod=paymentservice-7cff85ccd7-wtdrt"
"2026-06-11 18:17:42","2026-06-12 02:17:42","102014976","pod=paymentservice-7cff85ccd7-wtdrt"
"2026-06-11 18:17:57","2026-06-12 02:17:57","101543936","pod=paymentservice-7cff85ccd7-wtdrt"
"2026-06-11 18:18:12","2026-06-12 02:18:12","101638144","pod=paymentservice-7cff85ccd7-wtdrt"
"2026-06-11 18:18:27","2026-06-12 02:18:27","101859328","pod=paymentservice-7cff85ccd7-wtdrt"
"2026-06-11 18:18:42","2026-06-12 02:18:42","102019072","pod=paymentservice-7cff85ccd7-wtdrt"
"2026-06-11 18:18:57","2026-06-12 02:18:57","102182912","pod=paymentservice-7cff85ccd7-wtdrt"
"2026-06-11 18:19:12","2026-06-12 02:19:12","102354944","pod=paymentservice-7cff85ccd7-wtdrt"
"2026-06-11 18:19:27","2026-06-12 02:19:27","102514688","pod=paymentservice-7cff85ccd7-wtdrt"
"2026-06-11 18:19:42","2026-06-12 02:19:42","102633472","pod=paymentservice-7cff85ccd7-wtdrt"
"2026-06-11 18:19:57","2026-06-12 02:19:57","102068224","pod=paymentservice-7cff85ccd7-wtdrt"
"2026-06-11 18:20:12","2026-06-12 02:20:12","102260736","pod=paymentservice-7cff85ccd7-wtdrt"
"2026-06-11 18:20:27","2026-06-12 02:20:27","102408192","pod=paymentservice-7cff85ccd7-wtdrt"
"2026-06-11 18:20:42","2026-06-12 02:20:42","102834176","pod=paymentservice-7cff85ccd7-wtdrt"
"2026-06-11 18:20:57","2026-06-12 02:20:57","102944768","pod=paymentservice-7cff85ccd7-wtdrt"
"2026-06-11 18:21:12","2026-06-12 02:21:12","102944768","pod=paymentservice-7cff85ccd7-wtdrt"
"2026-06-11 18:21:27","2026-06-12 02:21:27","102465536","pod=paymentservice-7cff85ccd7-wtdrt"
"2026-06-11 18:21:42","2026-06-12 02:21:42","102694912","pod=paymentservice-7cff85ccd7-wtdrt"
"2026-06-11 18:21:57","2026-06-12 02:21:57","102825984","pod=paymentservice-7cff85ccd7-wtdrt"
"2026-06-11 18:22:12","2026-06-12 02:22:12","103219200","pod=paymentservice-7cff85ccd7-wtdrt"
"2026-06-11 18:22:27","2026-06-12 02:22:27","103387136","pod=paymentservice-7cff85ccd7-wtdrt"
"2026-06-11 18:22:42","2026-06-12 02:22:42","103387136","pod=paymentservice-7cff85ccd7-wtdrt"
"2026-06-11 18:22:57","2026-06-12 02:22:57","102940672","pod=paymentservice-7cff85ccd7-wtdrt"
"2026-06-11 18:23:12","2026-06-12 02:23:12","103288832","pod=paymentservice-7cff85ccd7-wtdrt"
"2026-06-11 18:23:27","2026-06-12 02:23:27","103288832","pod=paymentservice-7cff85ccd7-wtdrt"
"2026-06-11 18:23:42","2026-06-12 02:23:42","103579648","pod=paymentservice-7cff85ccd7-wtdrt"
"2026-06-11 18:23:57","2026-06-12 02:23:57","103776256","pod=paymentservice-7cff85ccd7-wtdrt"
"2026-06-11 18:24:12","2026-06-12 02:24:12","104030208","pod=paymentservice-7cff85ccd7-wtdrt"
"2026-06-11 18:24:27","2026-06-12 02:24:27","103387136","pod=paymentservice-7cff85ccd7-wtdrt"
"2026-06-11 18:24:42","2026-06-12 02:24:42","103636992","pod=paymentservice-7cff85ccd7-wtdrt"
"2026-06-11 18:24:57","2026-06-12 02:24:57","103899136","pod=paymentservice-7cff85ccd7-wtdrt"
"2026-06-11 18:25:12","2026-06-12 02:25:12","104185856","pod=paymentservice-7cff85ccd7-wtdrt"
"2026-06-11 18:25:27","2026-06-12 02:25:27","104185856","pod=paymentservice-7cff85ccd7-wtdrt"
"2026-06-11 18:25:42","2026-06-12 02:25:42","104488960","pod=paymentservice-7cff85ccd7-wtdrt"
"2026-06-11 18:25:57","2026-06-12 02:25:57","103964672","pod=paymentservice-7cff85ccd7-wtdrt"
"2026-06-11 18:26:12","2026-06-12 02:26:12","104214528","pod=paymentservice-7cff85ccd7-wtdrt"
"2026-06-11 18:26:27","2026-06-12 02:26:27","104472576","pod=paymentservice-7cff85ccd7-wtdrt"
"2026-06-11 18:26:42","2026-06-12 02:26:42","104620032","pod=paymentservice-7cff85ccd7-wtdrt"
"2026-06-11 18:26:57","2026-06-12 02:26:57","104873984","pod=paymentservice-7cff85ccd7-wtdrt"
"2026-06-11 18:27:12","2026-06-12 02:27:12","104468480","pod=paymentservice-7cff85ccd7-wtdrt"
"2026-06-11 18:27:27","2026-06-12 02:27:27","104726528","pod=paymentservice-7cff85ccd7-wtdrt"
"2026-06-11 18:27:42","2026-06-12 02:27:42","104996864","pod=paymentservice-7cff85ccd7-wtdrt"
"2026-06-11 18:27:57","2026-06-12 02:27:57","105201664","pod=paymentservice-7cff85ccd7-wtdrt"
"2026-06-11 18:28:12","2026-06-12 02:28:12","105201664","pod=paymentservice-7cff85ccd7-wtdrt"
"2026-06-11 18:28:27","2026-06-12 02:28:27","105472000","pod=paymentservice-7cff85ccd7-wtdrt"
"2026-06-11 18:28:42","2026-06-12 02:28:42","104988672","pod=paymentservice-7cff85ccd7-wtdrt"
"2026-06-11 18:28:57","2026-06-12 02:28:57","105123840","pod=paymentservice-7cff85ccd7-wtdrt"
"2026-06-11 18:29:12","2026-06-12 02:29:12","105361408","pod=paymentservice-7cff85ccd7-wtdrt"
"2026-06-11 18:29:27","2026-06-12 02:29:27","105717760","pod=paymentservice-7cff85ccd7-wtdrt"
"2026-06-11 18:29:42","2026-06-12 02:29:42","105893888","pod=paymentservice-7cff85ccd7-wtdrt"
"2026-06-11 18:29:57","2026-06-12 02:29:57","105644032","pod=paymentservice-7cff85ccd7-wtdrt"
"2026-06-11 18:30:12","2026-06-12 02:30:12","105742336","pod=paymentservice-7cff85ccd7-wtdrt"
"2026-06-11 18:30:27","2026-06-12 02:30:27","105742336","pod=paymentservice-7cff85ccd7-wtdrt"
"2026-06-11 18:30:42","2026-06-12 02:30:42","106160128","pod=paymentservice-7cff85ccd7-wtdrt"
"2026-06-11 18:30:57","2026-06-12 02:30:57","106455040","pod=paymentservice-7cff85ccd7-wtdrt"
"2026-06-11 18:31:12","2026-06-12 02:31:12","106606592","pod=paymentservice-7cff85ccd7-wtdrt"
"2026-06-11 18:31:27","2026-06-12 02:31:27","106012672","pod=paymentservice-7cff85ccd7-wtdrt"
"2026-06-11 18:31:42","2026-06-12 02:31:42","106221568","pod=paymentservice-7cff85ccd7-wtdrt"
"2026-06-11 18:31:57","2026-06-12 02:31:57","106577920","pod=paymentservice-7cff85ccd7-wtdrt"
"2026-06-11 18:32:12","2026-06-12 02:32:12","106577920","pod=paymentservice-7cff85ccd7-wtdrt"
"2026-06-11 18:32:27","2026-06-12 02:32:27","107036672","pod=paymentservice-7cff85ccd7-wtdrt"
"2026-06-11 18:32:42","2026-06-12 02:32:42","107036672","pod=paymentservice-7cff85ccd7-wtdrt"
"2026-06-11 18:32:57","2026-06-12 02:32:57","106913792","pod=paymentservice-7cff85ccd7-wtdrt"
"2026-06-11 18:33:12","2026-06-12 02:33:12","107028480","pod=paymentservice-7cff85ccd7-wtdrt"
"2026-06-11 18:33:27","2026-06-12 02:33:27","107302912","pod=paymentservice-7cff85ccd7-wtdrt"
"2026-06-11 18:33:42","2026-06-12 02:33:42","107610112","pod=paymentservice-7cff85ccd7-wtdrt"
"2026-06-11 18:33:57","2026-06-12 02:33:57","107847680","pod=paymentservice-7cff85ccd7-wtdrt"
"2026-06-11 18:34:12","2026-06-12 02:34:12","108187648","pod=paymentservice-7cff85ccd7-wtdrt"
"2026-06-11 18:34:27","2026-06-12 02:34:27","107515904","pod=paymentservice-7cff85ccd7-wtdrt"
"2026-06-11 18:34:42","2026-06-12 02:34:42","107687936","pod=paymentservice-7cff85ccd7-wtdrt"
"2026-06-11 18:34:57","2026-06-12 02:34:57","107929600","pod=paymentservice-7cff85ccd7-wtdrt"
"2026-06-11 18:35:12","2026-06-12 02:35:12","108191744","pod=paymentservice-7cff85ccd7-wtdrt"
"2026-06-11 18:35:27","2026-06-12 02:35:27","108507136","pod=paymentservice-7cff85ccd7-wtdrt"
"2026-06-11 18:35:42","2026-06-12 02:35:42","108617728","pod=paymentservice-7cff85ccd7-wtdrt"
"2026-06-11 18:35:57","2026-06-12 02:35:57","107921408","pod=paymentservice-7cff85ccd7-wtdrt"
"2026-06-11 18:36:12","2026-06-12 02:36:12","108183552","pod=paymentservice-7cff85ccd7-wtdrt"
"2026-06-11 18:36:27","2026-06-12 02:36:27","108646400","pod=paymentservice-7cff85ccd7-wtdrt"
"2026-06-11 18:36:42","2026-06-12 02:36:42","108646400","pod=paymentservice-7cff85ccd7-wtdrt"
"2026-06-11 18:36:57","2026-06-12 02:36:57","109244416","pod=paymentservice-7cff85ccd7-wtdrt"
"2026-06-11 18:37:12","2026-06-12 02:37:12","108392448","pod=paymentservice-7cff85ccd7-wtdrt"
"2026-06-11 18:37:27","2026-06-12 02:37:27","108724224","pod=paymentservice-7cff85ccd7-wtdrt"
"2026-06-11 18:37:42","2026-06-12 02:37:42","108924928","pod=paymentservice-7cff85ccd7-wtdrt"
"2026-06-11 18:37:57","2026-06-12 02:37:57","109150208","pod=paymentservice-7cff85ccd7-wtdrt"
"2026-06-11 18:38:12","2026-06-12 02:38:12","108748800","pod=paymentservice-7cff85ccd7-wtdrt"
"2026-06-11 18:38:27","2026-06-12 02:38:27","108748800","pod=paymentservice-7cff85ccd7-wtdrt"
"2026-06-11 18:38:42","2026-06-12 02:38:42","109068288","pod=paymentservice-7cff85ccd7-wtdrt"
"2026-06-11 18:38:57","2026-06-12 02:38:57","109264896","pod=paymentservice-7cff85ccd7-wtdrt"
"2026-06-11 18:39:12","2026-06-12 02:39:12","109727744","pod=paymentservice-7cff85ccd7-wtdrt"
"2026-06-11 18:39:27","2026-06-12 02:39:27","109891584","pod=paymentservice-7cff85ccd7-wtdrt"
"2026-06-11 18:39:42","2026-06-12 02:39:42","109211648","pod=paymentservice-7cff85ccd7-wtdrt"
"2026-06-11 18:39:57","2026-06-12 02:39:57","109211648","pod=paymentservice-7cff85ccd7-wtdrt"
"2026-06-11 18:40:12","2026-06-12 02:40:12","109486080","pod=paymentservice-7cff85ccd7-wtdrt"
"2026-06-11 18:40:27","2026-06-12 02:40:27","109596672","pod=paymentservice-7cff85ccd7-wtdrt"
"2026-06-11 18:40:42","2026-06-12 02:40:42","109879296","pod=paymentservice-7cff85ccd7-wtdrt"
"2026-06-11 18:40:57","2026-06-12 02:40:57","109535232","pod=paymentservice-7cff85ccd7-wtdrt"
"2026-06-11 18:41:12","2026-06-12 02:41:12","109535232","pod=paymentservice-7cff85ccd7-wtdrt"
"2026-06-11 18:41:27","2026-06-12 02:41:27","110075904","pod=paymentservice-7cff85ccd7-wtdrt"
"2026-06-11 18:41:42","2026-06-12 02:41:42","110272512","pod=paymentservice-7cff85ccd7-wtdrt"
"2026-06-11 18:41:57","2026-06-12 02:41:57","110272512","pod=paymentservice-7cff85ccd7-wtdrt"
"2026-06-11 18:42:12","2026-06-12 02:42:12","110018560","pod=paymentservice-7cff85ccd7-wtdrt"
"2026-06-11 18:42:27","2026-06-12 02:42:27","110313472","pod=paymentservice-7cff85ccd7-wtdrt"
"2026-06-11 18:42:42","2026-06-12 02:42:42","110542848","pod=paymentservice-7cff85ccd7-wtdrt"
"2026-06-11 18:42:57","2026-06-12 02:42:57","110542848","pod=paymentservice-7cff85ccd7-wtdrt"
"2026-06-11 18:43:12","2026-06-12 02:43:12","110919680","pod=paymentservice-7cff85ccd7-wtdrt"
"2026-06-11 18:43:27","2026-06-12 02:43:27","110321664","pod=paymentservice-7cff85ccd7-wtdrt"
"2026-06-11 18:43:42","2026-06-12 02:43:42","110321664","pod=paymentservice-7cff85ccd7-wtdrt"
"2026-06-11 18:43:57","2026-06-12 02:43:57","110587904","pod=paymentservice-7cff85ccd7-wtdrt"
"2026-06-11 18:44:12","2026-06-12 02:44:12","111026176","pod=paymentservice-7cff85ccd7-wtdrt"
"2026-06-11 18:44:27","2026-06-12 02:44:27","111026176","pod=paymentservice-7cff85ccd7-wtdrt"
"2026-06-11 18:44:42","2026-06-12 02:44:42","111304704","pod=paymentservice-7cff85ccd7-wtdrt"
"2026-06-11 18:44:57","2026-06-12 02:44:57","111517696","pod=paymentservice-7cff85ccd7-wtdrt"
"2026-06-11 18:45:12","2026-06-12 02:45:12","111058944","pod=paymentservice-7cff85ccd7-wtdrt"
"2026-06-11 18:45:27","2026-06-12 02:45:27","111292416","pod=paymentservice-7cff85ccd7-wtdrt"
"2026-06-11 18:45:42","2026-06-12 02:45:42","111423488","pod=paymentservice-7cff85ccd7-wtdrt"
"2026-06-11 18:45:57","2026-06-12 02:45:57","111808512","pod=paymentservice-7cff85ccd7-wtdrt"
"2026-06-11 18:46:12","2026-06-12 02:46:12","111808512","pod=paymentservice-7cff85ccd7-wtdrt"
"2026-06-11 18:46:27","2026-06-12 02:46:27","111452160","pod=paymentservice-7cff85ccd7-wtdrt"
"2026-06-11 18:46:42","2026-06-12 02:46:42","111575040","pod=paymentservice-7cff85ccd7-wtdrt"
"2026-06-11 18:46:57","2026-06-12 02:46:57","111718400","pod=paymentservice-7cff85ccd7-wtdrt"
"2026-06-11 18:47:12","2026-06-12 02:47:12","111992832","pod=paymentservice-7cff85ccd7-wtdrt"
"2026-06-11 18:47:27","2026-06-12 02:47:27","112250880","pod=paymentservice-7cff85ccd7-wtdrt"
"2026-06-11 18:47:42","2026-06-12 02:47:42","112250880","pod=paymentservice-7cff85ccd7-wtdrt"
"2026-06-11 18:47:57","2026-06-12 02:47:57","111898624","pod=paymentservice-7cff85ccd7-wtdrt"
"2026-06-11 18:48:12","2026-06-12 02:48:12","112123904","pod=paymentservice-7cff85ccd7-wtdrt"
"2026-06-11 18:48:27","2026-06-12 02:48:27","112123904","pod=paymentservice-7cff85ccd7-wtdrt"
"2026-06-11 18:48:42","2026-06-12 02:48:42","112504832","pod=paymentservice-7cff85ccd7-wtdrt"
"2026-06-11 18:48:57","2026-06-12 02:48:57","112660480","pod=paymentservice-7cff85ccd7-wtdrt"
"2026-06-11 18:49:12","2026-06-12 02:49:12","112181248","pod=paymentservice-7cff85ccd7-wtdrt"
"2026-06-11 18:49:27","2026-06-12 02:49:27","112279552","pod=paymentservice-7cff85ccd7-wtdrt"
"2026-06-11 18:49:42","2026-06-12 02:49:42","112676864","pod=paymentservice-7cff85ccd7-wtdrt"
"2026-06-11 18:49:57","2026-06-12 02:49:57","112676864","pod=paymentservice-7cff85ccd7-wtdrt"
"2026-06-11 18:50:12","2026-06-12 02:50:12","113053696","pod=paymentservice-7cff85ccd7-wtdrt"
"2026-06-11 18:50:27","2026-06-12 02:50:27","113274880","pod=paymentservice-7cff85ccd7-wtdrt"
"2026-06-11 18:50:42","2026-06-12 02:50:42","113438720","pod=paymentservice-7cff85ccd7-wtdrt"
"2026-06-11 18:50:57","2026-06-12 02:50:57","112840704","pod=paymentservice-7cff85ccd7-wtdrt"
"2026-06-11 18:51:12","2026-06-12 02:51:12","112996352","pod=paymentservice-7cff85ccd7-wtdrt"
"2026-06-11 18:51:27","2026-06-12 02:51:27","113152000","pod=paymentservice-7cff85ccd7-wtdrt"
"2026-06-11 18:51:42","2026-06-12 02:51:42","113467392","pod=paymentservice-7cff85ccd7-wtdrt"
"2026-06-11 18:51:57","2026-06-12 02:51:57","113721344","pod=paymentservice-7cff85ccd7-wtdrt"
"2026-06-11 18:52:12","2026-06-12 02:52:12","113979392","pod=paymentservice-7cff85ccd7-wtdrt"
"2026-06-11 18:52:27","2026-06-12 02:52:27","113455104","pod=paymentservice-7cff85ccd7-wtdrt"
"2026-06-11 18:52:42","2026-06-12 02:52:42","113754112","pod=paymentservice-7cff85ccd7-wtdrt"
"2026-06-11 18:52:57","2026-06-12 02:52:57","113897472","pod=paymentservice-7cff85ccd7-wtdrt"
"2026-06-11 18:53:12","2026-06-12 02:53:12","113897472","pod=paymentservice-7cff85ccd7-wtdrt"
"2026-06-11 18:53:27","2026-06-12 02:53:27","114180096","pod=paymentservice-7cff85ccd7-wtdrt"
"2026-06-11 18:53:42","2026-06-12 02:53:42","114413568","pod=paymentservice-7cff85ccd7-wtdrt"
"2026-06-11 18:53:57","2026-06-12 02:53:57","114077696","pod=paymentservice-7cff85ccd7-wtdrt"
"2026-06-11 18:54:12","2026-06-12 02:54:12","114208768","pod=paymentservice-7cff85ccd7-wtdrt"
"2026-06-11 18:54:27","2026-06-12 02:54:27","114429952","pod=paymentservice-7cff85ccd7-wtdrt"
"2026-06-11 18:54:42","2026-06-12 02:54:42","114597888","pod=paymentservice-7cff85ccd7-wtdrt"
"2026-06-11 18:54:57","2026-06-12 02:54:57","114778112","pod=paymentservice-7cff85ccd7-wtdrt"
"2026-06-11 18:55:12","2026-06-12 02:55:12","114946048","pod=paymentservice-7cff85ccd7-wtdrt"
"2026-06-11 18:55:27","2026-06-12 02:55:27","114532352","pod=paymentservice-7cff85ccd7-wtdrt"
"2026-06-11 18:55:42","2026-06-12 02:55:42","114708480","pod=paymentservice-7cff85ccd7-wtdrt"
"2026-06-11 18:55:57","2026-06-12 02:55:57","114823168","pod=paymentservice-7cff85ccd7-wtdrt"
"2026-06-11 18:56:12","2026-06-12 02:56:12","115064832","pod=paymentservice-7cff85ccd7-wtdrt"
"2026-06-11 18:56:27","2026-06-12 02:56:27","115572736","pod=paymentservice-7cff85ccd7-wtdrt"
"2026-06-11 18:56:42","2026-06-12 02:56:42","115572736","pod=paymentservice-7cff85ccd7-wtdrt"
"2026-06-11 18:56:57","2026-06-12 02:56:57","115675136","pod=paymentservice-7cff85ccd7-wtdrt"
"2026-06-11 18:57:12","2026-06-12 02:57:12","116015104","pod=paymentservice-7cff85ccd7-wtdrt"
"2026-06-11 18:57:27","2026-06-12 02:57:27","115761152","pod=paymentservice-7cff85ccd7-wtdrt"
"2026-06-11 18:57:42","2026-06-12 02:57:42","115761152","pod=paymentservice-7cff85ccd7-wtdrt"
"2026-06-11 18:57:57","2026-06-12 02:57:57","115994624","pod=paymentservice-7cff85ccd7-wtdrt"
"2026-06-11 18:58:12","2026-06-12 02:58:12","116117504","pod=paymentservice-7cff85ccd7-wtdrt"
"2026-06-11 18:58:27","2026-06-12 02:58:27","116301824","pod=paymentservice-7cff85ccd7-wtdrt"
"2026-06-11 18:58:42","2026-06-12 02:58:42","115712000","pod=paymentservice-7cff85ccd7-wtdrt"
"2026-06-11 18:58:57","2026-06-12 02:58:57","115908608","pod=paymentservice-7cff85ccd7-wtdrt"
"2026-06-11 18:59:12","2026-06-12 02:59:12","116371456","pod=paymentservice-7cff85ccd7-wtdrt"
"2026-06-11 18:59:27","2026-06-12 02:59:27","116510720","pod=paymentservice-7cff85ccd7-wtdrt"
"2026-06-11 18:59:42","2026-06-12 02:59:42","116793344","pod=paymentservice-7cff85ccd7-wtdrt"
"2026-06-11 18:59:57","2026-06-12 02:59:57","116137984","pod=paymentservice-7cff85ccd7-wtdrt"
"2026-06-11 19:00:12","2026-06-12 03:00:12","116297728","pod=paymentservice-7cff85ccd7-wtdrt"
"2026-06-11 19:00:27","2026-06-12 03:00:27","116432896","pod=paymentservice-7cff85ccd7-wtdrt"
"2026-06-11 19:00:42","2026-06-12 03:00:42","116695040","pod=paymentservice-7cff85ccd7-wtdrt"
"2026-06-11 19:00:57","2026-06-12 03:00:57","116891648","pod=paymentservice-7cff85ccd7-wtdrt"
"2026-06-11 19:01:12","2026-06-12 03:01:12","117051392","pod=paymentservice-7cff85ccd7-wtdrt"
"2026-06-11 19:01:27","2026-06-12 03:01:27","116723712","pod=paymentservice-7cff85ccd7-wtdrt"
"2026-06-11 19:01:42","2026-06-12 03:01:42","116723712","pod=paymentservice-7cff85ccd7-wtdrt"
"2026-06-11 19:01:57","2026-06-12 03:01:57","116985856","pod=paymentservice-7cff85ccd7-wtdrt"
"2026-06-11 19:02:12","2026-06-12 03:02:12","117219328","pod=paymentservice-7cff85ccd7-wtdrt"
"2026-06-11 19:02:27","2026-06-12 03:02:27","117379072","pod=paymentservice-7cff85ccd7-wtdrt"
"2026-06-11 19:02:42","2026-06-12 03:02:42","117608448","pod=paymentservice-7cff85ccd7-wtdrt"
"2026-06-11 19:02:57","2026-06-12 03:02:57","117096448","pod=paymentservice-7cff85ccd7-wtdrt"
"2026-06-11 19:03:12","2026-06-12 03:03:12","117235712","pod=paymentservice-7cff85ccd7-wtdrt"
"2026-06-11 19:03:27","2026-06-12 03:03:27","117514240","pod=paymentservice-7cff85ccd7-wtdrt"
"2026-06-11 19:03:42","2026-06-12 03:03:42","117624832","pod=paymentservice-7cff85ccd7-wtdrt"
"2026-06-11 19:03:57","2026-06-12 03:03:57","117944320","pod=paymentservice-7cff85ccd7-wtdrt"
"2026-06-11 19:04:12","2026-06-12 03:04:12","118169600","pod=paymentservice-7cff85ccd7-wtdrt"
"2026-06-11 19:04:27","2026-06-12 03:04:27","117641216","pod=paymentservice-7cff85ccd7-wtdrt"
"2026-06-11 19:04:42","2026-06-12 03:04:42","117878784","pod=paymentservice-7cff85ccd7-wtdrt"
"2026-06-11 19:04:57","2026-06-12 03:04:57","118034432","pod=paymentservice-7cff85ccd7-wtdrt"
"2026-06-11 19:05:12","2026-06-12 03:05:12","118190080","pod=paymentservice-7cff85ccd7-wtdrt"
"2026-06-11 19:05:27","2026-06-12 03:05:27","118374400","pod=paymentservice-7cff85ccd7-wtdrt"
"2026-06-11 19:05:42","2026-06-12 03:05:42","118632448","pod=paymentservice-7cff85ccd7-wtdrt"
"2026-06-11 19:05:57","2026-06-12 03:05:57","118865920","pod=paymentservice-7cff85ccd7-wtdrt"
"2026-06-11 19:06:12","2026-06-12 03:06:12","118865920","pod=paymentservice-7cff85ccd7-wtdrt"
"2026-06-11 19:06:27","2026-06-12 03:06:27","118439936","pod=paymentservice-7cff85ccd7-wtdrt"
"2026-06-11 19:06:42","2026-06-12 03:06:42","118546432","pod=paymentservice-7cff85ccd7-wtdrt"
"2026-06-11 19:06:57","2026-06-12 03:06:57","118800384","pod=paymentservice-7cff85ccd7-wtdrt"
"2026-06-11 19:07:12","2026-06-12 03:07:12","118910976","pod=paymentservice-7cff85ccd7-wtdrt"
"2026-06-11 19:07:27","2026-06-12 03:07:27","118423552","pod=paymentservice-7cff85ccd7-wtdrt"
"2026-06-11 19:07:42","2026-06-12 03:07:42","118566912","pod=paymentservice-7cff85ccd7-wtdrt"
"2026-06-11 19:07:57","2026-06-12 03:07:57","118722560","pod=paymentservice-7cff85ccd7-wtdrt"
"2026-06-11 19:08:12","2026-06-12 03:08:12","118943744","pod=paymentservice-7cff85ccd7-wtdrt"
"2026-06-11 19:08:27","2026-06-12 03:08:27","119246848","pod=paymentservice-7cff85ccd7-wtdrt"
"2026-06-11 19:08:42","2026-06-12 03:08:42","119394304","pod=paymentservice-7cff85ccd7-wtdrt"
"2026-06-11 19:08:57","2026-06-12 03:08:57","118906880","pod=paymentservice-7cff85ccd7-wtdrt"
"2026-06-11 19:09:12","2026-06-12 03:09:12","119144448","pod=paymentservice-7cff85ccd7-wtdrt"
"2026-06-11 19:09:27","2026-06-12 03:09:27","119328768","pod=paymentservice-7cff85ccd7-wtdrt"
"2026-06-11 19:09:42","2026-06-12 03:09:42","119463936","pod=paymentservice-7cff85ccd7-wtdrt"
"2026-06-11 19:09:57","2026-06-12 03:09:57","119713792","pod=paymentservice-7cff85ccd7-wtdrt"
"2026-06-11 19:10:12","2026-06-12 03:10:12","119713792","pod=paymentservice-7cff85ccd7-wtdrt"
"2026-06-11 19:10:27","2026-06-12 03:10:27","119992320","pod=paymentservice-7cff85ccd7-wtdrt"
"2026-06-11 19:10:42","2026-06-12 03:10:42","119386112","pod=paymentservice-7cff85ccd7-wtdrt"
"2026-06-11 19:10:57","2026-06-12 03:10:57","119652352","pod=paymentservice-7cff85ccd7-wtdrt"
"2026-06-11 19:11:12","2026-06-12 03:11:12","120020992","pod=paymentservice-7cff85ccd7-wtdrt"
"2026-06-11 19:11:27","2026-06-12 03:11:27","120020992","pod=paymentservice-7cff85ccd7-wtdrt"
"2026-06-11 19:11:42","2026-06-12 03:11:42","120348672","pod=paymentservice-7cff85ccd7-wtdrt"
"2026-06-11 19:11:57","2026-06-12 03:11:57","120561664","pod=paymentservice-7cff85ccd7-wtdrt"
"2026-06-11 19:12:12","2026-06-12 03:12:12","120827904","pod=paymentservice-7cff85ccd7-wtdrt"
"2026-06-11 19:12:27","2026-06-12 03:12:27","120217600","pod=paymentservice-7cff85ccd7-wtdrt"
"2026-06-11 19:12:42","2026-06-12 03:12:42","120356864","pod=paymentservice-7cff85ccd7-wtdrt"
"2026-06-11 19:12:57","2026-06-12 03:12:57","120676352","pod=paymentservice-7cff85ccd7-wtdrt"
"2026-06-11 19:13:12","2026-06-12 03:13:12","120782848","pod=paymentservice-7cff85ccd7-wtdrt"
"2026-06-11 19:13:27","2026-06-12 03:13:27","121016320","pod=paymentservice-7cff85ccd7-wtdrt"
"2026-06-11 19:13:42","2026-06-12 03:13:42","120700928","pod=paymentservice-7cff85ccd7-wtdrt"
"2026-06-11 19:13:57","2026-06-12 03:13:57","120700928","pod=paymentservice-7cff85ccd7-wtdrt"
"2026-06-11 19:14:12","2026-06-12 03:14:12","121094144","pod=paymentservice-7cff85ccd7-wtdrt"
"2026-06-11 19:14:27","2026-06-12 03:14:27","121298944","pod=paymentservice-7cff85ccd7-wtdrt"
"2026-06-11 19:14:42","2026-06-12 03:14:42","121577472","pod=paymentservice-7cff85ccd7-wtdrt"
"2026-06-11 19:14:57","2026-06-12 03:14:57","122040320","pod=paymentservice-7cff85ccd7-wtdrt"
"2026-06-11 19:15:12","2026-06-12 03:15:12","122040320","pod=paymentservice-7cff85ccd7-wtdrt"
"2026-06-11 19:15:27","2026-06-12 03:15:27","121978880","pod=paymentservice-7cff85ccd7-wtdrt"
"2026-06-11 19:15:42","2026-06-12 03:15:42","121569280","pod=paymentservice-7cff85ccd7-wtdrt"
"2026-06-11 19:15:57","2026-06-12 03:15:57","121847808","pod=paymentservice-7cff85ccd7-wtdrt"
"2026-06-11 19:16:12","2026-06-12 03:16:12","122093568","pod=paymentservice-7cff85ccd7-wtdrt"
"2026-06-11 19:16:27","2026-06-12 03:16:27","122093568","pod=paymentservice-7cff85ccd7-wtdrt"
"2026-06-11 19:16:42","2026-06-12 03:16:42","122396672","pod=paymentservice-7cff85ccd7-wtdrt"
"2026-06-11 19:16:57","2026-06-12 03:16:57","122712064","pod=paymentservice-7cff85ccd7-wtdrt"
"2026-06-11 19:17:12","2026-06-12 03:17:12","122155008","pod=paymentservice-7cff85ccd7-wtdrt"
"2026-06-11 19:17:27","2026-06-12 03:17:27","122327040","pod=paymentservice-7cff85ccd7-wtdrt"
"2026-06-11 19:17:42","2026-06-12 03:17:42","122687488","pod=paymentservice-7cff85ccd7-wtdrt"
"2026-06-11 19:17:57","2026-06-12 03:17:57","122855424","pod=paymentservice-7cff85ccd7-wtdrt"
"2026-06-11 19:18:12","2026-06-12 03:18:12","122961920","pod=paymentservice-7cff85ccd7-wtdrt"
"2026-06-11 19:18:27","2026-06-12 03:18:27","123236352","pod=paymentservice-7cff85ccd7-wtdrt"
"2026-06-11 19:18:42","2026-06-12 03:18:42","122687488","pod=paymentservice-7cff85ccd7-wtdrt"
"2026-06-11 19:18:57","2026-06-12 03:18:57","122900480","pod=paymentservice-7cff85ccd7-wtdrt"
"2026-06-11 19:19:12","2026-06-12 03:19:12","122900480","pod=paymentservice-7cff85ccd7-wtdrt"
"2026-06-11 19:19:27","2026-06-12 03:19:27","123269120","pod=paymentservice-7cff85ccd7-wtdrt"
"2026-06-11 19:19:42","2026-06-12 03:19:42","123412480","pod=paymentservice-7cff85ccd7-wtdrt"
"2026-06-11 19:19:57","2026-06-12 03:19:57","123719680","pod=paymentservice-7cff85ccd7-wtdrt"
"2026-06-11 19:20:12","2026-06-12 03:20:12","123863040","pod=paymentservice-7cff85ccd7-wtdrt"
"2026-06-11 19:20:27","2026-06-12 03:20:27","124030976","pod=paymentservice-7cff85ccd7-wtdrt"
"2026-06-11 19:20:42","2026-06-12 03:20:42","123559936","pod=paymentservice-7cff85ccd7-wtdrt"
"2026-06-11 19:20:57","2026-06-12 03:20:57","123867136","pod=paymentservice-7cff85ccd7-wtdrt"
"2026-06-11 19:21:12","2026-06-12 03:21:12","123867136","pod=paymentservice-7cff85ccd7-wtdrt"
"2026-06-11 19:21:27","2026-06-12 03:21:27","124239872","pod=paymentservice-7cff85ccd7-wtdrt"
"2026-06-11 19:21:42","2026-06-12 03:21:42","124493824","pod=paymentservice-7cff85ccd7-wtdrt"
"2026-06-11 19:21:57","2026-06-12 03:21:57","124628992","pod=paymentservice-7cff85ccd7-wtdrt"
"2026-06-11 19:22:12","2026-06-12 03:22:12","124137472","pod=paymentservice-7cff85ccd7-wtdrt"
"2026-06-11 19:22:27","2026-06-12 03:22:27","124137472","pod=paymentservice-7cff85ccd7-wtdrt"
"2026-06-11 19:22:42","2026-06-12 03:22:42","124399616","pod=paymentservice-7cff85ccd7-wtdrt"
"2026-06-11 19:22:57","2026-06-12 03:22:57","124727296","pod=paymentservice-7cff85ccd7-wtdrt"
"2026-06-11 19:23:12","2026-06-12 03:23:12","124260352","pod=paymentservice-7cff85ccd7-wtdrt"
"2026-06-11 19:23:27","2026-06-12 03:23:27","124260352","pod=paymentservice-7cff85ccd7-wtdrt"
"2026-06-11 19:23:42","2026-06-12 03:23:42","124575744","pod=paymentservice-7cff85ccd7-wtdrt"
"2026-06-11 19:23:57","2026-06-12 03:23:57","124796928","pod=paymentservice-7cff85ccd7-wtdrt"
"2026-06-11 19:24:12","2026-06-12 03:24:12","125009920","pod=paymentservice-7cff85ccd7-wtdrt"
"2026-06-11 19:24:27","2026-06-12 03:24:27","125251584","pod=paymentservice-7cff85ccd7-wtdrt"
"2026-06-11 19:24:42","2026-06-12 03:24:42","125415424","pod=paymentservice-7cff85ccd7-wtdrt"
"2026-06-11 19:24:57","2026-06-12 03:24:57","124932096","pod=paymentservice-7cff85ccd7-wtdrt"
"2026-06-11 19:25:12","2026-06-12 03:25:12","125173760","pod=paymentservice-7cff85ccd7-wtdrt"
"2026-06-11 19:25:27","2026-06-12 03:25:27","125407232","pod=paymentservice-7cff85ccd7-wtdrt"
"2026-06-11 19:25:42","2026-06-12 03:25:42","125648896","pod=paymentservice-7cff85ccd7-wtdrt"
"2026-06-11 19:25:57","2026-06-12 03:25:57","125648896","pod=paymentservice-7cff85ccd7-wtdrt"
"2026-06-11 19:26:12","2026-06-12 03:26:12","126091264","pod=paymentservice-7cff85ccd7-wtdrt"
"2026-06-11 19:26:27","2026-06-12 03:26:27","125366272","pod=paymentservice-7cff85ccd7-wtdrt"
"2026-06-11 19:26:42","2026-06-12 03:26:42","125632512","pod=paymentservice-7cff85ccd7-wtdrt"
"2026-06-11 19:26:57","2026-06-12 03:26:57","125632512","pod=paymentservice-7cff85ccd7-wtdrt"
"2026-06-11 17:26:57","2026-06-12 01:26:57","12390400","pod=productcatalogservice-54c86d9f79-xc76x"
"2026-06-11 17:27:12","2026-06-12 01:27:12","11878400","pod=productcatalogservice-54c86d9f79-xc76x"
"2026-06-11 17:27:27","2026-06-12 01:27:27","12034048","pod=productcatalogservice-54c86d9f79-xc76x"
"2026-06-11 17:27:42","2026-06-12 01:27:42","11833344","pod=productcatalogservice-54c86d9f79-xc76x"
"2026-06-11 17:27:57","2026-06-12 01:27:57","11833344","pod=productcatalogservice-54c86d9f79-xc76x"
"2026-06-11 17:28:12","2026-06-12 01:28:12","11833344","pod=productcatalogservice-54c86d9f79-xc76x"
"2026-06-11 17:28:27","2026-06-12 01:28:27","12185600","pod=productcatalogservice-54c86d9f79-xc76x"
"2026-06-11 17:28:42","2026-06-12 01:28:42","12021760","pod=productcatalogservice-54c86d9f79-xc76x"
"2026-06-11 17:28:57","2026-06-12 01:28:57","12054528","pod=productcatalogservice-54c86d9f79-xc76x"
"2026-06-11 17:29:12","2026-06-12 01:29:12","12181504","pod=productcatalogservice-54c86d9f79-xc76x"
"2026-06-11 17:29:27","2026-06-12 01:29:27","11894784","pod=productcatalogservice-54c86d9f79-xc76x"
"2026-06-11 17:29:42","2026-06-12 01:29:42","12279808","pod=productcatalogservice-54c86d9f79-xc76x"
"2026-06-11 17:29:57","2026-06-12 01:29:57","11739136","pod=productcatalogservice-54c86d9f79-xc76x"
"2026-06-11 17:30:12","2026-06-12 01:30:12","11747328","pod=productcatalogservice-54c86d9f79-xc76x"
"2026-06-11 17:30:27","2026-06-12 01:30:27","11988992","pod=productcatalogservice-54c86d9f79-xc76x"
"2026-06-11 17:30:42","2026-06-12 01:30:42","12013568","pod=productcatalogservice-54c86d9f79-xc76x"
"2026-06-11 17:30:57","2026-06-12 01:30:57","12095488","pod=productcatalogservice-54c86d9f79-xc76x"
"2026-06-11 17:31:12","2026-06-12 01:31:12","12095488","pod=productcatalogservice-54c86d9f79-xc76x"
"2026-06-11 17:31:27","2026-06-12 01:31:27","12255232","pod=productcatalogservice-54c86d9f79-xc76x"
"2026-06-11 17:31:42","2026-06-12 01:31:42","12251136","pod=productcatalogservice-54c86d9f79-xc76x"
"2026-06-11 17:31:57","2026-06-12 01:31:57","12320768","pod=productcatalogservice-54c86d9f79-xc76x"
"2026-06-11 17:32:12","2026-06-12 01:32:12","12599296","pod=productcatalogservice-54c86d9f79-xc76x"
"2026-06-11 17:32:27","2026-06-12 01:32:27","11837440","pod=productcatalogservice-54c86d9f79-xc76x"
"2026-06-11 17:32:42","2026-06-12 01:32:42","12320768","pod=productcatalogservice-54c86d9f79-xc76x"
"2026-06-11 17:32:57","2026-06-12 01:32:57","12230656","pod=productcatalogservice-54c86d9f79-xc76x"
"2026-06-11 17:33:12","2026-06-12 01:33:12","12382208","pod=productcatalogservice-54c86d9f79-xc76x"
"2026-06-11 17:33:27","2026-06-12 01:33:27","11845632","pod=productcatalogservice-54c86d9f79-xc76x"
"2026-06-11 17:33:42","2026-06-12 01:33:42","12148736","pod=productcatalogservice-54c86d9f79-xc76x"
"2026-06-11 17:33:57","2026-06-12 01:33:57","12423168","pod=productcatalogservice-54c86d9f79-xc76x"
"2026-06-11 17:34:12","2026-06-12 01:34:12","11935744","pod=productcatalogservice-54c86d9f79-xc76x"
"2026-06-11 17:34:27","2026-06-12 01:34:27","12038144","pod=productcatalogservice-54c86d9f79-xc76x"
"2026-06-11 17:34:42","2026-06-12 01:34:42","11890688","pod=productcatalogservice-54c86d9f79-xc76x"
"2026-06-11 17:34:57","2026-06-12 01:34:57","12423168","pod=productcatalogservice-54c86d9f79-xc76x"
"2026-06-11 17:35:12","2026-06-12 01:35:12","11972608","pod=productcatalogservice-54c86d9f79-xc76x"
"2026-06-11 17:35:27","2026-06-12 01:35:27","11972608","pod=productcatalogservice-54c86d9f79-xc76x"
"2026-06-11 17:35:42","2026-06-12 01:35:42","11890688","pod=productcatalogservice-54c86d9f79-xc76x"
"2026-06-11 17:35:57","2026-06-12 01:35:57","12038144","pod=productcatalogservice-54c86d9f79-xc76x"
"2026-06-11 17:36:12","2026-06-12 01:36:12","12046336","pod=productcatalogservice-54c86d9f79-xc76x"
"2026-06-11 17:36:27","2026-06-12 01:36:27","12496896","pod=productcatalogservice-54c86d9f79-xc76x"
"2026-06-11 17:36:42","2026-06-12 01:36:42","12496896","pod=productcatalogservice-54c86d9f79-xc76x"
"2026-06-11 17:36:57","2026-06-12 01:36:57","11902976","pod=productcatalogservice-54c86d9f79-xc76x"
"2026-06-11 17:37:12","2026-06-12 01:37:12","12345344","pod=productcatalogservice-54c86d9f79-xc76x"
"2026-06-11 17:37:27","2026-06-12 01:37:27","12050432","pod=productcatalogservice-54c86d9f79-xc76x"
"2026-06-11 17:37:42","2026-06-12 01:37:42","12238848","pod=productcatalogservice-54c86d9f79-xc76x"
"2026-06-11 17:37:57","2026-06-12 01:37:57","12984320","pod=productcatalogservice-54c86d9f79-xc76x"
"2026-06-11 17:38:12","2026-06-12 01:38:12","12582912","pod=productcatalogservice-54c86d9f79-xc76x"
"2026-06-11 17:38:27","2026-06-12 01:38:27","12922880","pod=productcatalogservice-54c86d9f79-xc76x"
"2026-06-11 17:38:42","2026-06-12 01:38:42","12922880","pod=productcatalogservice-54c86d9f79-xc76x"
"2026-06-11 17:38:57","2026-06-12 01:38:57","11988992","pod=productcatalogservice-54c86d9f79-xc76x"
"2026-06-11 17:39:12","2026-06-12 01:39:12","12513280","pod=productcatalogservice-54c86d9f79-xc76x"
"2026-06-11 17:39:27","2026-06-12 01:39:27","12029952","pod=productcatalogservice-54c86d9f79-xc76x"
"2026-06-11 17:39:42","2026-06-12 01:39:42","12029952","pod=productcatalogservice-54c86d9f79-xc76x"
"2026-06-11 17:39:57","2026-06-12 01:39:57","12128256","pod=productcatalogservice-54c86d9f79-xc76x"
"2026-06-11 17:40:12","2026-06-12 01:40:12","12509184","pod=productcatalogservice-54c86d9f79-xc76x"
"2026-06-11 17:40:27","2026-06-12 01:40:27","12402688","pod=productcatalogservice-54c86d9f79-xc76x"
"2026-06-11 17:40:42","2026-06-12 01:40:42","12537856","pod=productcatalogservice-54c86d9f79-xc76x"
"2026-06-11 17:40:57","2026-06-12 01:40:57","11960320","pod=productcatalogservice-54c86d9f79-xc76x"
"2026-06-11 17:41:12","2026-06-12 01:41:12","12787712","pod=productcatalogservice-54c86d9f79-xc76x"
"2026-06-11 17:41:27","2026-06-12 01:41:27","12263424","pod=productcatalogservice-54c86d9f79-xc76x"
"2026-06-11 17:41:42","2026-06-12 01:41:42","12263424","pod=productcatalogservice-54c86d9f79-xc76x"
"2026-06-11 17:41:57","2026-06-12 01:41:57","12591104","pod=productcatalogservice-54c86d9f79-xc76x"
"2026-06-11 17:42:12","2026-06-12 01:42:12","12107776","pod=productcatalogservice-54c86d9f79-xc76x"
"2026-06-11 17:42:27","2026-06-12 01:42:27","12128256","pod=productcatalogservice-54c86d9f79-xc76x"
"2026-06-11 17:42:42","2026-06-12 01:42:42","12398592","pod=productcatalogservice-54c86d9f79-xc76x"
"2026-06-11 17:42:57","2026-06-12 01:42:57","12038144","pod=productcatalogservice-54c86d9f79-xc76x"
"2026-06-11 17:43:12","2026-06-12 01:43:12","12079104","pod=productcatalogservice-54c86d9f79-xc76x"
"2026-06-11 17:43:27","2026-06-12 01:43:27","12079104","pod=productcatalogservice-54c86d9f79-xc76x"
"2026-06-11 17:43:42","2026-06-12 01:43:42","12075008","pod=productcatalogservice-54c86d9f79-xc76x"
"2026-06-11 17:43:57","2026-06-12 01:43:57","12242944","pod=productcatalogservice-54c86d9f79-xc76x"
"2026-06-11 17:44:12","2026-06-12 01:44:12","12247040","pod=productcatalogservice-54c86d9f79-xc76x"
"2026-06-11 17:44:27","2026-06-12 01:44:27","12578816","pod=productcatalogservice-54c86d9f79-xc76x"
"2026-06-11 17:44:42","2026-06-12 01:44:42","12578816","pod=productcatalogservice-54c86d9f79-xc76x"
"2026-06-11 17:44:57","2026-06-12 01:44:57","12042240","pod=productcatalogservice-54c86d9f79-xc76x"
"2026-06-11 17:45:12","2026-06-12 01:45:12","12533760","pod=productcatalogservice-54c86d9f79-xc76x"
"2026-06-11 17:45:27","2026-06-12 01:45:27","12533760","pod=productcatalogservice-54c86d9f79-xc76x"
"2026-06-11 17:45:42","2026-06-12 01:45:42","12050432","pod=productcatalogservice-54c86d9f79-xc76x"
"2026-06-11 17:45:57","2026-06-12 01:45:57","12222464","pod=productcatalogservice-54c86d9f79-xc76x"
"2026-06-11 17:46:12","2026-06-12 01:46:12","12521472","pod=productcatalogservice-54c86d9f79-xc76x"
"2026-06-11 17:46:27","2026-06-12 01:46:27","12636160","pod=productcatalogservice-54c86d9f79-xc76x"
"2026-06-11 17:46:42","2026-06-12 01:46:42","13086720","pod=productcatalogservice-54c86d9f79-xc76x"
"2026-06-11 17:46:57","2026-06-12 01:46:57","12115968","pod=productcatalogservice-54c86d9f79-xc76x"
"2026-06-11 17:47:12","2026-06-12 01:47:12","11886592","pod=productcatalogservice-54c86d9f79-xc76x"
"2026-06-11 17:47:27","2026-06-12 01:47:27","12034048","pod=productcatalogservice-54c86d9f79-xc76x"
"2026-06-11 17:47:42","2026-06-12 01:47:42","12222464","pod=productcatalogservice-54c86d9f79-xc76x"
"2026-06-11 17:47:57","2026-06-12 01:47:57","12251136","pod=productcatalogservice-54c86d9f79-xc76x"
"2026-06-11 17:48:12","2026-06-12 01:48:12","12251136","pod=productcatalogservice-54c86d9f79-xc76x"
"2026-06-11 17:48:27","2026-06-12 01:48:27","12521472","pod=productcatalogservice-54c86d9f79-xc76x"
"2026-06-11 17:48:42","2026-06-12 01:48:42","12161024","pod=productcatalogservice-54c86d9f79-xc76x"
"2026-06-11 17:48:57","2026-06-12 01:48:57","12161024","pod=productcatalogservice-54c86d9f79-xc76x"
"2026-06-11 17:49:12","2026-06-12 01:49:12","12107776","pod=productcatalogservice-54c86d9f79-xc76x"
"2026-06-11 17:49:27","2026-06-12 01:49:27","12496896","pod=productcatalogservice-54c86d9f79-xc76x"
"2026-06-11 17:49:42","2026-06-12 01:49:42","12447744","pod=productcatalogservice-54c86d9f79-xc76x"
"2026-06-11 17:49:57","2026-06-12 01:49:57","12324864","pod=productcatalogservice-54c86d9f79-xc76x"
"2026-06-11 17:50:12","2026-06-12 01:50:12","12107776","pod=productcatalogservice-54c86d9f79-xc76x"
"2026-06-11 17:50:27","2026-06-12 01:50:27","12242944","pod=productcatalogservice-54c86d9f79-xc76x"
"2026-06-11 17:50:42","2026-06-12 01:50:42","12890112","pod=productcatalogservice-54c86d9f79-xc76x"
"2026-06-11 17:50:57","2026-06-12 01:50:57","12398592","pod=productcatalogservice-54c86d9f79-xc76x"
"2026-06-11 17:51:12","2026-06-12 01:51:12","11980800","pod=productcatalogservice-54c86d9f79-xc76x"
"2026-06-11 17:51:27","2026-06-12 01:51:27","11980800","pod=productcatalogservice-54c86d9f79-xc76x"
"2026-06-11 17:51:42","2026-06-12 01:51:42","12042240","pod=productcatalogservice-54c86d9f79-xc76x"
"2026-06-11 17:51:57","2026-06-12 01:51:57","12087296","pod=productcatalogservice-54c86d9f79-xc76x"
"2026-06-11 17:52:12","2026-06-12 01:52:12","12193792","pod=productcatalogservice-54c86d9f79-xc76x"
"2026-06-11 17:52:27","2026-06-12 01:52:27","12255232","pod=productcatalogservice-54c86d9f79-xc76x"
"2026-06-11 17:52:42","2026-06-12 01:52:42","12288000","pod=productcatalogservice-54c86d9f79-xc76x"
"2026-06-11 17:52:57","2026-06-12 01:52:57","12296192","pod=productcatalogservice-54c86d9f79-xc76x"
"2026-06-11 17:53:12","2026-06-12 01:53:12","12296192","pod=productcatalogservice-54c86d9f79-xc76x"
"2026-06-11 17:53:27","2026-06-12 01:53:27","12292096","pod=productcatalogservice-54c86d9f79-xc76x"
"2026-06-11 17:53:42","2026-06-12 01:53:42","12292096","pod=productcatalogservice-54c86d9f79-xc76x"
"2026-06-11 17:53:57","2026-06-12 01:53:57","12324864","pod=productcatalogservice-54c86d9f79-xc76x"
"2026-06-11 17:54:12","2026-06-12 01:54:12","12128256","pod=productcatalogservice-54c86d9f79-xc76x"
"2026-06-11 17:54:27","2026-06-12 01:54:27","12365824","pod=productcatalogservice-54c86d9f79-xc76x"
"2026-06-11 17:54:42","2026-06-12 01:54:42","12369920","pod=productcatalogservice-54c86d9f79-xc76x"
"2026-06-11 17:54:57","2026-06-12 01:54:57","12206080","pod=productcatalogservice-54c86d9f79-xc76x"
"2026-06-11 17:55:12","2026-06-12 01:55:12","12582912","pod=productcatalogservice-54c86d9f79-xc76x"
"2026-06-11 17:55:27","2026-06-12 01:55:27","12111872","pod=productcatalogservice-54c86d9f79-xc76x"
"2026-06-11 17:55:42","2026-06-12 01:55:42","12308480","pod=productcatalogservice-54c86d9f79-xc76x"
"2026-06-11 17:55:57","2026-06-12 01:55:57","12374016","pod=productcatalogservice-54c86d9f79-xc76x"
"2026-06-11 17:56:12","2026-06-12 01:56:12","11915264","pod=productcatalogservice-54c86d9f79-xc76x"
"2026-06-11 17:56:27","2026-06-12 01:56:27","12058624","pod=productcatalogservice-54c86d9f79-xc76x"
"2026-06-11 17:56:42","2026-06-12 01:56:42","12058624","pod=productcatalogservice-54c86d9f79-xc76x"
"2026-06-11 17:56:57","2026-06-12 01:56:57","12021760","pod=productcatalogservice-54c86d9f79-xc76x"
"2026-06-11 17:57:12","2026-06-12 01:57:12","12156928","pod=productcatalogservice-54c86d9f79-xc76x"
"2026-06-11 17:57:27","2026-06-12 01:57:27","11984896","pod=productcatalogservice-54c86d9f79-xc76x"
"2026-06-11 17:57:42","2026-06-12 01:57:42","11984896","pod=productcatalogservice-54c86d9f79-xc76x"
"2026-06-11 17:57:57","2026-06-12 01:57:57","12103680","pod=productcatalogservice-54c86d9f79-xc76x"
"2026-06-11 17:58:12","2026-06-12 01:58:12","12414976","pod=productcatalogservice-54c86d9f79-xc76x"
"2026-06-11 17:58:27","2026-06-12 01:58:27","12410880","pod=productcatalogservice-54c86d9f79-xc76x"
"2026-06-11 17:58:42","2026-06-12 01:58:42","12484608","pod=productcatalogservice-54c86d9f79-xc76x"
"2026-06-11 17:58:57","2026-06-12 01:58:57","12492800","pod=productcatalogservice-54c86d9f79-xc76x"
"2026-06-11 17:59:12","2026-06-12 01:59:12","12107776","pod=productcatalogservice-54c86d9f79-xc76x"
"2026-06-11 17:59:27","2026-06-12 01:59:27","12455936","pod=productcatalogservice-54c86d9f79-xc76x"
"2026-06-11 17:59:42","2026-06-12 01:59:42","12206080","pod=productcatalogservice-54c86d9f79-xc76x"
"2026-06-11 17:59:57","2026-06-12 01:59:57","12984320","pod=productcatalogservice-54c86d9f79-xc76x"
"2026-06-11 18:00:12","2026-06-12 02:00:12","12632064","pod=productcatalogservice-54c86d9f79-xc76x"
"2026-06-11 18:00:27","2026-06-12 02:00:27","12632064","pod=productcatalogservice-54c86d9f79-xc76x"
"2026-06-11 18:00:42","2026-06-12 02:00:42","12402688","pod=productcatalogservice-54c86d9f79-xc76x"
"2026-06-11 18:00:57","2026-06-12 02:00:57","12402688","pod=productcatalogservice-54c86d9f79-xc76x"
"2026-06-11 18:01:12","2026-06-12 02:01:12","12500992","pod=productcatalogservice-54c86d9f79-xc76x"
"2026-06-11 18:01:27","2026-06-12 02:01:27","12677120","pod=productcatalogservice-54c86d9f79-xc76x"
"2026-06-11 18:01:42","2026-06-12 02:01:42","12058624","pod=productcatalogservice-54c86d9f79-xc76x"
"2026-06-11 18:01:57","2026-06-12 02:01:57","12271616","pod=productcatalogservice-54c86d9f79-xc76x"
"2026-06-11 18:02:12","2026-06-12 02:02:12","12201984","pod=productcatalogservice-54c86d9f79-xc76x"
"2026-06-11 18:02:27","2026-06-12 02:02:27","13266944","pod=productcatalogservice-54c86d9f79-xc76x"
"2026-06-11 18:02:42","2026-06-12 02:02:42","12173312","pod=productcatalogservice-54c86d9f79-xc76x"
"2026-06-11 18:02:57","2026-06-12 02:02:57","12398592","pod=productcatalogservice-54c86d9f79-xc76x"
"2026-06-11 18:03:12","2026-06-12 02:03:12","12374016","pod=productcatalogservice-54c86d9f79-xc76x"
"2026-06-11 18:03:27","2026-06-12 02:03:27","12537856","pod=productcatalogservice-54c86d9f79-xc76x"
"2026-06-11 18:03:42","2026-06-12 02:03:42","11862016","pod=productcatalogservice-54c86d9f79-xc76x"
"2026-06-11 18:03:57","2026-06-12 02:03:57","11923456","pod=productcatalogservice-54c86d9f79-xc76x"
"2026-06-11 18:04:12","2026-06-12 02:04:12","11923456","pod=productcatalogservice-54c86d9f79-xc76x"
"2026-06-11 18:04:27","2026-06-12 02:04:27","12189696","pod=productcatalogservice-54c86d9f79-xc76x"
"2026-06-11 18:04:42","2026-06-12 02:04:42","12111872","pod=productcatalogservice-54c86d9f79-xc76x"
"2026-06-11 18:04:57","2026-06-12 02:04:57","12673024","pod=productcatalogservice-54c86d9f79-xc76x"
"2026-06-11 18:05:12","2026-06-12 02:05:12","12111872","pod=productcatalogservice-54c86d9f79-xc76x"
"2026-06-11 18:05:27","2026-06-12 02:05:27","12476416","pod=productcatalogservice-54c86d9f79-xc76x"
"2026-06-11 18:05:42","2026-06-12 02:05:42","12140544","pod=productcatalogservice-54c86d9f79-xc76x"
"2026-06-11 18:05:57","2026-06-12 02:05:57","12132352","pod=productcatalogservice-54c86d9f79-xc76x"
"2026-06-11 18:06:12","2026-06-12 02:06:12","12521472","pod=productcatalogservice-54c86d9f79-xc76x"
"2026-06-11 18:06:27","2026-06-12 02:06:27","12861440","pod=productcatalogservice-54c86d9f79-xc76x"
"2026-06-11 18:06:42","2026-06-12 02:06:42","12144640","pod=productcatalogservice-54c86d9f79-xc76x"
"2026-06-11 18:06:57","2026-06-12 02:06:57","12144640","pod=productcatalogservice-54c86d9f79-xc76x"
"2026-06-11 18:07:12","2026-06-12 02:07:12","12374016","pod=productcatalogservice-54c86d9f79-xc76x"
"2026-06-11 18:07:27","2026-06-12 02:07:27","12357632","pod=productcatalogservice-54c86d9f79-xc76x"
"2026-06-11 18:07:42","2026-06-12 02:07:42","12623872","pod=productcatalogservice-54c86d9f79-xc76x"
"2026-06-11 18:07:57","2026-06-12 02:07:57","12251136","pod=productcatalogservice-54c86d9f79-xc76x"
"2026-06-11 18:08:12","2026-06-12 02:08:12","12054528","pod=productcatalogservice-54c86d9f79-xc76x"
"2026-06-11 18:08:27","2026-06-12 02:08:27","12046336","pod=productcatalogservice-54c86d9f79-xc76x"
"2026-06-11 18:08:42","2026-06-12 02:08:42","12169216","pod=productcatalogservice-54c86d9f79-xc76x"
"2026-06-11 18:08:57","2026-06-12 02:08:57","12038144","pod=productcatalogservice-54c86d9f79-xc76x"
"2026-06-11 18:09:12","2026-06-12 02:09:12","12722176","pod=productcatalogservice-54c86d9f79-xc76x"
"2026-06-11 18:09:27","2026-06-12 02:09:27","12828672","pod=productcatalogservice-54c86d9f79-xc76x"
"2026-06-11 18:09:42","2026-06-12 02:09:42","12455936","pod=productcatalogservice-54c86d9f79-xc76x"
"2026-06-11 18:09:57","2026-06-12 02:09:57","12029952","pod=productcatalogservice-54c86d9f79-xc76x"
"2026-06-11 18:10:12","2026-06-12 02:10:12","12054528","pod=productcatalogservice-54c86d9f79-xc76x"
"2026-06-11 18:10:27","2026-06-12 02:10:27","12054528","pod=productcatalogservice-54c86d9f79-xc76x"
"2026-06-11 18:10:42","2026-06-12 02:10:42","12566528","pod=productcatalogservice-54c86d9f79-xc76x"
"2026-06-11 18:10:57","2026-06-12 02:10:57","12079104","pod=productcatalogservice-54c86d9f79-xc76x"
"2026-06-11 18:11:12","2026-06-12 02:11:12","12476416","pod=productcatalogservice-54c86d9f79-xc76x"
"2026-06-11 18:11:27","2026-06-12 02:11:27","12009472","pod=productcatalogservice-54c86d9f79-xc76x"
"2026-06-11 18:11:42","2026-06-12 02:11:42","12152832","pod=productcatalogservice-54c86d9f79-xc76x"
"2026-06-11 18:11:57","2026-06-12 02:11:57","12341248","pod=productcatalogservice-54c86d9f79-xc76x"
"2026-06-11 18:12:12","2026-06-12 02:12:12","12242944","pod=productcatalogservice-54c86d9f79-xc76x"
"2026-06-11 18:12:27","2026-06-12 02:12:27","12541952","pod=productcatalogservice-54c86d9f79-xc76x"
"2026-06-11 18:12:42","2026-06-12 02:12:42","12570624","pod=productcatalogservice-54c86d9f79-xc76x"
"2026-06-11 18:12:57","2026-06-12 02:12:57","12591104","pod=productcatalogservice-54c86d9f79-xc76x"
"2026-06-11 18:13:12","2026-06-12 02:13:12","12591104","pod=productcatalogservice-54c86d9f79-xc76x"
"2026-06-11 18:13:27","2026-06-12 02:13:27","12050432","pod=productcatalogservice-54c86d9f79-xc76x"
"2026-06-11 18:13:42","2026-06-12 02:13:42","12472320","pod=productcatalogservice-54c86d9f79-xc76x"
"2026-06-11 18:13:57","2026-06-12 02:13:57","12472320","pod=productcatalogservice-54c86d9f79-xc76x"
"2026-06-11 18:14:12","2026-06-12 02:14:12","12853248","pod=productcatalogservice-54c86d9f79-xc76x"
"2026-06-11 18:14:27","2026-06-12 02:14:27","12562432","pod=productcatalogservice-54c86d9f79-xc76x"
"2026-06-11 18:14:42","2026-06-12 02:14:42","12734464","pod=productcatalogservice-54c86d9f79-xc76x"
"2026-06-11 18:14:57","2026-06-12 02:14:57","12734464","pod=productcatalogservice-54c86d9f79-xc76x"
"2026-06-11 18:15:12","2026-06-12 02:15:12","12120064","pod=productcatalogservice-54c86d9f79-xc76x"
"2026-06-11 18:15:27","2026-06-12 02:15:27","12386304","pod=productcatalogservice-54c86d9f79-xc76x"
"2026-06-11 18:15:42","2026-06-12 02:15:42","12206080","pod=productcatalogservice-54c86d9f79-xc76x"
"2026-06-11 18:15:57","2026-06-12 02:15:57","12333056","pod=productcatalogservice-54c86d9f79-xc76x"
"2026-06-11 18:16:12","2026-06-12 02:16:12","12161024","pod=productcatalogservice-54c86d9f79-xc76x"
"2026-06-11 18:16:27","2026-06-12 02:16:27","12161024","pod=productcatalogservice-54c86d9f79-xc76x"
"2026-06-11 18:16:42","2026-06-12 02:16:42","12214272","pod=productcatalogservice-54c86d9f79-xc76x"
"2026-06-11 18:16:57","2026-06-12 02:16:57","12197888","pod=productcatalogservice-54c86d9f79-xc76x"
"2026-06-11 18:17:12","2026-06-12 02:17:12","12328960","pod=productcatalogservice-54c86d9f79-xc76x"
"2026-06-11 18:17:27","2026-06-12 02:17:27","12386304","pod=productcatalogservice-54c86d9f79-xc76x"
"2026-06-11 18:17:42","2026-06-12 02:17:42","12128256","pod=productcatalogservice-54c86d9f79-xc76x"
"2026-06-11 18:17:57","2026-06-12 02:17:57","12427264","pod=productcatalogservice-54c86d9f79-xc76x"
"2026-06-11 18:18:12","2026-06-12 02:18:12","12427264","pod=productcatalogservice-54c86d9f79-xc76x"
"2026-06-11 18:18:27","2026-06-12 02:18:27","12505088","pod=productcatalogservice-54c86d9f79-xc76x"
"2026-06-11 18:18:42","2026-06-12 02:18:42","12255232","pod=productcatalogservice-54c86d9f79-xc76x"
"2026-06-11 18:18:57","2026-06-12 02:18:57","12820480","pod=productcatalogservice-54c86d9f79-xc76x"
"2026-06-11 18:19:12","2026-06-12 02:19:12","12210176","pod=productcatalogservice-54c86d9f79-xc76x"
"2026-06-11 18:19:27","2026-06-12 02:19:27","12251136","pod=productcatalogservice-54c86d9f79-xc76x"
"2026-06-11 18:19:42","2026-06-12 02:19:42","12247040","pod=productcatalogservice-54c86d9f79-xc76x"
"2026-06-11 18:19:57","2026-06-12 02:19:57","12791808","pod=productcatalogservice-54c86d9f79-xc76x"
"2026-06-11 18:20:12","2026-06-12 02:20:12","12578816","pod=productcatalogservice-54c86d9f79-xc76x"
"2026-06-11 18:20:27","2026-06-12 02:20:27","12578816","pod=productcatalogservice-54c86d9f79-xc76x"
"2026-06-11 18:20:42","2026-06-12 02:20:42","12472320","pod=productcatalogservice-54c86d9f79-xc76x"
"2026-06-11 18:20:57","2026-06-12 02:20:57","12472320","pod=productcatalogservice-54c86d9f79-xc76x"
"2026-06-11 18:21:12","2026-06-12 02:21:12","12476416","pod=productcatalogservice-54c86d9f79-xc76x"
"2026-06-11 18:21:27","2026-06-12 02:21:27","12836864","pod=productcatalogservice-54c86d9f79-xc76x"
"2026-06-11 18:21:42","2026-06-12 02:21:42","12476416","pod=productcatalogservice-54c86d9f79-xc76x"
"2026-06-11 18:21:57","2026-06-12 02:21:57","12476416","pod=productcatalogservice-54c86d9f79-xc76x"
"2026-06-11 18:22:12","2026-06-12 02:22:12","12169216","pod=productcatalogservice-54c86d9f79-xc76x"
"2026-06-11 18:22:27","2026-06-12 02:22:27","12271616","pod=productcatalogservice-54c86d9f79-xc76x"
"2026-06-11 18:22:42","2026-06-12 02:22:42","12570624","pod=productcatalogservice-54c86d9f79-xc76x"
"2026-06-11 18:22:57","2026-06-12 02:22:57","12341248","pod=productcatalogservice-54c86d9f79-xc76x"
"2026-06-11 18:23:12","2026-06-12 02:23:12","12345344","pod=productcatalogservice-54c86d9f79-xc76x"
"2026-06-11 18:23:27","2026-06-12 02:23:27","12558336","pod=productcatalogservice-54c86d9f79-xc76x"
"2026-06-11 18:23:42","2026-06-12 02:23:42","12558336","pod=productcatalogservice-54c86d9f79-xc76x"
"2026-06-11 18:23:57","2026-06-12 02:23:57","12140544","pod=productcatalogservice-54c86d9f79-xc76x"
"2026-06-11 18:24:12","2026-06-12 02:24:12","12140544","pod=productcatalogservice-54c86d9f79-xc76x"
"2026-06-11 18:24:27","2026-06-12 02:24:27","12591104","pod=productcatalogservice-54c86d9f79-xc76x"
"2026-06-11 18:24:42","2026-06-12 02:24:42","12230656","pod=productcatalogservice-54c86d9f79-xc76x"
"2026-06-11 18:24:57","2026-06-12 02:24:57","12222464","pod=productcatalogservice-54c86d9f79-xc76x"
"2026-06-11 18:25:12","2026-06-12 02:25:12","12447744","pod=productcatalogservice-54c86d9f79-xc76x"
"2026-06-11 18:25:27","2026-06-12 02:25:27","12230656","pod=productcatalogservice-54c86d9f79-xc76x"
"2026-06-11 18:25:42","2026-06-12 02:25:42","12230656","pod=productcatalogservice-54c86d9f79-xc76x"
"2026-06-11 18:25:57","2026-06-12 02:25:57","12877824","pod=productcatalogservice-54c86d9f79-xc76x"
"2026-06-11 18:26:12","2026-06-12 02:26:12","12607488","pod=productcatalogservice-54c86d9f79-xc76x"
"2026-06-11 18:26:27","2026-06-12 02:26:27","12607488","pod=productcatalogservice-54c86d9f79-xc76x"
"2026-06-11 18:26:42","2026-06-12 02:26:42","12607488","pod=productcatalogservice-54c86d9f79-xc76x"
"2026-06-11 18:26:57","2026-06-12 02:26:57","12316672","pod=productcatalogservice-54c86d9f79-xc76x"
"2026-06-11 18:27:12","2026-06-12 02:27:12","12316672","pod=productcatalogservice-54c86d9f79-xc76x"
"2026-06-11 18:27:27","2026-06-12 02:27:27","12369920","pod=productcatalogservice-54c86d9f79-xc76x"
"2026-06-11 18:27:42","2026-06-12 02:27:42","12595200","pod=productcatalogservice-54c86d9f79-xc76x"
"2026-06-11 18:27:57","2026-06-12 02:27:57","12595200","pod=productcatalogservice-54c86d9f79-xc76x"
"2026-06-11 18:28:12","2026-06-12 02:28:12","12169216","pod=productcatalogservice-54c86d9f79-xc76x"
"2026-06-11 18:28:27","2026-06-12 02:28:27","12341248","pod=productcatalogservice-54c86d9f79-xc76x"
"2026-06-11 18:28:42","2026-06-12 02:28:42","12718080","pod=productcatalogservice-54c86d9f79-xc76x"
"2026-06-11 18:28:57","2026-06-12 02:28:57","12480512","pod=productcatalogservice-54c86d9f79-xc76x"
"2026-06-11 18:29:12","2026-06-12 02:29:12","12546048","pod=productcatalogservice-54c86d9f79-xc76x"
"2026-06-11 18:29:27","2026-06-12 02:29:27","12546048","pod=productcatalogservice-54c86d9f79-xc76x"
"2026-06-11 18:29:42","2026-06-12 02:29:42","12873728","pod=productcatalogservice-54c86d9f79-xc76x"
"2026-06-11 18:29:57","2026-06-12 02:29:57","12468224","pod=productcatalogservice-54c86d9f79-xc76x"
"2026-06-11 18:30:12","2026-06-12 02:30:12","12689408","pod=productcatalogservice-54c86d9f79-xc76x"
"2026-06-11 18:30:27","2026-06-12 02:30:27","14389248","pod=productcatalogservice-54c86d9f79-xc76x"
"2026-06-11 18:30:42","2026-06-12 02:30:42","12386304","pod=productcatalogservice-54c86d9f79-xc76x"
"2026-06-11 18:30:57","2026-06-12 02:30:57","12492800","pod=productcatalogservice-54c86d9f79-xc76x"
"2026-06-11 18:31:12","2026-06-12 02:31:12","12611584","pod=productcatalogservice-54c86d9f79-xc76x"
"2026-06-11 18:31:27","2026-06-12 02:31:27","12623872","pod=productcatalogservice-54c86d9f79-xc76x"
"2026-06-11 18:31:42","2026-06-12 02:31:42","12976128","pod=productcatalogservice-54c86d9f79-xc76x"
"2026-06-11 18:31:57","2026-06-12 02:31:57","12713984","pod=productcatalogservice-54c86d9f79-xc76x"
"2026-06-11 18:32:12","2026-06-12 02:32:12","12464128","pod=productcatalogservice-54c86d9f79-xc76x"
"2026-06-11 18:32:27","2026-06-12 02:32:27","12480512","pod=productcatalogservice-54c86d9f79-xc76x"
"2026-06-11 18:32:42","2026-06-12 02:32:42","12480512","pod=productcatalogservice-54c86d9f79-xc76x"
"2026-06-11 18:32:57","2026-06-12 02:32:57","12570624","pod=productcatalogservice-54c86d9f79-xc76x"
"2026-06-11 18:33:12","2026-06-12 02:33:12","12648448","pod=productcatalogservice-54c86d9f79-xc76x"
"2026-06-11 18:33:27","2026-06-12 02:33:27","12648448","pod=productcatalogservice-54c86d9f79-xc76x"
"2026-06-11 18:33:42","2026-06-12 02:33:42","12722176","pod=productcatalogservice-54c86d9f79-xc76x"
"2026-06-11 18:33:57","2026-06-12 02:33:57","12763136","pod=productcatalogservice-54c86d9f79-xc76x"
"2026-06-11 18:34:12","2026-06-12 02:34:12","12300288","pod=productcatalogservice-54c86d9f79-xc76x"
"2026-06-11 18:34:27","2026-06-12 02:34:27","12316672","pod=productcatalogservice-54c86d9f79-xc76x"
"2026-06-11 18:34:42","2026-06-12 02:34:42","12550144","pod=productcatalogservice-54c86d9f79-xc76x"
"2026-06-11 18:34:57","2026-06-12 02:34:57","12922880","pod=productcatalogservice-54c86d9f79-xc76x"
"2026-06-11 18:35:12","2026-06-12 02:35:12","12922880","pod=productcatalogservice-54c86d9f79-xc76x"
"2026-06-11 18:35:27","2026-06-12 02:35:27","12660736","pod=productcatalogservice-54c86d9f79-xc76x"
"2026-06-11 18:35:42","2026-06-12 02:35:42","12320768","pod=productcatalogservice-54c86d9f79-xc76x"
"2026-06-11 18:35:57","2026-06-12 02:35:57","12320768","pod=productcatalogservice-54c86d9f79-xc76x"
"2026-06-11 18:36:12","2026-06-12 02:36:12","12431360","pod=productcatalogservice-54c86d9f79-xc76x"
"2026-06-11 18:36:27","2026-06-12 02:36:27","12435456","pod=productcatalogservice-54c86d9f79-xc76x"
"2026-06-11 18:36:42","2026-06-12 02:36:42","12726272","pod=productcatalogservice-54c86d9f79-xc76x"
"2026-06-11 18:36:57","2026-06-12 02:36:57","12845056","pod=productcatalogservice-54c86d9f79-xc76x"
"2026-06-11 18:37:12","2026-06-12 02:37:12","13119488","pod=productcatalogservice-54c86d9f79-xc76x"
"2026-06-11 18:37:27","2026-06-12 02:37:27","12386304","pod=productcatalogservice-54c86d9f79-xc76x"
"2026-06-11 18:37:42","2026-06-12 02:37:42","12664832","pod=productcatalogservice-54c86d9f79-xc76x"
"2026-06-11 18:37:57","2026-06-12 02:37:57","12644352","pod=productcatalogservice-54c86d9f79-xc76x"
"2026-06-11 18:38:12","2026-06-12 02:38:12","12201984","pod=productcatalogservice-54c86d9f79-xc76x"
"2026-06-11 18:38:27","2026-06-12 02:38:27","12345344","pod=productcatalogservice-54c86d9f79-xc76x"
"2026-06-11 18:38:42","2026-06-12 02:38:42","12681216","pod=productcatalogservice-54c86d9f79-xc76x"
"2026-06-11 18:38:57","2026-06-12 02:38:57","12406784","pod=productcatalogservice-54c86d9f79-xc76x"
"2026-06-11 18:39:12","2026-06-12 02:39:12","12386304","pod=productcatalogservice-54c86d9f79-xc76x"
"2026-06-11 18:39:27","2026-06-12 02:39:27","12386304","pod=productcatalogservice-54c86d9f79-xc76x"
"2026-06-11 18:39:42","2026-06-12 02:39:42","12664832","pod=productcatalogservice-54c86d9f79-xc76x"
"2026-06-11 18:39:57","2026-06-12 02:39:57","12664832","pod=productcatalogservice-54c86d9f79-xc76x"
"2026-06-11 18:40:12","2026-06-12 02:40:12","12656640","pod=productcatalogservice-54c86d9f79-xc76x"
"2026-06-11 18:40:27","2026-06-12 02:40:27","12361728","pod=productcatalogservice-54c86d9f79-xc76x"
"2026-06-11 18:40:42","2026-06-12 02:40:42","12455936","pod=productcatalogservice-54c86d9f79-xc76x"
"2026-06-11 18:40:57","2026-06-12 02:40:57","12668928","pod=productcatalogservice-54c86d9f79-xc76x"
"2026-06-11 18:41:12","2026-06-12 02:41:12","12668928","pod=productcatalogservice-54c86d9f79-xc76x"
"2026-06-11 18:41:27","2026-06-12 02:41:27","12652544","pod=productcatalogservice-54c86d9f79-xc76x"
"2026-06-11 18:41:42","2026-06-12 02:41:42","12513280","pod=productcatalogservice-54c86d9f79-xc76x"
"2026-06-11 18:41:57","2026-06-12 02:41:57","12767232","pod=productcatalogservice-54c86d9f79-xc76x"
"2026-06-11 18:42:12","2026-06-12 02:42:12","12754944","pod=productcatalogservice-54c86d9f79-xc76x"
"2026-06-11 18:42:27","2026-06-12 02:42:27","12816384","pod=productcatalogservice-54c86d9f79-xc76x"
"2026-06-11 18:42:42","2026-06-12 02:42:42","12439552","pod=productcatalogservice-54c86d9f79-xc76x"
"2026-06-11 18:42:57","2026-06-12 02:42:57","12574720","pod=productcatalogservice-54c86d9f79-xc76x"
"2026-06-11 18:43:12","2026-06-12 02:43:12","12574720","pod=productcatalogservice-54c86d9f79-xc76x"
"2026-06-11 18:43:27","2026-06-12 02:43:27","12763136","pod=productcatalogservice-54c86d9f79-xc76x"
"2026-06-11 18:43:42","2026-06-12 02:43:42","12857344","pod=productcatalogservice-54c86d9f79-xc76x"
"2026-06-11 18:43:57","2026-06-12 02:43:57","12382208","pod=productcatalogservice-54c86d9f79-xc76x"
"2026-06-11 18:44:12","2026-06-12 02:44:12","12378112","pod=productcatalogservice-54c86d9f79-xc76x"
"2026-06-11 18:44:27","2026-06-12 02:44:27","12308480","pod=productcatalogservice-54c86d9f79-xc76x"
"2026-06-11 18:44:42","2026-06-12 02:44:42","12288000","pod=productcatalogservice-54c86d9f79-xc76x"
"2026-06-11 18:44:57","2026-06-12 02:44:57","12820480","pod=productcatalogservice-54c86d9f79-xc76x"
"2026-06-11 18:45:12","2026-06-12 02:45:12","12820480","pod=productcatalogservice-54c86d9f79-xc76x"
"2026-06-11 18:45:27","2026-06-12 02:45:27","12402688","pod=productcatalogservice-54c86d9f79-xc76x"
"2026-06-11 18:45:42","2026-06-12 02:45:42","12091392","pod=productcatalogservice-54c86d9f79-xc76x"
"2026-06-11 18:45:57","2026-06-12 02:45:57","12582912","pod=productcatalogservice-54c86d9f79-xc76x"
"2026-06-11 18:46:12","2026-06-12 02:46:12","12169216","pod=productcatalogservice-54c86d9f79-xc76x"
"2026-06-11 18:46:27","2026-06-12 02:46:27","12783616","pod=productcatalogservice-54c86d9f79-xc76x"
"2026-06-11 18:46:42","2026-06-12 02:46:42","12611584","pod=productcatalogservice-54c86d9f79-xc76x"
"2026-06-11 18:46:57","2026-06-12 02:46:57","12722176","pod=productcatalogservice-54c86d9f79-xc76x"
"2026-06-11 18:47:12","2026-06-12 02:47:12","12857344","pod=productcatalogservice-54c86d9f79-xc76x"
"2026-06-11 18:47:27","2026-06-12 02:47:27","12419072","pod=productcatalogservice-54c86d9f79-xc76x"
"2026-06-11 18:47:42","2026-06-12 02:47:42","12525568","pod=productcatalogservice-54c86d9f79-xc76x"
"2026-06-11 18:47:57","2026-06-12 02:47:57","12361728","pod=productcatalogservice-54c86d9f79-xc76x"
"2026-06-11 18:48:12","2026-06-12 02:48:12","12607488","pod=productcatalogservice-54c86d9f79-xc76x"
"2026-06-11 18:48:27","2026-06-12 02:48:27","12853248","pod=productcatalogservice-54c86d9f79-xc76x"
"2026-06-11 18:48:42","2026-06-12 02:48:42","12353536","pod=productcatalogservice-54c86d9f79-xc76x"
"2026-06-11 18:48:57","2026-06-12 02:48:57","12378112","pod=productcatalogservice-54c86d9f79-xc76x"
"2026-06-11 18:49:12","2026-06-12 02:49:12","12378112","pod=productcatalogservice-54c86d9f79-xc76x"
"2026-06-11 18:49:27","2026-06-12 02:49:27","12554240","pod=productcatalogservice-54c86d9f79-xc76x"
"2026-06-11 18:49:42","2026-06-12 02:49:42","12247040","pod=productcatalogservice-54c86d9f79-xc76x"
"2026-06-11 18:49:57","2026-06-12 02:49:57","12537856","pod=productcatalogservice-54c86d9f79-xc76x"
"2026-06-11 18:50:12","2026-06-12 02:50:12","12972032","pod=productcatalogservice-54c86d9f79-xc76x"
"2026-06-11 18:50:27","2026-06-12 02:50:27","12308480","pod=productcatalogservice-54c86d9f79-xc76x"
"2026-06-11 18:50:42","2026-06-12 02:50:42","12382208","pod=productcatalogservice-54c86d9f79-xc76x"
"2026-06-11 18:50:57","2026-06-12 02:50:57","12382208","pod=productcatalogservice-54c86d9f79-xc76x"
"2026-06-11 18:51:12","2026-06-12 02:51:12","12742656","pod=productcatalogservice-54c86d9f79-xc76x"
"2026-06-11 18:51:27","2026-06-12 02:51:27","12742656","pod=productcatalogservice-54c86d9f79-xc76x"
"2026-06-11 18:51:42","2026-06-12 02:51:42","12173312","pod=productcatalogservice-54c86d9f79-xc76x"
"2026-06-11 18:51:57","2026-06-12 02:51:57","12173312","pod=productcatalogservice-54c86d9f79-xc76x"
"2026-06-11 18:52:12","2026-06-12 02:52:12","12623872","pod=productcatalogservice-54c86d9f79-xc76x"
"2026-06-11 18:52:27","2026-06-12 02:52:27","12341248","pod=productcatalogservice-54c86d9f79-xc76x"
"2026-06-11 18:52:42","2026-06-12 02:52:42","12386304","pod=productcatalogservice-54c86d9f79-xc76x"
"2026-06-11 18:52:57","2026-06-12 02:52:57","12455936","pod=productcatalogservice-54c86d9f79-xc76x"
"2026-06-11 18:53:12","2026-06-12 02:53:12","12328960","pod=productcatalogservice-54c86d9f79-xc76x"
"2026-06-11 18:53:27","2026-06-12 02:53:27","12603392","pod=productcatalogservice-54c86d9f79-xc76x"
"2026-06-11 18:53:42","2026-06-12 02:53:42","12476416","pod=productcatalogservice-54c86d9f79-xc76x"
"2026-06-11 18:53:57","2026-06-12 02:53:57","12795904","pod=productcatalogservice-54c86d9f79-xc76x"
"2026-06-11 18:54:12","2026-06-12 02:54:12","13041664","pod=productcatalogservice-54c86d9f79-xc76x"
"2026-06-11 18:54:27","2026-06-12 02:54:27","12771328","pod=productcatalogservice-54c86d9f79-xc76x"
"2026-06-11 18:54:42","2026-06-12 02:54:42","12304384","pod=productcatalogservice-54c86d9f79-xc76x"
"2026-06-11 18:54:57","2026-06-12 02:54:57","12353536","pod=productcatalogservice-54c86d9f79-xc76x"
"2026-06-11 18:55:12","2026-06-12 02:55:12","12607488","pod=productcatalogservice-54c86d9f79-xc76x"
"2026-06-11 18:55:27","2026-06-12 02:55:27","12357632","pod=productcatalogservice-54c86d9f79-xc76x"
"2026-06-11 18:55:42","2026-06-12 02:55:42","12357632","pod=productcatalogservice-54c86d9f79-xc76x"
"2026-06-11 18:55:57","2026-06-12 02:55:57","12357632","pod=productcatalogservice-54c86d9f79-xc76x"
"2026-06-11 18:56:12","2026-06-12 02:56:12","12185600","pod=productcatalogservice-54c86d9f79-xc76x"
"2026-06-11 18:56:27","2026-06-12 02:56:27","12451840","pod=productcatalogservice-54c86d9f79-xc76x"
"2026-06-11 18:56:42","2026-06-12 02:56:42","12980224","pod=productcatalogservice-54c86d9f79-xc76x"
"2026-06-11 18:56:57","2026-06-12 02:56:57","12644352","pod=productcatalogservice-54c86d9f79-xc76x"
"2026-06-11 18:57:12","2026-06-12 02:57:12","12701696","pod=productcatalogservice-54c86d9f79-xc76x"
"2026-06-11 18:57:27","2026-06-12 02:57:27","12709888","pod=productcatalogservice-54c86d9f79-xc76x"
"2026-06-11 18:57:42","2026-06-12 02:57:42","12451840","pod=productcatalogservice-54c86d9f79-xc76x"
"2026-06-11 18:57:57","2026-06-12 02:57:57","12451840","pod=productcatalogservice-54c86d9f79-xc76x"
"2026-06-11 18:58:12","2026-06-12 02:58:12","12271616","pod=productcatalogservice-54c86d9f79-xc76x"
"2026-06-11 18:58:27","2026-06-12 02:58:27","12496896","pod=productcatalogservice-54c86d9f79-xc76x"
"2026-06-11 18:58:42","2026-06-12 02:58:42","12533760","pod=productcatalogservice-54c86d9f79-xc76x"
"2026-06-11 18:58:57","2026-06-12 02:58:57","12390400","pod=productcatalogservice-54c86d9f79-xc76x"
"2026-06-11 18:59:12","2026-06-12 02:59:12","12902400","pod=productcatalogservice-54c86d9f79-xc76x"
"2026-06-11 18:59:27","2026-06-12 02:59:27","12910592","pod=productcatalogservice-54c86d9f79-xc76x"
"2026-06-11 18:59:42","2026-06-12 02:59:42","12681216","pod=productcatalogservice-54c86d9f79-xc76x"
"2026-06-11 18:59:57","2026-06-12 02:59:57","12681216","pod=productcatalogservice-54c86d9f79-xc76x"
"2026-06-11 19:00:12","2026-06-12 03:00:12","12836864","pod=productcatalogservice-54c86d9f79-xc76x"
"2026-06-11 19:00:27","2026-06-12 03:00:27","13074432","pod=productcatalogservice-54c86d9f79-xc76x"
"2026-06-11 19:00:42","2026-06-12 03:00:42","12304384","pod=productcatalogservice-54c86d9f79-xc76x"
"2026-06-11 19:00:57","2026-06-12 03:00:57","12435456","pod=productcatalogservice-54c86d9f79-xc76x"
"2026-06-11 19:01:12","2026-06-12 03:01:12","12435456","pod=productcatalogservice-54c86d9f79-xc76x"
"2026-06-11 19:01:27","2026-06-12 03:01:27","12156928","pod=productcatalogservice-54c86d9f79-xc76x"
"2026-06-11 19:01:42","2026-06-12 03:01:42","11902976","pod=productcatalogservice-54c86d9f79-xc76x"
"2026-06-11 19:01:57","2026-06-12 03:01:57","11923456","pod=productcatalogservice-54c86d9f79-xc76x"
"2026-06-11 19:02:12","2026-06-12 03:02:12","12271616","pod=productcatalogservice-54c86d9f79-xc76x"
"2026-06-11 19:02:27","2026-06-12 03:02:27","12353536","pod=productcatalogservice-54c86d9f79-xc76x"
"2026-06-11 19:02:42","2026-06-12 03:02:42","12177408","pod=productcatalogservice-54c86d9f79-xc76x"
"2026-06-11 19:02:57","2026-06-12 03:02:57","11927552","pod=productcatalogservice-54c86d9f79-xc76x"
"2026-06-11 19:03:12","2026-06-12 03:03:12","12263424","pod=productcatalogservice-54c86d9f79-xc76x"
"2026-06-11 19:03:27","2026-06-12 03:03:27","12599296","pod=productcatalogservice-54c86d9f79-xc76x"
"2026-06-11 19:03:42","2026-06-12 03:03:42","12599296","pod=productcatalogservice-54c86d9f79-xc76x"
"2026-06-11 19:03:57","2026-06-12 03:03:57","12312576","pod=productcatalogservice-54c86d9f79-xc76x"
"2026-06-11 19:04:12","2026-06-12 03:04:12","12369920","pod=productcatalogservice-54c86d9f79-xc76x"
"2026-06-11 19:04:27","2026-06-12 03:04:27","12374016","pod=productcatalogservice-54c86d9f79-xc76x"
"2026-06-11 19:04:42","2026-06-12 03:04:42","12554240","pod=productcatalogservice-54c86d9f79-xc76x"
"2026-06-11 19:04:57","2026-06-12 03:04:57","12623872","pod=productcatalogservice-54c86d9f79-xc76x"
"2026-06-11 19:05:12","2026-06-12 03:05:12","12619776","pod=productcatalogservice-54c86d9f79-xc76x"
"2026-06-11 19:05:27","2026-06-12 03:05:27","12341248","pod=productcatalogservice-54c86d9f79-xc76x"
"2026-06-11 19:05:42","2026-06-12 03:05:42","12341248","pod=productcatalogservice-54c86d9f79-xc76x"
"2026-06-11 19:05:57","2026-06-12 03:05:57","12529664","pod=productcatalogservice-54c86d9f79-xc76x"
"2026-06-11 19:06:12","2026-06-12 03:06:12","12505088","pod=productcatalogservice-54c86d9f79-xc76x"
"2026-06-11 19:06:27","2026-06-12 03:06:27","12505088","pod=productcatalogservice-54c86d9f79-xc76x"
"2026-06-11 19:06:42","2026-06-12 03:06:42","12427264","pod=productcatalogservice-54c86d9f79-xc76x"
"2026-06-11 19:06:57","2026-06-12 03:06:57","12472320","pod=productcatalogservice-54c86d9f79-xc76x"
"2026-06-11 19:07:12","2026-06-12 03:07:12","12488704","pod=productcatalogservice-54c86d9f79-xc76x"
"2026-06-11 19:07:27","2026-06-12 03:07:27","12505088","pod=productcatalogservice-54c86d9f79-xc76x"
"2026-06-11 19:07:42","2026-06-12 03:07:42","13287424","pod=productcatalogservice-54c86d9f79-xc76x"
"2026-06-11 19:07:57","2026-06-12 03:07:57","12546048","pod=productcatalogservice-54c86d9f79-xc76x"
"2026-06-11 19:08:12","2026-06-12 03:08:12","12644352","pod=productcatalogservice-54c86d9f79-xc76x"
"2026-06-11 19:08:27","2026-06-12 03:08:27","12365824","pod=productcatalogservice-54c86d9f79-xc76x"
"2026-06-11 19:08:42","2026-06-12 03:08:42","12742656","pod=productcatalogservice-54c86d9f79-xc76x"
"2026-06-11 19:08:57","2026-06-12 03:08:57","12632064","pod=productcatalogservice-54c86d9f79-xc76x"
"2026-06-11 19:09:12","2026-06-12 03:09:12","12632064","pod=productcatalogservice-54c86d9f79-xc76x"
"2026-06-11 19:09:27","2026-06-12 03:09:27","12693504","pod=productcatalogservice-54c86d9f79-xc76x"
"2026-06-11 19:09:42","2026-06-12 03:09:42","12713984","pod=productcatalogservice-54c86d9f79-xc76x"
"2026-06-11 19:09:57","2026-06-12 03:09:57","12255232","pod=productcatalogservice-54c86d9f79-xc76x"
"2026-06-11 19:10:12","2026-06-12 03:10:12","12935168","pod=productcatalogservice-54c86d9f79-xc76x"
"2026-06-11 19:10:27","2026-06-12 03:10:27","12935168","pod=productcatalogservice-54c86d9f79-xc76x"
"2026-06-11 19:10:42","2026-06-12 03:10:42","12480512","pod=productcatalogservice-54c86d9f79-xc76x"
"2026-06-11 19:10:57","2026-06-12 03:10:57","12599296","pod=productcatalogservice-54c86d9f79-xc76x"
"2026-06-11 19:11:12","2026-06-12 03:11:12","12361728","pod=productcatalogservice-54c86d9f79-xc76x"
"2026-06-11 19:11:27","2026-06-12 03:11:27","12394496","pod=productcatalogservice-54c86d9f79-xc76x"
"2026-06-11 19:11:42","2026-06-12 03:11:42","12394496","pod=productcatalogservice-54c86d9f79-xc76x"
"2026-06-11 19:11:57","2026-06-12 03:11:57","12402688","pod=productcatalogservice-54c86d9f79-xc76x"
"2026-06-11 19:12:12","2026-06-12 03:12:12","12521472","pod=productcatalogservice-54c86d9f79-xc76x"
"2026-06-11 19:12:27","2026-06-12 03:12:27","12800000","pod=productcatalogservice-54c86d9f79-xc76x"
"2026-06-11 19:12:42","2026-06-12 03:12:42","12800000","pod=productcatalogservice-54c86d9f79-xc76x"
"2026-06-11 19:12:57","2026-06-12 03:12:57","12718080","pod=productcatalogservice-54c86d9f79-xc76x"
"2026-06-11 19:13:12","2026-06-12 03:13:12","12718080","pod=productcatalogservice-54c86d9f79-xc76x"
"2026-06-11 19:13:27","2026-06-12 03:13:27","12795904","pod=productcatalogservice-54c86d9f79-xc76x"
"2026-06-11 19:13:42","2026-06-12 03:13:42","12337152","pod=productcatalogservice-54c86d9f79-xc76x"
"2026-06-11 19:13:57","2026-06-12 03:13:57","12230656","pod=productcatalogservice-54c86d9f79-xc76x"
"2026-06-11 19:14:12","2026-06-12 03:14:12","12201984","pod=productcatalogservice-54c86d9f79-xc76x"
"2026-06-11 19:14:27","2026-06-12 03:14:27","12468224","pod=productcatalogservice-54c86d9f79-xc76x"
"2026-06-11 19:14:42","2026-06-12 03:14:42","12177408","pod=productcatalogservice-54c86d9f79-xc76x"
"2026-06-11 19:14:57","2026-06-12 03:14:57","12193792","pod=productcatalogservice-54c86d9f79-xc76x"
"2026-06-11 19:15:12","2026-06-12 03:15:12","12439552","pod=productcatalogservice-54c86d9f79-xc76x"
"2026-06-11 19:15:27","2026-06-12 03:15:27","12619776","pod=productcatalogservice-54c86d9f79-xc76x"
"2026-06-11 19:15:42","2026-06-12 03:15:42","12619776","pod=productcatalogservice-54c86d9f79-xc76x"
"2026-06-11 19:15:57","2026-06-12 03:15:57","12328960","pod=productcatalogservice-54c86d9f79-xc76x"
"2026-06-11 19:16:12","2026-06-12 03:16:12","12472320","pod=productcatalogservice-54c86d9f79-xc76x"
"2026-06-11 19:16:27","2026-06-12 03:16:27","12361728","pod=productcatalogservice-54c86d9f79-xc76x"
"2026-06-11 19:16:42","2026-06-12 03:16:42","12509184","pod=productcatalogservice-54c86d9f79-xc76x"
"2026-06-11 19:16:57","2026-06-12 03:16:57","12353536","pod=productcatalogservice-54c86d9f79-xc76x"
"2026-06-11 19:17:12","2026-06-12 03:17:12","12435456","pod=productcatalogservice-54c86d9f79-xc76x"
"2026-06-11 19:17:27","2026-06-12 03:17:27","12709888","pod=productcatalogservice-54c86d9f79-xc76x"
"2026-06-11 19:17:42","2026-06-12 03:17:42","12709888","pod=productcatalogservice-54c86d9f79-xc76x"
"2026-06-11 19:17:57","2026-06-12 03:17:57","12267520","pod=productcatalogservice-54c86d9f79-xc76x"
"2026-06-11 19:18:12","2026-06-12 03:18:12","12517376","pod=productcatalogservice-54c86d9f79-xc76x"
"2026-06-11 19:18:27","2026-06-12 03:18:27","12505088","pod=productcatalogservice-54c86d9f79-xc76x"
"2026-06-11 19:18:42","2026-06-12 03:18:42","12238848","pod=productcatalogservice-54c86d9f79-xc76x"
"2026-06-11 19:18:57","2026-06-12 03:18:57","12955648","pod=productcatalogservice-54c86d9f79-xc76x"
"2026-06-11 19:19:12","2026-06-12 03:19:12","13041664","pod=productcatalogservice-54c86d9f79-xc76x"
"2026-06-11 19:19:27","2026-06-12 03:19:27","13041664","pod=productcatalogservice-54c86d9f79-xc76x"
"2026-06-11 19:19:42","2026-06-12 03:19:42","12517376","pod=productcatalogservice-54c86d9f79-xc76x"
"2026-06-11 19:19:57","2026-06-12 03:19:57","12365824","pod=productcatalogservice-54c86d9f79-xc76x"
"2026-06-11 19:20:12","2026-06-12 03:20:12","12353536","pod=productcatalogservice-54c86d9f79-xc76x"
"2026-06-11 19:20:27","2026-06-12 03:20:27","12353536","pod=productcatalogservice-54c86d9f79-xc76x"
"2026-06-11 19:20:42","2026-06-12 03:20:42","12378112","pod=productcatalogservice-54c86d9f79-xc76x"
"2026-06-11 19:20:57","2026-06-12 03:20:57","12279808","pod=productcatalogservice-54c86d9f79-xc76x"
"2026-06-11 19:21:12","2026-06-12 03:21:12","12279808","pod=productcatalogservice-54c86d9f79-xc76x"
"2026-06-11 19:21:27","2026-06-12 03:21:27","12439552","pod=productcatalogservice-54c86d9f79-xc76x"
"2026-06-11 19:21:42","2026-06-12 03:21:42","12668928","pod=productcatalogservice-54c86d9f79-xc76x"
"2026-06-11 19:21:57","2026-06-12 03:21:57","12185600","pod=productcatalogservice-54c86d9f79-xc76x"
"2026-06-11 19:22:12","2026-06-12 03:22:12","12570624","pod=productcatalogservice-54c86d9f79-xc76x"
"2026-06-11 19:22:27","2026-06-12 03:22:27","12509184","pod=productcatalogservice-54c86d9f79-xc76x"
"2026-06-11 19:22:42","2026-06-12 03:22:42","12259328","pod=productcatalogservice-54c86d9f79-xc76x"
"2026-06-11 19:22:57","2026-06-12 03:22:57","12292096","pod=productcatalogservice-54c86d9f79-xc76x"
"2026-06-11 19:23:12","2026-06-12 03:23:12","12292096","pod=productcatalogservice-54c86d9f79-xc76x"
"2026-06-11 19:23:27","2026-06-12 03:23:27","12464128","pod=productcatalogservice-54c86d9f79-xc76x"
"2026-06-11 19:23:42","2026-06-12 03:23:42","12263424","pod=productcatalogservice-54c86d9f79-xc76x"
"2026-06-11 19:23:57","2026-06-12 03:23:57","12263424","pod=productcatalogservice-54c86d9f79-xc76x"
"2026-06-11 19:24:12","2026-06-12 03:24:12","12660736","pod=productcatalogservice-54c86d9f79-xc76x"
"2026-06-11 19:24:27","2026-06-12 03:24:27","12771328","pod=productcatalogservice-54c86d9f79-xc76x"
"2026-06-11 19:24:42","2026-06-12 03:24:42","12681216","pod=productcatalogservice-54c86d9f79-xc76x"
"2026-06-11 19:24:57","2026-06-12 03:24:57","12771328","pod=productcatalogservice-54c86d9f79-xc76x"
"2026-06-11 19:25:12","2026-06-12 03:25:12","12468224","pod=productcatalogservice-54c86d9f79-xc76x"
"2026-06-11 19:25:27","2026-06-12 03:25:27","12177408","pod=productcatalogservice-54c86d9f79-xc76x"
"2026-06-11 19:25:42","2026-06-12 03:25:42","11980800","pod=productcatalogservice-54c86d9f79-xc76x"
"2026-06-11 19:25:57","2026-06-12 03:25:57","12062720","pod=productcatalogservice-54c86d9f79-xc76x"
"2026-06-11 19:26:12","2026-06-12 03:26:12","12214272","pod=productcatalogservice-54c86d9f79-xc76x"
"2026-06-11 19:26:27","2026-06-12 03:26:27","12361728","pod=productcatalogservice-54c86d9f79-xc76x"
"2026-06-11 19:26:42","2026-06-12 03:26:42","12447744","pod=productcatalogservice-54c86d9f79-xc76x"
"2026-06-11 19:26:57","2026-06-12 03:26:57","12447744","pod=productcatalogservice-54c86d9f79-xc76x"
"2026-06-11 17:26:57","2026-06-12 01:26:57","43696128","pod=recommendationservice-6d8ddf5d5f-2lxgf"
"2026-06-11 17:27:12","2026-06-12 01:27:12","43421696","pod=recommendationservice-6d8ddf5d5f-2lxgf"
"2026-06-11 17:27:27","2026-06-12 01:27:27","43425792","pod=recommendationservice-6d8ddf5d5f-2lxgf"
"2026-06-11 17:27:42","2026-06-12 01:27:42","43433984","pod=recommendationservice-6d8ddf5d5f-2lxgf"
"2026-06-11 17:27:57","2026-06-12 01:27:57","43421696","pod=recommendationservice-6d8ddf5d5f-2lxgf"
"2026-06-11 17:28:12","2026-06-12 01:28:12","43421696","pod=recommendationservice-6d8ddf5d5f-2lxgf"
"2026-06-11 17:28:27","2026-06-12 01:28:27","43433984","pod=recommendationservice-6d8ddf5d5f-2lxgf"
"2026-06-11 17:28:42","2026-06-12 01:28:42","43429888","pod=recommendationservice-6d8ddf5d5f-2lxgf"
"2026-06-11 17:28:57","2026-06-12 01:28:57","43433984","pod=recommendationservice-6d8ddf5d5f-2lxgf"
"2026-06-11 17:29:12","2026-06-12 01:29:12","43425792","pod=recommendationservice-6d8ddf5d5f-2lxgf"
"2026-06-11 17:29:27","2026-06-12 01:29:27","43425792","pod=recommendationservice-6d8ddf5d5f-2lxgf"
"2026-06-11 17:29:42","2026-06-12 01:29:42","43425792","pod=recommendationservice-6d8ddf5d5f-2lxgf"
"2026-06-11 17:29:57","2026-06-12 01:29:57","43425792","pod=recommendationservice-6d8ddf5d5f-2lxgf"
"2026-06-11 17:30:12","2026-06-12 01:30:12","43425792","pod=recommendationservice-6d8ddf5d5f-2lxgf"
"2026-06-11 17:30:27","2026-06-12 01:30:27","43425792","pod=recommendationservice-6d8ddf5d5f-2lxgf"
"2026-06-11 17:30:42","2026-06-12 01:30:42","43425792","pod=recommendationservice-6d8ddf5d5f-2lxgf"
"2026-06-11 17:30:57","2026-06-12 01:30:57","43438080","pod=recommendationservice-6d8ddf5d5f-2lxgf"
"2026-06-11 17:31:12","2026-06-12 01:31:12","43425792","pod=recommendationservice-6d8ddf5d5f-2lxgf"
"2026-06-11 17:31:27","2026-06-12 01:31:27","43425792","pod=recommendationservice-6d8ddf5d5f-2lxgf"
"2026-06-11 17:31:42","2026-06-12 01:31:42","43425792","pod=recommendationservice-6d8ddf5d5f-2lxgf"
"2026-06-11 17:31:57","2026-06-12 01:31:57","43425792","pod=recommendationservice-6d8ddf5d5f-2lxgf"
"2026-06-11 17:32:12","2026-06-12 01:32:12","43425792","pod=recommendationservice-6d8ddf5d5f-2lxgf"
"2026-06-11 17:32:27","2026-06-12 01:32:27","43429888","pod=recommendationservice-6d8ddf5d5f-2lxgf"
"2026-06-11 17:32:42","2026-06-12 01:32:42","43429888","pod=recommendationservice-6d8ddf5d5f-2lxgf"
"2026-06-11 17:32:57","2026-06-12 01:32:57","43438080","pod=recommendationservice-6d8ddf5d5f-2lxgf"
"2026-06-11 17:33:12","2026-06-12 01:33:12","43425792","pod=recommendationservice-6d8ddf5d5f-2lxgf"
"2026-06-11 17:33:27","2026-06-12 01:33:27","43425792","pod=recommendationservice-6d8ddf5d5f-2lxgf"
"2026-06-11 17:33:42","2026-06-12 01:33:42","43425792","pod=recommendationservice-6d8ddf5d5f-2lxgf"
"2026-06-11 17:33:57","2026-06-12 01:33:57","43425792","pod=recommendationservice-6d8ddf5d5f-2lxgf"
"2026-06-11 17:34:12","2026-06-12 01:34:12","43425792","pod=recommendationservice-6d8ddf5d5f-2lxgf"
"2026-06-11 17:34:27","2026-06-12 01:34:27","43425792","pod=recommendationservice-6d8ddf5d5f-2lxgf"
"2026-06-11 17:34:42","2026-06-12 01:34:42","43429888","pod=recommendationservice-6d8ddf5d5f-2lxgf"
"2026-06-11 17:34:57","2026-06-12 01:34:57","43429888","pod=recommendationservice-6d8ddf5d5f-2lxgf"
"2026-06-11 17:35:12","2026-06-12 01:35:12","43421696","pod=recommendationservice-6d8ddf5d5f-2lxgf"
"2026-06-11 17:35:27","2026-06-12 01:35:27","43425792","pod=recommendationservice-6d8ddf5d5f-2lxgf"
"2026-06-11 17:35:42","2026-06-12 01:35:42","43425792","pod=recommendationservice-6d8ddf5d5f-2lxgf"
"2026-06-11 17:35:57","2026-06-12 01:35:57","43425792","pod=recommendationservice-6d8ddf5d5f-2lxgf"
"2026-06-11 17:36:12","2026-06-12 01:36:12","43425792","pod=recommendationservice-6d8ddf5d5f-2lxgf"
"2026-06-11 17:36:27","2026-06-12 01:36:27","43692032","pod=recommendationservice-6d8ddf5d5f-2lxgf"
"2026-06-11 17:36:42","2026-06-12 01:36:42","43425792","pod=recommendationservice-6d8ddf5d5f-2lxgf"
"2026-06-11 17:36:57","2026-06-12 01:36:57","43429888","pod=recommendationservice-6d8ddf5d5f-2lxgf"
"2026-06-11 17:37:12","2026-06-12 01:37:12","43687936","pod=recommendationservice-6d8ddf5d5f-2lxgf"
"2026-06-11 17:37:27","2026-06-12 01:37:27","43425792","pod=recommendationservice-6d8ddf5d5f-2lxgf"
"2026-06-11 17:37:42","2026-06-12 01:37:42","43442176","pod=recommendationservice-6d8ddf5d5f-2lxgf"
"2026-06-11 17:37:57","2026-06-12 01:37:57","43425792","pod=recommendationservice-6d8ddf5d5f-2lxgf"
"2026-06-11 17:38:12","2026-06-12 01:38:12","43425792","pod=recommendationservice-6d8ddf5d5f-2lxgf"
"2026-06-11 17:38:27","2026-06-12 01:38:27","43425792","pod=recommendationservice-6d8ddf5d5f-2lxgf"
"2026-06-11 17:38:42","2026-06-12 01:38:42","43425792","pod=recommendationservice-6d8ddf5d5f-2lxgf"
"2026-06-11 17:38:57","2026-06-12 01:38:57","43696128","pod=recommendationservice-6d8ddf5d5f-2lxgf"
"2026-06-11 17:39:12","2026-06-12 01:39:12","43425792","pod=recommendationservice-6d8ddf5d5f-2lxgf"
"2026-06-11 17:39:27","2026-06-12 01:39:27","43425792","pod=recommendationservice-6d8ddf5d5f-2lxgf"
"2026-06-11 17:39:42","2026-06-12 01:39:42","43696128","pod=recommendationservice-6d8ddf5d5f-2lxgf"
"2026-06-11 17:39:57","2026-06-12 01:39:57","43425792","pod=recommendationservice-6d8ddf5d5f-2lxgf"
"2026-06-11 17:40:12","2026-06-12 01:40:12","43425792","pod=recommendationservice-6d8ddf5d5f-2lxgf"
"2026-06-11 17:40:27","2026-06-12 01:40:27","43425792","pod=recommendationservice-6d8ddf5d5f-2lxgf"
"2026-06-11 17:40:42","2026-06-12 01:40:42","43425792","pod=recommendationservice-6d8ddf5d5f-2lxgf"
"2026-06-11 17:40:57","2026-06-12 01:40:57","43425792","pod=recommendationservice-6d8ddf5d5f-2lxgf"
"2026-06-11 17:41:12","2026-06-12 01:41:12","43692032","pod=recommendationservice-6d8ddf5d5f-2lxgf"
"2026-06-11 17:41:27","2026-06-12 01:41:27","43425792","pod=recommendationservice-6d8ddf5d5f-2lxgf"
"2026-06-11 17:41:42","2026-06-12 01:41:42","43425792","pod=recommendationservice-6d8ddf5d5f-2lxgf"
"2026-06-11 17:41:57","2026-06-12 01:41:57","43425792","pod=recommendationservice-6d8ddf5d5f-2lxgf"
"2026-06-11 17:42:12","2026-06-12 01:42:12","43425792","pod=recommendationservice-6d8ddf5d5f-2lxgf"
"2026-06-11 17:42:27","2026-06-12 01:42:27","43433984","pod=recommendationservice-6d8ddf5d5f-2lxgf"
"2026-06-11 17:42:42","2026-06-12 01:42:42","43429888","pod=recommendationservice-6d8ddf5d5f-2lxgf"
"2026-06-11 17:42:57","2026-06-12 01:42:57","43683840","pod=recommendationservice-6d8ddf5d5f-2lxgf"
"2026-06-11 17:43:12","2026-06-12 01:43:12","43683840","pod=recommendationservice-6d8ddf5d5f-2lxgf"
"2026-06-11 17:43:27","2026-06-12 01:43:27","43429888","pod=recommendationservice-6d8ddf5d5f-2lxgf"
"2026-06-11 17:43:42","2026-06-12 01:43:42","43438080","pod=recommendationservice-6d8ddf5d5f-2lxgf"
"2026-06-11 17:43:57","2026-06-12 01:43:57","43941888","pod=recommendationservice-6d8ddf5d5f-2lxgf"
"2026-06-11 17:44:12","2026-06-12 01:44:12","43425792","pod=recommendationservice-6d8ddf5d5f-2lxgf"
"2026-06-11 17:44:27","2026-06-12 01:44:27","43425792","pod=recommendationservice-6d8ddf5d5f-2lxgf"
"2026-06-11 17:44:42","2026-06-12 01:44:42","43429888","pod=recommendationservice-6d8ddf5d5f-2lxgf"
"2026-06-11 17:44:57","2026-06-12 01:44:57","43429888","pod=recommendationservice-6d8ddf5d5f-2lxgf"
"2026-06-11 17:45:12","2026-06-12 01:45:12","43429888","pod=recommendationservice-6d8ddf5d5f-2lxgf"
"2026-06-11 17:45:27","2026-06-12 01:45:27","43438080","pod=recommendationservice-6d8ddf5d5f-2lxgf"
"2026-06-11 17:45:42","2026-06-12 01:45:42","43433984","pod=recommendationservice-6d8ddf5d5f-2lxgf"
"2026-06-11 17:45:57","2026-06-12 01:45:57","43433984","pod=recommendationservice-6d8ddf5d5f-2lxgf"
"2026-06-11 17:46:12","2026-06-12 01:46:12","43442176","pod=recommendationservice-6d8ddf5d5f-2lxgf"
"2026-06-11 17:46:27","2026-06-12 01:46:27","43433984","pod=recommendationservice-6d8ddf5d5f-2lxgf"
"2026-06-11 17:46:42","2026-06-12 01:46:42","43700224","pod=recommendationservice-6d8ddf5d5f-2lxgf"
"2026-06-11 17:46:57","2026-06-12 01:46:57","43433984","pod=recommendationservice-6d8ddf5d5f-2lxgf"
"2026-06-11 17:47:12","2026-06-12 01:47:12","43433984","pod=recommendationservice-6d8ddf5d5f-2lxgf"
"2026-06-11 17:47:27","2026-06-12 01:47:27","43433984","pod=recommendationservice-6d8ddf5d5f-2lxgf"
"2026-06-11 17:47:42","2026-06-12 01:47:42","43433984","pod=recommendationservice-6d8ddf5d5f-2lxgf"
"2026-06-11 17:47:57","2026-06-12 01:47:57","43433984","pod=recommendationservice-6d8ddf5d5f-2lxgf"
"2026-06-11 17:48:12","2026-06-12 01:48:12","43433984","pod=recommendationservice-6d8ddf5d5f-2lxgf"
"2026-06-11 17:48:27","2026-06-12 01:48:27","43433984","pod=recommendationservice-6d8ddf5d5f-2lxgf"
"2026-06-11 17:48:42","2026-06-12 01:48:42","43433984","pod=recommendationservice-6d8ddf5d5f-2lxgf"
"2026-06-11 17:48:57","2026-06-12 01:48:57","43433984","pod=recommendationservice-6d8ddf5d5f-2lxgf"
"2026-06-11 17:49:12","2026-06-12 01:49:12","43433984","pod=recommendationservice-6d8ddf5d5f-2lxgf"
"2026-06-11 17:49:27","2026-06-12 01:49:27","43433984","pod=recommendationservice-6d8ddf5d5f-2lxgf"
"2026-06-11 17:49:42","2026-06-12 01:49:42","43433984","pod=recommendationservice-6d8ddf5d5f-2lxgf"
"2026-06-11 17:49:57","2026-06-12 01:49:57","43433984","pod=recommendationservice-6d8ddf5d5f-2lxgf"
"2026-06-11 17:50:12","2026-06-12 01:50:12","43708416","pod=recommendationservice-6d8ddf5d5f-2lxgf"
"2026-06-11 17:50:27","2026-06-12 01:50:27","43708416","pod=recommendationservice-6d8ddf5d5f-2lxgf"
"2026-06-11 17:50:42","2026-06-12 01:50:42","43433984","pod=recommendationservice-6d8ddf5d5f-2lxgf"
"2026-06-11 17:50:57","2026-06-12 01:50:57","43442176","pod=recommendationservice-6d8ddf5d5f-2lxgf"
"2026-06-11 17:51:12","2026-06-12 01:51:12","43962368","pod=recommendationservice-6d8ddf5d5f-2lxgf"
"2026-06-11 17:51:27","2026-06-12 01:51:27","43433984","pod=recommendationservice-6d8ddf5d5f-2lxgf"
"2026-06-11 17:51:42","2026-06-12 01:51:42","43696128","pod=recommendationservice-6d8ddf5d5f-2lxgf"
"2026-06-11 17:51:57","2026-06-12 01:51:57","43433984","pod=recommendationservice-6d8ddf5d5f-2lxgf"
"2026-06-11 17:52:12","2026-06-12 01:52:12","43446272","pod=recommendationservice-6d8ddf5d5f-2lxgf"
"2026-06-11 17:52:27","2026-06-12 01:52:27","43433984","pod=recommendationservice-6d8ddf5d5f-2lxgf"
"2026-06-11 17:52:42","2026-06-12 01:52:42","43692032","pod=recommendationservice-6d8ddf5d5f-2lxgf"
"2026-06-11 17:52:57","2026-06-12 01:52:57","43438080","pod=recommendationservice-6d8ddf5d5f-2lxgf"
"2026-06-11 17:53:12","2026-06-12 01:53:12","43438080","pod=recommendationservice-6d8ddf5d5f-2lxgf"
"2026-06-11 17:53:27","2026-06-12 01:53:27","43433984","pod=recommendationservice-6d8ddf5d5f-2lxgf"
"2026-06-11 17:53:42","2026-06-12 01:53:42","43433984","pod=recommendationservice-6d8ddf5d5f-2lxgf"
"2026-06-11 17:53:57","2026-06-12 01:53:57","43433984","pod=recommendationservice-6d8ddf5d5f-2lxgf"
"2026-06-11 17:54:12","2026-06-12 01:54:12","43433984","pod=recommendationservice-6d8ddf5d5f-2lxgf"
"2026-06-11 17:54:27","2026-06-12 01:54:27","43433984","pod=recommendationservice-6d8ddf5d5f-2lxgf"
"2026-06-11 17:54:42","2026-06-12 01:54:42","43433984","pod=recommendationservice-6d8ddf5d5f-2lxgf"
"2026-06-11 17:54:57","2026-06-12 01:54:57","43433984","pod=recommendationservice-6d8ddf5d5f-2lxgf"
"2026-06-11 17:55:12","2026-06-12 01:55:12","43442176","pod=recommendationservice-6d8ddf5d5f-2lxgf"
"2026-06-11 17:55:27","2026-06-12 01:55:27","43433984","pod=recommendationservice-6d8ddf5d5f-2lxgf"
"2026-06-11 17:55:42","2026-06-12 01:55:42","43438080","pod=recommendationservice-6d8ddf5d5f-2lxgf"
"2026-06-11 17:55:57","2026-06-12 01:55:57","43446272","pod=recommendationservice-6d8ddf5d5f-2lxgf"
"2026-06-11 17:56:12","2026-06-12 01:56:12","43454464","pod=recommendationservice-6d8ddf5d5f-2lxgf"
"2026-06-11 17:56:27","2026-06-12 01:56:27","43700224","pod=recommendationservice-6d8ddf5d5f-2lxgf"
"2026-06-11 17:56:42","2026-06-12 01:56:42","43438080","pod=recommendationservice-6d8ddf5d5f-2lxgf"
"2026-06-11 17:56:57","2026-06-12 01:56:57","43446272","pod=recommendationservice-6d8ddf5d5f-2lxgf"
"2026-06-11 17:57:12","2026-06-12 01:57:12","43438080","pod=recommendationservice-6d8ddf5d5f-2lxgf"
"2026-06-11 17:57:27","2026-06-12 01:57:27","43438080","pod=recommendationservice-6d8ddf5d5f-2lxgf"
"2026-06-11 17:57:42","2026-06-12 01:57:42","43438080","pod=recommendationservice-6d8ddf5d5f-2lxgf"
"2026-06-11 17:57:57","2026-06-12 01:57:57","43438080","pod=recommendationservice-6d8ddf5d5f-2lxgf"
"2026-06-11 17:58:12","2026-06-12 01:58:12","43450368","pod=recommendationservice-6d8ddf5d5f-2lxgf"
"2026-06-11 17:58:27","2026-06-12 01:58:27","43454464","pod=recommendationservice-6d8ddf5d5f-2lxgf"
"2026-06-11 17:58:42","2026-06-12 01:58:42","43454464","pod=recommendationservice-6d8ddf5d5f-2lxgf"
"2026-06-11 17:58:57","2026-06-12 01:58:57","43438080","pod=recommendationservice-6d8ddf5d5f-2lxgf"
"2026-06-11 17:59:12","2026-06-12 01:59:12","43438080","pod=recommendationservice-6d8ddf5d5f-2lxgf"
"2026-06-11 17:59:27","2026-06-12 01:59:27","43438080","pod=recommendationservice-6d8ddf5d5f-2lxgf"
"2026-06-11 17:59:42","2026-06-12 01:59:42","43700224","pod=recommendationservice-6d8ddf5d5f-2lxgf"
"2026-06-11 17:59:57","2026-06-12 01:59:57","43438080","pod=recommendationservice-6d8ddf5d5f-2lxgf"
"2026-06-11 18:00:12","2026-06-12 02:00:12","43442176","pod=recommendationservice-6d8ddf5d5f-2lxgf"
"2026-06-11 18:00:27","2026-06-12 02:00:27","43442176","pod=recommendationservice-6d8ddf5d5f-2lxgf"
"2026-06-11 18:00:42","2026-06-12 02:00:42","43442176","pod=recommendationservice-6d8ddf5d5f-2lxgf"
"2026-06-11 18:00:57","2026-06-12 02:00:57","43438080","pod=recommendationservice-6d8ddf5d5f-2lxgf"
"2026-06-11 18:01:12","2026-06-12 02:01:12","43438080","pod=recommendationservice-6d8ddf5d5f-2lxgf"
"2026-06-11 18:01:27","2026-06-12 02:01:27","43446272","pod=recommendationservice-6d8ddf5d5f-2lxgf"
"2026-06-11 18:01:42","2026-06-12 02:01:42","43442176","pod=recommendationservice-6d8ddf5d5f-2lxgf"
"2026-06-11 18:01:57","2026-06-12 02:01:57","43438080","pod=recommendationservice-6d8ddf5d5f-2lxgf"
"2026-06-11 18:02:12","2026-06-12 02:02:12","43438080","pod=recommendationservice-6d8ddf5d5f-2lxgf"
"2026-06-11 18:02:27","2026-06-12 02:02:27","43438080","pod=recommendationservice-6d8ddf5d5f-2lxgf"
"2026-06-11 18:02:42","2026-06-12 02:02:42","43438080","pod=recommendationservice-6d8ddf5d5f-2lxgf"
"2026-06-11 18:02:57","2026-06-12 02:02:57","43438080","pod=recommendationservice-6d8ddf5d5f-2lxgf"
"2026-06-11 18:03:12","2026-06-12 02:03:12","43438080","pod=recommendationservice-6d8ddf5d5f-2lxgf"
"2026-06-11 18:03:27","2026-06-12 02:03:27","43438080","pod=recommendationservice-6d8ddf5d5f-2lxgf"
"2026-06-11 18:03:42","2026-06-12 02:03:42","43704320","pod=recommendationservice-6d8ddf5d5f-2lxgf"
"2026-06-11 18:03:57","2026-06-12 02:03:57","43438080","pod=recommendationservice-6d8ddf5d5f-2lxgf"
"2026-06-11 18:04:12","2026-06-12 02:04:12","43708416","pod=recommendationservice-6d8ddf5d5f-2lxgf"
"2026-06-11 18:04:27","2026-06-12 02:04:27","43450368","pod=recommendationservice-6d8ddf5d5f-2lxgf"
"2026-06-11 18:04:42","2026-06-12 02:04:42","43438080","pod=recommendationservice-6d8ddf5d5f-2lxgf"
"2026-06-11 18:04:57","2026-06-12 02:04:57","43438080","pod=recommendationservice-6d8ddf5d5f-2lxgf"
"2026-06-11 18:05:12","2026-06-12 02:05:12","43704320","pod=recommendationservice-6d8ddf5d5f-2lxgf"
"2026-06-11 18:05:27","2026-06-12 02:05:27","43438080","pod=recommendationservice-6d8ddf5d5f-2lxgf"
"2026-06-11 18:05:42","2026-06-12 02:05:42","43438080","pod=recommendationservice-6d8ddf5d5f-2lxgf"
"2026-06-11 18:05:57","2026-06-12 02:05:57","43438080","pod=recommendationservice-6d8ddf5d5f-2lxgf"
"2026-06-11 18:06:12","2026-06-12 02:06:12","43429888","pod=recommendationservice-6d8ddf5d5f-2lxgf"
"2026-06-11 18:06:27","2026-06-12 02:06:27","43438080","pod=recommendationservice-6d8ddf5d5f-2lxgf"
"2026-06-11 18:06:42","2026-06-12 02:06:42","43438080","pod=recommendationservice-6d8ddf5d5f-2lxgf"
"2026-06-11 18:06:57","2026-06-12 02:06:57","43454464","pod=recommendationservice-6d8ddf5d5f-2lxgf"
"2026-06-11 18:07:12","2026-06-12 02:07:12","43438080","pod=recommendationservice-6d8ddf5d5f-2lxgf"
"2026-06-11 18:07:27","2026-06-12 02:07:27","43450368","pod=recommendationservice-6d8ddf5d5f-2lxgf"
"2026-06-11 18:07:42","2026-06-12 02:07:42","43446272","pod=recommendationservice-6d8ddf5d5f-2lxgf"
"2026-06-11 18:07:57","2026-06-12 02:07:57","43446272","pod=recommendationservice-6d8ddf5d5f-2lxgf"
"2026-06-11 18:08:12","2026-06-12 02:08:12","43438080","pod=recommendationservice-6d8ddf5d5f-2lxgf"
"2026-06-11 18:08:27","2026-06-12 02:08:27","43438080","pod=recommendationservice-6d8ddf5d5f-2lxgf"
"2026-06-11 18:08:42","2026-06-12 02:08:42","43438080","pod=recommendationservice-6d8ddf5d5f-2lxgf"
"2026-06-11 18:08:57","2026-06-12 02:08:57","43438080","pod=recommendationservice-6d8ddf5d5f-2lxgf"
"2026-06-11 18:09:12","2026-06-12 02:09:12","43438080","pod=recommendationservice-6d8ddf5d5f-2lxgf"
"2026-06-11 18:09:27","2026-06-12 02:09:27","43450368","pod=recommendationservice-6d8ddf5d5f-2lxgf"
"2026-06-11 18:09:42","2026-06-12 02:09:42","43450368","pod=recommendationservice-6d8ddf5d5f-2lxgf"
"2026-06-11 18:09:57","2026-06-12 02:09:57","43700224","pod=recommendationservice-6d8ddf5d5f-2lxgf"
"2026-06-11 18:10:12","2026-06-12 02:10:12","43438080","pod=recommendationservice-6d8ddf5d5f-2lxgf"
"2026-06-11 18:10:27","2026-06-12 02:10:27","43450368","pod=recommendationservice-6d8ddf5d5f-2lxgf"
"2026-06-11 18:10:42","2026-06-12 02:10:42","43450368","pod=recommendationservice-6d8ddf5d5f-2lxgf"
"2026-06-11 18:10:57","2026-06-12 02:10:57","43438080","pod=recommendationservice-6d8ddf5d5f-2lxgf"
"2026-06-11 18:11:12","2026-06-12 02:11:12","43438080","pod=recommendationservice-6d8ddf5d5f-2lxgf"
"2026-06-11 18:11:27","2026-06-12 02:11:27","43438080","pod=recommendationservice-6d8ddf5d5f-2lxgf"
"2026-06-11 18:11:42","2026-06-12 02:11:42","43438080","pod=recommendationservice-6d8ddf5d5f-2lxgf"
"2026-06-11 18:11:57","2026-06-12 02:11:57","43446272","pod=recommendationservice-6d8ddf5d5f-2lxgf"
"2026-06-11 18:12:12","2026-06-12 02:12:12","43446272","pod=recommendationservice-6d8ddf5d5f-2lxgf"
"2026-06-11 18:12:27","2026-06-12 02:12:27","43438080","pod=recommendationservice-6d8ddf5d5f-2lxgf"
"2026-06-11 18:12:42","2026-06-12 02:12:42","43438080","pod=recommendationservice-6d8ddf5d5f-2lxgf"
"2026-06-11 18:12:57","2026-06-12 02:12:57","43438080","pod=recommendationservice-6d8ddf5d5f-2lxgf"
"2026-06-11 18:13:12","2026-06-12 02:13:12","43569152","pod=recommendationservice-6d8ddf5d5f-2lxgf"
"2026-06-11 18:13:27","2026-06-12 02:13:27","43569152","pod=recommendationservice-6d8ddf5d5f-2lxgf"
"2026-06-11 18:13:42","2026-06-12 02:13:42","43569152","pod=recommendationservice-6d8ddf5d5f-2lxgf"
"2026-06-11 18:13:57","2026-06-12 02:13:57","43835392","pod=recommendationservice-6d8ddf5d5f-2lxgf"
"2026-06-11 18:14:12","2026-06-12 02:14:12","43835392","pod=recommendationservice-6d8ddf5d5f-2lxgf"
"2026-06-11 18:14:27","2026-06-12 02:14:27","43569152","pod=recommendationservice-6d8ddf5d5f-2lxgf"
"2026-06-11 18:14:42","2026-06-12 02:14:42","43569152","pod=recommendationservice-6d8ddf5d5f-2lxgf"
"2026-06-11 18:14:57","2026-06-12 02:14:57","43573248","pod=recommendationservice-6d8ddf5d5f-2lxgf"
"2026-06-11 18:15:12","2026-06-12 02:15:12","43573248","pod=recommendationservice-6d8ddf5d5f-2lxgf"
"2026-06-11 18:15:27","2026-06-12 02:15:27","43839488","pod=recommendationservice-6d8ddf5d5f-2lxgf"
"2026-06-11 18:15:42","2026-06-12 02:15:42","43581440","pod=recommendationservice-6d8ddf5d5f-2lxgf"
"2026-06-11 18:15:57","2026-06-12 02:15:57","43581440","pod=recommendationservice-6d8ddf5d5f-2lxgf"
"2026-06-11 18:16:12","2026-06-12 02:16:12","43843584","pod=recommendationservice-6d8ddf5d5f-2lxgf"
"2026-06-11 18:16:27","2026-06-12 02:16:27","43556864","pod=recommendationservice-6d8ddf5d5f-2lxgf"
"2026-06-11 18:16:42","2026-06-12 02:16:42","43556864","pod=recommendationservice-6d8ddf5d5f-2lxgf"
"2026-06-11 18:16:57","2026-06-12 02:16:57","43560960","pod=recommendationservice-6d8ddf5d5f-2lxgf"
"2026-06-11 18:17:12","2026-06-12 02:17:12","43560960","pod=recommendationservice-6d8ddf5d5f-2lxgf"
"2026-06-11 18:17:27","2026-06-12 02:17:27","43814912","pod=recommendationservice-6d8ddf5d5f-2lxgf"
"2026-06-11 18:17:42","2026-06-12 02:17:42","43819008","pod=recommendationservice-6d8ddf5d5f-2lxgf"
"2026-06-11 18:17:57","2026-06-12 02:17:57","43819008","pod=recommendationservice-6d8ddf5d5f-2lxgf"
"2026-06-11 18:18:12","2026-06-12 02:18:12","43556864","pod=recommendationservice-6d8ddf5d5f-2lxgf"
"2026-06-11 18:18:27","2026-06-12 02:18:27","43569152","pod=recommendationservice-6d8ddf5d5f-2lxgf"
"2026-06-11 18:18:42","2026-06-12 02:18:42","43569152","pod=recommendationservice-6d8ddf5d5f-2lxgf"
"2026-06-11 18:18:57","2026-06-12 02:18:57","43573248","pod=recommendationservice-6d8ddf5d5f-2lxgf"
"2026-06-11 18:19:12","2026-06-12 02:19:12","43569152","pod=recommendationservice-6d8ddf5d5f-2lxgf"
"2026-06-11 18:19:27","2026-06-12 02:19:27","43569152","pod=recommendationservice-6d8ddf5d5f-2lxgf"
"2026-06-11 18:19:42","2026-06-12 02:19:42","43569152","pod=recommendationservice-6d8ddf5d5f-2lxgf"
"2026-06-11 18:19:57","2026-06-12 02:19:57","43573248","pod=recommendationservice-6d8ddf5d5f-2lxgf"
"2026-06-11 18:20:12","2026-06-12 02:20:12","43569152","pod=recommendationservice-6d8ddf5d5f-2lxgf"
"2026-06-11 18:20:27","2026-06-12 02:20:27","43569152","pod=recommendationservice-6d8ddf5d5f-2lxgf"
"2026-06-11 18:20:42","2026-06-12 02:20:42","43569152","pod=recommendationservice-6d8ddf5d5f-2lxgf"
"2026-06-11 18:20:57","2026-06-12 02:20:57","43573248","pod=recommendationservice-6d8ddf5d5f-2lxgf"
"2026-06-11 18:21:12","2026-06-12 02:21:12","43843584","pod=recommendationservice-6d8ddf5d5f-2lxgf"
"2026-06-11 18:21:27","2026-06-12 02:21:27","43569152","pod=recommendationservice-6d8ddf5d5f-2lxgf"
"2026-06-11 18:21:42","2026-06-12 02:21:42","43569152","pod=recommendationservice-6d8ddf5d5f-2lxgf"
"2026-06-11 18:21:57","2026-06-12 02:21:57","43569152","pod=recommendationservice-6d8ddf5d5f-2lxgf"
"2026-06-11 18:22:12","2026-06-12 02:22:12","43569152","pod=recommendationservice-6d8ddf5d5f-2lxgf"
"2026-06-11 18:22:27","2026-06-12 02:22:27","43569152","pod=recommendationservice-6d8ddf5d5f-2lxgf"
"2026-06-11 18:22:42","2026-06-12 02:22:42","43569152","pod=recommendationservice-6d8ddf5d5f-2lxgf"
"2026-06-11 18:22:57","2026-06-12 02:22:57","43573248","pod=recommendationservice-6d8ddf5d5f-2lxgf"
"2026-06-11 18:23:12","2026-06-12 02:23:12","43569152","pod=recommendationservice-6d8ddf5d5f-2lxgf"
"2026-06-11 18:23:27","2026-06-12 02:23:27","43569152","pod=recommendationservice-6d8ddf5d5f-2lxgf"
"2026-06-11 18:23:42","2026-06-12 02:23:42","43569152","pod=recommendationservice-6d8ddf5d5f-2lxgf"
"2026-06-11 18:23:57","2026-06-12 02:23:57","43569152","pod=recommendationservice-6d8ddf5d5f-2lxgf"
"2026-06-11 18:24:12","2026-06-12 02:24:12","43569152","pod=recommendationservice-6d8ddf5d5f-2lxgf"
"2026-06-11 18:24:27","2026-06-12 02:24:27","43569152","pod=recommendationservice-6d8ddf5d5f-2lxgf"
"2026-06-11 18:24:42","2026-06-12 02:24:42","43569152","pod=recommendationservice-6d8ddf5d5f-2lxgf"
"2026-06-11 18:24:57","2026-06-12 02:24:57","43569152","pod=recommendationservice-6d8ddf5d5f-2lxgf"
"2026-06-11 18:25:12","2026-06-12 02:25:12","43569152","pod=recommendationservice-6d8ddf5d5f-2lxgf"
"2026-06-11 18:25:27","2026-06-12 02:25:27","43569152","pod=recommendationservice-6d8ddf5d5f-2lxgf"
"2026-06-11 18:25:42","2026-06-12 02:25:42","43569152","pod=recommendationservice-6d8ddf5d5f-2lxgf"
"2026-06-11 18:25:57","2026-06-12 02:25:57","43573248","pod=recommendationservice-6d8ddf5d5f-2lxgf"
"2026-06-11 18:26:12","2026-06-12 02:26:12","43569152","pod=recommendationservice-6d8ddf5d5f-2lxgf"
"2026-06-11 18:26:27","2026-06-12 02:26:27","43569152","pod=recommendationservice-6d8ddf5d5f-2lxgf"
"2026-06-11 18:26:42","2026-06-12 02:26:42","43585536","pod=recommendationservice-6d8ddf5d5f-2lxgf"
"2026-06-11 18:26:57","2026-06-12 02:26:57","43569152","pod=recommendationservice-6d8ddf5d5f-2lxgf"
"2026-06-11 18:27:12","2026-06-12 02:27:12","43593728","pod=recommendationservice-6d8ddf5d5f-2lxgf"
"2026-06-11 18:27:27","2026-06-12 02:27:27","43593728","pod=recommendationservice-6d8ddf5d5f-2lxgf"
"2026-06-11 18:27:42","2026-06-12 02:27:42","43593728","pod=recommendationservice-6d8ddf5d5f-2lxgf"
"2026-06-11 18:27:57","2026-06-12 02:27:57","43601920","pod=recommendationservice-6d8ddf5d5f-2lxgf"
"2026-06-11 18:28:12","2026-06-12 02:28:12","43601920","pod=recommendationservice-6d8ddf5d5f-2lxgf"
"2026-06-11 18:28:27","2026-06-12 02:28:27","43597824","pod=recommendationservice-6d8ddf5d5f-2lxgf"
"2026-06-11 18:28:42","2026-06-12 02:28:42","43606016","pod=recommendationservice-6d8ddf5d5f-2lxgf"
"2026-06-11 18:28:57","2026-06-12 02:28:57","43601920","pod=recommendationservice-6d8ddf5d5f-2lxgf"
"2026-06-11 18:29:12","2026-06-12 02:29:12","43601920","pod=recommendationservice-6d8ddf5d5f-2lxgf"
"2026-06-11 18:29:27","2026-06-12 02:29:27","43610112","pod=recommendationservice-6d8ddf5d5f-2lxgf"
"2026-06-11 18:29:42","2026-06-12 02:29:42","43606016","pod=recommendationservice-6d8ddf5d5f-2lxgf"
"2026-06-11 18:29:57","2026-06-12 02:29:57","43606016","pod=recommendationservice-6d8ddf5d5f-2lxgf"
"2026-06-11 18:30:12","2026-06-12 02:30:12","43606016","pod=recommendationservice-6d8ddf5d5f-2lxgf"
"2026-06-11 18:30:27","2026-06-12 02:30:27","43606016","pod=recommendationservice-6d8ddf5d5f-2lxgf"
"2026-06-11 18:30:42","2026-06-12 02:30:42","43610112","pod=recommendationservice-6d8ddf5d5f-2lxgf"
"2026-06-11 18:30:57","2026-06-12 02:30:57","43610112","pod=recommendationservice-6d8ddf5d5f-2lxgf"
"2026-06-11 18:31:12","2026-06-12 02:31:12","43606016","pod=recommendationservice-6d8ddf5d5f-2lxgf"
"2026-06-11 18:31:27","2026-06-12 02:31:27","43606016","pod=recommendationservice-6d8ddf5d5f-2lxgf"
"2026-06-11 18:31:42","2026-06-12 02:31:42","43606016","pod=recommendationservice-6d8ddf5d5f-2lxgf"
"2026-06-11 18:31:57","2026-06-12 02:31:57","43606016","pod=recommendationservice-6d8ddf5d5f-2lxgf"
"2026-06-11 18:32:12","2026-06-12 02:32:12","43606016","pod=recommendationservice-6d8ddf5d5f-2lxgf"
"2026-06-11 18:32:27","2026-06-12 02:32:27","43606016","pod=recommendationservice-6d8ddf5d5f-2lxgf"
"2026-06-11 18:32:42","2026-06-12 02:32:42","43610112","pod=recommendationservice-6d8ddf5d5f-2lxgf"
"2026-06-11 18:32:57","2026-06-12 02:32:57","43614208","pod=recommendationservice-6d8ddf5d5f-2lxgf"
"2026-06-11 18:33:12","2026-06-12 02:33:12","43614208","pod=recommendationservice-6d8ddf5d5f-2lxgf"
"2026-06-11 18:33:27","2026-06-12 02:33:27","43606016","pod=recommendationservice-6d8ddf5d5f-2lxgf"
"2026-06-11 18:33:42","2026-06-12 02:33:42","43618304","pod=recommendationservice-6d8ddf5d5f-2lxgf"
"2026-06-11 18:33:57","2026-06-12 02:33:57","43606016","pod=recommendationservice-6d8ddf5d5f-2lxgf"
"2026-06-11 18:34:12","2026-06-12 02:34:12","43606016","pod=recommendationservice-6d8ddf5d5f-2lxgf"
"2026-06-11 18:34:27","2026-06-12 02:34:27","43606016","pod=recommendationservice-6d8ddf5d5f-2lxgf"
"2026-06-11 18:34:42","2026-06-12 02:34:42","43618304","pod=recommendationservice-6d8ddf5d5f-2lxgf"
"2026-06-11 18:34:57","2026-06-12 02:34:57","43618304","pod=recommendationservice-6d8ddf5d5f-2lxgf"
"2026-06-11 18:35:12","2026-06-12 02:35:12","43606016","pod=recommendationservice-6d8ddf5d5f-2lxgf"
"2026-06-11 18:35:27","2026-06-12 02:35:27","43606016","pod=recommendationservice-6d8ddf5d5f-2lxgf"
"2026-06-11 18:35:42","2026-06-12 02:35:42","43614208","pod=recommendationservice-6d8ddf5d5f-2lxgf"
"2026-06-11 18:35:57","2026-06-12 02:35:57","43606016","pod=recommendationservice-6d8ddf5d5f-2lxgf"
"2026-06-11 18:36:12","2026-06-12 02:36:12","43606016","pod=recommendationservice-6d8ddf5d5f-2lxgf"
"2026-06-11 18:36:27","2026-06-12 02:36:27","43868160","pod=recommendationservice-6d8ddf5d5f-2lxgf"
"2026-06-11 18:36:42","2026-06-12 02:36:42","43868160","pod=recommendationservice-6d8ddf5d5f-2lxgf"
"2026-06-11 18:36:57","2026-06-12 02:36:57","43859968","pod=recommendationservice-6d8ddf5d5f-2lxgf"
"2026-06-11 18:37:12","2026-06-12 02:37:12","43601920","pod=recommendationservice-6d8ddf5d5f-2lxgf"
"2026-06-11 18:37:27","2026-06-12 02:37:27","43589632","pod=recommendationservice-6d8ddf5d5f-2lxgf"
"2026-06-11 18:37:42","2026-06-12 02:37:42","43593728","pod=recommendationservice-6d8ddf5d5f-2lxgf"
"2026-06-11 18:37:57","2026-06-12 02:37:57","43589632","pod=recommendationservice-6d8ddf5d5f-2lxgf"
"2026-06-11 18:38:12","2026-06-12 02:38:12","44113920","pod=recommendationservice-6d8ddf5d5f-2lxgf"
"2026-06-11 18:38:27","2026-06-12 02:38:27","43589632","pod=recommendationservice-6d8ddf5d5f-2lxgf"
"2026-06-11 18:38:42","2026-06-12 02:38:42","43847680","pod=recommendationservice-6d8ddf5d5f-2lxgf"
"2026-06-11 18:38:57","2026-06-12 02:38:57","43589632","pod=recommendationservice-6d8ddf5d5f-2lxgf"
"2026-06-11 18:39:12","2026-06-12 02:39:12","43589632","pod=recommendationservice-6d8ddf5d5f-2lxgf"
"2026-06-11 18:39:27","2026-06-12 02:39:27","43593728","pod=recommendationservice-6d8ddf5d5f-2lxgf"
"2026-06-11 18:39:42","2026-06-12 02:39:42","43589632","pod=recommendationservice-6d8ddf5d5f-2lxgf"
"2026-06-11 18:39:57","2026-06-12 02:39:57","43589632","pod=recommendationservice-6d8ddf5d5f-2lxgf"
"2026-06-11 18:40:12","2026-06-12 02:40:12","43589632","pod=recommendationservice-6d8ddf5d5f-2lxgf"
"2026-06-11 18:40:27","2026-06-12 02:40:27","43606016","pod=recommendationservice-6d8ddf5d5f-2lxgf"
"2026-06-11 18:40:42","2026-06-12 02:40:42","43597824","pod=recommendationservice-6d8ddf5d5f-2lxgf"
"2026-06-11 18:40:57","2026-06-12 02:40:57","43597824","pod=recommendationservice-6d8ddf5d5f-2lxgf"
"2026-06-11 18:41:12","2026-06-12 02:41:12","43601920","pod=recommendationservice-6d8ddf5d5f-2lxgf"
"2026-06-11 18:41:27","2026-06-12 02:41:27","43597824","pod=recommendationservice-6d8ddf5d5f-2lxgf"
"2026-06-11 18:41:42","2026-06-12 02:41:42","43597824","pod=recommendationservice-6d8ddf5d5f-2lxgf"
"2026-06-11 18:41:57","2026-06-12 02:41:57","43606016","pod=recommendationservice-6d8ddf5d5f-2lxgf"
"2026-06-11 18:42:12","2026-06-12 02:42:12","43606016","pod=recommendationservice-6d8ddf5d5f-2lxgf"
"2026-06-11 18:42:27","2026-06-12 02:42:27","43606016","pod=recommendationservice-6d8ddf5d5f-2lxgf"
"2026-06-11 18:42:42","2026-06-12 02:42:42","43606016","pod=recommendationservice-6d8ddf5d5f-2lxgf"
"2026-06-11 18:42:57","2026-06-12 02:42:57","43876352","pod=recommendationservice-6d8ddf5d5f-2lxgf"
"2026-06-11 18:43:12","2026-06-12 02:43:12","43606016","pod=recommendationservice-6d8ddf5d5f-2lxgf"
"2026-06-11 18:43:27","2026-06-12 02:43:27","43606016","pod=recommendationservice-6d8ddf5d5f-2lxgf"
"2026-06-11 18:43:42","2026-06-12 02:43:42","43606016","pod=recommendationservice-6d8ddf5d5f-2lxgf"
"2026-06-11 18:43:57","2026-06-12 02:43:57","43606016","pod=recommendationservice-6d8ddf5d5f-2lxgf"
"2026-06-11 18:44:12","2026-06-12 02:44:12","43606016","pod=recommendationservice-6d8ddf5d5f-2lxgf"
"2026-06-11 18:44:27","2026-06-12 02:44:27","43606016","pod=recommendationservice-6d8ddf5d5f-2lxgf"
"2026-06-11 18:44:42","2026-06-12 02:44:42","43614208","pod=recommendationservice-6d8ddf5d5f-2lxgf"
"2026-06-11 18:44:57","2026-06-12 02:44:57","43606016","pod=recommendationservice-6d8ddf5d5f-2lxgf"
"2026-06-11 18:45:12","2026-06-12 02:45:12","43606016","pod=recommendationservice-6d8ddf5d5f-2lxgf"
"2026-06-11 18:45:27","2026-06-12 02:45:27","43606016","pod=recommendationservice-6d8ddf5d5f-2lxgf"
"2026-06-11 18:45:42","2026-06-12 02:45:42","43880448","pod=recommendationservice-6d8ddf5d5f-2lxgf"
"2026-06-11 18:45:57","2026-06-12 02:45:57","43610112","pod=recommendationservice-6d8ddf5d5f-2lxgf"
"2026-06-11 18:46:12","2026-06-12 02:46:12","43618304","pod=recommendationservice-6d8ddf5d5f-2lxgf"
"2026-06-11 18:46:27","2026-06-12 02:46:27","43618304","pod=recommendationservice-6d8ddf5d5f-2lxgf"
"2026-06-11 18:46:42","2026-06-12 02:46:42","43618304","pod=recommendationservice-6d8ddf5d5f-2lxgf"
"2026-06-11 18:46:57","2026-06-12 02:46:57","43618304","pod=recommendationservice-6d8ddf5d5f-2lxgf"
"2026-06-11 18:47:12","2026-06-12 02:47:12","43614208","pod=recommendationservice-6d8ddf5d5f-2lxgf"
"2026-06-11 18:47:27","2026-06-12 02:47:27","43864064","pod=recommendationservice-6d8ddf5d5f-2lxgf"
"2026-06-11 18:47:42","2026-06-12 02:47:42","43610112","pod=recommendationservice-6d8ddf5d5f-2lxgf"
"2026-06-11 18:47:57","2026-06-12 02:47:57","43614208","pod=recommendationservice-6d8ddf5d5f-2lxgf"
"2026-06-11 18:48:12","2026-06-12 02:48:12","43614208","pod=recommendationservice-6d8ddf5d5f-2lxgf"
"2026-06-11 18:48:27","2026-06-12 02:48:27","43872256","pod=recommendationservice-6d8ddf5d5f-2lxgf"
"2026-06-11 18:48:42","2026-06-12 02:48:42","43614208","pod=recommendationservice-6d8ddf5d5f-2lxgf"
"2026-06-11 18:48:57","2026-06-12 02:48:57","43614208","pod=recommendationservice-6d8ddf5d5f-2lxgf"
"2026-06-11 18:49:12","2026-06-12 02:49:12","43614208","pod=recommendationservice-6d8ddf5d5f-2lxgf"
"2026-06-11 18:49:27","2026-06-12 02:49:27","43614208","pod=recommendationservice-6d8ddf5d5f-2lxgf"
"2026-06-11 18:49:42","2026-06-12 02:49:42","43614208","pod=recommendationservice-6d8ddf5d5f-2lxgf"
"2026-06-11 18:49:57","2026-06-12 02:49:57","43614208","pod=recommendationservice-6d8ddf5d5f-2lxgf"
"2026-06-11 18:50:12","2026-06-12 02:50:12","43614208","pod=recommendationservice-6d8ddf5d5f-2lxgf"
"2026-06-11 18:50:27","2026-06-12 02:50:27","43614208","pod=recommendationservice-6d8ddf5d5f-2lxgf"
"2026-06-11 18:50:42","2026-06-12 02:50:42","43614208","pod=recommendationservice-6d8ddf5d5f-2lxgf"
"2026-06-11 18:50:57","2026-06-12 02:50:57","43614208","pod=recommendationservice-6d8ddf5d5f-2lxgf"
"2026-06-11 18:51:12","2026-06-12 02:51:12","43614208","pod=recommendationservice-6d8ddf5d5f-2lxgf"
"2026-06-11 18:51:27","2026-06-12 02:51:27","43614208","pod=recommendationservice-6d8ddf5d5f-2lxgf"
"2026-06-11 18:51:42","2026-06-12 02:51:42","43614208","pod=recommendationservice-6d8ddf5d5f-2lxgf"
"2026-06-11 18:51:57","2026-06-12 02:51:57","43884544","pod=recommendationservice-6d8ddf5d5f-2lxgf"
"2026-06-11 18:52:12","2026-06-12 02:52:12","43614208","pod=recommendationservice-6d8ddf5d5f-2lxgf"
"2026-06-11 18:52:27","2026-06-12 02:52:27","43614208","pod=recommendationservice-6d8ddf5d5f-2lxgf"
"2026-06-11 18:52:42","2026-06-12 02:52:42","43880448","pod=recommendationservice-6d8ddf5d5f-2lxgf"
"2026-06-11 18:52:57","2026-06-12 02:52:57","43614208","pod=recommendationservice-6d8ddf5d5f-2lxgf"
"2026-06-11 18:53:12","2026-06-12 02:53:12","43872256","pod=recommendationservice-6d8ddf5d5f-2lxgf"
"2026-06-11 18:53:27","2026-06-12 02:53:27","43614208","pod=recommendationservice-6d8ddf5d5f-2lxgf"
"2026-06-11 18:53:42","2026-06-12 02:53:42","43614208","pod=recommendationservice-6d8ddf5d5f-2lxgf"
"2026-06-11 18:53:57","2026-06-12 02:53:57","43618304","pod=recommendationservice-6d8ddf5d5f-2lxgf"
"2026-06-11 18:54:12","2026-06-12 02:54:12","43618304","pod=recommendationservice-6d8ddf5d5f-2lxgf"
"2026-06-11 18:54:27","2026-06-12 02:54:27","43884544","pod=recommendationservice-6d8ddf5d5f-2lxgf"
"2026-06-11 18:54:42","2026-06-12 02:54:42","43626496","pod=recommendationservice-6d8ddf5d5f-2lxgf"
"2026-06-11 18:54:57","2026-06-12 02:54:57","43626496","pod=recommendationservice-6d8ddf5d5f-2lxgf"
"2026-06-11 18:55:12","2026-06-12 02:55:12","43618304","pod=recommendationservice-6d8ddf5d5f-2lxgf"
"2026-06-11 18:55:27","2026-06-12 02:55:27","43618304","pod=recommendationservice-6d8ddf5d5f-2lxgf"
"2026-06-11 18:55:42","2026-06-12 02:55:42","43618304","pod=recommendationservice-6d8ddf5d5f-2lxgf"
"2026-06-11 18:55:57","2026-06-12 02:55:57","43618304","pod=recommendationservice-6d8ddf5d5f-2lxgf"
"2026-06-11 18:56:12","2026-06-12 02:56:12","43618304","pod=recommendationservice-6d8ddf5d5f-2lxgf"
"2026-06-11 18:56:27","2026-06-12 02:56:27","43622400","pod=recommendationservice-6d8ddf5d5f-2lxgf"
"2026-06-11 18:56:42","2026-06-12 02:56:42","43634688","pod=recommendationservice-6d8ddf5d5f-2lxgf"
"2026-06-11 18:56:57","2026-06-12 02:56:57","43634688","pod=recommendationservice-6d8ddf5d5f-2lxgf"
"2026-06-11 18:57:12","2026-06-12 02:57:12","43618304","pod=recommendationservice-6d8ddf5d5f-2lxgf"
"2026-06-11 18:57:27","2026-06-12 02:57:27","43622400","pod=recommendationservice-6d8ddf5d5f-2lxgf"
"2026-06-11 18:57:42","2026-06-12 02:57:42","43597824","pod=recommendationservice-6d8ddf5d5f-2lxgf"
"2026-06-11 18:57:57","2026-06-12 02:57:57","43597824","pod=recommendationservice-6d8ddf5d5f-2lxgf"
"2026-06-11 18:58:12","2026-06-12 02:58:12","43610112","pod=recommendationservice-6d8ddf5d5f-2lxgf"
"2026-06-11 18:58:27","2026-06-12 02:58:27","43868160","pod=recommendationservice-6d8ddf5d5f-2lxgf"
"2026-06-11 18:58:42","2026-06-12 02:58:42","43610112","pod=recommendationservice-6d8ddf5d5f-2lxgf"
"2026-06-11 18:58:57","2026-06-12 02:58:57","43601920","pod=recommendationservice-6d8ddf5d5f-2lxgf"
"2026-06-11 18:59:12","2026-06-12 02:59:12","43601920","pod=recommendationservice-6d8ddf5d5f-2lxgf"
"2026-06-11 18:59:27","2026-06-12 02:59:27","43618304","pod=recommendationservice-6d8ddf5d5f-2lxgf"
"2026-06-11 18:59:42","2026-06-12 02:59:42","43618304","pod=recommendationservice-6d8ddf5d5f-2lxgf"
"2026-06-11 18:59:57","2026-06-12 02:59:57","43610112","pod=recommendationservice-6d8ddf5d5f-2lxgf"
"2026-06-11 19:00:12","2026-06-12 03:00:12","43622400","pod=recommendationservice-6d8ddf5d5f-2lxgf"
"2026-06-11 19:00:27","2026-06-12 03:00:27","43618304","pod=recommendationservice-6d8ddf5d5f-2lxgf"
"2026-06-11 19:00:42","2026-06-12 03:00:42","43618304","pod=recommendationservice-6d8ddf5d5f-2lxgf"
"2026-06-11 19:00:57","2026-06-12 03:00:57","43618304","pod=recommendationservice-6d8ddf5d5f-2lxgf"
"2026-06-11 19:01:12","2026-06-12 03:01:12","43618304","pod=recommendationservice-6d8ddf5d5f-2lxgf"
"2026-06-11 19:01:27","2026-06-12 03:01:27","43618304","pod=recommendationservice-6d8ddf5d5f-2lxgf"
"2026-06-11 19:01:42","2026-06-12 03:01:42","43618304","pod=recommendationservice-6d8ddf5d5f-2lxgf"
"2026-06-11 19:01:57","2026-06-12 03:01:57","43618304","pod=recommendationservice-6d8ddf5d5f-2lxgf"
"2026-06-11 19:02:12","2026-06-12 03:02:12","43618304","pod=recommendationservice-6d8ddf5d5f-2lxgf"
"2026-06-11 19:02:27","2026-06-12 03:02:27","43888640","pod=recommendationservice-6d8ddf5d5f-2lxgf"
"2026-06-11 19:02:42","2026-06-12 03:02:42","43622400","pod=recommendationservice-6d8ddf5d5f-2lxgf"
"2026-06-11 19:02:57","2026-06-12 03:02:57","43622400","pod=recommendationservice-6d8ddf5d5f-2lxgf"
"2026-06-11 19:03:12","2026-06-12 03:03:12","43622400","pod=recommendationservice-6d8ddf5d5f-2lxgf"
"2026-06-11 19:03:27","2026-06-12 03:03:27","43626496","pod=recommendationservice-6d8ddf5d5f-2lxgf"
"2026-06-11 19:03:42","2026-06-12 03:03:42","43626496","pod=recommendationservice-6d8ddf5d5f-2lxgf"
"2026-06-11 19:03:57","2026-06-12 03:03:57","43622400","pod=recommendationservice-6d8ddf5d5f-2lxgf"
"2026-06-11 19:04:12","2026-06-12 03:04:12","43630592","pod=recommendationservice-6d8ddf5d5f-2lxgf"
"2026-06-11 19:04:27","2026-06-12 03:04:27","43626496","pod=recommendationservice-6d8ddf5d5f-2lxgf"
"2026-06-11 19:04:42","2026-06-12 03:04:42","43626496","pod=recommendationservice-6d8ddf5d5f-2lxgf"
"2026-06-11 19:04:57","2026-06-12 03:04:57","43626496","pod=recommendationservice-6d8ddf5d5f-2lxgf"
"2026-06-11 19:05:12","2026-06-12 03:05:12","43626496","pod=recommendationservice-6d8ddf5d5f-2lxgf"
"2026-06-11 19:05:27","2026-06-12 03:05:27","43626496","pod=recommendationservice-6d8ddf5d5f-2lxgf"
"2026-06-11 19:05:42","2026-06-12 03:05:42","43626496","pod=recommendationservice-6d8ddf5d5f-2lxgf"
"2026-06-11 19:05:57","2026-06-12 03:05:57","43626496","pod=recommendationservice-6d8ddf5d5f-2lxgf"
"2026-06-11 19:06:12","2026-06-12 03:06:12","43630592","pod=recommendationservice-6d8ddf5d5f-2lxgf"
"2026-06-11 19:06:27","2026-06-12 03:06:27","43626496","pod=recommendationservice-6d8ddf5d5f-2lxgf"
"2026-06-11 19:06:42","2026-06-12 03:06:42","43638784","pod=recommendationservice-6d8ddf5d5f-2lxgf"
"2026-06-11 19:06:57","2026-06-12 03:06:57","43642880","pod=recommendationservice-6d8ddf5d5f-2lxgf"
"2026-06-11 19:07:12","2026-06-12 03:07:12","43626496","pod=recommendationservice-6d8ddf5d5f-2lxgf"
"2026-06-11 19:07:27","2026-06-12 03:07:27","43626496","pod=recommendationservice-6d8ddf5d5f-2lxgf"
"2026-06-11 19:07:42","2026-06-12 03:07:42","43626496","pod=recommendationservice-6d8ddf5d5f-2lxgf"
"2026-06-11 19:07:57","2026-06-12 03:07:57","43606016","pod=recommendationservice-6d8ddf5d5f-2lxgf"
"2026-06-11 19:08:12","2026-06-12 03:08:12","43597824","pod=recommendationservice-6d8ddf5d5f-2lxgf"
"2026-06-11 19:08:27","2026-06-12 03:08:27","43634688","pod=recommendationservice-6d8ddf5d5f-2lxgf"
"2026-06-11 19:08:42","2026-06-12 03:08:42","43638784","pod=recommendationservice-6d8ddf5d5f-2lxgf"
"2026-06-11 19:08:57","2026-06-12 03:08:57","43638784","pod=recommendationservice-6d8ddf5d5f-2lxgf"
"2026-06-11 19:09:12","2026-06-12 03:09:12","43655168","pod=recommendationservice-6d8ddf5d5f-2lxgf"
"2026-06-11 19:09:27","2026-06-12 03:09:27","43900928","pod=recommendationservice-6d8ddf5d5f-2lxgf"
"2026-06-11 19:09:42","2026-06-12 03:09:42","43642880","pod=recommendationservice-6d8ddf5d5f-2lxgf"
"2026-06-11 19:09:57","2026-06-12 03:09:57","43638784","pod=recommendationservice-6d8ddf5d5f-2lxgf"
"2026-06-11 19:10:12","2026-06-12 03:10:12","43642880","pod=recommendationservice-6d8ddf5d5f-2lxgf"
"2026-06-11 19:10:27","2026-06-12 03:10:27","43642880","pod=recommendationservice-6d8ddf5d5f-2lxgf"
"2026-06-11 19:10:42","2026-06-12 03:10:42","43642880","pod=recommendationservice-6d8ddf5d5f-2lxgf"
"2026-06-11 19:10:57","2026-06-12 03:10:57","43642880","pod=recommendationservice-6d8ddf5d5f-2lxgf"
"2026-06-11 19:11:12","2026-06-12 03:11:12","43642880","pod=recommendationservice-6d8ddf5d5f-2lxgf"
"2026-06-11 19:11:27","2026-06-12 03:11:27","43642880","pod=recommendationservice-6d8ddf5d5f-2lxgf"
"2026-06-11 19:11:42","2026-06-12 03:11:42","43642880","pod=recommendationservice-6d8ddf5d5f-2lxgf"
"2026-06-11 19:11:57","2026-06-12 03:11:57","43642880","pod=recommendationservice-6d8ddf5d5f-2lxgf"
"2026-06-11 19:12:12","2026-06-12 03:12:12","43642880","pod=recommendationservice-6d8ddf5d5f-2lxgf"
"2026-06-11 19:12:27","2026-06-12 03:12:27","43642880","pod=recommendationservice-6d8ddf5d5f-2lxgf"
"2026-06-11 19:12:42","2026-06-12 03:12:42","43642880","pod=recommendationservice-6d8ddf5d5f-2lxgf"
"2026-06-11 19:12:57","2026-06-12 03:12:57","43642880","pod=recommendationservice-6d8ddf5d5f-2lxgf"
"2026-06-11 19:13:12","2026-06-12 03:13:12","43663360","pod=recommendationservice-6d8ddf5d5f-2lxgf"
"2026-06-11 19:13:27","2026-06-12 03:13:27","43909120","pod=recommendationservice-6d8ddf5d5f-2lxgf"
"2026-06-11 19:13:42","2026-06-12 03:13:42","43642880","pod=recommendationservice-6d8ddf5d5f-2lxgf"
"2026-06-11 19:13:57","2026-06-12 03:13:57","43642880","pod=recommendationservice-6d8ddf5d5f-2lxgf"
"2026-06-11 19:14:12","2026-06-12 03:14:12","43646976","pod=recommendationservice-6d8ddf5d5f-2lxgf"
"2026-06-11 19:14:27","2026-06-12 03:14:27","43909120","pod=recommendationservice-6d8ddf5d5f-2lxgf"
"2026-06-11 19:14:42","2026-06-12 03:14:42","43651072","pod=recommendationservice-6d8ddf5d5f-2lxgf"
"2026-06-11 19:14:57","2026-06-12 03:14:57","43646976","pod=recommendationservice-6d8ddf5d5f-2lxgf"
"2026-06-11 19:15:12","2026-06-12 03:15:12","43646976","pod=recommendationservice-6d8ddf5d5f-2lxgf"
"2026-06-11 19:15:27","2026-06-12 03:15:27","43659264","pod=recommendationservice-6d8ddf5d5f-2lxgf"
"2026-06-11 19:15:42","2026-06-12 03:15:42","43655168","pod=recommendationservice-6d8ddf5d5f-2lxgf"
"2026-06-11 19:15:57","2026-06-12 03:15:57","43646976","pod=recommendationservice-6d8ddf5d5f-2lxgf"
"2026-06-11 19:16:12","2026-06-12 03:16:12","43646976","pod=recommendationservice-6d8ddf5d5f-2lxgf"
"2026-06-11 19:16:27","2026-06-12 03:16:27","43646976","pod=recommendationservice-6d8ddf5d5f-2lxgf"
"2026-06-11 19:16:42","2026-06-12 03:16:42","43646976","pod=recommendationservice-6d8ddf5d5f-2lxgf"
"2026-06-11 19:16:57","2026-06-12 03:16:57","43646976","pod=recommendationservice-6d8ddf5d5f-2lxgf"
"2026-06-11 19:17:12","2026-06-12 03:17:12","43646976","pod=recommendationservice-6d8ddf5d5f-2lxgf"
"2026-06-11 19:17:27","2026-06-12 03:17:27","43655168","pod=recommendationservice-6d8ddf5d5f-2lxgf"
"2026-06-11 19:17:42","2026-06-12 03:17:42","43655168","pod=recommendationservice-6d8ddf5d5f-2lxgf"
"2026-06-11 19:17:57","2026-06-12 03:17:57","43659264","pod=recommendationservice-6d8ddf5d5f-2lxgf"
"2026-06-11 19:18:12","2026-06-12 03:18:12","43622400","pod=recommendationservice-6d8ddf5d5f-2lxgf"
"2026-06-11 19:18:27","2026-06-12 03:18:27","43622400","pod=recommendationservice-6d8ddf5d5f-2lxgf"
"2026-06-11 19:18:42","2026-06-12 03:18:42","43888640","pod=recommendationservice-6d8ddf5d5f-2lxgf"
"2026-06-11 19:18:57","2026-06-12 03:18:57","44163072","pod=recommendationservice-6d8ddf5d5f-2lxgf"
"2026-06-11 19:19:12","2026-06-12 03:19:12","43630592","pod=recommendationservice-6d8ddf5d5f-2lxgf"
"2026-06-11 19:19:27","2026-06-12 03:19:27","43634688","pod=recommendationservice-6d8ddf5d5f-2lxgf"
"2026-06-11 19:19:42","2026-06-12 03:19:42","43642880","pod=recommendationservice-6d8ddf5d5f-2lxgf"
"2026-06-11 19:19:57","2026-06-12 03:19:57","43655168","pod=recommendationservice-6d8ddf5d5f-2lxgf"
"2026-06-11 19:20:12","2026-06-12 03:20:12","43655168","pod=recommendationservice-6d8ddf5d5f-2lxgf"
"2026-06-11 19:20:27","2026-06-12 03:20:27","43655168","pod=recommendationservice-6d8ddf5d5f-2lxgf"
"2026-06-11 19:20:42","2026-06-12 03:20:42","43655168","pod=recommendationservice-6d8ddf5d5f-2lxgf"
"2026-06-11 19:20:57","2026-06-12 03:20:57","43655168","pod=recommendationservice-6d8ddf5d5f-2lxgf"
"2026-06-11 19:21:12","2026-06-12 03:21:12","43655168","pod=recommendationservice-6d8ddf5d5f-2lxgf"
"2026-06-11 19:21:27","2026-06-12 03:21:27","43655168","pod=recommendationservice-6d8ddf5d5f-2lxgf"
"2026-06-11 19:21:42","2026-06-12 03:21:42","43655168","pod=recommendationservice-6d8ddf5d5f-2lxgf"
"2026-06-11 19:21:57","2026-06-12 03:21:57","43655168","pod=recommendationservice-6d8ddf5d5f-2lxgf"
"2026-06-11 19:22:12","2026-06-12 03:22:12","43655168","pod=recommendationservice-6d8ddf5d5f-2lxgf"
"2026-06-11 19:22:27","2026-06-12 03:22:27","43655168","pod=recommendationservice-6d8ddf5d5f-2lxgf"
"2026-06-11 19:22:42","2026-06-12 03:22:42","43655168","pod=recommendationservice-6d8ddf5d5f-2lxgf"
"2026-06-11 19:22:57","2026-06-12 03:22:57","43655168","pod=recommendationservice-6d8ddf5d5f-2lxgf"
"2026-06-11 19:23:12","2026-06-12 03:23:12","43655168","pod=recommendationservice-6d8ddf5d5f-2lxgf"
"2026-06-11 19:23:27","2026-06-12 03:23:27","43655168","pod=recommendationservice-6d8ddf5d5f-2lxgf"
"2026-06-11 19:23:42","2026-06-12 03:23:42","43663360","pod=recommendationservice-6d8ddf5d5f-2lxgf"
"2026-06-11 19:23:57","2026-06-12 03:23:57","43663360","pod=recommendationservice-6d8ddf5d5f-2lxgf"
"2026-06-11 19:24:12","2026-06-12 03:24:12","43659264","pod=recommendationservice-6d8ddf5d5f-2lxgf"
"2026-06-11 19:24:27","2026-06-12 03:24:27","43655168","pod=recommendationservice-6d8ddf5d5f-2lxgf"
"2026-06-11 19:24:42","2026-06-12 03:24:42","43655168","pod=recommendationservice-6d8ddf5d5f-2lxgf"
"2026-06-11 19:24:57","2026-06-12 03:24:57","43655168","pod=recommendationservice-6d8ddf5d5f-2lxgf"
"2026-06-11 19:25:12","2026-06-12 03:25:12","43655168","pod=recommendationservice-6d8ddf5d5f-2lxgf"
"2026-06-11 19:25:27","2026-06-12 03:25:27","43655168","pod=recommendationservice-6d8ddf5d5f-2lxgf"
"2026-06-11 19:25:42","2026-06-12 03:25:42","43913216","pod=recommendationservice-6d8ddf5d5f-2lxgf"
"2026-06-11 19:25:57","2026-06-12 03:25:57","43655168","pod=recommendationservice-6d8ddf5d5f-2lxgf"
"2026-06-11 19:26:12","2026-06-12 03:26:12","43663360","pod=recommendationservice-6d8ddf5d5f-2lxgf"
"2026-06-11 19:26:27","2026-06-12 03:26:27","43655168","pod=recommendationservice-6d8ddf5d5f-2lxgf"
"2026-06-11 19:26:42","2026-06-12 03:26:42","43659264","pod=recommendationservice-6d8ddf5d5f-2lxgf"
"2026-06-11 19:26:57","2026-06-12 03:26:57","43917312","pod=recommendationservice-6d8ddf5d5f-2lxgf"
"2026-06-11 17:26:57","2026-06-12 01:26:57","7569408","pod=redis-cart-6899b65948-xwzrc"
"2026-06-11 17:27:12","2026-06-12 01:27:12","7307264","pod=redis-cart-6899b65948-xwzrc"
"2026-06-11 17:27:27","2026-06-12 01:27:27","7569408","pod=redis-cart-6899b65948-xwzrc"
"2026-06-11 17:27:42","2026-06-12 01:27:42","7569408","pod=redis-cart-6899b65948-xwzrc"
"2026-06-11 17:27:57","2026-06-12 01:27:57","7569408","pod=redis-cart-6899b65948-xwzrc"
"2026-06-11 17:28:12","2026-06-12 01:28:12","7569408","pod=redis-cart-6899b65948-xwzrc"
"2026-06-11 17:28:27","2026-06-12 01:28:27","7569408","pod=redis-cart-6899b65948-xwzrc"
"2026-06-11 17:28:42","2026-06-12 01:28:42","7311360","pod=redis-cart-6899b65948-xwzrc"
"2026-06-11 17:28:57","2026-06-12 01:28:57","7311360","pod=redis-cart-6899b65948-xwzrc"
"2026-06-11 17:29:12","2026-06-12 01:29:12","7573504","pod=redis-cart-6899b65948-xwzrc"
"2026-06-11 17:29:27","2026-06-12 01:29:27","7311360","pod=redis-cart-6899b65948-xwzrc"
"2026-06-11 17:29:42","2026-06-12 01:29:42","7573504","pod=redis-cart-6899b65948-xwzrc"
"2026-06-11 17:29:57","2026-06-12 01:29:57","7573504","pod=redis-cart-6899b65948-xwzrc"
"2026-06-11 17:30:12","2026-06-12 01:30:12","7311360","pod=redis-cart-6899b65948-xwzrc"
"2026-06-11 17:30:27","2026-06-12 01:30:27","7561216","pod=redis-cart-6899b65948-xwzrc"
"2026-06-11 17:30:42","2026-06-12 01:30:42","7561216","pod=redis-cart-6899b65948-xwzrc"
"2026-06-11 17:30:57","2026-06-12 01:30:57","7561216","pod=redis-cart-6899b65948-xwzrc"
"2026-06-11 17:31:12","2026-06-12 01:31:12","7823360","pod=redis-cart-6899b65948-xwzrc"
"2026-06-11 17:31:27","2026-06-12 01:31:27","7561216","pod=redis-cart-6899b65948-xwzrc"
"2026-06-11 17:31:42","2026-06-12 01:31:42","7561216","pod=redis-cart-6899b65948-xwzrc"
"2026-06-11 17:31:57","2026-06-12 01:31:57","7819264","pod=redis-cart-6899b65948-xwzrc"
"2026-06-11 17:32:12","2026-06-12 01:32:12","7561216","pod=redis-cart-6899b65948-xwzrc"
"2026-06-11 17:32:27","2026-06-12 01:32:27","7561216","pod=redis-cart-6899b65948-xwzrc"
"2026-06-11 17:32:42","2026-06-12 01:32:42","7561216","pod=redis-cart-6899b65948-xwzrc"
"2026-06-11 17:32:57","2026-06-12 01:32:57","7561216","pod=redis-cart-6899b65948-xwzrc"
"2026-06-11 17:33:12","2026-06-12 01:33:12","7557120","pod=redis-cart-6899b65948-xwzrc"
"2026-06-11 17:33:27","2026-06-12 01:33:27","7299072","pod=redis-cart-6899b65948-xwzrc"
"2026-06-11 17:33:42","2026-06-12 01:33:42","7561216","pod=redis-cart-6899b65948-xwzrc"
"2026-06-11 17:33:57","2026-06-12 01:33:57","7561216","pod=redis-cart-6899b65948-xwzrc"
"2026-06-11 17:34:12","2026-06-12 01:34:12","7561216","pod=redis-cart-6899b65948-xwzrc"
"2026-06-11 17:34:27","2026-06-12 01:34:27","7311360","pod=redis-cart-6899b65948-xwzrc"
"2026-06-11 17:34:42","2026-06-12 01:34:42","7299072","pod=redis-cart-6899b65948-xwzrc"
"2026-06-11 17:34:57","2026-06-12 01:34:57","7299072","pod=redis-cart-6899b65948-xwzrc"
"2026-06-11 17:35:12","2026-06-12 01:35:12","7299072","pod=redis-cart-6899b65948-xwzrc"
"2026-06-11 17:35:27","2026-06-12 01:35:27","7561216","pod=redis-cart-6899b65948-xwzrc"
"2026-06-11 17:35:42","2026-06-12 01:35:42","7819264","pod=redis-cart-6899b65948-xwzrc"
"2026-06-11 17:35:57","2026-06-12 01:35:57","7561216","pod=redis-cart-6899b65948-xwzrc"
"2026-06-11 17:36:12","2026-06-12 01:36:12","7299072","pod=redis-cart-6899b65948-xwzrc"
"2026-06-11 17:36:27","2026-06-12 01:36:27","7303168","pod=redis-cart-6899b65948-xwzrc"
"2026-06-11 17:36:42","2026-06-12 01:36:42","7299072","pod=redis-cart-6899b65948-xwzrc"
"2026-06-11 17:36:57","2026-06-12 01:36:57","7299072","pod=redis-cart-6899b65948-xwzrc"
"2026-06-11 17:37:12","2026-06-12 01:37:12","7561216","pod=redis-cart-6899b65948-xwzrc"
"2026-06-11 17:37:27","2026-06-12 01:37:27","7307264","pod=redis-cart-6899b65948-xwzrc"
"2026-06-11 17:37:42","2026-06-12 01:37:42","7819264","pod=redis-cart-6899b65948-xwzrc"
"2026-06-11 17:37:57","2026-06-12 01:37:57","7561216","pod=redis-cart-6899b65948-xwzrc"
"2026-06-11 17:38:12","2026-06-12 01:38:12","7561216","pod=redis-cart-6899b65948-xwzrc"
"2026-06-11 17:38:27","2026-06-12 01:38:27","7303168","pod=redis-cart-6899b65948-xwzrc"
"2026-06-11 17:38:42","2026-06-12 01:38:42","7303168","pod=redis-cart-6899b65948-xwzrc"
"2026-06-11 17:38:57","2026-06-12 01:38:57","7299072","pod=redis-cart-6899b65948-xwzrc"
"2026-06-11 17:39:12","2026-06-12 01:39:12","7561216","pod=redis-cart-6899b65948-xwzrc"
"2026-06-11 17:39:27","2026-06-12 01:39:27","7561216","pod=redis-cart-6899b65948-xwzrc"
"2026-06-11 17:39:42","2026-06-12 01:39:42","7299072","pod=redis-cart-6899b65948-xwzrc"
"2026-06-11 17:39:57","2026-06-12 01:39:57","7561216","pod=redis-cart-6899b65948-xwzrc"
"2026-06-11 17:40:12","2026-06-12 01:40:12","7561216","pod=redis-cart-6899b65948-xwzrc"
"2026-06-11 17:40:27","2026-06-12 01:40:27","7561216","pod=redis-cart-6899b65948-xwzrc"
"2026-06-11 17:40:42","2026-06-12 01:40:42","7561216","pod=redis-cart-6899b65948-xwzrc"
"2026-06-11 17:40:57","2026-06-12 01:40:57","7299072","pod=redis-cart-6899b65948-xwzrc"
"2026-06-11 17:41:12","2026-06-12 01:41:12","7565312","pod=redis-cart-6899b65948-xwzrc"
"2026-06-11 17:41:27","2026-06-12 01:41:27","7299072","pod=redis-cart-6899b65948-xwzrc"
"2026-06-11 17:41:42","2026-06-12 01:41:42","8081408","pod=redis-cart-6899b65948-xwzrc"
"2026-06-11 17:41:57","2026-06-12 01:41:57","7557120","pod=redis-cart-6899b65948-xwzrc"
"2026-06-11 17:42:12","2026-06-12 01:42:12","7565312","pod=redis-cart-6899b65948-xwzrc"
"2026-06-11 17:42:27","2026-06-12 01:42:27","7819264","pod=redis-cart-6899b65948-xwzrc"
"2026-06-11 17:42:42","2026-06-12 01:42:42","7561216","pod=redis-cart-6899b65948-xwzrc"
"2026-06-11 17:42:57","2026-06-12 01:42:57","7299072","pod=redis-cart-6899b65948-xwzrc"
"2026-06-11 17:43:12","2026-06-12 01:43:12","7299072","pod=redis-cart-6899b65948-xwzrc"
"2026-06-11 17:43:27","2026-06-12 01:43:27","7299072","pod=redis-cart-6899b65948-xwzrc"
"2026-06-11 17:43:42","2026-06-12 01:43:42","7557120","pod=redis-cart-6899b65948-xwzrc"
"2026-06-11 17:43:57","2026-06-12 01:43:57","7561216","pod=redis-cart-6899b65948-xwzrc"
"2026-06-11 17:44:12","2026-06-12 01:44:12","7561216","pod=redis-cart-6899b65948-xwzrc"
"2026-06-11 17:44:27","2026-06-12 01:44:27","7299072","pod=redis-cart-6899b65948-xwzrc"
"2026-06-11 17:44:42","2026-06-12 01:44:42","7557120","pod=redis-cart-6899b65948-xwzrc"
"2026-06-11 17:44:57","2026-06-12 01:44:57","7819264","pod=redis-cart-6899b65948-xwzrc"
"2026-06-11 17:45:12","2026-06-12 01:45:12","7299072","pod=redis-cart-6899b65948-xwzrc"
"2026-06-11 17:45:27","2026-06-12 01:45:27","7299072","pod=redis-cart-6899b65948-xwzrc"
"2026-06-11 17:45:42","2026-06-12 01:45:42","7299072","pod=redis-cart-6899b65948-xwzrc"
"2026-06-11 17:45:57","2026-06-12 01:45:57","7565312","pod=redis-cart-6899b65948-xwzrc"
"2026-06-11 17:46:12","2026-06-12 01:46:12","7299072","pod=redis-cart-6899b65948-xwzrc"
"2026-06-11 17:46:27","2026-06-12 01:46:27","7557120","pod=redis-cart-6899b65948-xwzrc"
"2026-06-11 17:46:42","2026-06-12 01:46:42","7557120","pod=redis-cart-6899b65948-xwzrc"
"2026-06-11 17:46:57","2026-06-12 01:46:57","7561216","pod=redis-cart-6899b65948-xwzrc"
"2026-06-11 17:47:12","2026-06-12 01:47:12","7299072","pod=redis-cart-6899b65948-xwzrc"
"2026-06-11 17:47:27","2026-06-12 01:47:27","7299072","pod=redis-cart-6899b65948-xwzrc"
"2026-06-11 17:47:42","2026-06-12 01:47:42","7299072","pod=redis-cart-6899b65948-xwzrc"
"2026-06-11 17:47:57","2026-06-12 01:47:57","7299072","pod=redis-cart-6899b65948-xwzrc"
"2026-06-11 17:48:12","2026-06-12 01:48:12","7299072","pod=redis-cart-6899b65948-xwzrc"
"2026-06-11 17:48:27","2026-06-12 01:48:27","7548928","pod=redis-cart-6899b65948-xwzrc"
"2026-06-11 17:48:42","2026-06-12 01:48:42","7548928","pod=redis-cart-6899b65948-xwzrc"
"2026-06-11 17:48:57","2026-06-12 01:48:57","7548928","pod=redis-cart-6899b65948-xwzrc"
"2026-06-11 17:49:12","2026-06-12 01:49:12","7548928","pod=redis-cart-6899b65948-xwzrc"
"2026-06-11 17:49:27","2026-06-12 01:49:27","7286784","pod=redis-cart-6899b65948-xwzrc"
"2026-06-11 17:49:42","2026-06-12 01:49:42","7286784","pod=redis-cart-6899b65948-xwzrc"
"2026-06-11 17:49:57","2026-06-12 01:49:57","7286784","pod=redis-cart-6899b65948-xwzrc"
"2026-06-11 17:50:12","2026-06-12 01:50:12","7286784","pod=redis-cart-6899b65948-xwzrc"
"2026-06-11 17:50:27","2026-06-12 01:50:27","7286784","pod=redis-cart-6899b65948-xwzrc"
"2026-06-11 17:50:42","2026-06-12 01:50:42","7286784","pod=redis-cart-6899b65948-xwzrc"
"2026-06-11 17:50:57","2026-06-12 01:50:57","7286784","pod=redis-cart-6899b65948-xwzrc"
"2026-06-11 17:51:12","2026-06-12 01:51:12","7548928","pod=redis-cart-6899b65948-xwzrc"
"2026-06-11 17:51:27","2026-06-12 01:51:27","7548928","pod=redis-cart-6899b65948-xwzrc"
"2026-06-11 17:51:42","2026-06-12 01:51:42","7286784","pod=redis-cart-6899b65948-xwzrc"
"2026-06-11 17:51:57","2026-06-12 01:51:57","7806976","pod=redis-cart-6899b65948-xwzrc"
"2026-06-11 17:52:12","2026-06-12 01:52:12","7544832","pod=redis-cart-6899b65948-xwzrc"
"2026-06-11 17:52:27","2026-06-12 01:52:27","7286784","pod=redis-cart-6899b65948-xwzrc"
"2026-06-11 17:52:42","2026-06-12 01:52:42","7286784","pod=redis-cart-6899b65948-xwzrc"
"2026-06-11 17:52:57","2026-06-12 01:52:57","7286784","pod=redis-cart-6899b65948-xwzrc"
"2026-06-11 17:53:12","2026-06-12 01:53:12","7548928","pod=redis-cart-6899b65948-xwzrc"
"2026-06-11 17:53:27","2026-06-12 01:53:27","7286784","pod=redis-cart-6899b65948-xwzrc"
"2026-06-11 17:53:42","2026-06-12 01:53:42","7548928","pod=redis-cart-6899b65948-xwzrc"
"2026-06-11 17:53:57","2026-06-12 01:53:57","7548928","pod=redis-cart-6899b65948-xwzrc"
"2026-06-11 17:54:12","2026-06-12 01:54:12","7286784","pod=redis-cart-6899b65948-xwzrc"
"2026-06-11 17:54:27","2026-06-12 01:54:27","7286784","pod=redis-cart-6899b65948-xwzrc"
"2026-06-11 17:54:42","2026-06-12 01:54:42","7548928","pod=redis-cart-6899b65948-xwzrc"
"2026-06-11 17:54:57","2026-06-12 01:54:57","7286784","pod=redis-cart-6899b65948-xwzrc"
"2026-06-11 17:55:12","2026-06-12 01:55:12","7806976","pod=redis-cart-6899b65948-xwzrc"
"2026-06-11 17:55:27","2026-06-12 01:55:27","7806976","pod=redis-cart-6899b65948-xwzrc"
"2026-06-11 17:55:42","2026-06-12 01:55:42","7286784","pod=redis-cart-6899b65948-xwzrc"
"2026-06-11 17:55:57","2026-06-12 01:55:57","7548928","pod=redis-cart-6899b65948-xwzrc"
"2026-06-11 17:56:12","2026-06-12 01:56:12","7548928","pod=redis-cart-6899b65948-xwzrc"
"2026-06-11 17:56:27","2026-06-12 01:56:27","7806976","pod=redis-cart-6899b65948-xwzrc"
"2026-06-11 17:56:42","2026-06-12 01:56:42","7286784","pod=redis-cart-6899b65948-xwzrc"
"2026-06-11 17:56:57","2026-06-12 01:56:57","7544832","pod=redis-cart-6899b65948-xwzrc"
"2026-06-11 17:57:12","2026-06-12 01:57:12","7553024","pod=redis-cart-6899b65948-xwzrc"
"2026-06-11 17:57:27","2026-06-12 01:57:27","7286784","pod=redis-cart-6899b65948-xwzrc"
"2026-06-11 17:57:42","2026-06-12 01:57:42","7806976","pod=redis-cart-6899b65948-xwzrc"
"2026-06-11 17:57:57","2026-06-12 01:57:57","7548928","pod=redis-cart-6899b65948-xwzrc"
"2026-06-11 17:58:12","2026-06-12 01:58:12","7548928","pod=redis-cart-6899b65948-xwzrc"
"2026-06-11 17:58:27","2026-06-12 01:58:27","7544832","pod=redis-cart-6899b65948-xwzrc"
"2026-06-11 17:58:42","2026-06-12 01:58:42","7544832","pod=redis-cart-6899b65948-xwzrc"
"2026-06-11 17:58:57","2026-06-12 01:58:57","7286784","pod=redis-cart-6899b65948-xwzrc"
"2026-06-11 17:59:12","2026-06-12 01:59:12","7286784","pod=redis-cart-6899b65948-xwzrc"
"2026-06-11 17:59:27","2026-06-12 01:59:27","7286784","pod=redis-cart-6899b65948-xwzrc"
"2026-06-11 17:59:42","2026-06-12 01:59:42","7286784","pod=redis-cart-6899b65948-xwzrc"
"2026-06-11 17:59:57","2026-06-12 01:59:57","7278592","pod=redis-cart-6899b65948-xwzrc"
"2026-06-11 18:00:12","2026-06-12 02:00:12","7278592","pod=redis-cart-6899b65948-xwzrc"
"2026-06-11 18:00:27","2026-06-12 02:00:27","7278592","pod=redis-cart-6899b65948-xwzrc"
"2026-06-11 18:00:42","2026-06-12 02:00:42","7540736","pod=redis-cart-6899b65948-xwzrc"
"2026-06-11 18:00:57","2026-06-12 02:00:57","7278592","pod=redis-cart-6899b65948-xwzrc"
"2026-06-11 18:01:12","2026-06-12 02:01:12","7278592","pod=redis-cart-6899b65948-xwzrc"
"2026-06-11 18:01:27","2026-06-12 02:01:27","7802880","pod=redis-cart-6899b65948-xwzrc"
"2026-06-11 18:01:42","2026-06-12 02:01:42","7802880","pod=redis-cart-6899b65948-xwzrc"
"2026-06-11 18:01:57","2026-06-12 02:01:57","7278592","pod=redis-cart-6899b65948-xwzrc"
"2026-06-11 18:02:12","2026-06-12 02:02:12","7278592","pod=redis-cart-6899b65948-xwzrc"
"2026-06-11 18:02:27","2026-06-12 02:02:27","7540736","pod=redis-cart-6899b65948-xwzrc"
"2026-06-11 18:02:42","2026-06-12 02:02:42","7540736","pod=redis-cart-6899b65948-xwzrc"
"2026-06-11 18:02:57","2026-06-12 02:02:57","7278592","pod=redis-cart-6899b65948-xwzrc"
"2026-06-11 18:03:12","2026-06-12 02:03:12","7278592","pod=redis-cart-6899b65948-xwzrc"
"2026-06-11 18:03:27","2026-06-12 02:03:27","7278592","pod=redis-cart-6899b65948-xwzrc"
"2026-06-11 18:03:42","2026-06-12 02:03:42","7540736","pod=redis-cart-6899b65948-xwzrc"
"2026-06-11 18:03:57","2026-06-12 02:03:57","7278592","pod=redis-cart-6899b65948-xwzrc"
"2026-06-11 18:04:12","2026-06-12 02:04:12","7540736","pod=redis-cart-6899b65948-xwzrc"
"2026-06-11 18:04:27","2026-06-12 02:04:27","7540736","pod=redis-cart-6899b65948-xwzrc"
"2026-06-11 18:04:42","2026-06-12 02:04:42","7278592","pod=redis-cart-6899b65948-xwzrc"
"2026-06-11 18:04:57","2026-06-12 02:04:57","7540736","pod=redis-cart-6899b65948-xwzrc"
"2026-06-11 18:05:12","2026-06-12 02:05:12","7540736","pod=redis-cart-6899b65948-xwzrc"
"2026-06-11 18:05:27","2026-06-12 02:05:27","7798784","pod=redis-cart-6899b65948-xwzrc"
"2026-06-11 18:05:42","2026-06-12 02:05:42","7540736","pod=redis-cart-6899b65948-xwzrc"
"2026-06-11 18:05:57","2026-06-12 02:05:57","7540736","pod=redis-cart-6899b65948-xwzrc"
"2026-06-11 18:06:12","2026-06-12 02:06:12","7798784","pod=redis-cart-6899b65948-xwzrc"
"2026-06-11 18:06:27","2026-06-12 02:06:27","7540736","pod=redis-cart-6899b65948-xwzrc"
"2026-06-11 18:06:42","2026-06-12 02:06:42","7278592","pod=redis-cart-6899b65948-xwzrc"
"2026-06-11 18:06:57","2026-06-12 02:06:57","7540736","pod=redis-cart-6899b65948-xwzrc"
"2026-06-11 18:07:12","2026-06-12 02:07:12","7540736","pod=redis-cart-6899b65948-xwzrc"
"2026-06-11 18:07:27","2026-06-12 02:07:27","7278592","pod=redis-cart-6899b65948-xwzrc"
"2026-06-11 18:07:42","2026-06-12 02:07:42","7540736","pod=redis-cart-6899b65948-xwzrc"
"2026-06-11 18:07:57","2026-06-12 02:07:57","7540736","pod=redis-cart-6899b65948-xwzrc"
"2026-06-11 18:08:12","2026-06-12 02:08:12","7286784","pod=redis-cart-6899b65948-xwzrc"
"2026-06-11 18:08:27","2026-06-12 02:08:27","7540736","pod=redis-cart-6899b65948-xwzrc"
"2026-06-11 18:08:42","2026-06-12 02:08:42","7540736","pod=redis-cart-6899b65948-xwzrc"
"2026-06-11 18:08:57","2026-06-12 02:08:57","7278592","pod=redis-cart-6899b65948-xwzrc"
"2026-06-11 18:09:12","2026-06-12 02:09:12","7536640","pod=redis-cart-6899b65948-xwzrc"
"2026-06-11 18:09:27","2026-06-12 02:09:27","7536640","pod=redis-cart-6899b65948-xwzrc"
"2026-06-11 18:09:42","2026-06-12 02:09:42","7536640","pod=redis-cart-6899b65948-xwzrc"
"2026-06-11 18:09:57","2026-06-12 02:09:57","7536640","pod=redis-cart-6899b65948-xwzrc"
"2026-06-11 18:10:12","2026-06-12 02:10:12","7536640","pod=redis-cart-6899b65948-xwzrc"
"2026-06-11 18:10:27","2026-06-12 02:10:27","7536640","pod=redis-cart-6899b65948-xwzrc"
"2026-06-11 18:10:42","2026-06-12 02:10:42","7536640","pod=redis-cart-6899b65948-xwzrc"
"2026-06-11 18:10:57","2026-06-12 02:10:57","7274496","pod=redis-cart-6899b65948-xwzrc"
"2026-06-11 18:11:12","2026-06-12 02:11:12","7274496","pod=redis-cart-6899b65948-xwzrc"
"2026-06-11 18:11:27","2026-06-12 02:11:27","7274496","pod=redis-cart-6899b65948-xwzrc"
"2026-06-11 18:11:42","2026-06-12 02:11:42","7274496","pod=redis-cart-6899b65948-xwzrc"
"2026-06-11 18:11:57","2026-06-12 02:11:57","7274496","pod=redis-cart-6899b65948-xwzrc"
"2026-06-11 18:12:12","2026-06-12 02:12:12","7536640","pod=redis-cart-6899b65948-xwzrc"
"2026-06-11 18:12:27","2026-06-12 02:12:27","8060928","pod=redis-cart-6899b65948-xwzrc"
"2026-06-11 18:12:42","2026-06-12 02:12:42","7532544","pod=redis-cart-6899b65948-xwzrc"
"2026-06-11 18:12:57","2026-06-12 02:12:57","7532544","pod=redis-cart-6899b65948-xwzrc"
"2026-06-11 18:13:12","2026-06-12 02:13:12","7790592","pod=redis-cart-6899b65948-xwzrc"
"2026-06-11 18:13:27","2026-06-12 02:13:27","7532544","pod=redis-cart-6899b65948-xwzrc"
"2026-06-11 18:13:42","2026-06-12 02:13:42","7532544","pod=redis-cart-6899b65948-xwzrc"
"2026-06-11 18:13:57","2026-06-12 02:13:57","7532544","pod=redis-cart-6899b65948-xwzrc"
"2026-06-11 18:14:12","2026-06-12 02:14:12","7270400","pod=redis-cart-6899b65948-xwzrc"
"2026-06-11 18:14:27","2026-06-12 02:14:27","7790592","pod=redis-cart-6899b65948-xwzrc"
"2026-06-11 18:14:42","2026-06-12 02:14:42","7528448","pod=redis-cart-6899b65948-xwzrc"
"2026-06-11 18:14:57","2026-06-12 02:14:57","7528448","pod=redis-cart-6899b65948-xwzrc"
"2026-06-11 18:15:12","2026-06-12 02:15:12","7528448","pod=redis-cart-6899b65948-xwzrc"
"2026-06-11 18:15:27","2026-06-12 02:15:27","7528448","pod=redis-cart-6899b65948-xwzrc"
"2026-06-11 18:15:42","2026-06-12 02:15:42","7528448","pod=redis-cart-6899b65948-xwzrc"
"2026-06-11 18:15:57","2026-06-12 02:15:57","7528448","pod=redis-cart-6899b65948-xwzrc"
"2026-06-11 18:16:12","2026-06-12 02:16:12","7528448","pod=redis-cart-6899b65948-xwzrc"
"2026-06-11 18:16:27","2026-06-12 02:16:27","7266304","pod=redis-cart-6899b65948-xwzrc"
"2026-06-11 18:16:42","2026-06-12 02:16:42","7266304","pod=redis-cart-6899b65948-xwzrc"
"2026-06-11 18:16:57","2026-06-12 02:16:57","7786496","pod=redis-cart-6899b65948-xwzrc"
"2026-06-11 18:17:12","2026-06-12 02:17:12","7528448","pod=redis-cart-6899b65948-xwzrc"
"2026-06-11 18:17:27","2026-06-12 02:17:27","7528448","pod=redis-cart-6899b65948-xwzrc"
"2026-06-11 18:17:42","2026-06-12 02:17:42","7786496","pod=redis-cart-6899b65948-xwzrc"
"2026-06-11 18:17:57","2026-06-12 02:17:57","7786496","pod=redis-cart-6899b65948-xwzrc"
"2026-06-11 18:18:12","2026-06-12 02:18:12","7786496","pod=redis-cart-6899b65948-xwzrc"
"2026-06-11 18:18:27","2026-06-12 02:18:27","7528448","pod=redis-cart-6899b65948-xwzrc"
"2026-06-11 18:18:42","2026-06-12 02:18:42","7786496","pod=redis-cart-6899b65948-xwzrc"
"2026-06-11 18:18:57","2026-06-12 02:18:57","7266304","pod=redis-cart-6899b65948-xwzrc"
"2026-06-11 18:19:12","2026-06-12 02:19:12","7528448","pod=redis-cart-6899b65948-xwzrc"
"2026-06-11 18:19:27","2026-06-12 02:19:27","7786496","pod=redis-cart-6899b65948-xwzrc"
"2026-06-11 18:19:42","2026-06-12 02:19:42","7270400","pod=redis-cart-6899b65948-xwzrc"
"2026-06-11 18:19:57","2026-06-12 02:19:57","7266304","pod=redis-cart-6899b65948-xwzrc"
"2026-06-11 18:20:12","2026-06-12 02:20:12","7266304","pod=redis-cart-6899b65948-xwzrc"
"2026-06-11 18:20:27","2026-06-12 02:20:27","7528448","pod=redis-cart-6899b65948-xwzrc"
"2026-06-11 18:20:42","2026-06-12 02:20:42","7528448","pod=redis-cart-6899b65948-xwzrc"
"2026-06-11 18:20:57","2026-06-12 02:20:57","7528448","pod=redis-cart-6899b65948-xwzrc"
"2026-06-11 18:21:12","2026-06-12 02:21:12","7528448","pod=redis-cart-6899b65948-xwzrc"
"2026-06-11 18:21:27","2026-06-12 02:21:27","7786496","pod=redis-cart-6899b65948-xwzrc"
"2026-06-11 18:21:42","2026-06-12 02:21:42","7528448","pod=redis-cart-6899b65948-xwzrc"
"2026-06-11 18:21:57","2026-06-12 02:21:57","7266304","pod=redis-cart-6899b65948-xwzrc"
"2026-06-11 18:22:12","2026-06-12 02:22:12","7266304","pod=redis-cart-6899b65948-xwzrc"
"2026-06-11 18:22:27","2026-06-12 02:22:27","7528448","pod=redis-cart-6899b65948-xwzrc"
"2026-06-11 18:22:42","2026-06-12 02:22:42","7786496","pod=redis-cart-6899b65948-xwzrc"
"2026-06-11 18:22:57","2026-06-12 02:22:57","7266304","pod=redis-cart-6899b65948-xwzrc"
"2026-06-11 18:23:12","2026-06-12 02:23:12","7528448","pod=redis-cart-6899b65948-xwzrc"
"2026-06-11 18:23:27","2026-06-12 02:23:27","7266304","pod=redis-cart-6899b65948-xwzrc"
"2026-06-11 18:23:42","2026-06-12 02:23:42","7524352","pod=redis-cart-6899b65948-xwzrc"
"2026-06-11 18:23:57","2026-06-12 02:23:57","7262208","pod=redis-cart-6899b65948-xwzrc"
"2026-06-11 18:24:12","2026-06-12 02:24:12","7262208","pod=redis-cart-6899b65948-xwzrc"
"2026-06-11 18:24:27","2026-06-12 02:24:27","7266304","pod=redis-cart-6899b65948-xwzrc"
"2026-06-11 18:24:42","2026-06-12 02:24:42","7520256","pod=redis-cart-6899b65948-xwzrc"
"2026-06-11 18:24:57","2026-06-12 02:24:57","7266304","pod=redis-cart-6899b65948-xwzrc"
"2026-06-11 18:25:12","2026-06-12 02:25:12","7262208","pod=redis-cart-6899b65948-xwzrc"
"2026-06-11 18:25:27","2026-06-12 02:25:27","7262208","pod=redis-cart-6899b65948-xwzrc"
"2026-06-11 18:25:42","2026-06-12 02:25:42","7786496","pod=redis-cart-6899b65948-xwzrc"
"2026-06-11 18:25:57","2026-06-12 02:25:57","7524352","pod=redis-cart-6899b65948-xwzrc"
"2026-06-11 18:26:12","2026-06-12 02:26:12","7528448","pod=redis-cart-6899b65948-xwzrc"
"2026-06-11 18:26:27","2026-06-12 02:26:27","7520256","pod=redis-cart-6899b65948-xwzrc"
"2026-06-11 18:26:42","2026-06-12 02:26:42","7524352","pod=redis-cart-6899b65948-xwzrc"
"2026-06-11 18:26:57","2026-06-12 02:26:57","7262208","pod=redis-cart-6899b65948-xwzrc"
"2026-06-11 18:27:12","2026-06-12 02:27:12","7262208","pod=redis-cart-6899b65948-xwzrc"
"2026-06-11 18:27:27","2026-06-12 02:27:27","7524352","pod=redis-cart-6899b65948-xwzrc"
"2026-06-11 18:27:42","2026-06-12 02:27:42","7524352","pod=redis-cart-6899b65948-xwzrc"
"2026-06-11 18:27:57","2026-06-12 02:27:57","7524352","pod=redis-cart-6899b65948-xwzrc"
"2026-06-11 18:28:12","2026-06-12 02:28:12","7528448","pod=redis-cart-6899b65948-xwzrc"
"2026-06-11 18:28:27","2026-06-12 02:28:27","7262208","pod=redis-cart-6899b65948-xwzrc"
"2026-06-11 18:28:42","2026-06-12 02:28:42","7520256","pod=redis-cart-6899b65948-xwzrc"
"2026-06-11 18:28:57","2026-06-12 02:28:57","7524352","pod=redis-cart-6899b65948-xwzrc"
"2026-06-11 18:29:12","2026-06-12 02:29:12","7532544","pod=redis-cart-6899b65948-xwzrc"
"2026-06-11 18:29:27","2026-06-12 02:29:27","7532544","pod=redis-cart-6899b65948-xwzrc"
"2026-06-11 18:29:42","2026-06-12 02:29:42","7262208","pod=redis-cart-6899b65948-xwzrc"
"2026-06-11 18:29:57","2026-06-12 02:29:57","7262208","pod=redis-cart-6899b65948-xwzrc"
"2026-06-11 18:30:12","2026-06-12 02:30:12","7262208","pod=redis-cart-6899b65948-xwzrc"
"2026-06-11 18:30:27","2026-06-12 02:30:27","7262208","pod=redis-cart-6899b65948-xwzrc"
"2026-06-11 18:30:42","2026-06-12 02:30:42","7262208","pod=redis-cart-6899b65948-xwzrc"
"2026-06-11 18:30:57","2026-06-12 02:30:57","7258112","pod=redis-cart-6899b65948-xwzrc"
"2026-06-11 18:31:12","2026-06-12 02:31:12","7258112","pod=redis-cart-6899b65948-xwzrc"
"2026-06-11 18:31:27","2026-06-12 02:31:27","7262208","pod=redis-cart-6899b65948-xwzrc"
"2026-06-11 18:31:42","2026-06-12 02:31:42","7520256","pod=redis-cart-6899b65948-xwzrc"
"2026-06-11 18:31:57","2026-06-12 02:31:57","7520256","pod=redis-cart-6899b65948-xwzrc"
"2026-06-11 18:32:12","2026-06-12 02:32:12","7258112","pod=redis-cart-6899b65948-xwzrc"
"2026-06-11 18:32:27","2026-06-12 02:32:27","7258112","pod=redis-cart-6899b65948-xwzrc"
"2026-06-11 18:32:42","2026-06-12 02:32:42","7520256","pod=redis-cart-6899b65948-xwzrc"
"2026-06-11 18:32:57","2026-06-12 02:32:57","7520256","pod=redis-cart-6899b65948-xwzrc"
"2026-06-11 18:33:12","2026-06-12 02:33:12","7520256","pod=redis-cart-6899b65948-xwzrc"
"2026-06-11 18:33:27","2026-06-12 02:33:27","7258112","pod=redis-cart-6899b65948-xwzrc"
"2026-06-11 18:33:42","2026-06-12 02:33:42","7258112","pod=redis-cart-6899b65948-xwzrc"
"2026-06-11 18:33:57","2026-06-12 02:33:57","7520256","pod=redis-cart-6899b65948-xwzrc"
"2026-06-11 18:34:12","2026-06-12 02:34:12","7520256","pod=redis-cart-6899b65948-xwzrc"
"2026-06-11 18:34:27","2026-06-12 02:34:27","7520256","pod=redis-cart-6899b65948-xwzrc"
"2026-06-11 18:34:42","2026-06-12 02:34:42","7258112","pod=redis-cart-6899b65948-xwzrc"
"2026-06-11 18:34:57","2026-06-12 02:34:57","7516160","pod=redis-cart-6899b65948-xwzrc"
"2026-06-11 18:35:12","2026-06-12 02:35:12","7258112","pod=redis-cart-6899b65948-xwzrc"
"2026-06-11 18:35:27","2026-06-12 02:35:27","7258112","pod=redis-cart-6899b65948-xwzrc"
"2026-06-11 18:35:42","2026-06-12 02:35:42","7520256","pod=redis-cart-6899b65948-xwzrc"
"2026-06-11 18:35:57","2026-06-12 02:35:57","7258112","pod=redis-cart-6899b65948-xwzrc"
"2026-06-11 18:36:12","2026-06-12 02:36:12","7258112","pod=redis-cart-6899b65948-xwzrc"
"2026-06-11 18:36:27","2026-06-12 02:36:27","7520256","pod=redis-cart-6899b65948-xwzrc"
"2026-06-11 18:36:42","2026-06-12 02:36:42","7520256","pod=redis-cart-6899b65948-xwzrc"
"2026-06-11 18:36:57","2026-06-12 02:36:57","7516160","pod=redis-cart-6899b65948-xwzrc"
"2026-06-11 18:37:12","2026-06-12 02:37:12","7516160","pod=redis-cart-6899b65948-xwzrc"
"2026-06-11 18:37:27","2026-06-12 02:37:27","7520256","pod=redis-cart-6899b65948-xwzrc"
"2026-06-11 18:37:42","2026-06-12 02:37:42","7262208","pod=redis-cart-6899b65948-xwzrc"
"2026-06-11 18:37:57","2026-06-12 02:37:57","7520256","pod=redis-cart-6899b65948-xwzrc"
"2026-06-11 18:38:12","2026-06-12 02:38:12","7258112","pod=redis-cart-6899b65948-xwzrc"
"2026-06-11 18:38:27","2026-06-12 02:38:27","7520256","pod=redis-cart-6899b65948-xwzrc"
"2026-06-11 18:38:42","2026-06-12 02:38:42","7258112","pod=redis-cart-6899b65948-xwzrc"
"2026-06-11 18:38:57","2026-06-12 02:38:57","7520256","pod=redis-cart-6899b65948-xwzrc"
"2026-06-11 18:39:12","2026-06-12 02:39:12","7258112","pod=redis-cart-6899b65948-xwzrc"
"2026-06-11 18:39:27","2026-06-12 02:39:27","7258112","pod=redis-cart-6899b65948-xwzrc"
"2026-06-11 18:39:42","2026-06-12 02:39:42","7520256","pod=redis-cart-6899b65948-xwzrc"
"2026-06-11 18:39:57","2026-06-12 02:39:57","7258112","pod=redis-cart-6899b65948-xwzrc"
"2026-06-11 18:40:12","2026-06-12 02:40:12","7258112","pod=redis-cart-6899b65948-xwzrc"
"2026-06-11 18:40:27","2026-06-12 02:40:27","7778304","pod=redis-cart-6899b65948-xwzrc"
"2026-06-11 18:40:42","2026-06-12 02:40:42","7520256","pod=redis-cart-6899b65948-xwzrc"
"2026-06-11 18:40:57","2026-06-12 02:40:57","7262208","pod=redis-cart-6899b65948-xwzrc"
"2026-06-11 18:41:12","2026-06-12 02:41:12","7520256","pod=redis-cart-6899b65948-xwzrc"
"2026-06-11 18:41:27","2026-06-12 02:41:27","7520256","pod=redis-cart-6899b65948-xwzrc"
"2026-06-11 18:41:42","2026-06-12 02:41:42","7258112","pod=redis-cart-6899b65948-xwzrc"
"2026-06-11 18:41:57","2026-06-12 02:41:57","7258112","pod=redis-cart-6899b65948-xwzrc"
"2026-06-11 18:42:12","2026-06-12 02:42:12","7520256","pod=redis-cart-6899b65948-xwzrc"
"2026-06-11 18:42:27","2026-06-12 02:42:27","7520256","pod=redis-cart-6899b65948-xwzrc"
"2026-06-11 18:42:42","2026-06-12 02:42:42","7258112","pod=redis-cart-6899b65948-xwzrc"
"2026-06-11 18:42:57","2026-06-12 02:42:57","7524352","pod=redis-cart-6899b65948-xwzrc"
"2026-06-11 18:43:12","2026-06-12 02:43:12","7524352","pod=redis-cart-6899b65948-xwzrc"
"2026-06-11 18:43:27","2026-06-12 02:43:27","7524352","pod=redis-cart-6899b65948-xwzrc"
"2026-06-11 18:43:42","2026-06-12 02:43:42","7520256","pod=redis-cart-6899b65948-xwzrc"
"2026-06-11 18:43:57","2026-06-12 02:43:57","7520256","pod=redis-cart-6899b65948-xwzrc"
"2026-06-11 18:44:12","2026-06-12 02:44:12","7520256","pod=redis-cart-6899b65948-xwzrc"
"2026-06-11 18:44:27","2026-06-12 02:44:27","7520256","pod=redis-cart-6899b65948-xwzrc"
"2026-06-11 18:44:42","2026-06-12 02:44:42","7520256","pod=redis-cart-6899b65948-xwzrc"
"2026-06-11 18:44:57","2026-06-12 02:44:57","7520256","pod=redis-cart-6899b65948-xwzrc"
"2026-06-11 18:45:12","2026-06-12 02:45:12","7516160","pod=redis-cart-6899b65948-xwzrc"
"2026-06-11 18:45:27","2026-06-12 02:45:27","7254016","pod=redis-cart-6899b65948-xwzrc"
"2026-06-11 18:45:42","2026-06-12 02:45:42","7254016","pod=redis-cart-6899b65948-xwzrc"
"2026-06-11 18:45:57","2026-06-12 02:45:57","7254016","pod=redis-cart-6899b65948-xwzrc"
"2026-06-11 18:46:12","2026-06-12 02:46:12","7254016","pod=redis-cart-6899b65948-xwzrc"
"2026-06-11 18:46:27","2026-06-12 02:46:27","7254016","pod=redis-cart-6899b65948-xwzrc"
"2026-06-11 18:46:42","2026-06-12 02:46:42","7516160","pod=redis-cart-6899b65948-xwzrc"
"2026-06-11 18:46:57","2026-06-12 02:46:57","7516160","pod=redis-cart-6899b65948-xwzrc"
"2026-06-11 18:47:12","2026-06-12 02:47:12","7254016","pod=redis-cart-6899b65948-xwzrc"
"2026-06-11 18:47:27","2026-06-12 02:47:27","7516160","pod=redis-cart-6899b65948-xwzrc"
"2026-06-11 18:47:42","2026-06-12 02:47:42","7516160","pod=redis-cart-6899b65948-xwzrc"
"2026-06-11 18:47:57","2026-06-12 02:47:57","7516160","pod=redis-cart-6899b65948-xwzrc"
"2026-06-11 18:48:12","2026-06-12 02:48:12","7516160","pod=redis-cart-6899b65948-xwzrc"
"2026-06-11 18:48:27","2026-06-12 02:48:27","7249920","pod=redis-cart-6899b65948-xwzrc"
"2026-06-11 18:48:42","2026-06-12 02:48:42","7249920","pod=redis-cart-6899b65948-xwzrc"
"2026-06-11 18:48:57","2026-06-12 02:48:57","7512064","pod=redis-cart-6899b65948-xwzrc"
"2026-06-11 18:49:12","2026-06-12 02:49:12","7249920","pod=redis-cart-6899b65948-xwzrc"
"2026-06-11 18:49:27","2026-06-12 02:49:27","7249920","pod=redis-cart-6899b65948-xwzrc"
"2026-06-11 18:49:42","2026-06-12 02:49:42","7512064","pod=redis-cart-6899b65948-xwzrc"
"2026-06-11 18:49:57","2026-06-12 02:49:57","7512064","pod=redis-cart-6899b65948-xwzrc"
"2026-06-11 18:50:12","2026-06-12 02:50:12","7512064","pod=redis-cart-6899b65948-xwzrc"
"2026-06-11 18:50:27","2026-06-12 02:50:27","7512064","pod=redis-cart-6899b65948-xwzrc"
"2026-06-11 18:50:42","2026-06-12 02:50:42","7512064","pod=redis-cart-6899b65948-xwzrc"
"2026-06-11 18:50:57","2026-06-12 02:50:57","7249920","pod=redis-cart-6899b65948-xwzrc"
"2026-06-11 18:51:12","2026-06-12 02:51:12","7512064","pod=redis-cart-6899b65948-xwzrc"
"2026-06-11 18:51:27","2026-06-12 02:51:27","7512064","pod=redis-cart-6899b65948-xwzrc"
"2026-06-11 18:51:42","2026-06-12 02:51:42","7249920","pod=redis-cart-6899b65948-xwzrc"
"2026-06-11 18:51:57","2026-06-12 02:51:57","7254016","pod=redis-cart-6899b65948-xwzrc"
"2026-06-11 18:52:12","2026-06-12 02:52:12","7249920","pod=redis-cart-6899b65948-xwzrc"
"2026-06-11 18:52:27","2026-06-12 02:52:27","7249920","pod=redis-cart-6899b65948-xwzrc"
"2026-06-11 18:52:42","2026-06-12 02:52:42","7249920","pod=redis-cart-6899b65948-xwzrc"
"2026-06-11 18:52:57","2026-06-12 02:52:57","7512064","pod=redis-cart-6899b65948-xwzrc"
"2026-06-11 18:53:12","2026-06-12 02:53:12","7254016","pod=redis-cart-6899b65948-xwzrc"
"2026-06-11 18:53:27","2026-06-12 02:53:27","7249920","pod=redis-cart-6899b65948-xwzrc"
"2026-06-11 18:53:42","2026-06-12 02:53:42","7512064","pod=redis-cart-6899b65948-xwzrc"
"2026-06-11 18:53:57","2026-06-12 02:53:57","7512064","pod=redis-cart-6899b65948-xwzrc"
"2026-06-11 18:54:12","2026-06-12 02:54:12","7512064","pod=redis-cart-6899b65948-xwzrc"
"2026-06-11 18:54:27","2026-06-12 02:54:27","7512064","pod=redis-cart-6899b65948-xwzrc"
"2026-06-11 18:54:42","2026-06-12 02:54:42","7512064","pod=redis-cart-6899b65948-xwzrc"
"2026-06-11 18:54:57","2026-06-12 02:54:57","7512064","pod=redis-cart-6899b65948-xwzrc"
"2026-06-11 18:55:12","2026-06-12 02:55:12","7512064","pod=redis-cart-6899b65948-xwzrc"
"2026-06-11 18:55:27","2026-06-12 02:55:27","7512064","pod=redis-cart-6899b65948-xwzrc"
"2026-06-11 18:55:42","2026-06-12 02:55:42","7512064","pod=redis-cart-6899b65948-xwzrc"
"2026-06-11 18:55:57","2026-06-12 02:55:57","7249920","pod=redis-cart-6899b65948-xwzrc"
"2026-06-11 18:56:12","2026-06-12 02:56:12","7249920","pod=redis-cart-6899b65948-xwzrc"
"2026-06-11 18:56:27","2026-06-12 02:56:27","7249920","pod=redis-cart-6899b65948-xwzrc"
"2026-06-11 18:56:42","2026-06-12 02:56:42","7249920","pod=redis-cart-6899b65948-xwzrc"
"2026-06-11 18:56:57","2026-06-12 02:56:57","7520256","pod=redis-cart-6899b65948-xwzrc"
"2026-06-11 18:57:12","2026-06-12 02:57:12","7512064","pod=redis-cart-6899b65948-xwzrc"
"2026-06-11 18:57:27","2026-06-12 02:57:27","7249920","pod=redis-cart-6899b65948-xwzrc"
"2026-06-11 18:57:42","2026-06-12 02:57:42","7512064","pod=redis-cart-6899b65948-xwzrc"
"2026-06-11 18:57:57","2026-06-12 02:57:57","7507968","pod=redis-cart-6899b65948-xwzrc"
"2026-06-11 18:58:12","2026-06-12 02:58:12","7503872","pod=redis-cart-6899b65948-xwzrc"
"2026-06-11 18:58:27","2026-06-12 02:58:27","7503872","pod=redis-cart-6899b65948-xwzrc"
"2026-06-11 18:58:42","2026-06-12 02:58:42","7245824","pod=redis-cart-6899b65948-xwzrc"
"2026-06-11 18:58:57","2026-06-12 02:58:57","7245824","pod=redis-cart-6899b65948-xwzrc"
"2026-06-11 18:59:12","2026-06-12 02:59:12","7245824","pod=redis-cart-6899b65948-xwzrc"
"2026-06-11 18:59:27","2026-06-12 02:59:27","7507968","pod=redis-cart-6899b65948-xwzrc"
"2026-06-11 18:59:42","2026-06-12 02:59:42","7245824","pod=redis-cart-6899b65948-xwzrc"
"2026-06-11 18:59:57","2026-06-12 02:59:57","7245824","pod=redis-cart-6899b65948-xwzrc"
"2026-06-11 19:00:12","2026-06-12 03:00:12","7499776","pod=redis-cart-6899b65948-xwzrc"
"2026-06-11 19:00:27","2026-06-12 03:00:27","7503872","pod=redis-cart-6899b65948-xwzrc"
"2026-06-11 19:00:42","2026-06-12 03:00:42","7241728","pod=redis-cart-6899b65948-xwzrc"
"2026-06-11 19:00:57","2026-06-12 03:00:57","7241728","pod=redis-cart-6899b65948-xwzrc"
"2026-06-11 19:01:12","2026-06-12 03:01:12","7241728","pod=redis-cart-6899b65948-xwzrc"
"2026-06-11 19:01:27","2026-06-12 03:01:27","7241728","pod=redis-cart-6899b65948-xwzrc"
"2026-06-11 19:01:42","2026-06-12 03:01:42","7503872","pod=redis-cart-6899b65948-xwzrc"
"2026-06-11 19:01:57","2026-06-12 03:01:57","7503872","pod=redis-cart-6899b65948-xwzrc"
"2026-06-11 19:02:12","2026-06-12 03:02:12","7503872","pod=redis-cart-6899b65948-xwzrc"
"2026-06-11 19:02:27","2026-06-12 03:02:27","7503872","pod=redis-cart-6899b65948-xwzrc"
"2026-06-11 19:02:42","2026-06-12 03:02:42","7503872","pod=redis-cart-6899b65948-xwzrc"
"2026-06-11 19:02:57","2026-06-12 03:02:57","7503872","pod=redis-cart-6899b65948-xwzrc"
"2026-06-11 19:03:12","2026-06-12 03:03:12","7503872","pod=redis-cart-6899b65948-xwzrc"
"2026-06-11 19:03:27","2026-06-12 03:03:27","7241728","pod=redis-cart-6899b65948-xwzrc"
"2026-06-11 19:03:42","2026-06-12 03:03:42","7507968","pod=redis-cart-6899b65948-xwzrc"
"2026-06-11 19:03:57","2026-06-12 03:03:57","7507968","pod=redis-cart-6899b65948-xwzrc"
"2026-06-11 19:04:12","2026-06-12 03:04:12","7503872","pod=redis-cart-6899b65948-xwzrc"
"2026-06-11 19:04:27","2026-06-12 03:04:27","7503872","pod=redis-cart-6899b65948-xwzrc"
"2026-06-11 19:04:42","2026-06-12 03:04:42","7241728","pod=redis-cart-6899b65948-xwzrc"
"2026-06-11 19:04:57","2026-06-12 03:04:57","7241728","pod=redis-cart-6899b65948-xwzrc"
"2026-06-11 19:05:12","2026-06-12 03:05:12","7241728","pod=redis-cart-6899b65948-xwzrc"
"2026-06-11 19:05:27","2026-06-12 03:05:27","7237632","pod=redis-cart-6899b65948-xwzrc"
"2026-06-11 19:05:42","2026-06-12 03:05:42","7499776","pod=redis-cart-6899b65948-xwzrc"
"2026-06-11 19:05:57","2026-06-12 03:05:57","7499776","pod=redis-cart-6899b65948-xwzrc"
"2026-06-11 19:06:12","2026-06-12 03:06:12","7237632","pod=redis-cart-6899b65948-xwzrc"
"2026-06-11 19:06:27","2026-06-12 03:06:27","7233536","pod=redis-cart-6899b65948-xwzrc"
"2026-06-11 19:06:42","2026-06-12 03:06:42","7233536","pod=redis-cart-6899b65948-xwzrc"
"2026-06-11 19:06:57","2026-06-12 03:06:57","7233536","pod=redis-cart-6899b65948-xwzrc"
"2026-06-11 19:07:12","2026-06-12 03:07:12","7233536","pod=redis-cart-6899b65948-xwzrc"
"2026-06-11 19:07:27","2026-06-12 03:07:27","7491584","pod=redis-cart-6899b65948-xwzrc"
"2026-06-11 19:07:42","2026-06-12 03:07:42","7495680","pod=redis-cart-6899b65948-xwzrc"
"2026-06-11 19:07:57","2026-06-12 03:07:57","7233536","pod=redis-cart-6899b65948-xwzrc"
"2026-06-11 19:08:12","2026-06-12 03:08:12","7495680","pod=redis-cart-6899b65948-xwzrc"
"2026-06-11 19:08:27","2026-06-12 03:08:27","7495680","pod=redis-cart-6899b65948-xwzrc"
"2026-06-11 19:08:42","2026-06-12 03:08:42","7233536","pod=redis-cart-6899b65948-xwzrc"
"2026-06-11 19:08:57","2026-06-12 03:08:57","7233536","pod=redis-cart-6899b65948-xwzrc"
"2026-06-11 19:09:12","2026-06-12 03:09:12","7233536","pod=redis-cart-6899b65948-xwzrc"
"2026-06-11 19:09:27","2026-06-12 03:09:27","7495680","pod=redis-cart-6899b65948-xwzrc"
"2026-06-11 19:09:42","2026-06-12 03:09:42","7233536","pod=redis-cart-6899b65948-xwzrc"
"2026-06-11 19:09:57","2026-06-12 03:09:57","7233536","pod=redis-cart-6899b65948-xwzrc"
"2026-06-11 19:10:12","2026-06-12 03:10:12","7495680","pod=redis-cart-6899b65948-xwzrc"
"2026-06-11 19:10:27","2026-06-12 03:10:27","7753728","pod=redis-cart-6899b65948-xwzrc"
"2026-06-11 19:10:42","2026-06-12 03:10:42","7237632","pod=redis-cart-6899b65948-xwzrc"
"2026-06-11 19:10:57","2026-06-12 03:10:57","7233536","pod=redis-cart-6899b65948-xwzrc"
"2026-06-11 19:11:12","2026-06-12 03:11:12","7495680","pod=redis-cart-6899b65948-xwzrc"
"2026-06-11 19:11:27","2026-06-12 03:11:27","7233536","pod=redis-cart-6899b65948-xwzrc"
"2026-06-11 19:11:42","2026-06-12 03:11:42","7233536","pod=redis-cart-6899b65948-xwzrc"
"2026-06-11 19:11:57","2026-06-12 03:11:57","7233536","pod=redis-cart-6899b65948-xwzrc"
"2026-06-11 19:12:12","2026-06-12 03:12:12","7233536","pod=redis-cart-6899b65948-xwzrc"
"2026-06-11 19:12:27","2026-06-12 03:12:27","7495680","pod=redis-cart-6899b65948-xwzrc"
"2026-06-11 19:12:42","2026-06-12 03:12:42","7233536","pod=redis-cart-6899b65948-xwzrc"
"2026-06-11 19:12:57","2026-06-12 03:12:57","7233536","pod=redis-cart-6899b65948-xwzrc"
"2026-06-11 19:13:12","2026-06-12 03:13:12","7233536","pod=redis-cart-6899b65948-xwzrc"
"2026-06-11 19:13:27","2026-06-12 03:13:27","7495680","pod=redis-cart-6899b65948-xwzrc"
"2026-06-11 19:13:42","2026-06-12 03:13:42","7495680","pod=redis-cart-6899b65948-xwzrc"
"2026-06-11 19:13:57","2026-06-12 03:13:57","7233536","pod=redis-cart-6899b65948-xwzrc"
"2026-06-11 19:14:12","2026-06-12 03:14:12","7491584","pod=redis-cart-6899b65948-xwzrc"
"2026-06-11 19:14:27","2026-06-12 03:14:27","7233536","pod=redis-cart-6899b65948-xwzrc"
"2026-06-11 19:14:42","2026-06-12 03:14:42","7233536","pod=redis-cart-6899b65948-xwzrc"
"2026-06-11 19:14:57","2026-06-12 03:14:57","7233536","pod=redis-cart-6899b65948-xwzrc"
"2026-06-11 19:15:12","2026-06-12 03:15:12","7495680","pod=redis-cart-6899b65948-xwzrc"
"2026-06-11 19:15:27","2026-06-12 03:15:27","7495680","pod=redis-cart-6899b65948-xwzrc"
"2026-06-11 19:15:42","2026-06-12 03:15:42","7495680","pod=redis-cart-6899b65948-xwzrc"
"2026-06-11 19:15:57","2026-06-12 03:15:57","7233536","pod=redis-cart-6899b65948-xwzrc"
"2026-06-11 19:16:12","2026-06-12 03:16:12","7233536","pod=redis-cart-6899b65948-xwzrc"
"2026-06-11 19:16:27","2026-06-12 03:16:27","8011776","pod=redis-cart-6899b65948-xwzrc"
"2026-06-11 19:16:42","2026-06-12 03:16:42","7233536","pod=redis-cart-6899b65948-xwzrc"
"2026-06-11 19:16:57","2026-06-12 03:16:57","7495680","pod=redis-cart-6899b65948-xwzrc"
"2026-06-11 19:17:12","2026-06-12 03:17:12","7233536","pod=redis-cart-6899b65948-xwzrc"
"2026-06-11 19:17:27","2026-06-12 03:17:27","7233536","pod=redis-cart-6899b65948-xwzrc"
"2026-06-11 19:17:42","2026-06-12 03:17:42","7233536","pod=redis-cart-6899b65948-xwzrc"
"2026-06-11 19:17:57","2026-06-12 03:17:57","7233536","pod=redis-cart-6899b65948-xwzrc"
"2026-06-11 19:18:12","2026-06-12 03:18:12","7495680","pod=redis-cart-6899b65948-xwzrc"
"2026-06-11 19:18:27","2026-06-12 03:18:27","7495680","pod=redis-cart-6899b65948-xwzrc"
"2026-06-11 19:18:42","2026-06-12 03:18:42","7237632","pod=redis-cart-6899b65948-xwzrc"
"2026-06-11 19:18:57","2026-06-12 03:18:57","7233536","pod=redis-cart-6899b65948-xwzrc"
"2026-06-11 19:19:12","2026-06-12 03:19:12","7233536","pod=redis-cart-6899b65948-xwzrc"
"2026-06-11 19:19:27","2026-06-12 03:19:27","7495680","pod=redis-cart-6899b65948-xwzrc"
"2026-06-11 19:19:42","2026-06-12 03:19:42","7495680","pod=redis-cart-6899b65948-xwzrc"
"2026-06-11 19:19:57","2026-06-12 03:19:57","7233536","pod=redis-cart-6899b65948-xwzrc"
"2026-06-11 19:20:12","2026-06-12 03:20:12","7233536","pod=redis-cart-6899b65948-xwzrc"
"2026-06-11 19:20:27","2026-06-12 03:20:27","7495680","pod=redis-cart-6899b65948-xwzrc"
"2026-06-11 19:20:42","2026-06-12 03:20:42","7495680","pod=redis-cart-6899b65948-xwzrc"
"2026-06-11 19:20:57","2026-06-12 03:20:57","7495680","pod=redis-cart-6899b65948-xwzrc"
"2026-06-11 19:21:12","2026-06-12 03:21:12","7495680","pod=redis-cart-6899b65948-xwzrc"
"2026-06-11 19:21:27","2026-06-12 03:21:27","7233536","pod=redis-cart-6899b65948-xwzrc"
"2026-06-11 19:21:42","2026-06-12 03:21:42","7233536","pod=redis-cart-6899b65948-xwzrc"
"2026-06-11 19:21:57","2026-06-12 03:21:57","7495680","pod=redis-cart-6899b65948-xwzrc"
"2026-06-11 19:22:12","2026-06-12 03:22:12","7495680","pod=redis-cart-6899b65948-xwzrc"
"2026-06-11 19:22:27","2026-06-12 03:22:27","7233536","pod=redis-cart-6899b65948-xwzrc"
"2026-06-11 19:22:42","2026-06-12 03:22:42","7233536","pod=redis-cart-6899b65948-xwzrc"
"2026-06-11 19:22:57","2026-06-12 03:22:57","7495680","pod=redis-cart-6899b65948-xwzrc"
"2026-06-11 19:23:12","2026-06-12 03:23:12","7499776","pod=redis-cart-6899b65948-xwzrc"
"2026-06-11 19:23:27","2026-06-12 03:23:27","7499776","pod=redis-cart-6899b65948-xwzrc"
"2026-06-11 19:23:42","2026-06-12 03:23:42","7229440","pod=redis-cart-6899b65948-xwzrc"
"2026-06-11 19:23:57","2026-06-12 03:23:57","7495680","pod=redis-cart-6899b65948-xwzrc"
"2026-06-11 19:24:12","2026-06-12 03:24:12","7229440","pod=redis-cart-6899b65948-xwzrc"
"2026-06-11 19:24:27","2026-06-12 03:24:27","7237632","pod=redis-cart-6899b65948-xwzrc"
"2026-06-11 19:24:42","2026-06-12 03:24:42","7229440","pod=redis-cart-6899b65948-xwzrc"
"2026-06-11 19:24:57","2026-06-12 03:24:57","7491584","pod=redis-cart-6899b65948-xwzrc"
"2026-06-11 19:25:12","2026-06-12 03:25:12","7749632","pod=redis-cart-6899b65948-xwzrc"
"2026-06-11 19:25:27","2026-06-12 03:25:27","7757824","pod=redis-cart-6899b65948-xwzrc"
"2026-06-11 19:25:42","2026-06-12 03:25:42","7491584","pod=redis-cart-6899b65948-xwzrc"
"2026-06-11 19:25:57","2026-06-12 03:25:57","7229440","pod=redis-cart-6899b65948-xwzrc"
"2026-06-11 19:26:12","2026-06-12 03:26:12","7491584","pod=redis-cart-6899b65948-xwzrc"
"2026-06-11 19:26:27","2026-06-12 03:26:27","7233536","pod=redis-cart-6899b65948-xwzrc"
"2026-06-11 19:26:42","2026-06-12 03:26:42","7229440","pod=redis-cart-6899b65948-xwzrc"
"2026-06-11 19:26:57","2026-06-12 03:26:57","7491584","pod=redis-cart-6899b65948-xwzrc"
"2026-06-11 17:26:57","2026-06-12 01:26:57","9687040","pod=shippingservice-846f8585d7-t9jd4"
"2026-06-11 17:27:12","2026-06-12 01:27:12","9953280","pod=shippingservice-846f8585d7-t9jd4"
"2026-06-11 17:27:27","2026-06-12 01:27:27","9687040","pod=shippingservice-846f8585d7-t9jd4"
"2026-06-11 17:27:42","2026-06-12 01:27:42","9687040","pod=shippingservice-846f8585d7-t9jd4"
"2026-06-11 17:27:57","2026-06-12 01:27:57","9768960","pod=shippingservice-846f8585d7-t9jd4"
"2026-06-11 17:28:12","2026-06-12 01:28:12","9764864","pod=shippingservice-846f8585d7-t9jd4"
"2026-06-11 17:28:27","2026-06-12 01:28:27","9768960","pod=shippingservice-846f8585d7-t9jd4"
"2026-06-11 17:28:42","2026-06-12 01:28:42","9768960","pod=shippingservice-846f8585d7-t9jd4"
"2026-06-11 17:28:57","2026-06-12 01:28:57","9928704","pod=shippingservice-846f8585d7-t9jd4"
"2026-06-11 17:29:12","2026-06-12 01:29:12","9932800","pod=shippingservice-846f8585d7-t9jd4"
"2026-06-11 17:29:27","2026-06-12 01:29:27","9932800","pod=shippingservice-846f8585d7-t9jd4"
"2026-06-11 17:29:42","2026-06-12 01:29:42","9932800","pod=shippingservice-846f8585d7-t9jd4"
"2026-06-11 17:29:57","2026-06-12 01:29:57","9732096","pod=shippingservice-846f8585d7-t9jd4"
"2026-06-11 17:30:12","2026-06-12 01:30:12","9728000","pod=shippingservice-846f8585d7-t9jd4"
"2026-06-11 17:30:27","2026-06-12 01:30:27","9732096","pod=shippingservice-846f8585d7-t9jd4"
"2026-06-11 17:30:42","2026-06-12 01:30:42","9744384","pod=shippingservice-846f8585d7-t9jd4"
"2026-06-11 17:30:57","2026-06-12 01:30:57","9744384","pod=shippingservice-846f8585d7-t9jd4"
"2026-06-11 17:31:12","2026-06-12 01:31:12","9736192","pod=shippingservice-846f8585d7-t9jd4"
"2026-06-11 17:31:27","2026-06-12 01:31:27","9736192","pod=shippingservice-846f8585d7-t9jd4"
"2026-06-11 17:31:42","2026-06-12 01:31:42","9736192","pod=shippingservice-846f8585d7-t9jd4"
"2026-06-11 17:31:57","2026-06-12 01:31:57","9871360","pod=shippingservice-846f8585d7-t9jd4"
"2026-06-11 17:32:12","2026-06-12 01:32:12","9871360","pod=shippingservice-846f8585d7-t9jd4"
"2026-06-11 17:32:27","2026-06-12 01:32:27","9871360","pod=shippingservice-846f8585d7-t9jd4"
"2026-06-11 17:32:42","2026-06-12 01:32:42","9871360","pod=shippingservice-846f8585d7-t9jd4"
"2026-06-11 17:32:57","2026-06-12 01:32:57","9912320","pod=shippingservice-846f8585d7-t9jd4"
"2026-06-11 17:33:12","2026-06-12 01:33:12","9904128","pod=shippingservice-846f8585d7-t9jd4"
"2026-06-11 17:33:27","2026-06-12 01:33:27","10432512","pod=shippingservice-846f8585d7-t9jd4"
"2026-06-11 17:33:42","2026-06-12 01:33:42","9715712","pod=shippingservice-846f8585d7-t9jd4"
"2026-06-11 17:33:57","2026-06-12 01:33:57","9703424","pod=shippingservice-846f8585d7-t9jd4"
"2026-06-11 17:34:12","2026-06-12 01:34:12","9703424","pod=shippingservice-846f8585d7-t9jd4"
"2026-06-11 17:34:27","2026-06-12 01:34:27","9703424","pod=shippingservice-846f8585d7-t9jd4"
"2026-06-11 17:34:42","2026-06-12 01:34:42","9703424","pod=shippingservice-846f8585d7-t9jd4"
"2026-06-11 17:34:57","2026-06-12 01:34:57","9703424","pod=shippingservice-846f8585d7-t9jd4"
"2026-06-11 17:35:12","2026-06-12 01:35:12","9703424","pod=shippingservice-846f8585d7-t9jd4"
"2026-06-11 17:35:27","2026-06-12 01:35:27","9703424","pod=shippingservice-846f8585d7-t9jd4"
"2026-06-11 17:35:42","2026-06-12 01:35:42","9703424","pod=shippingservice-846f8585d7-t9jd4"
"2026-06-11 17:35:57","2026-06-12 01:35:57","9814016","pod=shippingservice-846f8585d7-t9jd4"
"2026-06-11 17:36:12","2026-06-12 01:36:12","9998336","pod=shippingservice-846f8585d7-t9jd4"
"2026-06-11 17:36:27","2026-06-12 01:36:27","9998336","pod=shippingservice-846f8585d7-t9jd4"
"2026-06-11 17:36:42","2026-06-12 01:36:42","9998336","pod=shippingservice-846f8585d7-t9jd4"
"2026-06-11 17:36:57","2026-06-12 01:36:57","9998336","pod=shippingservice-846f8585d7-t9jd4"
"2026-06-11 17:37:12","2026-06-12 01:37:12","9998336","pod=shippingservice-846f8585d7-t9jd4"
"2026-06-11 17:37:27","2026-06-12 01:37:27","9998336","pod=shippingservice-846f8585d7-t9jd4"
"2026-06-11 17:37:42","2026-06-12 01:37:42","9998336","pod=shippingservice-846f8585d7-t9jd4"
"2026-06-11 17:37:57","2026-06-12 01:37:57","9719808","pod=shippingservice-846f8585d7-t9jd4"
"2026-06-11 17:38:12","2026-06-12 01:38:12","9719808","pod=shippingservice-846f8585d7-t9jd4"
"2026-06-11 17:38:27","2026-06-12 01:38:27","9719808","pod=shippingservice-846f8585d7-t9jd4"
"2026-06-11 17:38:42","2026-06-12 01:38:42","9719808","pod=shippingservice-846f8585d7-t9jd4"
"2026-06-11 17:38:57","2026-06-12 01:38:57","9908224","pod=shippingservice-846f8585d7-t9jd4"
"2026-06-11 17:39:12","2026-06-12 01:39:12","9912320","pod=shippingservice-846f8585d7-t9jd4"
"2026-06-11 17:39:27","2026-06-12 01:39:27","9912320","pod=shippingservice-846f8585d7-t9jd4"
"2026-06-11 17:39:42","2026-06-12 01:39:42","10481664","pod=shippingservice-846f8585d7-t9jd4"
"2026-06-11 17:39:57","2026-06-12 01:39:57","9940992","pod=shippingservice-846f8585d7-t9jd4"
"2026-06-11 17:40:12","2026-06-12 01:40:12","9945088","pod=shippingservice-846f8585d7-t9jd4"
"2026-06-11 17:40:27","2026-06-12 01:40:27","9945088","pod=shippingservice-846f8585d7-t9jd4"
"2026-06-11 17:40:42","2026-06-12 01:40:42","9752576","pod=shippingservice-846f8585d7-t9jd4"
"2026-06-11 17:40:57","2026-06-12 01:40:57","9752576","pod=shippingservice-846f8585d7-t9jd4"
"2026-06-11 17:41:12","2026-06-12 01:41:12","9752576","pod=shippingservice-846f8585d7-t9jd4"
"2026-06-11 17:41:27","2026-06-12 01:41:27","9752576","pod=shippingservice-846f8585d7-t9jd4"
"2026-06-11 17:41:42","2026-06-12 01:41:42","9752576","pod=shippingservice-846f8585d7-t9jd4"
"2026-06-11 17:41:57","2026-06-12 01:41:57","9752576","pod=shippingservice-846f8585d7-t9jd4"
"2026-06-11 17:42:12","2026-06-12 01:42:12","9760768","pod=shippingservice-846f8585d7-t9jd4"
"2026-06-11 17:42:27","2026-06-12 01:42:27","9871360","pod=shippingservice-846f8585d7-t9jd4"
"2026-06-11 17:42:42","2026-06-12 01:42:42","10137600","pod=shippingservice-846f8585d7-t9jd4"
"2026-06-11 17:42:57","2026-06-12 01:42:57","10133504","pod=shippingservice-846f8585d7-t9jd4"
"2026-06-11 17:43:12","2026-06-12 01:43:12","9871360","pod=shippingservice-846f8585d7-t9jd4"
"2026-06-11 17:43:27","2026-06-12 01:43:27","9875456","pod=shippingservice-846f8585d7-t9jd4"
"2026-06-11 17:43:42","2026-06-12 01:43:42","9875456","pod=shippingservice-846f8585d7-t9jd4"
"2026-06-11 17:43:57","2026-06-12 01:43:57","10399744","pod=shippingservice-846f8585d7-t9jd4"
"2026-06-11 17:44:12","2026-06-12 01:44:12","9879552","pod=shippingservice-846f8585d7-t9jd4"
"2026-06-11 17:44:27","2026-06-12 01:44:27","9879552","pod=shippingservice-846f8585d7-t9jd4"
"2026-06-11 17:44:42","2026-06-12 01:44:42","9879552","pod=shippingservice-846f8585d7-t9jd4"
"2026-06-11 17:44:57","2026-06-12 01:44:57","9879552","pod=shippingservice-846f8585d7-t9jd4"
"2026-06-11 17:45:12","2026-06-12 01:45:12","10145792","pod=shippingservice-846f8585d7-t9jd4"
"2026-06-11 17:45:27","2026-06-12 01:45:27","9879552","pod=shippingservice-846f8585d7-t9jd4"
"2026-06-11 17:45:42","2026-06-12 01:45:42","9879552","pod=shippingservice-846f8585d7-t9jd4"
"2026-06-11 17:45:57","2026-06-12 01:45:57","9879552","pod=shippingservice-846f8585d7-t9jd4"
"2026-06-11 17:46:12","2026-06-12 01:46:12","9879552","pod=shippingservice-846f8585d7-t9jd4"
"2026-06-11 17:46:27","2026-06-12 01:46:27","9986048","pod=shippingservice-846f8585d7-t9jd4"
"2026-06-11 17:46:42","2026-06-12 01:46:42","10067968","pod=shippingservice-846f8585d7-t9jd4"
"2026-06-11 17:46:57","2026-06-12 01:46:57","10125312","pod=shippingservice-846f8585d7-t9jd4"
"2026-06-11 17:47:12","2026-06-12 01:47:12","10133504","pod=shippingservice-846f8585d7-t9jd4"
"2026-06-11 17:47:27","2026-06-12 01:47:27","9748480","pod=shippingservice-846f8585d7-t9jd4"
"2026-06-11 17:47:42","2026-06-12 01:47:42","9748480","pod=shippingservice-846f8585d7-t9jd4"
"2026-06-11 17:47:57","2026-06-12 01:47:57","9748480","pod=shippingservice-846f8585d7-t9jd4"
"2026-06-11 17:48:12","2026-06-12 01:48:12","9748480","pod=shippingservice-846f8585d7-t9jd4"
"2026-06-11 17:48:27","2026-06-12 01:48:27","9728000","pod=shippingservice-846f8585d7-t9jd4"
"2026-06-11 17:48:42","2026-06-12 01:48:42","10129408","pod=shippingservice-846f8585d7-t9jd4"
"2026-06-11 17:48:57","2026-06-12 01:48:57","10129408","pod=shippingservice-846f8585d7-t9jd4"
"2026-06-11 17:49:12","2026-06-12 01:49:12","10293248","pod=shippingservice-846f8585d7-t9jd4"
"2026-06-11 17:49:27","2026-06-12 01:49:27","9785344","pod=shippingservice-846f8585d7-t9jd4"
"2026-06-11 17:49:42","2026-06-12 01:49:42","9785344","pod=shippingservice-846f8585d7-t9jd4"
"2026-06-11 17:49:57","2026-06-12 01:49:57","9850880","pod=shippingservice-846f8585d7-t9jd4"
"2026-06-11 17:50:12","2026-06-12 01:50:12","9957376","pod=shippingservice-846f8585d7-t9jd4"
"2026-06-11 17:50:27","2026-06-12 01:50:27","9691136","pod=shippingservice-846f8585d7-t9jd4"
"2026-06-11 17:50:42","2026-06-12 01:50:42","9854976","pod=shippingservice-846f8585d7-t9jd4"
"2026-06-11 17:50:57","2026-06-12 01:50:57","9875456","pod=shippingservice-846f8585d7-t9jd4"
"2026-06-11 17:51:12","2026-06-12 01:51:12","10108928","pod=shippingservice-846f8585d7-t9jd4"
"2026-06-11 17:51:27","2026-06-12 01:51:27","9940992","pod=shippingservice-846f8585d7-t9jd4"
"2026-06-11 17:51:42","2026-06-12 01:51:42","10207232","pod=shippingservice-846f8585d7-t9jd4"
"2026-06-11 17:51:57","2026-06-12 01:51:57","9961472","pod=shippingservice-846f8585d7-t9jd4"
"2026-06-11 17:52:12","2026-06-12 01:52:12","9859072","pod=shippingservice-846f8585d7-t9jd4"
"2026-06-11 17:52:27","2026-06-12 01:52:27","9859072","pod=shippingservice-846f8585d7-t9jd4"
"2026-06-11 17:52:42","2026-06-12 01:52:42","9867264","pod=shippingservice-846f8585d7-t9jd4"
"2026-06-11 17:52:57","2026-06-12 01:52:57","9867264","pod=shippingservice-846f8585d7-t9jd4"
"2026-06-11 17:53:12","2026-06-12 01:53:12","9654272","pod=shippingservice-846f8585d7-t9jd4"
"2026-06-11 17:53:27","2026-06-12 01:53:27","9654272","pod=shippingservice-846f8585d7-t9jd4"
"2026-06-11 17:53:42","2026-06-12 01:53:42","9650176","pod=shippingservice-846f8585d7-t9jd4"
"2026-06-11 17:53:57","2026-06-12 01:53:57","9670656","pod=shippingservice-846f8585d7-t9jd4"
"2026-06-11 17:54:12","2026-06-12 01:54:12","9699328","pod=shippingservice-846f8585d7-t9jd4"
"2026-06-11 17:54:27","2026-06-12 01:54:27","9699328","pod=shippingservice-846f8585d7-t9jd4"
"2026-06-11 17:54:42","2026-06-12 01:54:42","9699328","pod=shippingservice-846f8585d7-t9jd4"
"2026-06-11 17:54:57","2026-06-12 01:54:57","9699328","pod=shippingservice-846f8585d7-t9jd4"
"2026-06-11 17:55:12","2026-06-12 01:55:12","10141696","pod=shippingservice-846f8585d7-t9jd4"
"2026-06-11 17:55:27","2026-06-12 01:55:27","10141696","pod=shippingservice-846f8585d7-t9jd4"
"2026-06-11 17:55:42","2026-06-12 01:55:42","10141696","pod=shippingservice-846f8585d7-t9jd4"
"2026-06-11 17:55:57","2026-06-12 01:55:57","9838592","pod=shippingservice-846f8585d7-t9jd4"
"2026-06-11 17:56:12","2026-06-12 01:56:12","9838592","pod=shippingservice-846f8585d7-t9jd4"
"2026-06-11 17:56:27","2026-06-12 01:56:27","9838592","pod=shippingservice-846f8585d7-t9jd4"
"2026-06-11 17:56:42","2026-06-12 01:56:42","9842688","pod=shippingservice-846f8585d7-t9jd4"
"2026-06-11 17:56:57","2026-06-12 01:56:57","9945088","pod=shippingservice-846f8585d7-t9jd4"
"2026-06-11 17:57:12","2026-06-12 01:57:12","10076160","pod=shippingservice-846f8585d7-t9jd4"
"2026-06-11 17:57:27","2026-06-12 01:57:27","10207232","pod=shippingservice-846f8585d7-t9jd4"
"2026-06-11 17:57:42","2026-06-12 01:57:42","9654272","pod=shippingservice-846f8585d7-t9jd4"
"2026-06-11 17:57:57","2026-06-12 01:57:57","9666560","pod=shippingservice-846f8585d7-t9jd4"
"2026-06-11 17:58:12","2026-06-12 01:58:12","9666560","pod=shippingservice-846f8585d7-t9jd4"
"2026-06-11 17:58:27","2026-06-12 01:58:27","9658368","pod=shippingservice-846f8585d7-t9jd4"
"2026-06-11 17:58:42","2026-06-12 01:58:42","9781248","pod=shippingservice-846f8585d7-t9jd4"
"2026-06-11 17:58:57","2026-06-12 01:58:57","9781248","pod=shippingservice-846f8585d7-t9jd4"
"2026-06-11 17:59:12","2026-06-12 01:59:12","9814016","pod=shippingservice-846f8585d7-t9jd4"
"2026-06-11 17:59:27","2026-06-12 01:59:27","9814016","pod=shippingservice-846f8585d7-t9jd4"
"2026-06-11 17:59:42","2026-06-12 01:59:42","9814016","pod=shippingservice-846f8585d7-t9jd4"
"2026-06-11 17:59:57","2026-06-12 01:59:57","10084352","pod=shippingservice-846f8585d7-t9jd4"
"2026-06-11 18:00:12","2026-06-12 02:00:12","9814016","pod=shippingservice-846f8585d7-t9jd4"
"2026-06-11 18:00:27","2026-06-12 02:00:27","9879552","pod=shippingservice-846f8585d7-t9jd4"
"2026-06-11 18:00:42","2026-06-12 02:00:42","9879552","pod=shippingservice-846f8585d7-t9jd4"
"2026-06-11 18:00:57","2026-06-12 02:00:57","9879552","pod=shippingservice-846f8585d7-t9jd4"
"2026-06-11 18:01:12","2026-06-12 02:01:12","9883648","pod=shippingservice-846f8585d7-t9jd4"
"2026-06-11 18:01:27","2026-06-12 02:01:27","10153984","pod=shippingservice-846f8585d7-t9jd4"
"2026-06-11 18:01:42","2026-06-12 02:01:42","9895936","pod=shippingservice-846f8585d7-t9jd4"
"2026-06-11 18:01:57","2026-06-12 02:01:57","9949184","pod=shippingservice-846f8585d7-t9jd4"
"2026-06-11 18:02:12","2026-06-12 02:02:12","9949184","pod=shippingservice-846f8585d7-t9jd4"
"2026-06-11 18:02:27","2026-06-12 02:02:27","10166272","pod=shippingservice-846f8585d7-t9jd4"
"2026-06-11 18:02:42","2026-06-12 02:02:42","10182656","pod=shippingservice-846f8585d7-t9jd4"
"2026-06-11 18:02:57","2026-06-12 02:02:57","10260480","pod=shippingservice-846f8585d7-t9jd4"
"2026-06-11 18:03:12","2026-06-12 02:03:12","10260480","pod=shippingservice-846f8585d7-t9jd4"
"2026-06-11 18:03:27","2026-06-12 02:03:27","10047488","pod=shippingservice-846f8585d7-t9jd4"
"2026-06-11 18:03:42","2026-06-12 02:03:42","10063872","pod=shippingservice-846f8585d7-t9jd4"
"2026-06-11 18:03:57","2026-06-12 02:03:57","10047488","pod=shippingservice-846f8585d7-t9jd4"
"2026-06-11 18:04:12","2026-06-12 02:04:12","10047488","pod=shippingservice-846f8585d7-t9jd4"
"2026-06-11 18:04:27","2026-06-12 02:04:27","10047488","pod=shippingservice-846f8585d7-t9jd4"
"2026-06-11 18:04:42","2026-06-12 02:04:42","10047488","pod=shippingservice-846f8585d7-t9jd4"
"2026-06-11 18:04:57","2026-06-12 02:04:57","10047488","pod=shippingservice-846f8585d7-t9jd4"
"2026-06-11 18:05:12","2026-06-12 02:05:12","10080256","pod=shippingservice-846f8585d7-t9jd4"
"2026-06-11 18:05:27","2026-06-12 02:05:27","10080256","pod=shippingservice-846f8585d7-t9jd4"
"2026-06-11 18:05:42","2026-06-12 02:05:42","10080256","pod=shippingservice-846f8585d7-t9jd4"
"2026-06-11 18:05:57","2026-06-12 02:05:57","10080256","pod=shippingservice-846f8585d7-t9jd4"
"2026-06-11 18:06:12","2026-06-12 02:06:12","10080256","pod=shippingservice-846f8585d7-t9jd4"
"2026-06-11 18:06:27","2026-06-12 02:06:27","10080256","pod=shippingservice-846f8585d7-t9jd4"
"2026-06-11 18:06:42","2026-06-12 02:06:42","10080256","pod=shippingservice-846f8585d7-t9jd4"
"2026-06-11 18:06:57","2026-06-12 02:06:57","10080256","pod=shippingservice-846f8585d7-t9jd4"
"2026-06-11 18:07:12","2026-06-12 02:07:12","10158080","pod=shippingservice-846f8585d7-t9jd4"
"2026-06-11 18:07:27","2026-06-12 02:07:27","10268672","pod=shippingservice-846f8585d7-t9jd4"
"2026-06-11 18:07:42","2026-06-12 02:07:42","10268672","pod=shippingservice-846f8585d7-t9jd4"
"2026-06-11 18:07:57","2026-06-12 02:07:57","9846784","pod=shippingservice-846f8585d7-t9jd4"
"2026-06-11 18:08:12","2026-06-12 02:08:12","9846784","pod=shippingservice-846f8585d7-t9jd4"
"2026-06-11 18:08:27","2026-06-12 02:08:27","9846784","pod=shippingservice-846f8585d7-t9jd4"
"2026-06-11 18:08:42","2026-06-12 02:08:42","9904128","pod=shippingservice-846f8585d7-t9jd4"
"2026-06-11 18:08:57","2026-06-12 02:08:57","9900032","pod=shippingservice-846f8585d7-t9jd4"
"2026-06-11 18:09:12","2026-06-12 02:09:12","9900032","pod=shippingservice-846f8585d7-t9jd4"
"2026-06-11 18:09:27","2026-06-12 02:09:27","9900032","pod=shippingservice-846f8585d7-t9jd4"
"2026-06-11 18:09:42","2026-06-12 02:09:42","10461184","pod=shippingservice-846f8585d7-t9jd4"
"2026-06-11 18:09:57","2026-06-12 02:09:57","10461184","pod=shippingservice-846f8585d7-t9jd4"
"2026-06-11 18:10:12","2026-06-12 02:10:12","10547200","pod=shippingservice-846f8585d7-t9jd4"
"2026-06-11 18:10:27","2026-06-12 02:10:27","10121216","pod=shippingservice-846f8585d7-t9jd4"
"2026-06-11 18:10:42","2026-06-12 02:10:42","10121216","pod=shippingservice-846f8585d7-t9jd4"
"2026-06-11 18:10:57","2026-06-12 02:10:57","10121216","pod=shippingservice-846f8585d7-t9jd4"
"2026-06-11 18:11:12","2026-06-12 02:11:12","10121216","pod=shippingservice-846f8585d7-t9jd4"
"2026-06-11 18:11:27","2026-06-12 02:11:27","10174464","pod=shippingservice-846f8585d7-t9jd4"
"2026-06-11 18:11:42","2026-06-12 02:11:42","10436608","pod=shippingservice-846f8585d7-t9jd4"
"2026-06-11 18:11:57","2026-06-12 02:11:57","10174464","pod=shippingservice-846f8585d7-t9jd4"
"2026-06-11 18:12:12","2026-06-12 02:12:12","10174464","pod=shippingservice-846f8585d7-t9jd4"
"2026-06-11 18:12:27","2026-06-12 02:12:27","10371072","pod=shippingservice-846f8585d7-t9jd4"
"2026-06-11 18:12:42","2026-06-12 02:12:42","10432512","pod=shippingservice-846f8585d7-t9jd4"
"2026-06-11 18:12:57","2026-06-12 02:12:57","10436608","pod=shippingservice-846f8585d7-t9jd4"
"2026-06-11 18:13:12","2026-06-12 02:13:12","10575872","pod=shippingservice-846f8585d7-t9jd4"
"2026-06-11 18:13:27","2026-06-12 02:13:27","10575872","pod=shippingservice-846f8585d7-t9jd4"
"2026-06-11 18:13:42","2026-06-12 02:13:42","10575872","pod=shippingservice-846f8585d7-t9jd4"
"2026-06-11 18:13:57","2026-06-12 02:13:57","10584064","pod=shippingservice-846f8585d7-t9jd4"
"2026-06-11 18:14:12","2026-06-12 02:14:12","10584064","pod=shippingservice-846f8585d7-t9jd4"
"2026-06-11 18:14:27","2026-06-12 02:14:27","10313728","pod=shippingservice-846f8585d7-t9jd4"
"2026-06-11 18:14:42","2026-06-12 02:14:42","10317824","pod=shippingservice-846f8585d7-t9jd4"
"2026-06-11 18:14:57","2026-06-12 02:14:57","10317824","pod=shippingservice-846f8585d7-t9jd4"
"2026-06-11 18:15:12","2026-06-12 02:15:12","10317824","pod=shippingservice-846f8585d7-t9jd4"
"2026-06-11 18:15:27","2026-06-12 02:15:27","10317824","pod=shippingservice-846f8585d7-t9jd4"
"2026-06-11 18:15:42","2026-06-12 02:15:42","10391552","pod=shippingservice-846f8585d7-t9jd4"
"2026-06-11 18:15:57","2026-06-12 02:15:57","10657792","pod=shippingservice-846f8585d7-t9jd4"
"2026-06-11 18:16:12","2026-06-12 02:16:12","10416128","pod=shippingservice-846f8585d7-t9jd4"
"2026-06-11 18:16:27","2026-06-12 02:16:27","10416128","pod=shippingservice-846f8585d7-t9jd4"
"2026-06-11 18:16:42","2026-06-12 02:16:42","10403840","pod=shippingservice-846f8585d7-t9jd4"
"2026-06-11 18:16:57","2026-06-12 02:16:57","10403840","pod=shippingservice-846f8585d7-t9jd4"
"2026-06-11 18:17:12","2026-06-12 02:17:12","10403840","pod=shippingservice-846f8585d7-t9jd4"
"2026-06-11 18:17:27","2026-06-12 02:17:27","10145792","pod=shippingservice-846f8585d7-t9jd4"
"2026-06-11 18:17:42","2026-06-12 02:17:42","10145792","pod=shippingservice-846f8585d7-t9jd4"
"2026-06-11 18:17:57","2026-06-12 02:17:57","10145792","pod=shippingservice-846f8585d7-t9jd4"
"2026-06-11 18:18:12","2026-06-12 02:18:12","10326016","pod=shippingservice-846f8585d7-t9jd4"
"2026-06-11 18:18:27","2026-06-12 02:18:27","10330112","pod=shippingservice-846f8585d7-t9jd4"
"2026-06-11 18:18:42","2026-06-12 02:18:42","10592256","pod=shippingservice-846f8585d7-t9jd4"
"2026-06-11 18:18:57","2026-06-12 02:18:57","10326016","pod=shippingservice-846f8585d7-t9jd4"
"2026-06-11 18:19:12","2026-06-12 02:19:12","10444800","pod=shippingservice-846f8585d7-t9jd4"
"2026-06-11 18:19:27","2026-06-12 02:19:27","10444800","pod=shippingservice-846f8585d7-t9jd4"
"2026-06-11 18:19:42","2026-06-12 02:19:42","10444800","pod=shippingservice-846f8585d7-t9jd4"
"2026-06-11 18:19:57","2026-06-12 02:19:57","10706944","pod=shippingservice-846f8585d7-t9jd4"
"2026-06-11 18:20:12","2026-06-12 02:20:12","10559488","pod=shippingservice-846f8585d7-t9jd4"
"2026-06-11 18:20:27","2026-06-12 02:20:27","10563584","pod=shippingservice-846f8585d7-t9jd4"
"2026-06-11 18:20:42","2026-06-12 02:20:42","10563584","pod=shippingservice-846f8585d7-t9jd4"
"2026-06-11 18:20:57","2026-06-12 02:20:57","10309632","pod=shippingservice-846f8585d7-t9jd4"
"2026-06-11 18:21:12","2026-06-12 02:21:12","10313728","pod=shippingservice-846f8585d7-t9jd4"
"2026-06-11 18:21:27","2026-06-12 02:21:27","10313728","pod=shippingservice-846f8585d7-t9jd4"
"2026-06-11 18:21:42","2026-06-12 02:21:42","10309632","pod=shippingservice-846f8585d7-t9jd4"
"2026-06-11 18:21:57","2026-06-12 02:21:57","10309632","pod=shippingservice-846f8585d7-t9jd4"
"2026-06-11 18:22:12","2026-06-12 02:22:12","10371072","pod=shippingservice-846f8585d7-t9jd4"
"2026-06-11 18:22:27","2026-06-12 02:22:27","10371072","pod=shippingservice-846f8585d7-t9jd4"
"2026-06-11 18:22:42","2026-06-12 02:22:42","10366976","pod=shippingservice-846f8585d7-t9jd4"
"2026-06-11 18:22:57","2026-06-12 02:22:57","10371072","pod=shippingservice-846f8585d7-t9jd4"
"2026-06-11 18:23:12","2026-06-12 02:23:12","10424320","pod=shippingservice-846f8585d7-t9jd4"
"2026-06-11 18:23:27","2026-06-12 02:23:27","10502144","pod=shippingservice-846f8585d7-t9jd4"
"2026-06-11 18:23:42","2026-06-12 02:23:42","10498048","pod=shippingservice-846f8585d7-t9jd4"
"2026-06-11 18:23:57","2026-06-12 02:23:57","10215424","pod=shippingservice-846f8585d7-t9jd4"
"2026-06-11 18:24:12","2026-06-12 02:24:12","10215424","pod=shippingservice-846f8585d7-t9jd4"
"2026-06-11 18:24:27","2026-06-12 02:24:27","10215424","pod=shippingservice-846f8585d7-t9jd4"
"2026-06-11 18:24:42","2026-06-12 02:24:42","10215424","pod=shippingservice-846f8585d7-t9jd4"
"2026-06-11 18:24:57","2026-06-12 02:24:57","10256384","pod=shippingservice-846f8585d7-t9jd4"
"2026-06-11 18:25:12","2026-06-12 02:25:12","10264576","pod=shippingservice-846f8585d7-t9jd4"
"2026-06-11 18:25:27","2026-06-12 02:25:27","10256384","pod=shippingservice-846f8585d7-t9jd4"
"2026-06-11 18:25:42","2026-06-12 02:25:42","10260480","pod=shippingservice-846f8585d7-t9jd4"
"2026-06-11 18:25:57","2026-06-12 02:25:57","10326016","pod=shippingservice-846f8585d7-t9jd4"
"2026-06-11 18:26:12","2026-06-12 02:26:12","10326016","pod=shippingservice-846f8585d7-t9jd4"
"2026-06-11 18:26:27","2026-06-12 02:26:27","10326016","pod=shippingservice-846f8585d7-t9jd4"
"2026-06-11 18:26:42","2026-06-12 02:26:42","10326016","pod=shippingservice-846f8585d7-t9jd4"
"2026-06-11 18:26:57","2026-06-12 02:26:57","10326016","pod=shippingservice-846f8585d7-t9jd4"
"2026-06-11 18:27:12","2026-06-12 02:27:12","10506240","pod=shippingservice-846f8585d7-t9jd4"
"2026-06-11 18:27:27","2026-06-12 02:27:27","10518528","pod=shippingservice-846f8585d7-t9jd4"
"2026-06-11 18:27:42","2026-06-12 02:27:42","10272768","pod=shippingservice-846f8585d7-t9jd4"
"2026-06-11 18:27:57","2026-06-12 02:27:57","10272768","pod=shippingservice-846f8585d7-t9jd4"
"2026-06-11 18:28:12","2026-06-12 02:28:12","10272768","pod=shippingservice-846f8585d7-t9jd4"
"2026-06-11 18:28:27","2026-06-12 02:28:27","10276864","pod=shippingservice-846f8585d7-t9jd4"
"2026-06-11 18:28:42","2026-06-12 02:28:42","10280960","pod=shippingservice-846f8585d7-t9jd4"
"2026-06-11 18:28:57","2026-06-12 02:28:57","10280960","pod=shippingservice-846f8585d7-t9jd4"
"2026-06-11 18:29:12","2026-06-12 02:29:12","10272768","pod=shippingservice-846f8585d7-t9jd4"
"2026-06-11 18:29:27","2026-06-12 02:29:27","10272768","pod=shippingservice-846f8585d7-t9jd4"
"2026-06-11 18:29:42","2026-06-12 02:29:42","10276864","pod=shippingservice-846f8585d7-t9jd4"
"2026-06-11 18:29:57","2026-06-12 02:29:57","10276864","pod=shippingservice-846f8585d7-t9jd4"
"2026-06-11 18:30:12","2026-06-12 02:30:12","10276864","pod=shippingservice-846f8585d7-t9jd4"
"2026-06-11 18:30:27","2026-06-12 02:30:27","10276864","pod=shippingservice-846f8585d7-t9jd4"
"2026-06-11 18:30:42","2026-06-12 02:30:42","10276864","pod=shippingservice-846f8585d7-t9jd4"
"2026-06-11 18:30:57","2026-06-12 02:30:57","10489856","pod=shippingservice-846f8585d7-t9jd4"
"2026-06-11 18:31:12","2026-06-12 02:31:12","10489856","pod=shippingservice-846f8585d7-t9jd4"
"2026-06-11 18:31:27","2026-06-12 02:31:27","10489856","pod=shippingservice-846f8585d7-t9jd4"
"2026-06-11 18:31:42","2026-06-12 02:31:42","10489856","pod=shippingservice-846f8585d7-t9jd4"
"2026-06-11 18:31:57","2026-06-12 02:31:57","10489856","pod=shippingservice-846f8585d7-t9jd4"
"2026-06-11 18:32:12","2026-06-12 02:32:12","10489856","pod=shippingservice-846f8585d7-t9jd4"
"2026-06-11 18:32:27","2026-06-12 02:32:27","10752000","pod=shippingservice-846f8585d7-t9jd4"
"2026-06-11 18:32:42","2026-06-12 02:32:42","10268672","pod=shippingservice-846f8585d7-t9jd4"
"2026-06-11 18:32:57","2026-06-12 02:32:57","10276864","pod=shippingservice-846f8585d7-t9jd4"
"2026-06-11 18:33:12","2026-06-12 02:33:12","10268672","pod=shippingservice-846f8585d7-t9jd4"
"2026-06-11 18:33:27","2026-06-12 02:33:27","10301440","pod=shippingservice-846f8585d7-t9jd4"
"2026-06-11 18:33:42","2026-06-12 02:33:42","10301440","pod=shippingservice-846f8585d7-t9jd4"
"2026-06-11 18:33:57","2026-06-12 02:33:57","10301440","pod=shippingservice-846f8585d7-t9jd4"
"2026-06-11 18:34:12","2026-06-12 02:34:12","10301440","pod=shippingservice-846f8585d7-t9jd4"
"2026-06-11 18:34:27","2026-06-12 02:34:27","10350592","pod=shippingservice-846f8585d7-t9jd4"
"2026-06-11 18:34:42","2026-06-12 02:34:42","10346496","pod=shippingservice-846f8585d7-t9jd4"
"2026-06-11 18:34:57","2026-06-12 02:34:57","10346496","pod=shippingservice-846f8585d7-t9jd4"
"2026-06-11 18:35:12","2026-06-12 02:35:12","10346496","pod=shippingservice-846f8585d7-t9jd4"
"2026-06-11 18:35:27","2026-06-12 02:35:27","10354688","pod=shippingservice-846f8585d7-t9jd4"
"2026-06-11 18:35:42","2026-06-12 02:35:42","10366976","pod=shippingservice-846f8585d7-t9jd4"
"2026-06-11 18:35:57","2026-06-12 02:35:57","10366976","pod=shippingservice-846f8585d7-t9jd4"
"2026-06-11 18:36:12","2026-06-12 02:36:12","10366976","pod=shippingservice-846f8585d7-t9jd4"
"2026-06-11 18:36:27","2026-06-12 02:36:27","10420224","pod=shippingservice-846f8585d7-t9jd4"
"2026-06-11 18:36:42","2026-06-12 02:36:42","10428416","pod=shippingservice-846f8585d7-t9jd4"
"2026-06-11 18:36:57","2026-06-12 02:36:57","10428416","pod=shippingservice-846f8585d7-t9jd4"
"2026-06-11 18:37:12","2026-06-12 02:37:12","10432512","pod=shippingservice-846f8585d7-t9jd4"
"2026-06-11 18:37:27","2026-06-12 02:37:27","10432512","pod=shippingservice-846f8585d7-t9jd4"
"2026-06-11 18:37:42","2026-06-12 02:37:42","10432512","pod=shippingservice-846f8585d7-t9jd4"
"2026-06-11 18:37:57","2026-06-12 02:37:57","10432512","pod=shippingservice-846f8585d7-t9jd4"
"2026-06-11 18:38:12","2026-06-12 02:38:12","10432512","pod=shippingservice-846f8585d7-t9jd4"
"2026-06-11 18:38:27","2026-06-12 02:38:27","10432512","pod=shippingservice-846f8585d7-t9jd4"
"2026-06-11 18:38:42","2026-06-12 02:38:42","10432512","pod=shippingservice-846f8585d7-t9jd4"
"2026-06-11 18:38:57","2026-06-12 02:38:57","10436608","pod=shippingservice-846f8585d7-t9jd4"
"2026-06-11 18:39:12","2026-06-12 02:39:12","10432512","pod=shippingservice-846f8585d7-t9jd4"
"2026-06-11 18:39:27","2026-06-12 02:39:27","10432512","pod=shippingservice-846f8585d7-t9jd4"
"2026-06-11 18:39:42","2026-06-12 02:39:42","10432512","pod=shippingservice-846f8585d7-t9jd4"
"2026-06-11 18:39:57","2026-06-12 02:39:57","10514432","pod=shippingservice-846f8585d7-t9jd4"
"2026-06-11 18:40:12","2026-06-12 02:40:12","10526720","pod=shippingservice-846f8585d7-t9jd4"
"2026-06-11 18:40:27","2026-06-12 02:40:27","10616832","pod=shippingservice-846f8585d7-t9jd4"
"2026-06-11 18:40:42","2026-06-12 02:40:42","10616832","pod=shippingservice-846f8585d7-t9jd4"
"2026-06-11 18:40:57","2026-06-12 02:40:57","10530816","pod=shippingservice-846f8585d7-t9jd4"
"2026-06-11 18:41:12","2026-06-12 02:41:12","10530816","pod=shippingservice-846f8585d7-t9jd4"
"2026-06-11 18:41:27","2026-06-12 02:41:27","10321920","pod=shippingservice-846f8585d7-t9jd4"
"2026-06-11 18:41:42","2026-06-12 02:41:42","10412032","pod=shippingservice-846f8585d7-t9jd4"
"2026-06-11 18:41:57","2026-06-12 02:41:57","10412032","pod=shippingservice-846f8585d7-t9jd4"
"2026-06-11 18:42:12","2026-06-12 02:42:12","10416128","pod=shippingservice-846f8585d7-t9jd4"
"2026-06-11 18:42:27","2026-06-12 02:42:27","10424320","pod=shippingservice-846f8585d7-t9jd4"
"2026-06-11 18:42:42","2026-06-12 02:42:42","10416128","pod=shippingservice-846f8585d7-t9jd4"
"2026-06-11 18:42:57","2026-06-12 02:42:57","10416128","pod=shippingservice-846f8585d7-t9jd4"
"2026-06-11 18:43:12","2026-06-12 02:43:12","10416128","pod=shippingservice-846f8585d7-t9jd4"
"2026-06-11 18:43:27","2026-06-12 02:43:27","10428416","pod=shippingservice-846f8585d7-t9jd4"
"2026-06-11 18:43:42","2026-06-12 02:43:42","10428416","pod=shippingservice-846f8585d7-t9jd4"
"2026-06-11 18:43:57","2026-06-12 02:43:57","10428416","pod=shippingservice-846f8585d7-t9jd4"
"2026-06-11 18:44:12","2026-06-12 02:44:12","10432512","pod=shippingservice-846f8585d7-t9jd4"
"2026-06-11 18:44:27","2026-06-12 02:44:27","10567680","pod=shippingservice-846f8585d7-t9jd4"
"2026-06-11 18:44:42","2026-06-12 02:44:42","10567680","pod=shippingservice-846f8585d7-t9jd4"
"2026-06-11 18:44:57","2026-06-12 02:44:57","10567680","pod=shippingservice-846f8585d7-t9jd4"
"2026-06-11 18:45:12","2026-06-12 02:45:12","10567680","pod=shippingservice-846f8585d7-t9jd4"
"2026-06-11 18:45:27","2026-06-12 02:45:27","10620928","pod=shippingservice-846f8585d7-t9jd4"
"2026-06-11 18:45:42","2026-06-12 02:45:42","10620928","pod=shippingservice-846f8585d7-t9jd4"
"2026-06-11 18:45:57","2026-06-12 02:45:57","10625024","pod=shippingservice-846f8585d7-t9jd4"
"2026-06-11 18:46:12","2026-06-12 02:46:12","10256384","pod=shippingservice-846f8585d7-t9jd4"
"2026-06-11 18:46:27","2026-06-12 02:46:27","10256384","pod=shippingservice-846f8585d7-t9jd4"
"2026-06-11 18:46:42","2026-06-12 02:46:42","10264576","pod=shippingservice-846f8585d7-t9jd4"
"2026-06-11 18:46:57","2026-06-12 02:46:57","10256384","pod=shippingservice-846f8585d7-t9jd4"
"2026-06-11 18:47:12","2026-06-12 02:47:12","10289152","pod=shippingservice-846f8585d7-t9jd4"
"2026-06-11 18:47:27","2026-06-12 02:47:27","10289152","pod=shippingservice-846f8585d7-t9jd4"
"2026-06-11 18:47:42","2026-06-12 02:47:42","10293248","pod=shippingservice-846f8585d7-t9jd4"
"2026-06-11 18:47:57","2026-06-12 02:47:57","10313728","pod=shippingservice-846f8585d7-t9jd4"
"2026-06-11 18:48:12","2026-06-12 02:48:12","10571776","pod=shippingservice-846f8585d7-t9jd4"
"2026-06-11 18:48:27","2026-06-12 02:48:27","10309632","pod=shippingservice-846f8585d7-t9jd4"
"2026-06-11 18:48:42","2026-06-12 02:48:42","10309632","pod=shippingservice-846f8585d7-t9jd4"
"2026-06-11 18:48:57","2026-06-12 02:48:57","10309632","pod=shippingservice-846f8585d7-t9jd4"
"2026-06-11 18:49:12","2026-06-12 02:49:12","10309632","pod=shippingservice-846f8585d7-t9jd4"
"2026-06-11 18:49:27","2026-06-12 02:49:27","10309632","pod=shippingservice-846f8585d7-t9jd4"
"2026-06-11 18:49:42","2026-06-12 02:49:42","10309632","pod=shippingservice-846f8585d7-t9jd4"
"2026-06-11 18:49:57","2026-06-12 02:49:57","10309632","pod=shippingservice-846f8585d7-t9jd4"
"2026-06-11 18:50:12","2026-06-12 02:50:12","10309632","pod=shippingservice-846f8585d7-t9jd4"
"2026-06-11 18:50:27","2026-06-12 02:50:27","10309632","pod=shippingservice-846f8585d7-t9jd4"
"2026-06-11 18:50:42","2026-06-12 02:50:42","10309632","pod=shippingservice-846f8585d7-t9jd4"
"2026-06-11 18:50:57","2026-06-12 02:50:57","10629120","pod=shippingservice-846f8585d7-t9jd4"
"2026-06-11 18:51:12","2026-06-12 02:51:12","10633216","pod=shippingservice-846f8585d7-t9jd4"
"2026-06-11 18:51:27","2026-06-12 02:51:27","10891264","pod=shippingservice-846f8585d7-t9jd4"
"2026-06-11 18:51:42","2026-06-12 02:51:42","10330112","pod=shippingservice-846f8585d7-t9jd4"
"2026-06-11 18:51:57","2026-06-12 02:51:57","10330112","pod=shippingservice-846f8585d7-t9jd4"
"2026-06-11 18:52:12","2026-06-12 02:52:12","10330112","pod=shippingservice-846f8585d7-t9jd4"
"2026-06-11 18:52:27","2026-06-12 02:52:27","10444800","pod=shippingservice-846f8585d7-t9jd4"
"2026-06-11 18:52:42","2026-06-12 02:52:42","10555392","pod=shippingservice-846f8585d7-t9jd4"
"2026-06-11 18:52:57","2026-06-12 02:52:57","10833920","pod=shippingservice-846f8585d7-t9jd4"
"2026-06-11 18:53:12","2026-06-12 02:53:12","10317824","pod=shippingservice-846f8585d7-t9jd4"
"2026-06-11 18:53:27","2026-06-12 02:53:27","10317824","pod=shippingservice-846f8585d7-t9jd4"
"2026-06-11 18:53:42","2026-06-12 02:53:42","10317824","pod=shippingservice-846f8585d7-t9jd4"
"2026-06-11 18:53:57","2026-06-12 02:53:57","10317824","pod=shippingservice-846f8585d7-t9jd4"
"2026-06-11 18:54:12","2026-06-12 02:54:12","10436608","pod=shippingservice-846f8585d7-t9jd4"
"2026-06-11 18:54:27","2026-06-12 02:54:27","10571776","pod=shippingservice-846f8585d7-t9jd4"
"2026-06-11 18:54:42","2026-06-12 02:54:42","10571776","pod=shippingservice-846f8585d7-t9jd4"
"2026-06-11 18:54:57","2026-06-12 02:54:57","10264576","pod=shippingservice-846f8585d7-t9jd4"
"2026-06-11 18:55:12","2026-06-12 02:55:12","10264576","pod=shippingservice-846f8585d7-t9jd4"
"2026-06-11 18:55:27","2026-06-12 02:55:27","10264576","pod=shippingservice-846f8585d7-t9jd4"
"2026-06-11 18:55:42","2026-06-12 02:55:42","10264576","pod=shippingservice-846f8585d7-t9jd4"
"2026-06-11 18:55:57","2026-06-12 02:55:57","10567680","pod=shippingservice-846f8585d7-t9jd4"
"2026-06-11 18:56:12","2026-06-12 02:56:12","10309632","pod=shippingservice-846f8585d7-t9jd4"
"2026-06-11 18:56:27","2026-06-12 02:56:27","10309632","pod=shippingservice-846f8585d7-t9jd4"
"2026-06-11 18:56:42","2026-06-12 02:56:42","10534912","pod=shippingservice-846f8585d7-t9jd4"
"2026-06-11 18:56:57","2026-06-12 02:56:57","10534912","pod=shippingservice-846f8585d7-t9jd4"
"2026-06-11 18:57:12","2026-06-12 02:57:12","10534912","pod=shippingservice-846f8585d7-t9jd4"
"2026-06-11 18:57:27","2026-06-12 02:57:27","10534912","pod=shippingservice-846f8585d7-t9jd4"
"2026-06-11 18:57:42","2026-06-12 02:57:42","10539008","pod=shippingservice-846f8585d7-t9jd4"
"2026-06-11 18:57:57","2026-06-12 02:57:57","10539008","pod=shippingservice-846f8585d7-t9jd4"
"2026-06-11 18:58:12","2026-06-12 02:58:12","10539008","pod=shippingservice-846f8585d7-t9jd4"
"2026-06-11 18:58:27","2026-06-12 02:58:27","10539008","pod=shippingservice-846f8585d7-t9jd4"
"2026-06-11 18:58:42","2026-06-12 02:58:42","10571776","pod=shippingservice-846f8585d7-t9jd4"
"2026-06-11 18:58:57","2026-06-12 02:58:57","10571776","pod=shippingservice-846f8585d7-t9jd4"
"2026-06-11 18:59:12","2026-06-12 02:59:12","10571776","pod=shippingservice-846f8585d7-t9jd4"
"2026-06-11 18:59:27","2026-06-12 02:59:27","10571776","pod=shippingservice-846f8585d7-t9jd4"
"2026-06-11 18:59:42","2026-06-12 02:59:42","10637312","pod=shippingservice-846f8585d7-t9jd4"
"2026-06-11 18:59:57","2026-06-12 02:59:57","10637312","pod=shippingservice-846f8585d7-t9jd4"
"2026-06-11 19:00:12","2026-06-12 03:00:12","10637312","pod=shippingservice-846f8585d7-t9jd4"
"2026-06-11 19:00:27","2026-06-12 03:00:27","10899456","pod=shippingservice-846f8585d7-t9jd4"
"2026-06-11 19:00:42","2026-06-12 03:00:42","10637312","pod=shippingservice-846f8585d7-t9jd4"
"2026-06-11 19:00:57","2026-06-12 03:00:57","10641408","pod=shippingservice-846f8585d7-t9jd4"
"2026-06-11 19:01:12","2026-06-12 03:01:12","10436608","pod=shippingservice-846f8585d7-t9jd4"
"2026-06-11 19:01:27","2026-06-12 03:01:27","10436608","pod=shippingservice-846f8585d7-t9jd4"
"2026-06-11 19:01:42","2026-06-12 03:01:42","10436608","pod=shippingservice-846f8585d7-t9jd4"
"2026-06-11 19:01:57","2026-06-12 03:01:57","10440704","pod=shippingservice-846f8585d7-t9jd4"
"2026-06-11 19:02:12","2026-06-12 03:02:12","10440704","pod=shippingservice-846f8585d7-t9jd4"
"2026-06-11 19:02:27","2026-06-12 03:02:27","10457088","pod=shippingservice-846f8585d7-t9jd4"
"2026-06-11 19:02:42","2026-06-12 03:02:42","10727424","pod=shippingservice-846f8585d7-t9jd4"
"2026-06-11 19:02:57","2026-06-12 03:02:57","10457088","pod=shippingservice-846f8585d7-t9jd4"
"2026-06-11 19:03:12","2026-06-12 03:03:12","10457088","pod=shippingservice-846f8585d7-t9jd4"
"2026-06-11 19:03:27","2026-06-12 03:03:27","10784768","pod=shippingservice-846f8585d7-t9jd4"
"2026-06-11 19:03:42","2026-06-12 03:03:42","10809344","pod=shippingservice-846f8585d7-t9jd4"
"2026-06-11 19:03:57","2026-06-12 03:03:57","10809344","pod=shippingservice-846f8585d7-t9jd4"
"2026-06-11 19:04:12","2026-06-12 03:04:12","10809344","pod=shippingservice-846f8585d7-t9jd4"
"2026-06-11 19:04:27","2026-06-12 03:04:27","10489856","pod=shippingservice-846f8585d7-t9jd4"
"2026-06-11 19:04:42","2026-06-12 03:04:42","10481664","pod=shippingservice-846f8585d7-t9jd4"
"2026-06-11 19:04:57","2026-06-12 03:04:57","10481664","pod=shippingservice-846f8585d7-t9jd4"
"2026-06-11 19:05:12","2026-06-12 03:05:12","10506240","pod=shippingservice-846f8585d7-t9jd4"
"2026-06-11 19:05:27","2026-06-12 03:05:27","10502144","pod=shippingservice-846f8585d7-t9jd4"
"2026-06-11 19:05:42","2026-06-12 03:05:42","10502144","pod=shippingservice-846f8585d7-t9jd4"
"2026-06-11 19:05:57","2026-06-12 03:05:57","10502144","pod=shippingservice-846f8585d7-t9jd4"
"2026-06-11 19:06:12","2026-06-12 03:06:12","10530816","pod=shippingservice-846f8585d7-t9jd4"
"2026-06-11 19:06:27","2026-06-12 03:06:27","10526720","pod=shippingservice-846f8585d7-t9jd4"
"2026-06-11 19:06:42","2026-06-12 03:06:42","10534912","pod=shippingservice-846f8585d7-t9jd4"
"2026-06-11 19:06:57","2026-06-12 03:06:57","10534912","pod=shippingservice-846f8585d7-t9jd4"
"2026-06-11 19:07:12","2026-06-12 03:07:12","10530816","pod=shippingservice-846f8585d7-t9jd4"
"2026-06-11 19:07:27","2026-06-12 03:07:27","10530816","pod=shippingservice-846f8585d7-t9jd4"
"2026-06-11 19:07:42","2026-06-12 03:07:42","10530816","pod=shippingservice-846f8585d7-t9jd4"
"2026-06-11 19:07:57","2026-06-12 03:07:57","10543104","pod=shippingservice-846f8585d7-t9jd4"
"2026-06-11 19:08:12","2026-06-12 03:08:12","10805248","pod=shippingservice-846f8585d7-t9jd4"
"2026-06-11 19:08:27","2026-06-12 03:08:27","10805248","pod=shippingservice-846f8585d7-t9jd4"
"2026-06-11 19:08:42","2026-06-12 03:08:42","10559488","pod=shippingservice-846f8585d7-t9jd4"
"2026-06-11 19:08:57","2026-06-12 03:08:57","10825728","pod=shippingservice-846f8585d7-t9jd4"
"2026-06-11 19:09:12","2026-06-12 03:09:12","10825728","pod=shippingservice-846f8585d7-t9jd4"
"2026-06-11 19:09:27","2026-06-12 03:09:27","10649600","pod=shippingservice-846f8585d7-t9jd4"
"2026-06-11 19:09:42","2026-06-12 03:09:42","10670080","pod=shippingservice-846f8585d7-t9jd4"
"2026-06-11 19:09:57","2026-06-12 03:09:57","10682368","pod=shippingservice-846f8585d7-t9jd4"
"2026-06-11 19:10:12","2026-06-12 03:10:12","10686464","pod=shippingservice-846f8585d7-t9jd4"
"2026-06-11 19:10:27","2026-06-12 03:10:27","10686464","pod=shippingservice-846f8585d7-t9jd4"
"2026-06-11 19:10:42","2026-06-12 03:10:42","10694656","pod=shippingservice-846f8585d7-t9jd4"
"2026-06-11 19:10:57","2026-06-12 03:10:57","10694656","pod=shippingservice-846f8585d7-t9jd4"
"2026-06-11 19:11:12","2026-06-12 03:11:12","10694656","pod=shippingservice-846f8585d7-t9jd4"
"2026-06-11 19:11:27","2026-06-12 03:11:27","10694656","pod=shippingservice-846f8585d7-t9jd4"
"2026-06-11 19:11:42","2026-06-12 03:11:42","10444800","pod=shippingservice-846f8585d7-t9jd4"
"2026-06-11 19:11:57","2026-06-12 03:11:57","10444800","pod=shippingservice-846f8585d7-t9jd4"
"2026-06-11 19:12:12","2026-06-12 03:12:12","10706944","pod=shippingservice-846f8585d7-t9jd4"
"2026-06-11 19:12:27","2026-06-12 03:12:27","10444800","pod=shippingservice-846f8585d7-t9jd4"
"2026-06-11 19:12:42","2026-06-12 03:12:42","10608640","pod=shippingservice-846f8585d7-t9jd4"
"2026-06-11 19:12:57","2026-06-12 03:12:57","10608640","pod=shippingservice-846f8585d7-t9jd4"
"2026-06-11 19:13:12","2026-06-12 03:13:12","10608640","pod=shippingservice-846f8585d7-t9jd4"
"2026-06-11 19:13:27","2026-06-12 03:13:27","10616832","pod=shippingservice-846f8585d7-t9jd4"
"2026-06-11 19:13:42","2026-06-12 03:13:42","10354688","pod=shippingservice-846f8585d7-t9jd4"
"2026-06-11 19:13:57","2026-06-12 03:13:57","10354688","pod=shippingservice-846f8585d7-t9jd4"
"2026-06-11 19:14:12","2026-06-12 03:14:12","10354688","pod=shippingservice-846f8585d7-t9jd4"
"2026-06-11 19:14:27","2026-06-12 03:14:27","10530816","pod=shippingservice-846f8585d7-t9jd4"
"2026-06-11 19:14:42","2026-06-12 03:14:42","10522624","pod=shippingservice-846f8585d7-t9jd4"
"2026-06-11 19:14:57","2026-06-12 03:14:57","10522624","pod=shippingservice-846f8585d7-t9jd4"
"2026-06-11 19:15:12","2026-06-12 03:15:12","10338304","pod=shippingservice-846f8585d7-t9jd4"
"2026-06-11 19:15:27","2026-06-12 03:15:27","10338304","pod=shippingservice-846f8585d7-t9jd4"
"2026-06-11 19:15:42","2026-06-12 03:15:42","10342400","pod=shippingservice-846f8585d7-t9jd4"
"2026-06-11 19:15:57","2026-06-12 03:15:57","10342400","pod=shippingservice-846f8585d7-t9jd4"
"2026-06-11 19:16:12","2026-06-12 03:16:12","10403840","pod=shippingservice-846f8585d7-t9jd4"
"2026-06-11 19:16:27","2026-06-12 03:16:27","10403840","pod=shippingservice-846f8585d7-t9jd4"
"2026-06-11 19:16:42","2026-06-12 03:16:42","10403840","pod=shippingservice-846f8585d7-t9jd4"
"2026-06-11 19:16:57","2026-06-12 03:16:57","10547200","pod=shippingservice-846f8585d7-t9jd4"
"2026-06-11 19:17:12","2026-06-12 03:17:12","10547200","pod=shippingservice-846f8585d7-t9jd4"
"2026-06-11 19:17:27","2026-06-12 03:17:27","10551296","pod=shippingservice-846f8585d7-t9jd4"
"2026-06-11 19:17:42","2026-06-12 03:17:42","10551296","pod=shippingservice-846f8585d7-t9jd4"
"2026-06-11 19:17:57","2026-06-12 03:17:57","10588160","pod=shippingservice-846f8585d7-t9jd4"
"2026-06-11 19:18:12","2026-06-12 03:18:12","10588160","pod=shippingservice-846f8585d7-t9jd4"
"2026-06-11 19:18:27","2026-06-12 03:18:27","10584064","pod=shippingservice-846f8585d7-t9jd4"
"2026-06-11 19:18:42","2026-06-12 03:18:42","10305536","pod=shippingservice-846f8585d7-t9jd4"
"2026-06-11 19:18:57","2026-06-12 03:18:57","10305536","pod=shippingservice-846f8585d7-t9jd4"
"2026-06-11 19:19:12","2026-06-12 03:19:12","10305536","pod=shippingservice-846f8585d7-t9jd4"
"2026-06-11 19:19:27","2026-06-12 03:19:27","10305536","pod=shippingservice-846f8585d7-t9jd4"
"2026-06-11 19:19:42","2026-06-12 03:19:42","10412032","pod=shippingservice-846f8585d7-t9jd4"
"2026-06-11 19:19:57","2026-06-12 03:19:57","10412032","pod=shippingservice-846f8585d7-t9jd4"
"2026-06-11 19:20:12","2026-06-12 03:20:12","10412032","pod=shippingservice-846f8585d7-t9jd4"
"2026-06-11 19:20:27","2026-06-12 03:20:27","10534912","pod=shippingservice-846f8585d7-t9jd4"
"2026-06-11 19:20:42","2026-06-12 03:20:42","10522624","pod=shippingservice-846f8585d7-t9jd4"
"2026-06-11 19:20:57","2026-06-12 03:20:57","10522624","pod=shippingservice-846f8585d7-t9jd4"
"2026-06-11 19:21:12","2026-06-12 03:21:12","10522624","pod=shippingservice-846f8585d7-t9jd4"
"2026-06-11 19:21:27","2026-06-12 03:21:27","10522624","pod=shippingservice-846f8585d7-t9jd4"
"2026-06-11 19:21:42","2026-06-12 03:21:42","10522624","pod=shippingservice-846f8585d7-t9jd4"
"2026-06-11 19:21:57","2026-06-12 03:21:57","10526720","pod=shippingservice-846f8585d7-t9jd4"
"2026-06-11 19:22:12","2026-06-12 03:22:12","10522624","pod=shippingservice-846f8585d7-t9jd4"
"2026-06-11 19:22:27","2026-06-12 03:22:27","10567680","pod=shippingservice-846f8585d7-t9jd4"
"2026-06-11 19:22:42","2026-06-12 03:22:42","10567680","pod=shippingservice-846f8585d7-t9jd4"
"2026-06-11 19:22:57","2026-06-12 03:22:57","10567680","pod=shippingservice-846f8585d7-t9jd4"
"2026-06-11 19:23:12","2026-06-12 03:23:12","10588160","pod=shippingservice-846f8585d7-t9jd4"
"2026-06-11 19:23:27","2026-06-12 03:23:27","10637312","pod=shippingservice-846f8585d7-t9jd4"
"2026-06-11 19:23:42","2026-06-12 03:23:42","10706944","pod=shippingservice-846f8585d7-t9jd4"
"2026-06-11 19:23:57","2026-06-12 03:23:57","10743808","pod=shippingservice-846f8585d7-t9jd4"
"2026-06-11 19:24:12","2026-06-12 03:24:12","10424320","pod=shippingservice-846f8585d7-t9jd4"
"2026-06-11 19:24:27","2026-06-12 03:24:27","10424320","pod=shippingservice-846f8585d7-t9jd4"
"2026-06-11 19:24:42","2026-06-12 03:24:42","10424320","pod=shippingservice-846f8585d7-t9jd4"
"2026-06-11 19:24:57","2026-06-12 03:24:57","10428416","pod=shippingservice-846f8585d7-t9jd4"
"2026-06-11 19:25:12","2026-06-12 03:25:12","10424320","pod=shippingservice-846f8585d7-t9jd4"
"2026-06-11 19:25:27","2026-06-12 03:25:27","10424320","pod=shippingservice-846f8585d7-t9jd4"
"2026-06-11 19:25:42","2026-06-12 03:25:42","10432512","pod=shippingservice-846f8585d7-t9jd4"
"2026-06-11 19:25:57","2026-06-12 03:25:57","10579968","pod=shippingservice-846f8585d7-t9jd4"
"2026-06-11 19:26:12","2026-06-12 03:26:12","10559488","pod=shippingservice-846f8585d7-t9jd4"
"2026-06-11 19:26:27","2026-06-12 03:26:27","10559488","pod=shippingservice-846f8585d7-t9jd4"
"2026-06-11 19:26:42","2026-06-12 03:26:42","10571776","pod=shippingservice-846f8585d7-t9jd4"
"2026-06-11 19:26:57","2026-06-12 03:26:57","10567680","pod=shippingservice-846f8585d7-t9jd4"
