"time_utc","time_local","value","metric"
"2026-06-11 17:26:57","2026-06-12 01:26:57","1","__name__=kube_pod_status_ready;condition=true;instance=kube-state-metrics.monitoring.svc.cluster.local:8080;job=kube-state-metrics;namespace=online-boutique;pod=frontend-76c94f7cfb-jkmgk;uid=9e4174b2-637d-464e-877b-9bed13b96eaf"
"2026-06-11 17:27:12","2026-06-12 01:27:12","1","__name__=kube_pod_status_ready;condition=true;instance=kube-state-metrics.monitoring.svc.cluster.local:8080;job=kube-state-metrics;namespace=online-boutique;pod=frontend-76c94f7cfb-jkmgk;uid=9e4174b2-637d-464e-877b-9bed13b96eaf"
"2026-06-11 17:27:27","2026-06-12 01:27:27","1","__name__=kube_pod_status_ready;condition=true;instance=kube-state-metrics.monitoring.svc.cluster.local:8080;job=kube-state-metrics;namespace=online-boutique;pod=frontend-76c94f7cfb-jkmgk;uid=9e4174b2-637d-464e-877b-9bed13b96eaf"
"2026-06-11 17:27:42","2026-06-12 01:27:42","1","__name__=kube_pod_status_ready;condition=true;instance=kube-state-metrics.monitoring.svc.cluster.local:8080;job=kube-state-metrics;namespace=online-boutique;pod=frontend-76c94f7cfb-jkmgk;uid=9e4174b2-637d-464e-877b-9bed13b96eaf"
"2026-06-11 17:27:57","2026-06-12 01:27:57","1","__name__=kube_pod_status_ready;condition=true;instance=kube-state-metrics.monitoring.svc.cluster.local:8080;job=kube-state-metrics;namespace=online-boutique;pod=frontend-76c94f7cfb-jkmgk;uid=9e4174b2-637d-464e-877b-9bed13b96eaf"
"2026-06-11 17:28:12","2026-06-12 01:28:12","1","__name__=kube_pod_status_ready;condition=true;instance=kube-state-metrics.monitoring.svc.cluster.local:8080;job=kube-state-metrics;namespace=online-boutique;pod=frontend-76c94f7cfb-jkmgk;uid=9e4174b2-637d-464e-877b-9bed13b96eaf"
"2026-06-11 17:28:27","2026-06-12 01:28:27","1","__name__=kube_pod_status_ready;condition=true;instance=kube-state-metrics.monitoring.svc.cluster.local:8080;job=kube-state-metrics;namespace=online-boutique;pod=frontend-76c94f7cfb-jkmgk;uid=9e4174b2-637d-464e-877b-9bed13b96eaf"
"2026-06-11 17:28:42","2026-06-12 01:28:42","1","__name__=kube_pod_status_ready;condition=true;instance=kube-state-metrics.monitoring.svc.cluster.local:8080;job=kube-state-metrics;namespace=online-boutique;pod=frontend-76c94f7cfb-jkmgk;uid=9e4174b2-637d-464e-877b-9bed13b96eaf"
"2026-06-11 17:28:57","2026-06-12 01:28:57","1","__name__=kube_pod_status_ready;condition=true;instance=kube-state-metrics.monitoring.svc.cluster.local:8080;job=kube-state-metrics;namespace=online-boutique;pod=frontend-76c94f7cfb-jkmgk;uid=9e4174b2-637d-464e-877b-9bed13b96eaf"
"2026-06-11 17:29:12","2026-06-12 01:29:12","1","__name__=kube_pod_status_ready;condition=true;instance=kube-state-metrics.monitoring.svc.cluster.local:8080;job=kube-state-metrics;namespace=online-boutique;pod=frontend-76c94f7cfb-jkmgk;uid=9e4174b2-637d-464e-877b-9bed13b96eaf"
"2026-06-11 17:29:27","2026-06-12 01:29:27","1","__name__=kube_pod_status_ready;condition=true;instance=kube-state-metrics.monitoring.svc.cluster.local:8080;job=kube-state-metrics;namespace=online-boutique;pod=frontend-76c94f7cfb-jkmgk;uid=9e4174b2-637d-464e-877b-9bed13b96eaf"
"2026-06-11 17:29:42","2026-06-12 01:29:42","1","__name__=kube_pod_status_ready;condition=true;instance=kube-state-metrics.monitoring.svc.cluster.local:8080;job=kube-state-metrics;namespace=online-boutique;pod=frontend-76c94f7cfb-jkmgk;uid=9e4174b2-637d-464e-877b-9bed13b96eaf"
"2026-06-11 17:29:57","2026-06-12 01:29:57","1","__name__=kube_pod_status_ready;condition=true;instance=kube-state-metrics.monitoring.svc.cluster.local:8080;job=kube-state-metrics;namespace=online-boutique;pod=frontend-76c94f7cfb-jkmgk;uid=9e4174b2-637d-464e-877b-9bed13b96eaf"
"2026-06-11 17:30:12","2026-06-12 01:30:12","1","__name__=kube_pod_status_ready;condition=true;instance=kube-state-metrics.monitoring.svc.cluster.local:8080;job=kube-state-metrics;namespace=online-boutique;pod=frontend-76c94f7cfb-jkmgk;uid=9e4174b2-637d-464e-877b-9bed13b96eaf"
"2026-06-11 17:30:27","2026-06-12 01:30:27","1","__name__=kube_pod_status_ready;condition=true;instance=kube-state-metrics.monitoring.svc.cluster.local:8080;job=kube-state-metrics;namespace=online-boutique;pod=frontend-76c94f7cfb-jkmgk;uid=9e4174b2-637d-464e-877b-9bed13b96eaf"
"2026-06-11 17:30:42","2026-06-12 01:30:42","1","__name__=kube_pod_status_ready;condition=true;instance=kube-state-metrics.monitoring.svc.cluster.local:8080;job=kube-state-metrics;namespace=online-boutique;pod=frontend-76c94f7cfb-jkmgk;uid=9e4174b2-637d-464e-877b-9bed13b96eaf"
"2026-06-11 17:30:57","2026-06-12 01:30:57","1","__name__=kube_pod_status_ready;condition=true;instance=kube-state-metrics.monitoring.svc.cluster.local:8080;job=kube-state-metrics;namespace=online-boutique;pod=frontend-76c94f7cfb-jkmgk;uid=9e4174b2-637d-464e-877b-9bed13b96eaf"
"2026-06-11 17:31:12","2026-06-12 01:31:12","1","__name__=kube_pod_status_ready;condition=true;instance=kube-state-metrics.monitoring.svc.cluster.local:8080;job=kube-state-metrics;namespace=online-boutique;pod=frontend-76c94f7cfb-jkmgk;uid=9e4174b2-637d-464e-877b-9bed13b96eaf"
"2026-06-11 17:31:27","2026-06-12 01:31:27","1","__name__=kube_pod_status_ready;condition=true;instance=kube-state-metrics.monitoring.svc.cluster.local:8080;job=kube-state-metrics;namespace=online-boutique;pod=frontend-76c94f7cfb-jkmgk;uid=9e4174b2-637d-464e-877b-9bed13b96eaf"
"2026-06-11 17:31:42","2026-06-12 01:31:42","1","__name__=kube_pod_status_ready;condition=true;instance=kube-state-metrics.monitoring.svc.cluster.local:8080;job=kube-state-metrics;namespace=online-boutique;pod=frontend-76c94f7cfb-jkmgk;uid=9e4174b2-637d-464e-877b-9bed13b96eaf"
"2026-06-11 17:31:57","2026-06-12 01:31:57","1","__name__=kube_pod_status_ready;condition=true;instance=kube-state-metrics.monitoring.svc.cluster.local:8080;job=kube-state-metrics;namespace=online-boutique;pod=frontend-76c94f7cfb-jkmgk;uid=9e4174b2-637d-464e-877b-9bed13b96eaf"
"2026-06-11 17:32:12","2026-06-12 01:32:12","1","__name__=kube_pod_status_ready;condition=true;instance=kube-state-metrics.monitoring.svc.cluster.local:8080;job=kube-state-metrics;namespace=online-boutique;pod=frontend-76c94f7cfb-jkmgk;uid=9e4174b2-637d-464e-877b-9bed13b96eaf"
"2026-06-11 17:32:27","2026-06-12 01:32:27","1","__name__=kube_pod_status_ready;condition=true;instance=kube-state-metrics.monitoring.svc.cluster.local:8080;job=kube-state-metrics;namespace=online-boutique;pod=frontend-76c94f7cfb-jkmgk;uid=9e4174b2-637d-464e-877b-9bed13b96eaf"
"2026-06-11 17:32:42","2026-06-12 01:32:42","1","__name__=kube_pod_status_ready;condition=true;instance=kube-state-metrics.monitoring.svc.cluster.local:8080;job=kube-state-metrics;namespace=online-boutique;pod=frontend-76c94f7cfb-jkmgk;uid=9e4174b2-637d-464e-877b-9bed13b96eaf"
"2026-06-11 17:32:57","2026-06-12 01:32:57","1","__name__=kube_pod_status_ready;condition=true;instance=kube-state-metrics.monitoring.svc.cluster.local:8080;job=kube-state-metrics;namespace=online-boutique;pod=frontend-76c94f7cfb-jkmgk;uid=9e4174b2-637d-464e-877b-9bed13b96eaf"
"2026-06-11 17:33:12","2026-06-12 01:33:12","1","__name__=kube_pod_status_ready;condition=true;instance=kube-state-metrics.monitoring.svc.cluster.local:8080;job=kube-state-metrics;namespace=online-boutique;pod=frontend-76c94f7cfb-jkmgk;uid=9e4174b2-637d-464e-877b-9bed13b96eaf"
"2026-06-11 17:33:27","2026-06-12 01:33:27","1","__name__=kube_pod_status_ready;condition=true;instance=kube-state-metrics.monitoring.svc.cluster.local:8080;job=kube-state-metrics;namespace=online-boutique;pod=frontend-76c94f7cfb-jkmgk;uid=9e4174b2-637d-464e-877b-9bed13b96eaf"
"2026-06-11 17:33:42","2026-06-12 01:33:42","1","__name__=kube_pod_status_ready;condition=true;instance=kube-state-metrics.monitoring.svc.cluster.local:8080;job=kube-state-metrics;namespace=online-boutique;pod=frontend-76c94f7cfb-jkmgk;uid=9e4174b2-637d-464e-877b-9bed13b96eaf"
"2026-06-11 17:33:57","2026-06-12 01:33:57","1","__name__=kube_pod_status_ready;condition=true;instance=kube-state-metrics.monitoring.svc.cluster.local:8080;job=kube-state-metrics;namespace=online-boutique;pod=frontend-76c94f7cfb-jkmgk;uid=9e4174b2-637d-464e-877b-9bed13b96eaf"
"2026-06-11 17:34:12","2026-06-12 01:34:12","1","__name__=kube_pod_status_ready;condition=true;instance=kube-state-metrics.monitoring.svc.cluster.local:8080;job=kube-state-metrics;namespace=online-boutique;pod=frontend-76c94f7cfb-jkmgk;uid=9e4174b2-637d-464e-877b-9bed13b96eaf"
"2026-06-11 17:34:27","2026-06-12 01:34:27","1","__name__=kube_pod_status_ready;condition=true;instance=kube-state-metrics.monitoring.svc.cluster.local:8080;job=kube-state-metrics;namespace=online-boutique;pod=frontend-76c94f7cfb-jkmgk;uid=9e4174b2-637d-464e-877b-9bed13b96eaf"
"2026-06-11 17:34:42","2026-06-12 01:34:42","1","__name__=kube_pod_status_ready;condition=true;instance=kube-state-metrics.monitoring.svc.cluster.local:8080;job=kube-state-metrics;namespace=online-boutique;pod=frontend-76c94f7cfb-jkmgk;uid=9e4174b2-637d-464e-877b-9bed13b96eaf"
"2026-06-11 17:34:57","2026-06-12 01:34:57","1","__name__=kube_pod_status_ready;condition=true;instance=kube-state-metrics.monitoring.svc.cluster.local:8080;job=kube-state-metrics;namespace=online-boutique;pod=frontend-76c94f7cfb-jkmgk;uid=9e4174b2-637d-464e-877b-9bed13b96eaf"
"2026-06-11 17:35:12","2026-06-12 01:35:12","1","__name__=kube_pod_status_ready;condition=true;instance=kube-state-metrics.monitoring.svc.cluster.local:8080;job=kube-state-metrics;namespace=online-boutique;pod=frontend-76c94f7cfb-jkmgk;uid=9e4174b2-637d-464e-877b-9bed13b96eaf"
"2026-06-11 17:35:27","2026-06-12 01:35:27","1","__name__=kube_pod_status_ready;condition=true;instance=kube-state-metrics.monitoring.svc.cluster.local:8080;job=kube-state-metrics;namespace=online-boutique;pod=frontend-76c94f7cfb-jkmgk;uid=9e4174b2-637d-464e-877b-9bed13b96eaf"
"2026-06-11 17:35:42","2026-06-12 01:35:42","1","__name__=kube_pod_status_ready;condition=true;instance=kube-state-metrics.monitoring.svc.cluster.local:8080;job=kube-state-metrics;namespace=online-boutique;pod=frontend-76c94f7cfb-jkmgk;uid=9e4174b2-637d-464e-877b-9bed13b96eaf"
"2026-06-11 17:35:57","2026-06-12 01:35:57","1","__name__=kube_pod_status_ready;condition=true;instance=kube-state-metrics.monitoring.svc.cluster.local:8080;job=kube-state-metrics;namespace=online-boutique;pod=frontend-76c94f7cfb-jkmgk;uid=9e4174b2-637d-464e-877b-9bed13b96eaf"
"2026-06-11 17:36:12","2026-06-12 01:36:12","1","__name__=kube_pod_status_ready;condition=true;instance=kube-state-metrics.monitoring.svc.cluster.local:8080;job=kube-state-metrics;namespace=online-boutique;pod=frontend-76c94f7cfb-jkmgk;uid=9e4174b2-637d-464e-877b-9bed13b96eaf"
"2026-06-11 17:36:27","2026-06-12 01:36:27","1","__name__=kube_pod_status_ready;condition=true;instance=kube-state-metrics.monitoring.svc.cluster.local:8080;job=kube-state-metrics;namespace=online-boutique;pod=frontend-76c94f7cfb-jkmgk;uid=9e4174b2-637d-464e-877b-9bed13b96eaf"
"2026-06-11 17:36:42","2026-06-12 01:36:42","1","__name__=kube_pod_status_ready;condition=true;instance=kube-state-metrics.monitoring.svc.cluster.local:8080;job=kube-state-metrics;namespace=online-boutique;pod=frontend-76c94f7cfb-jkmgk;uid=9e4174b2-637d-464e-877b-9bed13b96eaf"
"2026-06-11 17:36:57","2026-06-12 01:36:57","1","__name__=kube_pod_status_ready;condition=true;instance=kube-state-metrics.monitoring.svc.cluster.local:8080;job=kube-state-metrics;namespace=online-boutique;pod=frontend-76c94f7cfb-jkmgk;uid=9e4174b2-637d-464e-877b-9bed13b96eaf"
"2026-06-11 17:37:12","2026-06-12 01:37:12","1","__name__=kube_pod_status_ready;condition=true;instance=kube-state-metrics.monitoring.svc.cluster.local:8080;job=kube-state-metrics;namespace=online-boutique;pod=frontend-76c94f7cfb-jkmgk;uid=9e4174b2-637d-464e-877b-9bed13b96eaf"
"2026-06-11 17:37:27","2026-06-12 01:37:27","1","__name__=kube_pod_status_ready;condition=true;instance=kube-state-metrics.monitoring.svc.cluster.local:8080;job=kube-state-metrics;namespace=online-boutique;pod=frontend-76c94f7cfb-jkmgk;uid=9e4174b2-637d-464e-877b-9bed13b96eaf"
"2026-06-11 17:37:42","2026-06-12 01:37:42","1","__name__=kube_pod_status_ready;condition=true;instance=kube-state-metrics.monitoring.svc.cluster.local:8080;job=kube-state-metrics;namespace=online-boutique;pod=frontend-76c94f7cfb-jkmgk;uid=9e4174b2-637d-464e-877b-9bed13b96eaf"
"2026-06-11 17:37:57","2026-06-12 01:37:57","1","__name__=kube_pod_status_ready;condition=true;instance=kube-state-metrics.monitoring.svc.cluster.local:8080;job=kube-state-metrics;namespace=online-boutique;pod=frontend-76c94f7cfb-jkmgk;uid=9e4174b2-637d-464e-877b-9bed13b96eaf"
"2026-06-11 17:38:12","2026-06-12 01:38:12","1","__name__=kube_pod_status_ready;condition=true;instance=kube-state-metrics.monitoring.svc.cluster.local:8080;job=kube-state-metrics;namespace=online-boutique;pod=frontend-76c94f7cfb-jkmgk;uid=9e4174b2-637d-464e-877b-9bed13b96eaf"
"2026-06-11 17:38:27","2026-06-12 01:38:27","1","__name__=kube_pod_status_ready;condition=true;instance=kube-state-metrics.monitoring.svc.cluster.local:8080;job=kube-state-metrics;namespace=online-boutique;pod=frontend-76c94f7cfb-jkmgk;uid=9e4174b2-637d-464e-877b-9bed13b96eaf"
"2026-06-11 17:38:42","2026-06-12 01:38:42","1","__name__=kube_pod_status_ready;condition=true;instance=kube-state-metrics.monitoring.svc.cluster.local:8080;job=kube-state-metrics;namespace=online-boutique;pod=frontend-76c94f7cfb-jkmgk;uid=9e4174b2-637d-464e-877b-9bed13b96eaf"
"2026-06-11 17:38:57","2026-06-12 01:38:57","1","__name__=kube_pod_status_ready;condition=true;instance=kube-state-metrics.monitoring.svc.cluster.local:8080;job=kube-state-metrics;namespace=online-boutique;pod=frontend-76c94f7cfb-jkmgk;uid=9e4174b2-637d-464e-877b-9bed13b96eaf"
"2026-06-11 17:39:12","2026-06-12 01:39:12","1","__name__=kube_pod_status_ready;condition=true;instance=kube-state-metrics.monitoring.svc.cluster.local:8080;job=kube-state-metrics;namespace=online-boutique;pod=frontend-76c94f7cfb-jkmgk;uid=9e4174b2-637d-464e-877b-9bed13b96eaf"
"2026-06-11 17:39:27","2026-06-12 01:39:27","1","__name__=kube_pod_status_ready;condition=true;instance=kube-state-metrics.monitoring.svc.cluster.local:8080;job=kube-state-metrics;namespace=online-boutique;pod=frontend-76c94f7cfb-jkmgk;uid=9e4174b2-637d-464e-877b-9bed13b96eaf"
"2026-06-11 17:39:42","2026-06-12 01:39:42","1","__name__=kube_pod_status_ready;condition=true;instance=kube-state-metrics.monitoring.svc.cluster.local:8080;job=kube-state-metrics;namespace=online-boutique;pod=frontend-76c94f7cfb-jkmgk;uid=9e4174b2-637d-464e-877b-9bed13b96eaf"
"2026-06-11 17:39:57","2026-06-12 01:39:57","1","__name__=kube_pod_status_ready;condition=true;instance=kube-state-metrics.monitoring.svc.cluster.local:8080;job=kube-state-metrics;namespace=online-boutique;pod=frontend-76c94f7cfb-jkmgk;uid=9e4174b2-637d-464e-877b-9bed13b96eaf"
"2026-06-11 17:40:12","2026-06-12 01:40:12","1","__name__=kube_pod_status_ready;condition=true;instance=kube-state-metrics.monitoring.svc.cluster.local:8080;job=kube-state-metrics;namespace=online-boutique;pod=frontend-76c94f7cfb-jkmgk;uid=9e4174b2-637d-464e-877b-9bed13b96eaf"
"2026-06-11 17:40:27","2026-06-12 01:40:27","1","__name__=kube_pod_status_ready;condition=true;instance=kube-state-metrics.monitoring.svc.cluster.local:8080;job=kube-state-metrics;namespace=online-boutique;pod=frontend-76c94f7cfb-jkmgk;uid=9e4174b2-637d-464e-877b-9bed13b96eaf"
"2026-06-11 17:40:42","2026-06-12 01:40:42","1","__name__=kube_pod_status_ready;condition=true;instance=kube-state-metrics.monitoring.svc.cluster.local:8080;job=kube-state-metrics;namespace=online-boutique;pod=frontend-76c94f7cfb-jkmgk;uid=9e4174b2-637d-464e-877b-9bed13b96eaf"
"2026-06-11 17:40:57","2026-06-12 01:40:57","1","__name__=kube_pod_status_ready;condition=true;instance=kube-state-metrics.monitoring.svc.cluster.local:8080;job=kube-state-metrics;namespace=online-boutique;pod=frontend-76c94f7cfb-jkmgk;uid=9e4174b2-637d-464e-877b-9bed13b96eaf"
"2026-06-11 17:41:12","2026-06-12 01:41:12","1","__name__=kube_pod_status_ready;condition=true;instance=kube-state-metrics.monitoring.svc.cluster.local:8080;job=kube-state-metrics;namespace=online-boutique;pod=frontend-76c94f7cfb-jkmgk;uid=9e4174b2-637d-464e-877b-9bed13b96eaf"
"2026-06-11 17:41:27","2026-06-12 01:41:27","1","__name__=kube_pod_status_ready;condition=true;instance=kube-state-metrics.monitoring.svc.cluster.local:8080;job=kube-state-metrics;namespace=online-boutique;pod=frontend-76c94f7cfb-jkmgk;uid=9e4174b2-637d-464e-877b-9bed13b96eaf"
"2026-06-11 17:41:42","2026-06-12 01:41:42","1","__name__=kube_pod_status_ready;condition=true;instance=kube-state-metrics.monitoring.svc.cluster.local:8080;job=kube-state-metrics;namespace=online-boutique;pod=frontend-76c94f7cfb-jkmgk;uid=9e4174b2-637d-464e-877b-9bed13b96eaf"
"2026-06-11 17:41:57","2026-06-12 01:41:57","1","__name__=kube_pod_status_ready;condition=true;instance=kube-state-metrics.monitoring.svc.cluster.local:8080;job=kube-state-metrics;namespace=online-boutique;pod=frontend-76c94f7cfb-jkmgk;uid=9e4174b2-637d-464e-877b-9bed13b96eaf"
"2026-06-11 17:42:12","2026-06-12 01:42:12","1","__name__=kube_pod_status_ready;condition=true;instance=kube-state-metrics.monitoring.svc.cluster.local:8080;job=kube-state-metrics;namespace=online-boutique;pod=frontend-76c94f7cfb-jkmgk;uid=9e4174b2-637d-464e-877b-9bed13b96eaf"
"2026-06-11 17:42:27","2026-06-12 01:42:27","1","__name__=kube_pod_status_ready;condition=true;instance=kube-state-metrics.monitoring.svc.cluster.local:8080;job=kube-state-metrics;namespace=online-boutique;pod=frontend-76c94f7cfb-jkmgk;uid=9e4174b2-637d-464e-877b-9bed13b96eaf"
"2026-06-11 17:42:42","2026-06-12 01:42:42","1","__name__=kube_pod_status_ready;condition=true;instance=kube-state-metrics.monitoring.svc.cluster.local:8080;job=kube-state-metrics;namespace=online-boutique;pod=frontend-76c94f7cfb-jkmgk;uid=9e4174b2-637d-464e-877b-9bed13b96eaf"
"2026-06-11 17:42:57","2026-06-12 01:42:57","1","__name__=kube_pod_status_ready;condition=true;instance=kube-state-metrics.monitoring.svc.cluster.local:8080;job=kube-state-metrics;namespace=online-boutique;pod=frontend-76c94f7cfb-jkmgk;uid=9e4174b2-637d-464e-877b-9bed13b96eaf"
"2026-06-11 17:43:12","2026-06-12 01:43:12","1","__name__=kube_pod_status_ready;condition=true;instance=kube-state-metrics.monitoring.svc.cluster.local:8080;job=kube-state-metrics;namespace=online-boutique;pod=frontend-76c94f7cfb-jkmgk;uid=9e4174b2-637d-464e-877b-9bed13b96eaf"
"2026-06-11 17:43:27","2026-06-12 01:43:27","1","__name__=kube_pod_status_ready;condition=true;instance=kube-state-metrics.monitoring.svc.cluster.local:8080;job=kube-state-metrics;namespace=online-boutique;pod=frontend-76c94f7cfb-jkmgk;uid=9e4174b2-637d-464e-877b-9bed13b96eaf"
"2026-06-11 17:43:42","2026-06-12 01:43:42","1","__name__=kube_pod_status_ready;condition=true;instance=kube-state-metrics.monitoring.svc.cluster.local:8080;job=kube-state-metrics;namespace=online-boutique;pod=frontend-76c94f7cfb-jkmgk;uid=9e4174b2-637d-464e-877b-9bed13b96eaf"
"2026-06-11 17:43:57","2026-06-12 01:43:57","1","__name__=kube_pod_status_ready;condition=true;instance=kube-state-metrics.monitoring.svc.cluster.local:8080;job=kube-state-metrics;namespace=online-boutique;pod=frontend-76c94f7cfb-jkmgk;uid=9e4174b2-637d-464e-877b-9bed13b96eaf"
"2026-06-11 17:44:12","2026-06-12 01:44:12","1","__name__=kube_pod_status_ready;condition=true;instance=kube-state-metrics.monitoring.svc.cluster.local:8080;job=kube-state-metrics;namespace=online-boutique;pod=frontend-76c94f7cfb-jkmgk;uid=9e4174b2-637d-464e-877b-9bed13b96eaf"
"2026-06-11 17:44:27","2026-06-12 01:44:27","1","__name__=kube_pod_status_ready;condition=true;instance=kube-state-metrics.monitoring.svc.cluster.local:8080;job=kube-state-metrics;namespace=online-boutique;pod=frontend-76c94f7cfb-jkmgk;uid=9e4174b2-637d-464e-877b-9bed13b96eaf"
"2026-06-11 17:44:42","2026-06-12 01:44:42","1","__name__=kube_pod_status_ready;condition=true;instance=kube-state-metrics.monitoring.svc.cluster.local:8080;job=kube-state-metrics;namespace=online-boutique;pod=frontend-76c94f7cfb-jkmgk;uid=9e4174b2-637d-464e-877b-9bed13b96eaf"
"2026-06-11 17:44:57","2026-06-12 01:44:57","1","__name__=kube_pod_status_ready;condition=true;instance=kube-state-metrics.monitoring.svc.cluster.local:8080;job=kube-state-metrics;namespace=online-boutique;pod=frontend-76c94f7cfb-jkmgk;uid=9e4174b2-637d-464e-877b-9bed13b96eaf"
"2026-06-11 17:45:12","2026-06-12 01:45:12","1","__name__=kube_pod_status_ready;condition=true;instance=kube-state-metrics.monitoring.svc.cluster.local:8080;job=kube-state-metrics;namespace=online-boutique;pod=frontend-76c94f7cfb-jkmgk;uid=9e4174b2-637d-464e-877b-9bed13b96eaf"
"2026-06-11 17:45:27","2026-06-12 01:45:27","1","__name__=kube_pod_status_ready;condition=true;instance=kube-state-metrics.monitoring.svc.cluster.local:8080;job=kube-state-metrics;namespace=online-boutique;pod=frontend-76c94f7cfb-jkmgk;uid=9e4174b2-637d-464e-877b-9bed13b96eaf"
"2026-06-11 17:45:42","2026-06-12 01:45:42","1","__name__=kube_pod_status_ready;condition=true;instance=kube-state-metrics.monitoring.svc.cluster.local:8080;job=kube-state-metrics;namespace=online-boutique;pod=frontend-76c94f7cfb-jkmgk;uid=9e4174b2-637d-464e-877b-9bed13b96eaf"
"2026-06-11 17:45:57","2026-06-12 01:45:57","1","__name__=kube_pod_status_ready;condition=true;instance=kube-state-metrics.monitoring.svc.cluster.local:8080;job=kube-state-metrics;namespace=online-boutique;pod=frontend-76c94f7cfb-jkmgk;uid=9e4174b2-637d-464e-877b-9bed13b96eaf"
"2026-06-11 17:46:12","2026-06-12 01:46:12","1","__name__=kube_pod_status_ready;condition=true;instance=kube-state-metrics.monitoring.svc.cluster.local:8080;job=kube-state-metrics;namespace=online-boutique;pod=frontend-76c94f7cfb-jkmgk;uid=9e4174b2-637d-464e-877b-9bed13b96eaf"
"2026-06-11 17:46:27","2026-06-12 01:46:27","1","__name__=kube_pod_status_ready;condition=true;instance=kube-state-metrics.monitoring.svc.cluster.local:8080;job=kube-state-metrics;namespace=online-boutique;pod=frontend-76c94f7cfb-jkmgk;uid=9e4174b2-637d-464e-877b-9bed13b96eaf"
"2026-06-11 17:46:42","2026-06-12 01:46:42","1","__name__=kube_pod_status_ready;condition=true;instance=kube-state-metrics.monitoring.svc.cluster.local:8080;job=kube-state-metrics;namespace=online-boutique;pod=frontend-76c94f7cfb-jkmgk;uid=9e4174b2-637d-464e-877b-9bed13b96eaf"
"2026-06-11 17:46:57","2026-06-12 01:46:57","1","__name__=kube_pod_status_ready;condition=true;instance=kube-state-metrics.monitoring.svc.cluster.local:8080;job=kube-state-metrics;namespace=online-boutique;pod=frontend-76c94f7cfb-jkmgk;uid=9e4174b2-637d-464e-877b-9bed13b96eaf"
"2026-06-11 17:47:12","2026-06-12 01:47:12","1","__name__=kube_pod_status_ready;condition=true;instance=kube-state-metrics.monitoring.svc.cluster.local:8080;job=kube-state-metrics;namespace=online-boutique;pod=frontend-76c94f7cfb-jkmgk;uid=9e4174b2-637d-464e-877b-9bed13b96eaf"
"2026-06-11 17:47:27","2026-06-12 01:47:27","1","__name__=kube_pod_status_ready;condition=true;instance=kube-state-metrics.monitoring.svc.cluster.local:8080;job=kube-state-metrics;namespace=online-boutique;pod=frontend-76c94f7cfb-jkmgk;uid=9e4174b2-637d-464e-877b-9bed13b96eaf"
"2026-06-11 17:47:42","2026-06-12 01:47:42","1","__name__=kube_pod_status_ready;condition=true;instance=kube-state-metrics.monitoring.svc.cluster.local:8080;job=kube-state-metrics;namespace=online-boutique;pod=frontend-76c94f7cfb-jkmgk;uid=9e4174b2-637d-464e-877b-9bed13b96eaf"
"2026-06-11 17:47:57","2026-06-12 01:47:57","1","__name__=kube_pod_status_ready;condition=true;instance=kube-state-metrics.monitoring.svc.cluster.local:8080;job=kube-state-metrics;namespace=online-boutique;pod=frontend-76c94f7cfb-jkmgk;uid=9e4174b2-637d-464e-877b-9bed13b96eaf"
"2026-06-11 17:48:12","2026-06-12 01:48:12","1","__name__=kube_pod_status_ready;condition=true;instance=kube-state-metrics.monitoring.svc.cluster.local:8080;job=kube-state-metrics;namespace=online-boutique;pod=frontend-76c94f7cfb-jkmgk;uid=9e4174b2-637d-464e-877b-9bed13b96eaf"
"2026-06-11 17:48:27","2026-06-12 01:48:27","1","__name__=kube_pod_status_ready;condition=true;instance=kube-state-metrics.monitoring.svc.cluster.local:8080;job=kube-state-metrics;namespace=online-boutique;pod=frontend-76c94f7cfb-jkmgk;uid=9e4174b2-637d-464e-877b-9bed13b96eaf"
"2026-06-11 17:48:42","2026-06-12 01:48:42","1","__name__=kube_pod_status_ready;condition=true;instance=kube-state-metrics.monitoring.svc.cluster.local:8080;job=kube-state-metrics;namespace=online-boutique;pod=frontend-76c94f7cfb-jkmgk;uid=9e4174b2-637d-464e-877b-9bed13b96eaf"
"2026-06-11 17:48:57","2026-06-12 01:48:57","1","__name__=kube_pod_status_ready;condition=true;instance=kube-state-metrics.monitoring.svc.cluster.local:8080;job=kube-state-metrics;namespace=online-boutique;pod=frontend-76c94f7cfb-jkmgk;uid=9e4174b2-637d-464e-877b-9bed13b96eaf"
"2026-06-11 17:49:12","2026-06-12 01:49:12","1","__name__=kube_pod_status_ready;condition=true;instance=kube-state-metrics.monitoring.svc.cluster.local:8080;job=kube-state-metrics;namespace=online-boutique;pod=frontend-76c94f7cfb-jkmgk;uid=9e4174b2-637d-464e-877b-9bed13b96eaf"
"2026-06-11 17:49:27","2026-06-12 01:49:27","1","__name__=kube_pod_status_ready;condition=true;instance=kube-state-metrics.monitoring.svc.cluster.local:8080;job=kube-state-metrics;namespace=online-boutique;pod=frontend-76c94f7cfb-jkmgk;uid=9e4174b2-637d-464e-877b-9bed13b96eaf"
"2026-06-11 17:49:42","2026-06-12 01:49:42","1","__name__=kube_pod_status_ready;condition=true;instance=kube-state-metrics.monitoring.svc.cluster.local:8080;job=kube-state-metrics;namespace=online-boutique;pod=frontend-76c94f7cfb-jkmgk;uid=9e4174b2-637d-464e-877b-9bed13b96eaf"
"2026-06-11 17:49:57","2026-06-12 01:49:57","1","__name__=kube_pod_status_ready;condition=true;instance=kube-state-metrics.monitoring.svc.cluster.local:8080;job=kube-state-metrics;namespace=online-boutique;pod=frontend-76c94f7cfb-jkmgk;uid=9e4174b2-637d-464e-877b-9bed13b96eaf"
"2026-06-11 17:50:12","2026-06-12 01:50:12","1","__name__=kube_pod_status_ready;condition=true;instance=kube-state-metrics.monitoring.svc.cluster.local:8080;job=kube-state-metrics;namespace=online-boutique;pod=frontend-76c94f7cfb-jkmgk;uid=9e4174b2-637d-464e-877b-9bed13b96eaf"
"2026-06-11 17:50:27","2026-06-12 01:50:27","1","__name__=kube_pod_status_ready;condition=true;instance=kube-state-metrics.monitoring.svc.cluster.local:8080;job=kube-state-metrics;namespace=online-boutique;pod=frontend-76c94f7cfb-jkmgk;uid=9e4174b2-637d-464e-877b-9bed13b96eaf"
"2026-06-11 17:50:42","2026-06-12 01:50:42","1","__name__=kube_pod_status_ready;condition=true;instance=kube-state-metrics.monitoring.svc.cluster.local:8080;job=kube-state-metrics;namespace=online-boutique;pod=frontend-76c94f7cfb-jkmgk;uid=9e4174b2-637d-464e-877b-9bed13b96eaf"
"2026-06-11 17:50:57","2026-06-12 01:50:57","1","__name__=kube_pod_status_ready;condition=true;instance=kube-state-metrics.monitoring.svc.cluster.local:8080;job=kube-state-metrics;namespace=online-boutique;pod=frontend-76c94f7cfb-jkmgk;uid=9e4174b2-637d-464e-877b-9bed13b96eaf"
"2026-06-11 17:51:12","2026-06-12 01:51:12","1","__name__=kube_pod_status_ready;condition=true;instance=kube-state-metrics.monitoring.svc.cluster.local:8080;job=kube-state-metrics;namespace=online-boutique;pod=frontend-76c94f7cfb-jkmgk;uid=9e4174b2-637d-464e-877b-9bed13b96eaf"
"2026-06-11 17:51:27","2026-06-12 01:51:27","1","__name__=kube_pod_status_ready;condition=true;instance=kube-state-metrics.monitoring.svc.cluster.local:8080;job=kube-state-metrics;namespace=online-boutique;pod=frontend-76c94f7cfb-jkmgk;uid=9e4174b2-637d-464e-877b-9bed13b96eaf"
"2026-06-11 17:51:42","2026-06-12 01:51:42","1","__name__=kube_pod_status_ready;condition=true;instance=kube-state-metrics.monitoring.svc.cluster.local:8080;job=kube-state-metrics;namespace=online-boutique;pod=frontend-76c94f7cfb-jkmgk;uid=9e4174b2-637d-464e-877b-9bed13b96eaf"
"2026-06-11 17:51:57","2026-06-12 01:51:57","1","__name__=kube_pod_status_ready;condition=true;instance=kube-state-metrics.monitoring.svc.cluster.local:8080;job=kube-state-metrics;namespace=online-boutique;pod=frontend-76c94f7cfb-jkmgk;uid=9e4174b2-637d-464e-877b-9bed13b96eaf"
"2026-06-11 17:52:12","2026-06-12 01:52:12","1","__name__=kube_pod_status_ready;condition=true;instance=kube-state-metrics.monitoring.svc.cluster.local:8080;job=kube-state-metrics;namespace=online-boutique;pod=frontend-76c94f7cfb-jkmgk;uid=9e4174b2-637d-464e-877b-9bed13b96eaf"
"2026-06-11 17:52:27","2026-06-12 01:52:27","1","__name__=kube_pod_status_ready;condition=true;instance=kube-state-metrics.monitoring.svc.cluster.local:8080;job=kube-state-metrics;namespace=online-boutique;pod=frontend-76c94f7cfb-jkmgk;uid=9e4174b2-637d-464e-877b-9bed13b96eaf"
"2026-06-11 17:52:42","2026-06-12 01:52:42","1","__name__=kube_pod_status_ready;condition=true;instance=kube-state-metrics.monitoring.svc.cluster.local:8080;job=kube-state-metrics;namespace=online-boutique;pod=frontend-76c94f7cfb-jkmgk;uid=9e4174b2-637d-464e-877b-9bed13b96eaf"
"2026-06-11 17:52:57","2026-06-12 01:52:57","1","__name__=kube_pod_status_ready;condition=true;instance=kube-state-metrics.monitoring.svc.cluster.local:8080;job=kube-state-metrics;namespace=online-boutique;pod=frontend-76c94f7cfb-jkmgk;uid=9e4174b2-637d-464e-877b-9bed13b96eaf"
"2026-06-11 17:53:12","2026-06-12 01:53:12","1","__name__=kube_pod_status_ready;condition=true;instance=kube-state-metrics.monitoring.svc.cluster.local:8080;job=kube-state-metrics;namespace=online-boutique;pod=frontend-76c94f7cfb-jkmgk;uid=9e4174b2-637d-464e-877b-9bed13b96eaf"
"2026-06-11 17:53:27","2026-06-12 01:53:27","1","__name__=kube_pod_status_ready;condition=true;instance=kube-state-metrics.monitoring.svc.cluster.local:8080;job=kube-state-metrics;namespace=online-boutique;pod=frontend-76c94f7cfb-jkmgk;uid=9e4174b2-637d-464e-877b-9bed13b96eaf"
"2026-06-11 17:53:42","2026-06-12 01:53:42","1","__name__=kube_pod_status_ready;condition=true;instance=kube-state-metrics.monitoring.svc.cluster.local:8080;job=kube-state-metrics;namespace=online-boutique;pod=frontend-76c94f7cfb-jkmgk;uid=9e4174b2-637d-464e-877b-9bed13b96eaf"
"2026-06-11 17:53:57","2026-06-12 01:53:57","1","__name__=kube_pod_status_ready;condition=true;instance=kube-state-metrics.monitoring.svc.cluster.local:8080;job=kube-state-metrics;namespace=online-boutique;pod=frontend-76c94f7cfb-jkmgk;uid=9e4174b2-637d-464e-877b-9bed13b96eaf"
"2026-06-11 17:54:12","2026-06-12 01:54:12","1","__name__=kube_pod_status_ready;condition=true;instance=kube-state-metrics.monitoring.svc.cluster.local:8080;job=kube-state-metrics;namespace=online-boutique;pod=frontend-76c94f7cfb-jkmgk;uid=9e4174b2-637d-464e-877b-9bed13b96eaf"
"2026-06-11 17:54:27","2026-06-12 01:54:27","1","__name__=kube_pod_status_ready;condition=true;instance=kube-state-metrics.monitoring.svc.cluster.local:8080;job=kube-state-metrics;namespace=online-boutique;pod=frontend-76c94f7cfb-jkmgk;uid=9e4174b2-637d-464e-877b-9bed13b96eaf"
"2026-06-11 17:54:42","2026-06-12 01:54:42","1","__name__=kube_pod_status_ready;condition=true;instance=kube-state-metrics.monitoring.svc.cluster.local:8080;job=kube-state-metrics;namespace=online-boutique;pod=frontend-76c94f7cfb-jkmgk;uid=9e4174b2-637d-464e-877b-9bed13b96eaf"
"2026-06-11 17:54:57","2026-06-12 01:54:57","1","__name__=kube_pod_status_ready;condition=true;instance=kube-state-metrics.monitoring.svc.cluster.local:8080;job=kube-state-metrics;namespace=online-boutique;pod=frontend-76c94f7cfb-jkmgk;uid=9e4174b2-637d-464e-877b-9bed13b96eaf"
"2026-06-11 17:55:12","2026-06-12 01:55:12","1","__name__=kube_pod_status_ready;condition=true;instance=kube-state-metrics.monitoring.svc.cluster.local:8080;job=kube-state-metrics;namespace=online-boutique;pod=frontend-76c94f7cfb-jkmgk;uid=9e4174b2-637d-464e-877b-9bed13b96eaf"
"2026-06-11 17:55:27","2026-06-12 01:55:27","1","__name__=kube_pod_status_ready;condition=true;instance=kube-state-metrics.monitoring.svc.cluster.local:8080;job=kube-state-metrics;namespace=online-boutique;pod=frontend-76c94f7cfb-jkmgk;uid=9e4174b2-637d-464e-877b-9bed13b96eaf"
"2026-06-11 17:55:42","2026-06-12 01:55:42","1","__name__=kube_pod_status_ready;condition=true;instance=kube-state-metrics.monitoring.svc.cluster.local:8080;job=kube-state-metrics;namespace=online-boutique;pod=frontend-76c94f7cfb-jkmgk;uid=9e4174b2-637d-464e-877b-9bed13b96eaf"
"2026-06-11 17:55:57","2026-06-12 01:55:57","1","__name__=kube_pod_status_ready;condition=true;instance=kube-state-metrics.monitoring.svc.cluster.local:8080;job=kube-state-metrics;namespace=online-boutique;pod=frontend-76c94f7cfb-jkmgk;uid=9e4174b2-637d-464e-877b-9bed13b96eaf"
"2026-06-11 17:56:12","2026-06-12 01:56:12","1","__name__=kube_pod_status_ready;condition=true;instance=kube-state-metrics.monitoring.svc.cluster.local:8080;job=kube-state-metrics;namespace=online-boutique;pod=frontend-76c94f7cfb-jkmgk;uid=9e4174b2-637d-464e-877b-9bed13b96eaf"
"2026-06-11 17:56:27","2026-06-12 01:56:27","1","__name__=kube_pod_status_ready;condition=true;instance=kube-state-metrics.monitoring.svc.cluster.local:8080;job=kube-state-metrics;namespace=online-boutique;pod=frontend-76c94f7cfb-jkmgk;uid=9e4174b2-637d-464e-877b-9bed13b96eaf"
"2026-06-11 17:56:42","2026-06-12 01:56:42","1","__name__=kube_pod_status_ready;condition=true;instance=kube-state-metrics.monitoring.svc.cluster.local:8080;job=kube-state-metrics;namespace=online-boutique;pod=frontend-76c94f7cfb-jkmgk;uid=9e4174b2-637d-464e-877b-9bed13b96eaf"
"2026-06-11 17:56:57","2026-06-12 01:56:57","1","__name__=kube_pod_status_ready;condition=true;instance=kube-state-metrics.monitoring.svc.cluster.local:8080;job=kube-state-metrics;namespace=online-boutique;pod=frontend-76c94f7cfb-jkmgk;uid=9e4174b2-637d-464e-877b-9bed13b96eaf"
"2026-06-11 17:57:12","2026-06-12 01:57:12","1","__name__=kube_pod_status_ready;condition=true;instance=kube-state-metrics.monitoring.svc.cluster.local:8080;job=kube-state-metrics;namespace=online-boutique;pod=frontend-76c94f7cfb-jkmgk;uid=9e4174b2-637d-464e-877b-9bed13b96eaf"
"2026-06-11 17:57:27","2026-06-12 01:57:27","1","__name__=kube_pod_status_ready;condition=true;instance=kube-state-metrics.monitoring.svc.cluster.local:8080;job=kube-state-metrics;namespace=online-boutique;pod=frontend-76c94f7cfb-jkmgk;uid=9e4174b2-637d-464e-877b-9bed13b96eaf"
"2026-06-11 17:57:42","2026-06-12 01:57:42","1","__name__=kube_pod_status_ready;condition=true;instance=kube-state-metrics.monitoring.svc.cluster.local:8080;job=kube-state-metrics;namespace=online-boutique;pod=frontend-76c94f7cfb-jkmgk;uid=9e4174b2-637d-464e-877b-9bed13b96eaf"
"2026-06-11 17:57:57","2026-06-12 01:57:57","1","__name__=kube_pod_status_ready;condition=true;instance=kube-state-metrics.monitoring.svc.cluster.local:8080;job=kube-state-metrics;namespace=online-boutique;pod=frontend-76c94f7cfb-jkmgk;uid=9e4174b2-637d-464e-877b-9bed13b96eaf"
"2026-06-11 17:58:12","2026-06-12 01:58:12","1","__name__=kube_pod_status_ready;condition=true;instance=kube-state-metrics.monitoring.svc.cluster.local:8080;job=kube-state-metrics;namespace=online-boutique;pod=frontend-76c94f7cfb-jkmgk;uid=9e4174b2-637d-464e-877b-9bed13b96eaf"
"2026-06-11 17:58:27","2026-06-12 01:58:27","1","__name__=kube_pod_status_ready;condition=true;instance=kube-state-metrics.monitoring.svc.cluster.local:8080;job=kube-state-metrics;namespace=online-boutique;pod=frontend-76c94f7cfb-jkmgk;uid=9e4174b2-637d-464e-877b-9bed13b96eaf"
"2026-06-11 17:58:42","2026-06-12 01:58:42","1","__name__=kube_pod_status_ready;condition=true;instance=kube-state-metrics.monitoring.svc.cluster.local:8080;job=kube-state-metrics;namespace=online-boutique;pod=frontend-76c94f7cfb-jkmgk;uid=9e4174b2-637d-464e-877b-9bed13b96eaf"
"2026-06-11 17:58:57","2026-06-12 01:58:57","1","__name__=kube_pod_status_ready;condition=true;instance=kube-state-metrics.monitoring.svc.cluster.local:8080;job=kube-state-metrics;namespace=online-boutique;pod=frontend-76c94f7cfb-jkmgk;uid=9e4174b2-637d-464e-877b-9bed13b96eaf"
"2026-06-11 17:59:12","2026-06-12 01:59:12","1","__name__=kube_pod_status_ready;condition=true;instance=kube-state-metrics.monitoring.svc.cluster.local:8080;job=kube-state-metrics;namespace=online-boutique;pod=frontend-76c94f7cfb-jkmgk;uid=9e4174b2-637d-464e-877b-9bed13b96eaf"
"2026-06-11 17:59:27","2026-06-12 01:59:27","1","__name__=kube_pod_status_ready;condition=true;instance=kube-state-metrics.monitoring.svc.cluster.local:8080;job=kube-state-metrics;namespace=online-boutique;pod=frontend-76c94f7cfb-jkmgk;uid=9e4174b2-637d-464e-877b-9bed13b96eaf"
"2026-06-11 17:59:42","2026-06-12 01:59:42","1","__name__=kube_pod_status_ready;condition=true;instance=kube-state-metrics.monitoring.svc.cluster.local:8080;job=kube-state-metrics;namespace=online-boutique;pod=frontend-76c94f7cfb-jkmgk;uid=9e4174b2-637d-464e-877b-9bed13b96eaf"
"2026-06-11 17:59:57","2026-06-12 01:59:57","1","__name__=kube_pod_status_ready;condition=true;instance=kube-state-metrics.monitoring.svc.cluster.local:8080;job=kube-state-metrics;namespace=online-boutique;pod=frontend-76c94f7cfb-jkmgk;uid=9e4174b2-637d-464e-877b-9bed13b96eaf"
"2026-06-11 18:00:12","2026-06-12 02:00:12","1","__name__=kube_pod_status_ready;condition=true;instance=kube-state-metrics.monitoring.svc.cluster.local:8080;job=kube-state-metrics;namespace=online-boutique;pod=frontend-76c94f7cfb-jkmgk;uid=9e4174b2-637d-464e-877b-9bed13b96eaf"
"2026-06-11 18:00:27","2026-06-12 02:00:27","1","__name__=kube_pod_status_ready;condition=true;instance=kube-state-metrics.monitoring.svc.cluster.local:8080;job=kube-state-metrics;namespace=online-boutique;pod=frontend-76c94f7cfb-jkmgk;uid=9e4174b2-637d-464e-877b-9bed13b96eaf"
"2026-06-11 18:00:42","2026-06-12 02:00:42","1","__name__=kube_pod_status_ready;condition=true;instance=kube-state-metrics.monitoring.svc.cluster.local:8080;job=kube-state-metrics;namespace=online-boutique;pod=frontend-76c94f7cfb-jkmgk;uid=9e4174b2-637d-464e-877b-9bed13b96eaf"
"2026-06-11 18:00:57","2026-06-12 02:00:57","1","__name__=kube_pod_status_ready;condition=true;instance=kube-state-metrics.monitoring.svc.cluster.local:8080;job=kube-state-metrics;namespace=online-boutique;pod=frontend-76c94f7cfb-jkmgk;uid=9e4174b2-637d-464e-877b-9bed13b96eaf"
"2026-06-11 18:01:12","2026-06-12 02:01:12","1","__name__=kube_pod_status_ready;condition=true;instance=kube-state-metrics.monitoring.svc.cluster.local:8080;job=kube-state-metrics;namespace=online-boutique;pod=frontend-76c94f7cfb-jkmgk;uid=9e4174b2-637d-464e-877b-9bed13b96eaf"
"2026-06-11 18:01:27","2026-06-12 02:01:27","1","__name__=kube_pod_status_ready;condition=true;instance=kube-state-metrics.monitoring.svc.cluster.local:8080;job=kube-state-metrics;namespace=online-boutique;pod=frontend-76c94f7cfb-jkmgk;uid=9e4174b2-637d-464e-877b-9bed13b96eaf"
"2026-06-11 18:01:42","2026-06-12 02:01:42","1","__name__=kube_pod_status_ready;condition=true;instance=kube-state-metrics.monitoring.svc.cluster.local:8080;job=kube-state-metrics;namespace=online-boutique;pod=frontend-76c94f7cfb-jkmgk;uid=9e4174b2-637d-464e-877b-9bed13b96eaf"
"2026-06-11 18:01:57","2026-06-12 02:01:57","1","__name__=kube_pod_status_ready;condition=true;instance=kube-state-metrics.monitoring.svc.cluster.local:8080;job=kube-state-metrics;namespace=online-boutique;pod=frontend-76c94f7cfb-jkmgk;uid=9e4174b2-637d-464e-877b-9bed13b96eaf"
"2026-06-11 18:02:12","2026-06-12 02:02:12","1","__name__=kube_pod_status_ready;condition=true;instance=kube-state-metrics.monitoring.svc.cluster.local:8080;job=kube-state-metrics;namespace=online-boutique;pod=frontend-76c94f7cfb-jkmgk;uid=9e4174b2-637d-464e-877b-9bed13b96eaf"
"2026-06-11 18:02:27","2026-06-12 02:02:27","1","__name__=kube_pod_status_ready;condition=true;instance=kube-state-metrics.monitoring.svc.cluster.local:8080;job=kube-state-metrics;namespace=online-boutique;pod=frontend-76c94f7cfb-jkmgk;uid=9e4174b2-637d-464e-877b-9bed13b96eaf"
"2026-06-11 18:02:42","2026-06-12 02:02:42","1","__name__=kube_pod_status_ready;condition=true;instance=kube-state-metrics.monitoring.svc.cluster.local:8080;job=kube-state-metrics;namespace=online-boutique;pod=frontend-76c94f7cfb-jkmgk;uid=9e4174b2-637d-464e-877b-9bed13b96eaf"
"2026-06-11 18:02:57","2026-06-12 02:02:57","1","__name__=kube_pod_status_ready;condition=true;instance=kube-state-metrics.monitoring.svc.cluster.local:8080;job=kube-state-metrics;namespace=online-boutique;pod=frontend-76c94f7cfb-jkmgk;uid=9e4174b2-637d-464e-877b-9bed13b96eaf"
"2026-06-11 18:03:12","2026-06-12 02:03:12","1","__name__=kube_pod_status_ready;condition=true;instance=kube-state-metrics.monitoring.svc.cluster.local:8080;job=kube-state-metrics;namespace=online-boutique;pod=frontend-76c94f7cfb-jkmgk;uid=9e4174b2-637d-464e-877b-9bed13b96eaf"
"2026-06-11 18:03:27","2026-06-12 02:03:27","1","__name__=kube_pod_status_ready;condition=true;instance=kube-state-metrics.monitoring.svc.cluster.local:8080;job=kube-state-metrics;namespace=online-boutique;pod=frontend-76c94f7cfb-jkmgk;uid=9e4174b2-637d-464e-877b-9bed13b96eaf"
"2026-06-11 18:03:42","2026-06-12 02:03:42","1","__name__=kube_pod_status_ready;condition=true;instance=kube-state-metrics.monitoring.svc.cluster.local:8080;job=kube-state-metrics;namespace=online-boutique;pod=frontend-76c94f7cfb-jkmgk;uid=9e4174b2-637d-464e-877b-9bed13b96eaf"
"2026-06-11 18:03:57","2026-06-12 02:03:57","1","__name__=kube_pod_status_ready;condition=true;instance=kube-state-metrics.monitoring.svc.cluster.local:8080;job=kube-state-metrics;namespace=online-boutique;pod=frontend-76c94f7cfb-jkmgk;uid=9e4174b2-637d-464e-877b-9bed13b96eaf"
"2026-06-11 18:04:12","2026-06-12 02:04:12","1","__name__=kube_pod_status_ready;condition=true;instance=kube-state-metrics.monitoring.svc.cluster.local:8080;job=kube-state-metrics;namespace=online-boutique;pod=frontend-76c94f7cfb-jkmgk;uid=9e4174b2-637d-464e-877b-9bed13b96eaf"
"2026-06-11 18:04:27","2026-06-12 02:04:27","1","__name__=kube_pod_status_ready;condition=true;instance=kube-state-metrics.monitoring.svc.cluster.local:8080;job=kube-state-metrics;namespace=online-boutique;pod=frontend-76c94f7cfb-jkmgk;uid=9e4174b2-637d-464e-877b-9bed13b96eaf"
"2026-06-11 18:04:42","2026-06-12 02:04:42","1","__name__=kube_pod_status_ready;condition=true;instance=kube-state-metrics.monitoring.svc.cluster.local:8080;job=kube-state-metrics;namespace=online-boutique;pod=frontend-76c94f7cfb-jkmgk;uid=9e4174b2-637d-464e-877b-9bed13b96eaf"
"2026-06-11 18:04:57","2026-06-12 02:04:57","1","__name__=kube_pod_status_ready;condition=true;instance=kube-state-metrics.monitoring.svc.cluster.local:8080;job=kube-state-metrics;namespace=online-boutique;pod=frontend-76c94f7cfb-jkmgk;uid=9e4174b2-637d-464e-877b-9bed13b96eaf"
"2026-06-11 18:05:12","2026-06-12 02:05:12","1","__name__=kube_pod_status_ready;condition=true;instance=kube-state-metrics.monitoring.svc.cluster.local:8080;job=kube-state-metrics;namespace=online-boutique;pod=frontend-76c94f7cfb-jkmgk;uid=9e4174b2-637d-464e-877b-9bed13b96eaf"
"2026-06-11 18:05:27","2026-06-12 02:05:27","1","__name__=kube_pod_status_ready;condition=true;instance=kube-state-metrics.monitoring.svc.cluster.local:8080;job=kube-state-metrics;namespace=online-boutique;pod=frontend-76c94f7cfb-jkmgk;uid=9e4174b2-637d-464e-877b-9bed13b96eaf"
"2026-06-11 18:05:42","2026-06-12 02:05:42","1","__name__=kube_pod_status_ready;condition=true;instance=kube-state-metrics.monitoring.svc.cluster.local:8080;job=kube-state-metrics;namespace=online-boutique;pod=frontend-76c94f7cfb-jkmgk;uid=9e4174b2-637d-464e-877b-9bed13b96eaf"
"2026-06-11 18:05:57","2026-06-12 02:05:57","1","__name__=kube_pod_status_ready;condition=true;instance=kube-state-metrics.monitoring.svc.cluster.local:8080;job=kube-state-metrics;namespace=online-boutique;pod=frontend-76c94f7cfb-jkmgk;uid=9e4174b2-637d-464e-877b-9bed13b96eaf"
"2026-06-11 18:06:12","2026-06-12 02:06:12","1","__name__=kube_pod_status_ready;condition=true;instance=kube-state-metrics.monitoring.svc.cluster.local:8080;job=kube-state-metrics;namespace=online-boutique;pod=frontend-76c94f7cfb-jkmgk;uid=9e4174b2-637d-464e-877b-9bed13b96eaf"
"2026-06-11 18:06:27","2026-06-12 02:06:27","1","__name__=kube_pod_status_ready;condition=true;instance=kube-state-metrics.monitoring.svc.cluster.local:8080;job=kube-state-metrics;namespace=online-boutique;pod=frontend-76c94f7cfb-jkmgk;uid=9e4174b2-637d-464e-877b-9bed13b96eaf"
"2026-06-11 18:06:42","2026-06-12 02:06:42","1","__name__=kube_pod_status_ready;condition=true;instance=kube-state-metrics.monitoring.svc.cluster.local:8080;job=kube-state-metrics;namespace=online-boutique;pod=frontend-76c94f7cfb-jkmgk;uid=9e4174b2-637d-464e-877b-9bed13b96eaf"
"2026-06-11 18:06:57","2026-06-12 02:06:57","1","__name__=kube_pod_status_ready;condition=true;instance=kube-state-metrics.monitoring.svc.cluster.local:8080;job=kube-state-metrics;namespace=online-boutique;pod=frontend-76c94f7cfb-jkmgk;uid=9e4174b2-637d-464e-877b-9bed13b96eaf"
"2026-06-11 18:07:12","2026-06-12 02:07:12","1","__name__=kube_pod_status_ready;condition=true;instance=kube-state-metrics.monitoring.svc.cluster.local:8080;job=kube-state-metrics;namespace=online-boutique;pod=frontend-76c94f7cfb-jkmgk;uid=9e4174b2-637d-464e-877b-9bed13b96eaf"
"2026-06-11 18:07:27","2026-06-12 02:07:27","1","__name__=kube_pod_status_ready;condition=true;instance=kube-state-metrics.monitoring.svc.cluster.local:8080;job=kube-state-metrics;namespace=online-boutique;pod=frontend-76c94f7cfb-jkmgk;uid=9e4174b2-637d-464e-877b-9bed13b96eaf"
"2026-06-11 18:07:42","2026-06-12 02:07:42","1","__name__=kube_pod_status_ready;condition=true;instance=kube-state-metrics.monitoring.svc.cluster.local:8080;job=kube-state-metrics;namespace=online-boutique;pod=frontend-76c94f7cfb-jkmgk;uid=9e4174b2-637d-464e-877b-9bed13b96eaf"
"2026-06-11 18:07:57","2026-06-12 02:07:57","1","__name__=kube_pod_status_ready;condition=true;instance=kube-state-metrics.monitoring.svc.cluster.local:8080;job=kube-state-metrics;namespace=online-boutique;pod=frontend-76c94f7cfb-jkmgk;uid=9e4174b2-637d-464e-877b-9bed13b96eaf"
"2026-06-11 18:08:12","2026-06-12 02:08:12","1","__name__=kube_pod_status_ready;condition=true;instance=kube-state-metrics.monitoring.svc.cluster.local:8080;job=kube-state-metrics;namespace=online-boutique;pod=frontend-76c94f7cfb-jkmgk;uid=9e4174b2-637d-464e-877b-9bed13b96eaf"
"2026-06-11 18:08:27","2026-06-12 02:08:27","1","__name__=kube_pod_status_ready;condition=true;instance=kube-state-metrics.monitoring.svc.cluster.local:8080;job=kube-state-metrics;namespace=online-boutique;pod=frontend-76c94f7cfb-jkmgk;uid=9e4174b2-637d-464e-877b-9bed13b96eaf"
"2026-06-11 18:08:42","2026-06-12 02:08:42","1","__name__=kube_pod_status_ready;condition=true;instance=kube-state-metrics.monitoring.svc.cluster.local:8080;job=kube-state-metrics;namespace=online-boutique;pod=frontend-76c94f7cfb-jkmgk;uid=9e4174b2-637d-464e-877b-9bed13b96eaf"
"2026-06-11 18:08:57","2026-06-12 02:08:57","1","__name__=kube_pod_status_ready;condition=true;instance=kube-state-metrics.monitoring.svc.cluster.local:8080;job=kube-state-metrics;namespace=online-boutique;pod=frontend-76c94f7cfb-jkmgk;uid=9e4174b2-637d-464e-877b-9bed13b96eaf"
"2026-06-11 18:09:12","2026-06-12 02:09:12","1","__name__=kube_pod_status_ready;condition=true;instance=kube-state-metrics.monitoring.svc.cluster.local:8080;job=kube-state-metrics;namespace=online-boutique;pod=frontend-76c94f7cfb-jkmgk;uid=9e4174b2-637d-464e-877b-9bed13b96eaf"
"2026-06-11 18:09:27","2026-06-12 02:09:27","1","__name__=kube_pod_status_ready;condition=true;instance=kube-state-metrics.monitoring.svc.cluster.local:8080;job=kube-state-metrics;namespace=online-boutique;pod=frontend-76c94f7cfb-jkmgk;uid=9e4174b2-637d-464e-877b-9bed13b96eaf"
"2026-06-11 18:09:42","2026-06-12 02:09:42","1","__name__=kube_pod_status_ready;condition=true;instance=kube-state-metrics.monitoring.svc.cluster.local:8080;job=kube-state-metrics;namespace=online-boutique;pod=frontend-76c94f7cfb-jkmgk;uid=9e4174b2-637d-464e-877b-9bed13b96eaf"
"2026-06-11 18:09:57","2026-06-12 02:09:57","1","__name__=kube_pod_status_ready;condition=true;instance=kube-state-metrics.monitoring.svc.cluster.local:8080;job=kube-state-metrics;namespace=online-boutique;pod=frontend-76c94f7cfb-jkmgk;uid=9e4174b2-637d-464e-877b-9bed13b96eaf"
"2026-06-11 18:10:12","2026-06-12 02:10:12","1","__name__=kube_pod_status_ready;condition=true;instance=kube-state-metrics.monitoring.svc.cluster.local:8080;job=kube-state-metrics;namespace=online-boutique;pod=frontend-76c94f7cfb-jkmgk;uid=9e4174b2-637d-464e-877b-9bed13b96eaf"
"2026-06-11 18:10:27","2026-06-12 02:10:27","1","__name__=kube_pod_status_ready;condition=true;instance=kube-state-metrics.monitoring.svc.cluster.local:8080;job=kube-state-metrics;namespace=online-boutique;pod=frontend-76c94f7cfb-jkmgk;uid=9e4174b2-637d-464e-877b-9bed13b96eaf"
"2026-06-11 18:10:42","2026-06-12 02:10:42","1","__name__=kube_pod_status_ready;condition=true;instance=kube-state-metrics.monitoring.svc.cluster.local:8080;job=kube-state-metrics;namespace=online-boutique;pod=frontend-76c94f7cfb-jkmgk;uid=9e4174b2-637d-464e-877b-9bed13b96eaf"
"2026-06-11 18:10:57","2026-06-12 02:10:57","1","__name__=kube_pod_status_ready;condition=true;instance=kube-state-metrics.monitoring.svc.cluster.local:8080;job=kube-state-metrics;namespace=online-boutique;pod=frontend-76c94f7cfb-jkmgk;uid=9e4174b2-637d-464e-877b-9bed13b96eaf"
"2026-06-11 18:11:12","2026-06-12 02:11:12","1","__name__=kube_pod_status_ready;condition=true;instance=kube-state-metrics.monitoring.svc.cluster.local:8080;job=kube-state-metrics;namespace=online-boutique;pod=frontend-76c94f7cfb-jkmgk;uid=9e4174b2-637d-464e-877b-9bed13b96eaf"
"2026-06-11 18:11:27","2026-06-12 02:11:27","1","__name__=kube_pod_status_ready;condition=true;instance=kube-state-metrics.monitoring.svc.cluster.local:8080;job=kube-state-metrics;namespace=online-boutique;pod=frontend-76c94f7cfb-jkmgk;uid=9e4174b2-637d-464e-877b-9bed13b96eaf"
"2026-06-11 18:11:42","2026-06-12 02:11:42","1","__name__=kube_pod_status_ready;condition=true;instance=kube-state-metrics.monitoring.svc.cluster.local:8080;job=kube-state-metrics;namespace=online-boutique;pod=frontend-76c94f7cfb-jkmgk;uid=9e4174b2-637d-464e-877b-9bed13b96eaf"
"2026-06-11 18:11:57","2026-06-12 02:11:57","1","__name__=kube_pod_status_ready;condition=true;instance=kube-state-metrics.monitoring.svc.cluster.local:8080;job=kube-state-metrics;namespace=online-boutique;pod=frontend-76c94f7cfb-jkmgk;uid=9e4174b2-637d-464e-877b-9bed13b96eaf"
"2026-06-11 18:12:12","2026-06-12 02:12:12","1","__name__=kube_pod_status_ready;condition=true;instance=kube-state-metrics.monitoring.svc.cluster.local:8080;job=kube-state-metrics;namespace=online-boutique;pod=frontend-76c94f7cfb-jkmgk;uid=9e4174b2-637d-464e-877b-9bed13b96eaf"
"2026-06-11 18:12:27","2026-06-12 02:12:27","1","__name__=kube_pod_status_ready;condition=true;instance=kube-state-metrics.monitoring.svc.cluster.local:8080;job=kube-state-metrics;namespace=online-boutique;pod=frontend-76c94f7cfb-jkmgk;uid=9e4174b2-637d-464e-877b-9bed13b96eaf"
"2026-06-11 18:12:42","2026-06-12 02:12:42","1","__name__=kube_pod_status_ready;condition=true;instance=kube-state-metrics.monitoring.svc.cluster.local:8080;job=kube-state-metrics;namespace=online-boutique;pod=frontend-76c94f7cfb-jkmgk;uid=9e4174b2-637d-464e-877b-9bed13b96eaf"
"2026-06-11 18:12:57","2026-06-12 02:12:57","1","__name__=kube_pod_status_ready;condition=true;instance=kube-state-metrics.monitoring.svc.cluster.local:8080;job=kube-state-metrics;namespace=online-boutique;pod=frontend-76c94f7cfb-jkmgk;uid=9e4174b2-637d-464e-877b-9bed13b96eaf"
"2026-06-11 18:13:12","2026-06-12 02:13:12","1","__name__=kube_pod_status_ready;condition=true;instance=kube-state-metrics.monitoring.svc.cluster.local:8080;job=kube-state-metrics;namespace=online-boutique;pod=frontend-76c94f7cfb-jkmgk;uid=9e4174b2-637d-464e-877b-9bed13b96eaf"
"2026-06-11 18:13:27","2026-06-12 02:13:27","1","__name__=kube_pod_status_ready;condition=true;instance=kube-state-metrics.monitoring.svc.cluster.local:8080;job=kube-state-metrics;namespace=online-boutique;pod=frontend-76c94f7cfb-jkmgk;uid=9e4174b2-637d-464e-877b-9bed13b96eaf"
"2026-06-11 18:13:42","2026-06-12 02:13:42","1","__name__=kube_pod_status_ready;condition=true;instance=kube-state-metrics.monitoring.svc.cluster.local:8080;job=kube-state-metrics;namespace=online-boutique;pod=frontend-76c94f7cfb-jkmgk;uid=9e4174b2-637d-464e-877b-9bed13b96eaf"
"2026-06-11 18:13:57","2026-06-12 02:13:57","1","__name__=kube_pod_status_ready;condition=true;instance=kube-state-metrics.monitoring.svc.cluster.local:8080;job=kube-state-metrics;namespace=online-boutique;pod=frontend-76c94f7cfb-jkmgk;uid=9e4174b2-637d-464e-877b-9bed13b96eaf"
"2026-06-11 18:14:12","2026-06-12 02:14:12","1","__name__=kube_pod_status_ready;condition=true;instance=kube-state-metrics.monitoring.svc.cluster.local:8080;job=kube-state-metrics;namespace=online-boutique;pod=frontend-76c94f7cfb-jkmgk;uid=9e4174b2-637d-464e-877b-9bed13b96eaf"
"2026-06-11 18:14:27","2026-06-12 02:14:27","1","__name__=kube_pod_status_ready;condition=true;instance=kube-state-metrics.monitoring.svc.cluster.local:8080;job=kube-state-metrics;namespace=online-boutique;pod=frontend-76c94f7cfb-jkmgk;uid=9e4174b2-637d-464e-877b-9bed13b96eaf"
"2026-06-11 18:14:42","2026-06-12 02:14:42","1","__name__=kube_pod_status_ready;condition=true;instance=kube-state-metrics.monitoring.svc.cluster.local:8080;job=kube-state-metrics;namespace=online-boutique;pod=frontend-76c94f7cfb-jkmgk;uid=9e4174b2-637d-464e-877b-9bed13b96eaf"
"2026-06-11 18:14:57","2026-06-12 02:14:57","1","__name__=kube_pod_status_ready;condition=true;instance=kube-state-metrics.monitoring.svc.cluster.local:8080;job=kube-state-metrics;namespace=online-boutique;pod=frontend-76c94f7cfb-jkmgk;uid=9e4174b2-637d-464e-877b-9bed13b96eaf"
"2026-06-11 18:15:12","2026-06-12 02:15:12","1","__name__=kube_pod_status_ready;condition=true;instance=kube-state-metrics.monitoring.svc.cluster.local:8080;job=kube-state-metrics;namespace=online-boutique;pod=frontend-76c94f7cfb-jkmgk;uid=9e4174b2-637d-464e-877b-9bed13b96eaf"
"2026-06-11 18:15:27","2026-06-12 02:15:27","1","__name__=kube_pod_status_ready;condition=true;instance=kube-state-metrics.monitoring.svc.cluster.local:8080;job=kube-state-metrics;namespace=online-boutique;pod=frontend-76c94f7cfb-jkmgk;uid=9e4174b2-637d-464e-877b-9bed13b96eaf"
"2026-06-11 18:15:42","2026-06-12 02:15:42","1","__name__=kube_pod_status_ready;condition=true;instance=kube-state-metrics.monitoring.svc.cluster.local:8080;job=kube-state-metrics;namespace=online-boutique;pod=frontend-76c94f7cfb-jkmgk;uid=9e4174b2-637d-464e-877b-9bed13b96eaf"
"2026-06-11 18:15:57","2026-06-12 02:15:57","1","__name__=kube_pod_status_ready;condition=true;instance=kube-state-metrics.monitoring.svc.cluster.local:8080;job=kube-state-metrics;namespace=online-boutique;pod=frontend-76c94f7cfb-jkmgk;uid=9e4174b2-637d-464e-877b-9bed13b96eaf"
"2026-06-11 18:16:12","2026-06-12 02:16:12","1","__name__=kube_pod_status_ready;condition=true;instance=kube-state-metrics.monitoring.svc.cluster.local:8080;job=kube-state-metrics;namespace=online-boutique;pod=frontend-76c94f7cfb-jkmgk;uid=9e4174b2-637d-464e-877b-9bed13b96eaf"
"2026-06-11 18:16:27","2026-06-12 02:16:27","1","__name__=kube_pod_status_ready;condition=true;instance=kube-state-metrics.monitoring.svc.cluster.local:8080;job=kube-state-metrics;namespace=online-boutique;pod=frontend-76c94f7cfb-jkmgk;uid=9e4174b2-637d-464e-877b-9bed13b96eaf"
"2026-06-11 18:16:42","2026-06-12 02:16:42","1","__name__=kube_pod_status_ready;condition=true;instance=kube-state-metrics.monitoring.svc.cluster.local:8080;job=kube-state-metrics;namespace=online-boutique;pod=frontend-76c94f7cfb-jkmgk;uid=9e4174b2-637d-464e-877b-9bed13b96eaf"
"2026-06-11 18:16:57","2026-06-12 02:16:57","1","__name__=kube_pod_status_ready;condition=true;instance=kube-state-metrics.monitoring.svc.cluster.local:8080;job=kube-state-metrics;namespace=online-boutique;pod=frontend-76c94f7cfb-jkmgk;uid=9e4174b2-637d-464e-877b-9bed13b96eaf"
"2026-06-11 18:17:12","2026-06-12 02:17:12","1","__name__=kube_pod_status_ready;condition=true;instance=kube-state-metrics.monitoring.svc.cluster.local:8080;job=kube-state-metrics;namespace=online-boutique;pod=frontend-76c94f7cfb-jkmgk;uid=9e4174b2-637d-464e-877b-9bed13b96eaf"
"2026-06-11 18:17:27","2026-06-12 02:17:27","1","__name__=kube_pod_status_ready;condition=true;instance=kube-state-metrics.monitoring.svc.cluster.local:8080;job=kube-state-metrics;namespace=online-boutique;pod=frontend-76c94f7cfb-jkmgk;uid=9e4174b2-637d-464e-877b-9bed13b96eaf"
"2026-06-11 18:17:42","2026-06-12 02:17:42","1","__name__=kube_pod_status_ready;condition=true;instance=kube-state-metrics.monitoring.svc.cluster.local:8080;job=kube-state-metrics;namespace=online-boutique;pod=frontend-76c94f7cfb-jkmgk;uid=9e4174b2-637d-464e-877b-9bed13b96eaf"
"2026-06-11 18:17:57","2026-06-12 02:17:57","1","__name__=kube_pod_status_ready;condition=true;instance=kube-state-metrics.monitoring.svc.cluster.local:8080;job=kube-state-metrics;namespace=online-boutique;pod=frontend-76c94f7cfb-jkmgk;uid=9e4174b2-637d-464e-877b-9bed13b96eaf"
"2026-06-11 18:18:12","2026-06-12 02:18:12","1","__name__=kube_pod_status_ready;condition=true;instance=kube-state-metrics.monitoring.svc.cluster.local:8080;job=kube-state-metrics;namespace=online-boutique;pod=frontend-76c94f7cfb-jkmgk;uid=9e4174b2-637d-464e-877b-9bed13b96eaf"
"2026-06-11 18:18:27","2026-06-12 02:18:27","1","__name__=kube_pod_status_ready;condition=true;instance=kube-state-metrics.monitoring.svc.cluster.local:8080;job=kube-state-metrics;namespace=online-boutique;pod=frontend-76c94f7cfb-jkmgk;uid=9e4174b2-637d-464e-877b-9bed13b96eaf"
"2026-06-11 18:18:42","2026-06-12 02:18:42","1","__name__=kube_pod_status_ready;condition=true;instance=kube-state-metrics.monitoring.svc.cluster.local:8080;job=kube-state-metrics;namespace=online-boutique;pod=frontend-76c94f7cfb-jkmgk;uid=9e4174b2-637d-464e-877b-9bed13b96eaf"
"2026-06-11 18:18:57","2026-06-12 02:18:57","1","__name__=kube_pod_status_ready;condition=true;instance=kube-state-metrics.monitoring.svc.cluster.local:8080;job=kube-state-metrics;namespace=online-boutique;pod=frontend-76c94f7cfb-jkmgk;uid=9e4174b2-637d-464e-877b-9bed13b96eaf"
"2026-06-11 18:19:12","2026-06-12 02:19:12","1","__name__=kube_pod_status_ready;condition=true;instance=kube-state-metrics.monitoring.svc.cluster.local:8080;job=kube-state-metrics;namespace=online-boutique;pod=frontend-76c94f7cfb-jkmgk;uid=9e4174b2-637d-464e-877b-9bed13b96eaf"
"2026-06-11 18:19:27","2026-06-12 02:19:27","1","__name__=kube_pod_status_ready;condition=true;instance=kube-state-metrics.monitoring.svc.cluster.local:8080;job=kube-state-metrics;namespace=online-boutique;pod=frontend-76c94f7cfb-jkmgk;uid=9e4174b2-637d-464e-877b-9bed13b96eaf"
"2026-06-11 18:19:42","2026-06-12 02:19:42","1","__name__=kube_pod_status_ready;condition=true;instance=kube-state-metrics.monitoring.svc.cluster.local:8080;job=kube-state-metrics;namespace=online-boutique;pod=frontend-76c94f7cfb-jkmgk;uid=9e4174b2-637d-464e-877b-9bed13b96eaf"
"2026-06-11 18:19:57","2026-06-12 02:19:57","1","__name__=kube_pod_status_ready;condition=true;instance=kube-state-metrics.monitoring.svc.cluster.local:8080;job=kube-state-metrics;namespace=online-boutique;pod=frontend-76c94f7cfb-jkmgk;uid=9e4174b2-637d-464e-877b-9bed13b96eaf"
"2026-06-11 18:20:12","2026-06-12 02:20:12","1","__name__=kube_pod_status_ready;condition=true;instance=kube-state-metrics.monitoring.svc.cluster.local:8080;job=kube-state-metrics;namespace=online-boutique;pod=frontend-76c94f7cfb-jkmgk;uid=9e4174b2-637d-464e-877b-9bed13b96eaf"
"2026-06-11 18:20:27","2026-06-12 02:20:27","1","__name__=kube_pod_status_ready;condition=true;instance=kube-state-metrics.monitoring.svc.cluster.local:8080;job=kube-state-metrics;namespace=online-boutique;pod=frontend-76c94f7cfb-jkmgk;uid=9e4174b2-637d-464e-877b-9bed13b96eaf"
"2026-06-11 18:20:42","2026-06-12 02:20:42","1","__name__=kube_pod_status_ready;condition=true;instance=kube-state-metrics.monitoring.svc.cluster.local:8080;job=kube-state-metrics;namespace=online-boutique;pod=frontend-76c94f7cfb-jkmgk;uid=9e4174b2-637d-464e-877b-9bed13b96eaf"
"2026-06-11 18:20:57","2026-06-12 02:20:57","1","__name__=kube_pod_status_ready;condition=true;instance=kube-state-metrics.monitoring.svc.cluster.local:8080;job=kube-state-metrics;namespace=online-boutique;pod=frontend-76c94f7cfb-jkmgk;uid=9e4174b2-637d-464e-877b-9bed13b96eaf"
"2026-06-11 18:21:12","2026-06-12 02:21:12","1","__name__=kube_pod_status_ready;condition=true;instance=kube-state-metrics.monitoring.svc.cluster.local:8080;job=kube-state-metrics;namespace=online-boutique;pod=frontend-76c94f7cfb-jkmgk;uid=9e4174b2-637d-464e-877b-9bed13b96eaf"
"2026-06-11 18:21:27","2026-06-12 02:21:27","1","__name__=kube_pod_status_ready;condition=true;instance=kube-state-metrics.monitoring.svc.cluster.local:8080;job=kube-state-metrics;namespace=online-boutique;pod=frontend-76c94f7cfb-jkmgk;uid=9e4174b2-637d-464e-877b-9bed13b96eaf"
"2026-06-11 18:21:42","2026-06-12 02:21:42","1","__name__=kube_pod_status_ready;condition=true;instance=kube-state-metrics.monitoring.svc.cluster.local:8080;job=kube-state-metrics;namespace=online-boutique;pod=frontend-76c94f7cfb-jkmgk;uid=9e4174b2-637d-464e-877b-9bed13b96eaf"
"2026-06-11 18:21:57","2026-06-12 02:21:57","1","__name__=kube_pod_status_ready;condition=true;instance=kube-state-metrics.monitoring.svc.cluster.local:8080;job=kube-state-metrics;namespace=online-boutique;pod=frontend-76c94f7cfb-jkmgk;uid=9e4174b2-637d-464e-877b-9bed13b96eaf"
"2026-06-11 18:22:12","2026-06-12 02:22:12","1","__name__=kube_pod_status_ready;condition=true;instance=kube-state-metrics.monitoring.svc.cluster.local:8080;job=kube-state-metrics;namespace=online-boutique;pod=frontend-76c94f7cfb-jkmgk;uid=9e4174b2-637d-464e-877b-9bed13b96eaf"
"2026-06-11 18:22:27","2026-06-12 02:22:27","1","__name__=kube_pod_status_ready;condition=true;instance=kube-state-metrics.monitoring.svc.cluster.local:8080;job=kube-state-metrics;namespace=online-boutique;pod=frontend-76c94f7cfb-jkmgk;uid=9e4174b2-637d-464e-877b-9bed13b96eaf"
"2026-06-11 18:22:42","2026-06-12 02:22:42","1","__name__=kube_pod_status_ready;condition=true;instance=kube-state-metrics.monitoring.svc.cluster.local:8080;job=kube-state-metrics;namespace=online-boutique;pod=frontend-76c94f7cfb-jkmgk;uid=9e4174b2-637d-464e-877b-9bed13b96eaf"
"2026-06-11 18:22:57","2026-06-12 02:22:57","1","__name__=kube_pod_status_ready;condition=true;instance=kube-state-metrics.monitoring.svc.cluster.local:8080;job=kube-state-metrics;namespace=online-boutique;pod=frontend-76c94f7cfb-jkmgk;uid=9e4174b2-637d-464e-877b-9bed13b96eaf"
"2026-06-11 18:23:12","2026-06-12 02:23:12","1","__name__=kube_pod_status_ready;condition=true;instance=kube-state-metrics.monitoring.svc.cluster.local:8080;job=kube-state-metrics;namespace=online-boutique;pod=frontend-76c94f7cfb-jkmgk;uid=9e4174b2-637d-464e-877b-9bed13b96eaf"
"2026-06-11 18:23:27","2026-06-12 02:23:27","1","__name__=kube_pod_status_ready;condition=true;instance=kube-state-metrics.monitoring.svc.cluster.local:8080;job=kube-state-metrics;namespace=online-boutique;pod=frontend-76c94f7cfb-jkmgk;uid=9e4174b2-637d-464e-877b-9bed13b96eaf"
"2026-06-11 18:23:42","2026-06-12 02:23:42","1","__name__=kube_pod_status_ready;condition=true;instance=kube-state-metrics.monitoring.svc.cluster.local:8080;job=kube-state-metrics;namespace=online-boutique;pod=frontend-76c94f7cfb-jkmgk;uid=9e4174b2-637d-464e-877b-9bed13b96eaf"
"2026-06-11 18:23:57","2026-06-12 02:23:57","1","__name__=kube_pod_status_ready;condition=true;instance=kube-state-metrics.monitoring.svc.cluster.local:8080;job=kube-state-metrics;namespace=online-boutique;pod=frontend-76c94f7cfb-jkmgk;uid=9e4174b2-637d-464e-877b-9bed13b96eaf"
"2026-06-11 18:24:12","2026-06-12 02:24:12","1","__name__=kube_pod_status_ready;condition=true;instance=kube-state-metrics.monitoring.svc.cluster.local:8080;job=kube-state-metrics;namespace=online-boutique;pod=frontend-76c94f7cfb-jkmgk;uid=9e4174b2-637d-464e-877b-9bed13b96eaf"
"2026-06-11 18:24:27","2026-06-12 02:24:27","1","__name__=kube_pod_status_ready;condition=true;instance=kube-state-metrics.monitoring.svc.cluster.local:8080;job=kube-state-metrics;namespace=online-boutique;pod=frontend-76c94f7cfb-jkmgk;uid=9e4174b2-637d-464e-877b-9bed13b96eaf"
"2026-06-11 18:24:42","2026-06-12 02:24:42","1","__name__=kube_pod_status_ready;condition=true;instance=kube-state-metrics.monitoring.svc.cluster.local:8080;job=kube-state-metrics;namespace=online-boutique;pod=frontend-76c94f7cfb-jkmgk;uid=9e4174b2-637d-464e-877b-9bed13b96eaf"
"2026-06-11 18:24:57","2026-06-12 02:24:57","1","__name__=kube_pod_status_ready;condition=true;instance=kube-state-metrics.monitoring.svc.cluster.local:8080;job=kube-state-metrics;namespace=online-boutique;pod=frontend-76c94f7cfb-jkmgk;uid=9e4174b2-637d-464e-877b-9bed13b96eaf"
"2026-06-11 18:25:12","2026-06-12 02:25:12","1","__name__=kube_pod_status_ready;condition=true;instance=kube-state-metrics.monitoring.svc.cluster.local:8080;job=kube-state-metrics;namespace=online-boutique;pod=frontend-76c94f7cfb-jkmgk;uid=9e4174b2-637d-464e-877b-9bed13b96eaf"
"2026-06-11 18:25:27","2026-06-12 02:25:27","1","__name__=kube_pod_status_ready;condition=true;instance=kube-state-metrics.monitoring.svc.cluster.local:8080;job=kube-state-metrics;namespace=online-boutique;pod=frontend-76c94f7cfb-jkmgk;uid=9e4174b2-637d-464e-877b-9bed13b96eaf"
"2026-06-11 18:25:42","2026-06-12 02:25:42","1","__name__=kube_pod_status_ready;condition=true;instance=kube-state-metrics.monitoring.svc.cluster.local:8080;job=kube-state-metrics;namespace=online-boutique;pod=frontend-76c94f7cfb-jkmgk;uid=9e4174b2-637d-464e-877b-9bed13b96eaf"
"2026-06-11 18:25:57","2026-06-12 02:25:57","1","__name__=kube_pod_status_ready;condition=true;instance=kube-state-metrics.monitoring.svc.cluster.local:8080;job=kube-state-metrics;namespace=online-boutique;pod=frontend-76c94f7cfb-jkmgk;uid=9e4174b2-637d-464e-877b-9bed13b96eaf"
"2026-06-11 18:26:12","2026-06-12 02:26:12","1","__name__=kube_pod_status_ready;condition=true;instance=kube-state-metrics.monitoring.svc.cluster.local:8080;job=kube-state-metrics;namespace=online-boutique;pod=frontend-76c94f7cfb-jkmgk;uid=9e4174b2-637d-464e-877b-9bed13b96eaf"
"2026-06-11 18:26:27","2026-06-12 02:26:27","1","__name__=kube_pod_status_ready;condition=true;instance=kube-state-metrics.monitoring.svc.cluster.local:8080;job=kube-state-metrics;namespace=online-boutique;pod=frontend-76c94f7cfb-jkmgk;uid=9e4174b2-637d-464e-877b-9bed13b96eaf"
"2026-06-11 18:26:42","2026-06-12 02:26:42","1","__name__=kube_pod_status_ready;condition=true;instance=kube-state-metrics.monitoring.svc.cluster.local:8080;job=kube-state-metrics;namespace=online-boutique;pod=frontend-76c94f7cfb-jkmgk;uid=9e4174b2-637d-464e-877b-9bed13b96eaf"
"2026-06-11 18:26:57","2026-06-12 02:26:57","1","__name__=kube_pod_status_ready;condition=true;instance=kube-state-metrics.monitoring.svc.cluster.local:8080;job=kube-state-metrics;namespace=online-boutique;pod=frontend-76c94f7cfb-jkmgk;uid=9e4174b2-637d-464e-877b-9bed13b96eaf"
"2026-06-11 18:27:12","2026-06-12 02:27:12","1","__name__=kube_pod_status_ready;condition=true;instance=kube-state-metrics.monitoring.svc.cluster.local:8080;job=kube-state-metrics;namespace=online-boutique;pod=frontend-76c94f7cfb-jkmgk;uid=9e4174b2-637d-464e-877b-9bed13b96eaf"
"2026-06-11 18:27:27","2026-06-12 02:27:27","1","__name__=kube_pod_status_ready;condition=true;instance=kube-state-metrics.monitoring.svc.cluster.local:8080;job=kube-state-metrics;namespace=online-boutique;pod=frontend-76c94f7cfb-jkmgk;uid=9e4174b2-637d-464e-877b-9bed13b96eaf"
"2026-06-11 18:27:42","2026-06-12 02:27:42","1","__name__=kube_pod_status_ready;condition=true;instance=kube-state-metrics.monitoring.svc.cluster.local:8080;job=kube-state-metrics;namespace=online-boutique;pod=frontend-76c94f7cfb-jkmgk;uid=9e4174b2-637d-464e-877b-9bed13b96eaf"
"2026-06-11 18:27:57","2026-06-12 02:27:57","1","__name__=kube_pod_status_ready;condition=true;instance=kube-state-metrics.monitoring.svc.cluster.local:8080;job=kube-state-metrics;namespace=online-boutique;pod=frontend-76c94f7cfb-jkmgk;uid=9e4174b2-637d-464e-877b-9bed13b96eaf"
"2026-06-11 18:28:12","2026-06-12 02:28:12","1","__name__=kube_pod_status_ready;condition=true;instance=kube-state-metrics.monitoring.svc.cluster.local:8080;job=kube-state-metrics;namespace=online-boutique;pod=frontend-76c94f7cfb-jkmgk;uid=9e4174b2-637d-464e-877b-9bed13b96eaf"
"2026-06-11 18:28:27","2026-06-12 02:28:27","1","__name__=kube_pod_status_ready;condition=true;instance=kube-state-metrics.monitoring.svc.cluster.local:8080;job=kube-state-metrics;namespace=online-boutique;pod=frontend-76c94f7cfb-jkmgk;uid=9e4174b2-637d-464e-877b-9bed13b96eaf"
"2026-06-11 18:28:42","2026-06-12 02:28:42","1","__name__=kube_pod_status_ready;condition=true;instance=kube-state-metrics.monitoring.svc.cluster.local:8080;job=kube-state-metrics;namespace=online-boutique;pod=frontend-76c94f7cfb-jkmgk;uid=9e4174b2-637d-464e-877b-9bed13b96eaf"
"2026-06-11 18:28:57","2026-06-12 02:28:57","1","__name__=kube_pod_status_ready;condition=true;instance=kube-state-metrics.monitoring.svc.cluster.local:8080;job=kube-state-metrics;namespace=online-boutique;pod=frontend-76c94f7cfb-jkmgk;uid=9e4174b2-637d-464e-877b-9bed13b96eaf"
"2026-06-11 18:29:12","2026-06-12 02:29:12","1","__name__=kube_pod_status_ready;condition=true;instance=kube-state-metrics.monitoring.svc.cluster.local:8080;job=kube-state-metrics;namespace=online-boutique;pod=frontend-76c94f7cfb-jkmgk;uid=9e4174b2-637d-464e-877b-9bed13b96eaf"
"2026-06-11 18:29:27","2026-06-12 02:29:27","1","__name__=kube_pod_status_ready;condition=true;instance=kube-state-metrics.monitoring.svc.cluster.local:8080;job=kube-state-metrics;namespace=online-boutique;pod=frontend-76c94f7cfb-jkmgk;uid=9e4174b2-637d-464e-877b-9bed13b96eaf"
"2026-06-11 18:29:42","2026-06-12 02:29:42","1","__name__=kube_pod_status_ready;condition=true;instance=kube-state-metrics.monitoring.svc.cluster.local:8080;job=kube-state-metrics;namespace=online-boutique;pod=frontend-76c94f7cfb-jkmgk;uid=9e4174b2-637d-464e-877b-9bed13b96eaf"
"2026-06-11 18:29:57","2026-06-12 02:29:57","1","__name__=kube_pod_status_ready;condition=true;instance=kube-state-metrics.monitoring.svc.cluster.local:8080;job=kube-state-metrics;namespace=online-boutique;pod=frontend-76c94f7cfb-jkmgk;uid=9e4174b2-637d-464e-877b-9bed13b96eaf"
"2026-06-11 18:30:12","2026-06-12 02:30:12","1","__name__=kube_pod_status_ready;condition=true;instance=kube-state-metrics.monitoring.svc.cluster.local:8080;job=kube-state-metrics;namespace=online-boutique;pod=frontend-76c94f7cfb-jkmgk;uid=9e4174b2-637d-464e-877b-9bed13b96eaf"
"2026-06-11 18:30:27","2026-06-12 02:30:27","1","__name__=kube_pod_status_ready;condition=true;instance=kube-state-metrics.monitoring.svc.cluster.local:8080;job=kube-state-metrics;namespace=online-boutique;pod=frontend-76c94f7cfb-jkmgk;uid=9e4174b2-637d-464e-877b-9bed13b96eaf"
"2026-06-11 18:30:42","2026-06-12 02:30:42","1","__name__=kube_pod_status_ready;condition=true;instance=kube-state-metrics.monitoring.svc.cluster.local:8080;job=kube-state-metrics;namespace=online-boutique;pod=frontend-76c94f7cfb-jkmgk;uid=9e4174b2-637d-464e-877b-9bed13b96eaf"
"2026-06-11 18:30:57","2026-06-12 02:30:57","1","__name__=kube_pod_status_ready;condition=true;instance=kube-state-metrics.monitoring.svc.cluster.local:8080;job=kube-state-metrics;namespace=online-boutique;pod=frontend-76c94f7cfb-jkmgk;uid=9e4174b2-637d-464e-877b-9bed13b96eaf"
"2026-06-11 18:31:12","2026-06-12 02:31:12","1","__name__=kube_pod_status_ready;condition=true;instance=kube-state-metrics.monitoring.svc.cluster.local:8080;job=kube-state-metrics;namespace=online-boutique;pod=frontend-76c94f7cfb-jkmgk;uid=9e4174b2-637d-464e-877b-9bed13b96eaf"
"2026-06-11 18:31:27","2026-06-12 02:31:27","1","__name__=kube_pod_status_ready;condition=true;instance=kube-state-metrics.monitoring.svc.cluster.local:8080;job=kube-state-metrics;namespace=online-boutique;pod=frontend-76c94f7cfb-jkmgk;uid=9e4174b2-637d-464e-877b-9bed13b96eaf"
"2026-06-11 18:31:42","2026-06-12 02:31:42","1","__name__=kube_pod_status_ready;condition=true;instance=kube-state-metrics.monitoring.svc.cluster.local:8080;job=kube-state-metrics;namespace=online-boutique;pod=frontend-76c94f7cfb-jkmgk;uid=9e4174b2-637d-464e-877b-9bed13b96eaf"
"2026-06-11 18:31:57","2026-06-12 02:31:57","1","__name__=kube_pod_status_ready;condition=true;instance=kube-state-metrics.monitoring.svc.cluster.local:8080;job=kube-state-metrics;namespace=online-boutique;pod=frontend-76c94f7cfb-jkmgk;uid=9e4174b2-637d-464e-877b-9bed13b96eaf"
"2026-06-11 18:32:12","2026-06-12 02:32:12","1","__name__=kube_pod_status_ready;condition=true;instance=kube-state-metrics.monitoring.svc.cluster.local:8080;job=kube-state-metrics;namespace=online-boutique;pod=frontend-76c94f7cfb-jkmgk;uid=9e4174b2-637d-464e-877b-9bed13b96eaf"
"2026-06-11 18:32:27","2026-06-12 02:32:27","1","__name__=kube_pod_status_ready;condition=true;instance=kube-state-metrics.monitoring.svc.cluster.local:8080;job=kube-state-metrics;namespace=online-boutique;pod=frontend-76c94f7cfb-jkmgk;uid=9e4174b2-637d-464e-877b-9bed13b96eaf"
"2026-06-11 18:32:42","2026-06-12 02:32:42","1","__name__=kube_pod_status_ready;condition=true;instance=kube-state-metrics.monitoring.svc.cluster.local:8080;job=kube-state-metrics;namespace=online-boutique;pod=frontend-76c94f7cfb-jkmgk;uid=9e4174b2-637d-464e-877b-9bed13b96eaf"
"2026-06-11 18:32:57","2026-06-12 02:32:57","1","__name__=kube_pod_status_ready;condition=true;instance=kube-state-metrics.monitoring.svc.cluster.local:8080;job=kube-state-metrics;namespace=online-boutique;pod=frontend-76c94f7cfb-jkmgk;uid=9e4174b2-637d-464e-877b-9bed13b96eaf"
"2026-06-11 18:33:12","2026-06-12 02:33:12","1","__name__=kube_pod_status_ready;condition=true;instance=kube-state-metrics.monitoring.svc.cluster.local:8080;job=kube-state-metrics;namespace=online-boutique;pod=frontend-76c94f7cfb-jkmgk;uid=9e4174b2-637d-464e-877b-9bed13b96eaf"
"2026-06-11 18:33:27","2026-06-12 02:33:27","1","__name__=kube_pod_status_ready;condition=true;instance=kube-state-metrics.monitoring.svc.cluster.local:8080;job=kube-state-metrics;namespace=online-boutique;pod=frontend-76c94f7cfb-jkmgk;uid=9e4174b2-637d-464e-877b-9bed13b96eaf"
"2026-06-11 18:33:42","2026-06-12 02:33:42","1","__name__=kube_pod_status_ready;condition=true;instance=kube-state-metrics.monitoring.svc.cluster.local:8080;job=kube-state-metrics;namespace=online-boutique;pod=frontend-76c94f7cfb-jkmgk;uid=9e4174b2-637d-464e-877b-9bed13b96eaf"
"2026-06-11 18:33:57","2026-06-12 02:33:57","1","__name__=kube_pod_status_ready;condition=true;instance=kube-state-metrics.monitoring.svc.cluster.local:8080;job=kube-state-metrics;namespace=online-boutique;pod=frontend-76c94f7cfb-jkmgk;uid=9e4174b2-637d-464e-877b-9bed13b96eaf"
"2026-06-11 18:34:12","2026-06-12 02:34:12","1","__name__=kube_pod_status_ready;condition=true;instance=kube-state-metrics.monitoring.svc.cluster.local:8080;job=kube-state-metrics;namespace=online-boutique;pod=frontend-76c94f7cfb-jkmgk;uid=9e4174b2-637d-464e-877b-9bed13b96eaf"
"2026-06-11 18:34:27","2026-06-12 02:34:27","1","__name__=kube_pod_status_ready;condition=true;instance=kube-state-metrics.monitoring.svc.cluster.local:8080;job=kube-state-metrics;namespace=online-boutique;pod=frontend-76c94f7cfb-jkmgk;uid=9e4174b2-637d-464e-877b-9bed13b96eaf"
"2026-06-11 18:34:42","2026-06-12 02:34:42","1","__name__=kube_pod_status_ready;condition=true;instance=kube-state-metrics.monitoring.svc.cluster.local:8080;job=kube-state-metrics;namespace=online-boutique;pod=frontend-76c94f7cfb-jkmgk;uid=9e4174b2-637d-464e-877b-9bed13b96eaf"
"2026-06-11 18:34:57","2026-06-12 02:34:57","1","__name__=kube_pod_status_ready;condition=true;instance=kube-state-metrics.monitoring.svc.cluster.local:8080;job=kube-state-metrics;namespace=online-boutique;pod=frontend-76c94f7cfb-jkmgk;uid=9e4174b2-637d-464e-877b-9bed13b96eaf"
"2026-06-11 18:35:12","2026-06-12 02:35:12","1","__name__=kube_pod_status_ready;condition=true;instance=kube-state-metrics.monitoring.svc.cluster.local:8080;job=kube-state-metrics;namespace=online-boutique;pod=frontend-76c94f7cfb-jkmgk;uid=9e4174b2-637d-464e-877b-9bed13b96eaf"
"2026-06-11 18:35:27","2026-06-12 02:35:27","1","__name__=kube_pod_status_ready;condition=true;instance=kube-state-metrics.monitoring.svc.cluster.local:8080;job=kube-state-metrics;namespace=online-boutique;pod=frontend-76c94f7cfb-jkmgk;uid=9e4174b2-637d-464e-877b-9bed13b96eaf"
"2026-06-11 18:35:42","2026-06-12 02:35:42","1","__name__=kube_pod_status_ready;condition=true;instance=kube-state-metrics.monitoring.svc.cluster.local:8080;job=kube-state-metrics;namespace=online-boutique;pod=frontend-76c94f7cfb-jkmgk;uid=9e4174b2-637d-464e-877b-9bed13b96eaf"
"2026-06-11 18:35:57","2026-06-12 02:35:57","1","__name__=kube_pod_status_ready;condition=true;instance=kube-state-metrics.monitoring.svc.cluster.local:8080;job=kube-state-metrics;namespace=online-boutique;pod=frontend-76c94f7cfb-jkmgk;uid=9e4174b2-637d-464e-877b-9bed13b96eaf"
"2026-06-11 18:36:12","2026-06-12 02:36:12","1","__name__=kube_pod_status_ready;condition=true;instance=kube-state-metrics.monitoring.svc.cluster.local:8080;job=kube-state-metrics;namespace=online-boutique;pod=frontend-76c94f7cfb-jkmgk;uid=9e4174b2-637d-464e-877b-9bed13b96eaf"
"2026-06-11 18:36:27","2026-06-12 02:36:27","1","__name__=kube_pod_status_ready;condition=true;instance=kube-state-metrics.monitoring.svc.cluster.local:8080;job=kube-state-metrics;namespace=online-boutique;pod=frontend-76c94f7cfb-jkmgk;uid=9e4174b2-637d-464e-877b-9bed13b96eaf"
"2026-06-11 18:36:42","2026-06-12 02:36:42","1","__name__=kube_pod_status_ready;condition=true;instance=kube-state-metrics.monitoring.svc.cluster.local:8080;job=kube-state-metrics;namespace=online-boutique;pod=frontend-76c94f7cfb-jkmgk;uid=9e4174b2-637d-464e-877b-9bed13b96eaf"
"2026-06-11 18:36:57","2026-06-12 02:36:57","1","__name__=kube_pod_status_ready;condition=true;instance=kube-state-metrics.monitoring.svc.cluster.local:8080;job=kube-state-metrics;namespace=online-boutique;pod=frontend-76c94f7cfb-jkmgk;uid=9e4174b2-637d-464e-877b-9bed13b96eaf"
"2026-06-11 18:37:12","2026-06-12 02:37:12","1","__name__=kube_pod_status_ready;condition=true;instance=kube-state-metrics.monitoring.svc.cluster.local:8080;job=kube-state-metrics;namespace=online-boutique;pod=frontend-76c94f7cfb-jkmgk;uid=9e4174b2-637d-464e-877b-9bed13b96eaf"
"2026-06-11 18:37:27","2026-06-12 02:37:27","1","__name__=kube_pod_status_ready;condition=true;instance=kube-state-metrics.monitoring.svc.cluster.local:8080;job=kube-state-metrics;namespace=online-boutique;pod=frontend-76c94f7cfb-jkmgk;uid=9e4174b2-637d-464e-877b-9bed13b96eaf"
"2026-06-11 18:37:42","2026-06-12 02:37:42","1","__name__=kube_pod_status_ready;condition=true;instance=kube-state-metrics.monitoring.svc.cluster.local:8080;job=kube-state-metrics;namespace=online-boutique;pod=frontend-76c94f7cfb-jkmgk;uid=9e4174b2-637d-464e-877b-9bed13b96eaf"
"2026-06-11 18:37:57","2026-06-12 02:37:57","1","__name__=kube_pod_status_ready;condition=true;instance=kube-state-metrics.monitoring.svc.cluster.local:8080;job=kube-state-metrics;namespace=online-boutique;pod=frontend-76c94f7cfb-jkmgk;uid=9e4174b2-637d-464e-877b-9bed13b96eaf"
"2026-06-11 18:38:12","2026-06-12 02:38:12","1","__name__=kube_pod_status_ready;condition=true;instance=kube-state-metrics.monitoring.svc.cluster.local:8080;job=kube-state-metrics;namespace=online-boutique;pod=frontend-76c94f7cfb-jkmgk;uid=9e4174b2-637d-464e-877b-9bed13b96eaf"
"2026-06-11 18:38:27","2026-06-12 02:38:27","1","__name__=kube_pod_status_ready;condition=true;instance=kube-state-metrics.monitoring.svc.cluster.local:8080;job=kube-state-metrics;namespace=online-boutique;pod=frontend-76c94f7cfb-jkmgk;uid=9e4174b2-637d-464e-877b-9bed13b96eaf"
"2026-06-11 18:38:42","2026-06-12 02:38:42","1","__name__=kube_pod_status_ready;condition=true;instance=kube-state-metrics.monitoring.svc.cluster.local:8080;job=kube-state-metrics;namespace=online-boutique;pod=frontend-76c94f7cfb-jkmgk;uid=9e4174b2-637d-464e-877b-9bed13b96eaf"
"2026-06-11 18:38:57","2026-06-12 02:38:57","1","__name__=kube_pod_status_ready;condition=true;instance=kube-state-metrics.monitoring.svc.cluster.local:8080;job=kube-state-metrics;namespace=online-boutique;pod=frontend-76c94f7cfb-jkmgk;uid=9e4174b2-637d-464e-877b-9bed13b96eaf"
"2026-06-11 18:39:12","2026-06-12 02:39:12","1","__name__=kube_pod_status_ready;condition=true;instance=kube-state-metrics.monitoring.svc.cluster.local:8080;job=kube-state-metrics;namespace=online-boutique;pod=frontend-76c94f7cfb-jkmgk;uid=9e4174b2-637d-464e-877b-9bed13b96eaf"
"2026-06-11 18:39:27","2026-06-12 02:39:27","1","__name__=kube_pod_status_ready;condition=true;instance=kube-state-metrics.monitoring.svc.cluster.local:8080;job=kube-state-metrics;namespace=online-boutique;pod=frontend-76c94f7cfb-jkmgk;uid=9e4174b2-637d-464e-877b-9bed13b96eaf"
"2026-06-11 18:39:42","2026-06-12 02:39:42","1","__name__=kube_pod_status_ready;condition=true;instance=kube-state-metrics.monitoring.svc.cluster.local:8080;job=kube-state-metrics;namespace=online-boutique;pod=frontend-76c94f7cfb-jkmgk;uid=9e4174b2-637d-464e-877b-9bed13b96eaf"
"2026-06-11 18:39:57","2026-06-12 02:39:57","1","__name__=kube_pod_status_ready;condition=true;instance=kube-state-metrics.monitoring.svc.cluster.local:8080;job=kube-state-metrics;namespace=online-boutique;pod=frontend-76c94f7cfb-jkmgk;uid=9e4174b2-637d-464e-877b-9bed13b96eaf"
"2026-06-11 18:40:12","2026-06-12 02:40:12","1","__name__=kube_pod_status_ready;condition=true;instance=kube-state-metrics.monitoring.svc.cluster.local:8080;job=kube-state-metrics;namespace=online-boutique;pod=frontend-76c94f7cfb-jkmgk;uid=9e4174b2-637d-464e-877b-9bed13b96eaf"
"2026-06-11 18:40:27","2026-06-12 02:40:27","1","__name__=kube_pod_status_ready;condition=true;instance=kube-state-metrics.monitoring.svc.cluster.local:8080;job=kube-state-metrics;namespace=online-boutique;pod=frontend-76c94f7cfb-jkmgk;uid=9e4174b2-637d-464e-877b-9bed13b96eaf"
"2026-06-11 18:40:42","2026-06-12 02:40:42","1","__name__=kube_pod_status_ready;condition=true;instance=kube-state-metrics.monitoring.svc.cluster.local:8080;job=kube-state-metrics;namespace=online-boutique;pod=frontend-76c94f7cfb-jkmgk;uid=9e4174b2-637d-464e-877b-9bed13b96eaf"
"2026-06-11 18:40:57","2026-06-12 02:40:57","1","__name__=kube_pod_status_ready;condition=true;instance=kube-state-metrics.monitoring.svc.cluster.local:8080;job=kube-state-metrics;namespace=online-boutique;pod=frontend-76c94f7cfb-jkmgk;uid=9e4174b2-637d-464e-877b-9bed13b96eaf"
"2026-06-11 18:41:12","2026-06-12 02:41:12","1","__name__=kube_pod_status_ready;condition=true;instance=kube-state-metrics.monitoring.svc.cluster.local:8080;job=kube-state-metrics;namespace=online-boutique;pod=frontend-76c94f7cfb-jkmgk;uid=9e4174b2-637d-464e-877b-9bed13b96eaf"
"2026-06-11 18:41:27","2026-06-12 02:41:27","1","__name__=kube_pod_status_ready;condition=true;instance=kube-state-metrics.monitoring.svc.cluster.local:8080;job=kube-state-metrics;namespace=online-boutique;pod=frontend-76c94f7cfb-jkmgk;uid=9e4174b2-637d-464e-877b-9bed13b96eaf"
"2026-06-11 18:41:42","2026-06-12 02:41:42","1","__name__=kube_pod_status_ready;condition=true;instance=kube-state-metrics.monitoring.svc.cluster.local:8080;job=kube-state-metrics;namespace=online-boutique;pod=frontend-76c94f7cfb-jkmgk;uid=9e4174b2-637d-464e-877b-9bed13b96eaf"
"2026-06-11 18:41:57","2026-06-12 02:41:57","1","__name__=kube_pod_status_ready;condition=true;instance=kube-state-metrics.monitoring.svc.cluster.local:8080;job=kube-state-metrics;namespace=online-boutique;pod=frontend-76c94f7cfb-jkmgk;uid=9e4174b2-637d-464e-877b-9bed13b96eaf"
"2026-06-11 18:42:12","2026-06-12 02:42:12","1","__name__=kube_pod_status_ready;condition=true;instance=kube-state-metrics.monitoring.svc.cluster.local:8080;job=kube-state-metrics;namespace=online-boutique;pod=frontend-76c94f7cfb-jkmgk;uid=9e4174b2-637d-464e-877b-9bed13b96eaf"
"2026-06-11 18:42:27","2026-06-12 02:42:27","1","__name__=kube_pod_status_ready;condition=true;instance=kube-state-metrics.monitoring.svc.cluster.local:8080;job=kube-state-metrics;namespace=online-boutique;pod=frontend-76c94f7cfb-jkmgk;uid=9e4174b2-637d-464e-877b-9bed13b96eaf"
"2026-06-11 18:42:42","2026-06-12 02:42:42","1","__name__=kube_pod_status_ready;condition=true;instance=kube-state-metrics.monitoring.svc.cluster.local:8080;job=kube-state-metrics;namespace=online-boutique;pod=frontend-76c94f7cfb-jkmgk;uid=9e4174b2-637d-464e-877b-9bed13b96eaf"
"2026-06-11 18:42:57","2026-06-12 02:42:57","1","__name__=kube_pod_status_ready;condition=true;instance=kube-state-metrics.monitoring.svc.cluster.local:8080;job=kube-state-metrics;namespace=online-boutique;pod=frontend-76c94f7cfb-jkmgk;uid=9e4174b2-637d-464e-877b-9bed13b96eaf"
"2026-06-11 18:43:12","2026-06-12 02:43:12","1","__name__=kube_pod_status_ready;condition=true;instance=kube-state-metrics.monitoring.svc.cluster.local:8080;job=kube-state-metrics;namespace=online-boutique;pod=frontend-76c94f7cfb-jkmgk;uid=9e4174b2-637d-464e-877b-9bed13b96eaf"
"2026-06-11 18:43:27","2026-06-12 02:43:27","1","__name__=kube_pod_status_ready;condition=true;instance=kube-state-metrics.monitoring.svc.cluster.local:8080;job=kube-state-metrics;namespace=online-boutique;pod=frontend-76c94f7cfb-jkmgk;uid=9e4174b2-637d-464e-877b-9bed13b96eaf"
"2026-06-11 18:43:42","2026-06-12 02:43:42","1","__name__=kube_pod_status_ready;condition=true;instance=kube-state-metrics.monitoring.svc.cluster.local:8080;job=kube-state-metrics;namespace=online-boutique;pod=frontend-76c94f7cfb-jkmgk;uid=9e4174b2-637d-464e-877b-9bed13b96eaf"
"2026-06-11 18:43:57","2026-06-12 02:43:57","1","__name__=kube_pod_status_ready;condition=true;instance=kube-state-metrics.monitoring.svc.cluster.local:8080;job=kube-state-metrics;namespace=online-boutique;pod=frontend-76c94f7cfb-jkmgk;uid=9e4174b2-637d-464e-877b-9bed13b96eaf"
"2026-06-11 18:44:12","2026-06-12 02:44:12","1","__name__=kube_pod_status_ready;condition=true;instance=kube-state-metrics.monitoring.svc.cluster.local:8080;job=kube-state-metrics;namespace=online-boutique;pod=frontend-76c94f7cfb-jkmgk;uid=9e4174b2-637d-464e-877b-9bed13b96eaf"
"2026-06-11 18:44:27","2026-06-12 02:44:27","1","__name__=kube_pod_status_ready;condition=true;instance=kube-state-metrics.monitoring.svc.cluster.local:8080;job=kube-state-metrics;namespace=online-boutique;pod=frontend-76c94f7cfb-jkmgk;uid=9e4174b2-637d-464e-877b-9bed13b96eaf"
"2026-06-11 18:44:42","2026-06-12 02:44:42","1","__name__=kube_pod_status_ready;condition=true;instance=kube-state-metrics.monitoring.svc.cluster.local:8080;job=kube-state-metrics;namespace=online-boutique;pod=frontend-76c94f7cfb-jkmgk;uid=9e4174b2-637d-464e-877b-9bed13b96eaf"
"2026-06-11 18:44:57","2026-06-12 02:44:57","1","__name__=kube_pod_status_ready;condition=true;instance=kube-state-metrics.monitoring.svc.cluster.local:8080;job=kube-state-metrics;namespace=online-boutique;pod=frontend-76c94f7cfb-jkmgk;uid=9e4174b2-637d-464e-877b-9bed13b96eaf"
"2026-06-11 18:45:12","2026-06-12 02:45:12","1","__name__=kube_pod_status_ready;condition=true;instance=kube-state-metrics.monitoring.svc.cluster.local:8080;job=kube-state-metrics;namespace=online-boutique;pod=frontend-76c94f7cfb-jkmgk;uid=9e4174b2-637d-464e-877b-9bed13b96eaf"
"2026-06-11 18:45:27","2026-06-12 02:45:27","1","__name__=kube_pod_status_ready;condition=true;instance=kube-state-metrics.monitoring.svc.cluster.local:8080;job=kube-state-metrics;namespace=online-boutique;pod=frontend-76c94f7cfb-jkmgk;uid=9e4174b2-637d-464e-877b-9bed13b96eaf"
"2026-06-11 18:45:42","2026-06-12 02:45:42","1","__name__=kube_pod_status_ready;condition=true;instance=kube-state-metrics.monitoring.svc.cluster.local:8080;job=kube-state-metrics;namespace=online-boutique;pod=frontend-76c94f7cfb-jkmgk;uid=9e4174b2-637d-464e-877b-9bed13b96eaf"
"2026-06-11 18:45:57","2026-06-12 02:45:57","1","__name__=kube_pod_status_ready;condition=true;instance=kube-state-metrics.monitoring.svc.cluster.local:8080;job=kube-state-metrics;namespace=online-boutique;pod=frontend-76c94f7cfb-jkmgk;uid=9e4174b2-637d-464e-877b-9bed13b96eaf"
"2026-06-11 18:46:12","2026-06-12 02:46:12","1","__name__=kube_pod_status_ready;condition=true;instance=kube-state-metrics.monitoring.svc.cluster.local:8080;job=kube-state-metrics;namespace=online-boutique;pod=frontend-76c94f7cfb-jkmgk;uid=9e4174b2-637d-464e-877b-9bed13b96eaf"
"2026-06-11 18:46:27","2026-06-12 02:46:27","1","__name__=kube_pod_status_ready;condition=true;instance=kube-state-metrics.monitoring.svc.cluster.local:8080;job=kube-state-metrics;namespace=online-boutique;pod=frontend-76c94f7cfb-jkmgk;uid=9e4174b2-637d-464e-877b-9bed13b96eaf"
"2026-06-11 18:46:42","2026-06-12 02:46:42","1","__name__=kube_pod_status_ready;condition=true;instance=kube-state-metrics.monitoring.svc.cluster.local:8080;job=kube-state-metrics;namespace=online-boutique;pod=frontend-76c94f7cfb-jkmgk;uid=9e4174b2-637d-464e-877b-9bed13b96eaf"
"2026-06-11 18:46:57","2026-06-12 02:46:57","1","__name__=kube_pod_status_ready;condition=true;instance=kube-state-metrics.monitoring.svc.cluster.local:8080;job=kube-state-metrics;namespace=online-boutique;pod=frontend-76c94f7cfb-jkmgk;uid=9e4174b2-637d-464e-877b-9bed13b96eaf"
"2026-06-11 18:47:12","2026-06-12 02:47:12","1","__name__=kube_pod_status_ready;condition=true;instance=kube-state-metrics.monitoring.svc.cluster.local:8080;job=kube-state-metrics;namespace=online-boutique;pod=frontend-76c94f7cfb-jkmgk;uid=9e4174b2-637d-464e-877b-9bed13b96eaf"
"2026-06-11 18:47:27","2026-06-12 02:47:27","1","__name__=kube_pod_status_ready;condition=true;instance=kube-state-metrics.monitoring.svc.cluster.local:8080;job=kube-state-metrics;namespace=online-boutique;pod=frontend-76c94f7cfb-jkmgk;uid=9e4174b2-637d-464e-877b-9bed13b96eaf"
"2026-06-11 18:47:42","2026-06-12 02:47:42","1","__name__=kube_pod_status_ready;condition=true;instance=kube-state-metrics.monitoring.svc.cluster.local:8080;job=kube-state-metrics;namespace=online-boutique;pod=frontend-76c94f7cfb-jkmgk;uid=9e4174b2-637d-464e-877b-9bed13b96eaf"
"2026-06-11 18:47:57","2026-06-12 02:47:57","1","__name__=kube_pod_status_ready;condition=true;instance=kube-state-metrics.monitoring.svc.cluster.local:8080;job=kube-state-metrics;namespace=online-boutique;pod=frontend-76c94f7cfb-jkmgk;uid=9e4174b2-637d-464e-877b-9bed13b96eaf"
"2026-06-11 18:48:12","2026-06-12 02:48:12","1","__name__=kube_pod_status_ready;condition=true;instance=kube-state-metrics.monitoring.svc.cluster.local:8080;job=kube-state-metrics;namespace=online-boutique;pod=frontend-76c94f7cfb-jkmgk;uid=9e4174b2-637d-464e-877b-9bed13b96eaf"
"2026-06-11 18:48:27","2026-06-12 02:48:27","1","__name__=kube_pod_status_ready;condition=true;instance=kube-state-metrics.monitoring.svc.cluster.local:8080;job=kube-state-metrics;namespace=online-boutique;pod=frontend-76c94f7cfb-jkmgk;uid=9e4174b2-637d-464e-877b-9bed13b96eaf"
"2026-06-11 18:48:42","2026-06-12 02:48:42","1","__name__=kube_pod_status_ready;condition=true;instance=kube-state-metrics.monitoring.svc.cluster.local:8080;job=kube-state-metrics;namespace=online-boutique;pod=frontend-76c94f7cfb-jkmgk;uid=9e4174b2-637d-464e-877b-9bed13b96eaf"
"2026-06-11 18:48:57","2026-06-12 02:48:57","1","__name__=kube_pod_status_ready;condition=true;instance=kube-state-metrics.monitoring.svc.cluster.local:8080;job=kube-state-metrics;namespace=online-boutique;pod=frontend-76c94f7cfb-jkmgk;uid=9e4174b2-637d-464e-877b-9bed13b96eaf"
"2026-06-11 18:49:12","2026-06-12 02:49:12","1","__name__=kube_pod_status_ready;condition=true;instance=kube-state-metrics.monitoring.svc.cluster.local:8080;job=kube-state-metrics;namespace=online-boutique;pod=frontend-76c94f7cfb-jkmgk;uid=9e4174b2-637d-464e-877b-9bed13b96eaf"
"2026-06-11 18:49:27","2026-06-12 02:49:27","1","__name__=kube_pod_status_ready;condition=true;instance=kube-state-metrics.monitoring.svc.cluster.local:8080;job=kube-state-metrics;namespace=online-boutique;pod=frontend-76c94f7cfb-jkmgk;uid=9e4174b2-637d-464e-877b-9bed13b96eaf"
"2026-06-11 18:49:42","2026-06-12 02:49:42","1","__name__=kube_pod_status_ready;condition=true;instance=kube-state-metrics.monitoring.svc.cluster.local:8080;job=kube-state-metrics;namespace=online-boutique;pod=frontend-76c94f7cfb-jkmgk;uid=9e4174b2-637d-464e-877b-9bed13b96eaf"
"2026-06-11 18:49:57","2026-06-12 02:49:57","1","__name__=kube_pod_status_ready;condition=true;instance=kube-state-metrics.monitoring.svc.cluster.local:8080;job=kube-state-metrics;namespace=online-boutique;pod=frontend-76c94f7cfb-jkmgk;uid=9e4174b2-637d-464e-877b-9bed13b96eaf"
"2026-06-11 18:50:12","2026-06-12 02:50:12","1","__name__=kube_pod_status_ready;condition=true;instance=kube-state-metrics.monitoring.svc.cluster.local:8080;job=kube-state-metrics;namespace=online-boutique;pod=frontend-76c94f7cfb-jkmgk;uid=9e4174b2-637d-464e-877b-9bed13b96eaf"
"2026-06-11 18:50:27","2026-06-12 02:50:27","1","__name__=kube_pod_status_ready;condition=true;instance=kube-state-metrics.monitoring.svc.cluster.local:8080;job=kube-state-metrics;namespace=online-boutique;pod=frontend-76c94f7cfb-jkmgk;uid=9e4174b2-637d-464e-877b-9bed13b96eaf"
"2026-06-11 18:50:42","2026-06-12 02:50:42","1","__name__=kube_pod_status_ready;condition=true;instance=kube-state-metrics.monitoring.svc.cluster.local:8080;job=kube-state-metrics;namespace=online-boutique;pod=frontend-76c94f7cfb-jkmgk;uid=9e4174b2-637d-464e-877b-9bed13b96eaf"
"2026-06-11 18:50:57","2026-06-12 02:50:57","1","__name__=kube_pod_status_ready;condition=true;instance=kube-state-metrics.monitoring.svc.cluster.local:8080;job=kube-state-metrics;namespace=online-boutique;pod=frontend-76c94f7cfb-jkmgk;uid=9e4174b2-637d-464e-877b-9bed13b96eaf"
"2026-06-11 18:51:12","2026-06-12 02:51:12","1","__name__=kube_pod_status_ready;condition=true;instance=kube-state-metrics.monitoring.svc.cluster.local:8080;job=kube-state-metrics;namespace=online-boutique;pod=frontend-76c94f7cfb-jkmgk;uid=9e4174b2-637d-464e-877b-9bed13b96eaf"
"2026-06-11 18:51:27","2026-06-12 02:51:27","1","__name__=kube_pod_status_ready;condition=true;instance=kube-state-metrics.monitoring.svc.cluster.local:8080;job=kube-state-metrics;namespace=online-boutique;pod=frontend-76c94f7cfb-jkmgk;uid=9e4174b2-637d-464e-877b-9bed13b96eaf"
"2026-06-11 18:51:42","2026-06-12 02:51:42","1","__name__=kube_pod_status_ready;condition=true;instance=kube-state-metrics.monitoring.svc.cluster.local:8080;job=kube-state-metrics;namespace=online-boutique;pod=frontend-76c94f7cfb-jkmgk;uid=9e4174b2-637d-464e-877b-9bed13b96eaf"
"2026-06-11 18:51:57","2026-06-12 02:51:57","1","__name__=kube_pod_status_ready;condition=true;instance=kube-state-metrics.monitoring.svc.cluster.local:8080;job=kube-state-metrics;namespace=online-boutique;pod=frontend-76c94f7cfb-jkmgk;uid=9e4174b2-637d-464e-877b-9bed13b96eaf"
"2026-06-11 18:52:12","2026-06-12 02:52:12","1","__name__=kube_pod_status_ready;condition=true;instance=kube-state-metrics.monitoring.svc.cluster.local:8080;job=kube-state-metrics;namespace=online-boutique;pod=frontend-76c94f7cfb-jkmgk;uid=9e4174b2-637d-464e-877b-9bed13b96eaf"
"2026-06-11 18:52:27","2026-06-12 02:52:27","1","__name__=kube_pod_status_ready;condition=true;instance=kube-state-metrics.monitoring.svc.cluster.local:8080;job=kube-state-metrics;namespace=online-boutique;pod=frontend-76c94f7cfb-jkmgk;uid=9e4174b2-637d-464e-877b-9bed13b96eaf"
"2026-06-11 18:52:42","2026-06-12 02:52:42","1","__name__=kube_pod_status_ready;condition=true;instance=kube-state-metrics.monitoring.svc.cluster.local:8080;job=kube-state-metrics;namespace=online-boutique;pod=frontend-76c94f7cfb-jkmgk;uid=9e4174b2-637d-464e-877b-9bed13b96eaf"
"2026-06-11 18:52:57","2026-06-12 02:52:57","1","__name__=kube_pod_status_ready;condition=true;instance=kube-state-metrics.monitoring.svc.cluster.local:8080;job=kube-state-metrics;namespace=online-boutique;pod=frontend-76c94f7cfb-jkmgk;uid=9e4174b2-637d-464e-877b-9bed13b96eaf"
"2026-06-11 18:53:12","2026-06-12 02:53:12","1","__name__=kube_pod_status_ready;condition=true;instance=kube-state-metrics.monitoring.svc.cluster.local:8080;job=kube-state-metrics;namespace=online-boutique;pod=frontend-76c94f7cfb-jkmgk;uid=9e4174b2-637d-464e-877b-9bed13b96eaf"
"2026-06-11 18:53:27","2026-06-12 02:53:27","1","__name__=kube_pod_status_ready;condition=true;instance=kube-state-metrics.monitoring.svc.cluster.local:8080;job=kube-state-metrics;namespace=online-boutique;pod=frontend-76c94f7cfb-jkmgk;uid=9e4174b2-637d-464e-877b-9bed13b96eaf"
"2026-06-11 18:53:42","2026-06-12 02:53:42","1","__name__=kube_pod_status_ready;condition=true;instance=kube-state-metrics.monitoring.svc.cluster.local:8080;job=kube-state-metrics;namespace=online-boutique;pod=frontend-76c94f7cfb-jkmgk;uid=9e4174b2-637d-464e-877b-9bed13b96eaf"
"2026-06-11 18:53:57","2026-06-12 02:53:57","1","__name__=kube_pod_status_ready;condition=true;instance=kube-state-metrics.monitoring.svc.cluster.local:8080;job=kube-state-metrics;namespace=online-boutique;pod=frontend-76c94f7cfb-jkmgk;uid=9e4174b2-637d-464e-877b-9bed13b96eaf"
"2026-06-11 18:54:12","2026-06-12 02:54:12","1","__name__=kube_pod_status_ready;condition=true;instance=kube-state-metrics.monitoring.svc.cluster.local:8080;job=kube-state-metrics;namespace=online-boutique;pod=frontend-76c94f7cfb-jkmgk;uid=9e4174b2-637d-464e-877b-9bed13b96eaf"
"2026-06-11 18:54:27","2026-06-12 02:54:27","1","__name__=kube_pod_status_ready;condition=true;instance=kube-state-metrics.monitoring.svc.cluster.local:8080;job=kube-state-metrics;namespace=online-boutique;pod=frontend-76c94f7cfb-jkmgk;uid=9e4174b2-637d-464e-877b-9bed13b96eaf"
"2026-06-11 18:54:42","2026-06-12 02:54:42","1","__name__=kube_pod_status_ready;condition=true;instance=kube-state-metrics.monitoring.svc.cluster.local:8080;job=kube-state-metrics;namespace=online-boutique;pod=frontend-76c94f7cfb-jkmgk;uid=9e4174b2-637d-464e-877b-9bed13b96eaf"
"2026-06-11 18:54:57","2026-06-12 02:54:57","1","__name__=kube_pod_status_ready;condition=true;instance=kube-state-metrics.monitoring.svc.cluster.local:8080;job=kube-state-metrics;namespace=online-boutique;pod=frontend-76c94f7cfb-jkmgk;uid=9e4174b2-637d-464e-877b-9bed13b96eaf"
"2026-06-11 18:55:12","2026-06-12 02:55:12","1","__name__=kube_pod_status_ready;condition=true;instance=kube-state-metrics.monitoring.svc.cluster.local:8080;job=kube-state-metrics;namespace=online-boutique;pod=frontend-76c94f7cfb-jkmgk;uid=9e4174b2-637d-464e-877b-9bed13b96eaf"
"2026-06-11 18:55:27","2026-06-12 02:55:27","1","__name__=kube_pod_status_ready;condition=true;instance=kube-state-metrics.monitoring.svc.cluster.local:8080;job=kube-state-metrics;namespace=online-boutique;pod=frontend-76c94f7cfb-jkmgk;uid=9e4174b2-637d-464e-877b-9bed13b96eaf"
"2026-06-11 18:55:42","2026-06-12 02:55:42","1","__name__=kube_pod_status_ready;condition=true;instance=kube-state-metrics.monitoring.svc.cluster.local:8080;job=kube-state-metrics;namespace=online-boutique;pod=frontend-76c94f7cfb-jkmgk;uid=9e4174b2-637d-464e-877b-9bed13b96eaf"
"2026-06-11 18:55:57","2026-06-12 02:55:57","1","__name__=kube_pod_status_ready;condition=true;instance=kube-state-metrics.monitoring.svc.cluster.local:8080;job=kube-state-metrics;namespace=online-boutique;pod=frontend-76c94f7cfb-jkmgk;uid=9e4174b2-637d-464e-877b-9bed13b96eaf"
"2026-06-11 18:56:12","2026-06-12 02:56:12","1","__name__=kube_pod_status_ready;condition=true;instance=kube-state-metrics.monitoring.svc.cluster.local:8080;job=kube-state-metrics;namespace=online-boutique;pod=frontend-76c94f7cfb-jkmgk;uid=9e4174b2-637d-464e-877b-9bed13b96eaf"
"2026-06-11 18:56:27","2026-06-12 02:56:27","1","__name__=kube_pod_status_ready;condition=true;instance=kube-state-metrics.monitoring.svc.cluster.local:8080;job=kube-state-metrics;namespace=online-boutique;pod=frontend-76c94f7cfb-jkmgk;uid=9e4174b2-637d-464e-877b-9bed13b96eaf"
"2026-06-11 18:56:42","2026-06-12 02:56:42","1","__name__=kube_pod_status_ready;condition=true;instance=kube-state-metrics.monitoring.svc.cluster.local:8080;job=kube-state-metrics;namespace=online-boutique;pod=frontend-76c94f7cfb-jkmgk;uid=9e4174b2-637d-464e-877b-9bed13b96eaf"
"2026-06-11 18:56:57","2026-06-12 02:56:57","1","__name__=kube_pod_status_ready;condition=true;instance=kube-state-metrics.monitoring.svc.cluster.local:8080;job=kube-state-metrics;namespace=online-boutique;pod=frontend-76c94f7cfb-jkmgk;uid=9e4174b2-637d-464e-877b-9bed13b96eaf"
"2026-06-11 18:57:12","2026-06-12 02:57:12","1","__name__=kube_pod_status_ready;condition=true;instance=kube-state-metrics.monitoring.svc.cluster.local:8080;job=kube-state-metrics;namespace=online-boutique;pod=frontend-76c94f7cfb-jkmgk;uid=9e4174b2-637d-464e-877b-9bed13b96eaf"
"2026-06-11 18:57:27","2026-06-12 02:57:27","1","__name__=kube_pod_status_ready;condition=true;instance=kube-state-metrics.monitoring.svc.cluster.local:8080;job=kube-state-metrics;namespace=online-boutique;pod=frontend-76c94f7cfb-jkmgk;uid=9e4174b2-637d-464e-877b-9bed13b96eaf"
"2026-06-11 18:57:42","2026-06-12 02:57:42","1","__name__=kube_pod_status_ready;condition=true;instance=kube-state-metrics.monitoring.svc.cluster.local:8080;job=kube-state-metrics;namespace=online-boutique;pod=frontend-76c94f7cfb-jkmgk;uid=9e4174b2-637d-464e-877b-9bed13b96eaf"
"2026-06-11 18:57:57","2026-06-12 02:57:57","1","__name__=kube_pod_status_ready;condition=true;instance=kube-state-metrics.monitoring.svc.cluster.local:8080;job=kube-state-metrics;namespace=online-boutique;pod=frontend-76c94f7cfb-jkmgk;uid=9e4174b2-637d-464e-877b-9bed13b96eaf"
"2026-06-11 18:58:12","2026-06-12 02:58:12","1","__name__=kube_pod_status_ready;condition=true;instance=kube-state-metrics.monitoring.svc.cluster.local:8080;job=kube-state-metrics;namespace=online-boutique;pod=frontend-76c94f7cfb-jkmgk;uid=9e4174b2-637d-464e-877b-9bed13b96eaf"
"2026-06-11 18:58:27","2026-06-12 02:58:27","1","__name__=kube_pod_status_ready;condition=true;instance=kube-state-metrics.monitoring.svc.cluster.local:8080;job=kube-state-metrics;namespace=online-boutique;pod=frontend-76c94f7cfb-jkmgk;uid=9e4174b2-637d-464e-877b-9bed13b96eaf"
"2026-06-11 18:58:42","2026-06-12 02:58:42","1","__name__=kube_pod_status_ready;condition=true;instance=kube-state-metrics.monitoring.svc.cluster.local:8080;job=kube-state-metrics;namespace=online-boutique;pod=frontend-76c94f7cfb-jkmgk;uid=9e4174b2-637d-464e-877b-9bed13b96eaf"
"2026-06-11 18:58:57","2026-06-12 02:58:57","1","__name__=kube_pod_status_ready;condition=true;instance=kube-state-metrics.monitoring.svc.cluster.local:8080;job=kube-state-metrics;namespace=online-boutique;pod=frontend-76c94f7cfb-jkmgk;uid=9e4174b2-637d-464e-877b-9bed13b96eaf"
"2026-06-11 18:59:12","2026-06-12 02:59:12","1","__name__=kube_pod_status_ready;condition=true;instance=kube-state-metrics.monitoring.svc.cluster.local:8080;job=kube-state-metrics;namespace=online-boutique;pod=frontend-76c94f7cfb-jkmgk;uid=9e4174b2-637d-464e-877b-9bed13b96eaf"
"2026-06-11 18:59:27","2026-06-12 02:59:27","1","__name__=kube_pod_status_ready;condition=true;instance=kube-state-metrics.monitoring.svc.cluster.local:8080;job=kube-state-metrics;namespace=online-boutique;pod=frontend-76c94f7cfb-jkmgk;uid=9e4174b2-637d-464e-877b-9bed13b96eaf"
"2026-06-11 18:59:42","2026-06-12 02:59:42","1","__name__=kube_pod_status_ready;condition=true;instance=kube-state-metrics.monitoring.svc.cluster.local:8080;job=kube-state-metrics;namespace=online-boutique;pod=frontend-76c94f7cfb-jkmgk;uid=9e4174b2-637d-464e-877b-9bed13b96eaf"
"2026-06-11 18:59:57","2026-06-12 02:59:57","1","__name__=kube_pod_status_ready;condition=true;instance=kube-state-metrics.monitoring.svc.cluster.local:8080;job=kube-state-metrics;namespace=online-boutique;pod=frontend-76c94f7cfb-jkmgk;uid=9e4174b2-637d-464e-877b-9bed13b96eaf"
"2026-06-11 19:00:12","2026-06-12 03:00:12","1","__name__=kube_pod_status_ready;condition=true;instance=kube-state-metrics.monitoring.svc.cluster.local:8080;job=kube-state-metrics;namespace=online-boutique;pod=frontend-76c94f7cfb-jkmgk;uid=9e4174b2-637d-464e-877b-9bed13b96eaf"
"2026-06-11 19:00:27","2026-06-12 03:00:27","1","__name__=kube_pod_status_ready;condition=true;instance=kube-state-metrics.monitoring.svc.cluster.local:8080;job=kube-state-metrics;namespace=online-boutique;pod=frontend-76c94f7cfb-jkmgk;uid=9e4174b2-637d-464e-877b-9bed13b96eaf"
"2026-06-11 19:00:42","2026-06-12 03:00:42","1","__name__=kube_pod_status_ready;condition=true;instance=kube-state-metrics.monitoring.svc.cluster.local:8080;job=kube-state-metrics;namespace=online-boutique;pod=frontend-76c94f7cfb-jkmgk;uid=9e4174b2-637d-464e-877b-9bed13b96eaf"
"2026-06-11 19:00:57","2026-06-12 03:00:57","1","__name__=kube_pod_status_ready;condition=true;instance=kube-state-metrics.monitoring.svc.cluster.local:8080;job=kube-state-metrics;namespace=online-boutique;pod=frontend-76c94f7cfb-jkmgk;uid=9e4174b2-637d-464e-877b-9bed13b96eaf"
"2026-06-11 19:01:12","2026-06-12 03:01:12","1","__name__=kube_pod_status_ready;condition=true;instance=kube-state-metrics.monitoring.svc.cluster.local:8080;job=kube-state-metrics;namespace=online-boutique;pod=frontend-76c94f7cfb-jkmgk;uid=9e4174b2-637d-464e-877b-9bed13b96eaf"
"2026-06-11 19:01:27","2026-06-12 03:01:27","1","__name__=kube_pod_status_ready;condition=true;instance=kube-state-metrics.monitoring.svc.cluster.local:8080;job=kube-state-metrics;namespace=online-boutique;pod=frontend-76c94f7cfb-jkmgk;uid=9e4174b2-637d-464e-877b-9bed13b96eaf"
"2026-06-11 19:01:42","2026-06-12 03:01:42","1","__name__=kube_pod_status_ready;condition=true;instance=kube-state-metrics.monitoring.svc.cluster.local:8080;job=kube-state-metrics;namespace=online-boutique;pod=frontend-76c94f7cfb-jkmgk;uid=9e4174b2-637d-464e-877b-9bed13b96eaf"
"2026-06-11 19:01:57","2026-06-12 03:01:57","1","__name__=kube_pod_status_ready;condition=true;instance=kube-state-metrics.monitoring.svc.cluster.local:8080;job=kube-state-metrics;namespace=online-boutique;pod=frontend-76c94f7cfb-jkmgk;uid=9e4174b2-637d-464e-877b-9bed13b96eaf"
"2026-06-11 19:02:12","2026-06-12 03:02:12","1","__name__=kube_pod_status_ready;condition=true;instance=kube-state-metrics.monitoring.svc.cluster.local:8080;job=kube-state-metrics;namespace=online-boutique;pod=frontend-76c94f7cfb-jkmgk;uid=9e4174b2-637d-464e-877b-9bed13b96eaf"
"2026-06-11 19:02:27","2026-06-12 03:02:27","1","__name__=kube_pod_status_ready;condition=true;instance=kube-state-metrics.monitoring.svc.cluster.local:8080;job=kube-state-metrics;namespace=online-boutique;pod=frontend-76c94f7cfb-jkmgk;uid=9e4174b2-637d-464e-877b-9bed13b96eaf"
"2026-06-11 19:02:42","2026-06-12 03:02:42","1","__name__=kube_pod_status_ready;condition=true;instance=kube-state-metrics.monitoring.svc.cluster.local:8080;job=kube-state-metrics;namespace=online-boutique;pod=frontend-76c94f7cfb-jkmgk;uid=9e4174b2-637d-464e-877b-9bed13b96eaf"
"2026-06-11 19:02:57","2026-06-12 03:02:57","1","__name__=kube_pod_status_ready;condition=true;instance=kube-state-metrics.monitoring.svc.cluster.local:8080;job=kube-state-metrics;namespace=online-boutique;pod=frontend-76c94f7cfb-jkmgk;uid=9e4174b2-637d-464e-877b-9bed13b96eaf"
"2026-06-11 19:03:12","2026-06-12 03:03:12","1","__name__=kube_pod_status_ready;condition=true;instance=kube-state-metrics.monitoring.svc.cluster.local:8080;job=kube-state-metrics;namespace=online-boutique;pod=frontend-76c94f7cfb-jkmgk;uid=9e4174b2-637d-464e-877b-9bed13b96eaf"
"2026-06-11 19:03:27","2026-06-12 03:03:27","1","__name__=kube_pod_status_ready;condition=true;instance=kube-state-metrics.monitoring.svc.cluster.local:8080;job=kube-state-metrics;namespace=online-boutique;pod=frontend-76c94f7cfb-jkmgk;uid=9e4174b2-637d-464e-877b-9bed13b96eaf"
"2026-06-11 19:03:42","2026-06-12 03:03:42","1","__name__=kube_pod_status_ready;condition=true;instance=kube-state-metrics.monitoring.svc.cluster.local:8080;job=kube-state-metrics;namespace=online-boutique;pod=frontend-76c94f7cfb-jkmgk;uid=9e4174b2-637d-464e-877b-9bed13b96eaf"
"2026-06-11 19:03:57","2026-06-12 03:03:57","1","__name__=kube_pod_status_ready;condition=true;instance=kube-state-metrics.monitoring.svc.cluster.local:8080;job=kube-state-metrics;namespace=online-boutique;pod=frontend-76c94f7cfb-jkmgk;uid=9e4174b2-637d-464e-877b-9bed13b96eaf"
"2026-06-11 19:04:12","2026-06-12 03:04:12","1","__name__=kube_pod_status_ready;condition=true;instance=kube-state-metrics.monitoring.svc.cluster.local:8080;job=kube-state-metrics;namespace=online-boutique;pod=frontend-76c94f7cfb-jkmgk;uid=9e4174b2-637d-464e-877b-9bed13b96eaf"
"2026-06-11 19:04:27","2026-06-12 03:04:27","1","__name__=kube_pod_status_ready;condition=true;instance=kube-state-metrics.monitoring.svc.cluster.local:8080;job=kube-state-metrics;namespace=online-boutique;pod=frontend-76c94f7cfb-jkmgk;uid=9e4174b2-637d-464e-877b-9bed13b96eaf"
"2026-06-11 19:04:42","2026-06-12 03:04:42","1","__name__=kube_pod_status_ready;condition=true;instance=kube-state-metrics.monitoring.svc.cluster.local:8080;job=kube-state-metrics;namespace=online-boutique;pod=frontend-76c94f7cfb-jkmgk;uid=9e4174b2-637d-464e-877b-9bed13b96eaf"
"2026-06-11 19:04:57","2026-06-12 03:04:57","1","__name__=kube_pod_status_ready;condition=true;instance=kube-state-metrics.monitoring.svc.cluster.local:8080;job=kube-state-metrics;namespace=online-boutique;pod=frontend-76c94f7cfb-jkmgk;uid=9e4174b2-637d-464e-877b-9bed13b96eaf"
"2026-06-11 19:05:12","2026-06-12 03:05:12","1","__name__=kube_pod_status_ready;condition=true;instance=kube-state-metrics.monitoring.svc.cluster.local:8080;job=kube-state-metrics;namespace=online-boutique;pod=frontend-76c94f7cfb-jkmgk;uid=9e4174b2-637d-464e-877b-9bed13b96eaf"
"2026-06-11 19:05:27","2026-06-12 03:05:27","1","__name__=kube_pod_status_ready;condition=true;instance=kube-state-metrics.monitoring.svc.cluster.local:8080;job=kube-state-metrics;namespace=online-boutique;pod=frontend-76c94f7cfb-jkmgk;uid=9e4174b2-637d-464e-877b-9bed13b96eaf"
"2026-06-11 19:05:42","2026-06-12 03:05:42","1","__name__=kube_pod_status_ready;condition=true;instance=kube-state-metrics.monitoring.svc.cluster.local:8080;job=kube-state-metrics;namespace=online-boutique;pod=frontend-76c94f7cfb-jkmgk;uid=9e4174b2-637d-464e-877b-9bed13b96eaf"
"2026-06-11 19:05:57","2026-06-12 03:05:57","1","__name__=kube_pod_status_ready;condition=true;instance=kube-state-metrics.monitoring.svc.cluster.local:8080;job=kube-state-metrics;namespace=online-boutique;pod=frontend-76c94f7cfb-jkmgk;uid=9e4174b2-637d-464e-877b-9bed13b96eaf"
"2026-06-11 19:06:12","2026-06-12 03:06:12","1","__name__=kube_pod_status_ready;condition=true;instance=kube-state-metrics.monitoring.svc.cluster.local:8080;job=kube-state-metrics;namespace=online-boutique;pod=frontend-76c94f7cfb-jkmgk;uid=9e4174b2-637d-464e-877b-9bed13b96eaf"
"2026-06-11 19:06:27","2026-06-12 03:06:27","1","__name__=kube_pod_status_ready;condition=true;instance=kube-state-metrics.monitoring.svc.cluster.local:8080;job=kube-state-metrics;namespace=online-boutique;pod=frontend-76c94f7cfb-jkmgk;uid=9e4174b2-637d-464e-877b-9bed13b96eaf"
"2026-06-11 19:06:42","2026-06-12 03:06:42","1","__name__=kube_pod_status_ready;condition=true;instance=kube-state-metrics.monitoring.svc.cluster.local:8080;job=kube-state-metrics;namespace=online-boutique;pod=frontend-76c94f7cfb-jkmgk;uid=9e4174b2-637d-464e-877b-9bed13b96eaf"
"2026-06-11 19:06:57","2026-06-12 03:06:57","1","__name__=kube_pod_status_ready;condition=true;instance=kube-state-metrics.monitoring.svc.cluster.local:8080;job=kube-state-metrics;namespace=online-boutique;pod=frontend-76c94f7cfb-jkmgk;uid=9e4174b2-637d-464e-877b-9bed13b96eaf"
"2026-06-11 19:07:12","2026-06-12 03:07:12","1","__name__=kube_pod_status_ready;condition=true;instance=kube-state-metrics.monitoring.svc.cluster.local:8080;job=kube-state-metrics;namespace=online-boutique;pod=frontend-76c94f7cfb-jkmgk;uid=9e4174b2-637d-464e-877b-9bed13b96eaf"
"2026-06-11 19:07:27","2026-06-12 03:07:27","1","__name__=kube_pod_status_ready;condition=true;instance=kube-state-metrics.monitoring.svc.cluster.local:8080;job=kube-state-metrics;namespace=online-boutique;pod=frontend-76c94f7cfb-jkmgk;uid=9e4174b2-637d-464e-877b-9bed13b96eaf"
"2026-06-11 19:07:42","2026-06-12 03:07:42","1","__name__=kube_pod_status_ready;condition=true;instance=kube-state-metrics.monitoring.svc.cluster.local:8080;job=kube-state-metrics;namespace=online-boutique;pod=frontend-76c94f7cfb-jkmgk;uid=9e4174b2-637d-464e-877b-9bed13b96eaf"
"2026-06-11 19:07:57","2026-06-12 03:07:57","1","__name__=kube_pod_status_ready;condition=true;instance=kube-state-metrics.monitoring.svc.cluster.local:8080;job=kube-state-metrics;namespace=online-boutique;pod=frontend-76c94f7cfb-jkmgk;uid=9e4174b2-637d-464e-877b-9bed13b96eaf"
"2026-06-11 19:08:12","2026-06-12 03:08:12","1","__name__=kube_pod_status_ready;condition=true;instance=kube-state-metrics.monitoring.svc.cluster.local:8080;job=kube-state-metrics;namespace=online-boutique;pod=frontend-76c94f7cfb-jkmgk;uid=9e4174b2-637d-464e-877b-9bed13b96eaf"
"2026-06-11 19:08:27","2026-06-12 03:08:27","1","__name__=kube_pod_status_ready;condition=true;instance=kube-state-metrics.monitoring.svc.cluster.local:8080;job=kube-state-metrics;namespace=online-boutique;pod=frontend-76c94f7cfb-jkmgk;uid=9e4174b2-637d-464e-877b-9bed13b96eaf"
"2026-06-11 19:08:42","2026-06-12 03:08:42","1","__name__=kube_pod_status_ready;condition=true;instance=kube-state-metrics.monitoring.svc.cluster.local:8080;job=kube-state-metrics;namespace=online-boutique;pod=frontend-76c94f7cfb-jkmgk;uid=9e4174b2-637d-464e-877b-9bed13b96eaf"
"2026-06-11 19:08:57","2026-06-12 03:08:57","1","__name__=kube_pod_status_ready;condition=true;instance=kube-state-metrics.monitoring.svc.cluster.local:8080;job=kube-state-metrics;namespace=online-boutique;pod=frontend-76c94f7cfb-jkmgk;uid=9e4174b2-637d-464e-877b-9bed13b96eaf"
"2026-06-11 19:09:12","2026-06-12 03:09:12","1","__name__=kube_pod_status_ready;condition=true;instance=kube-state-metrics.monitoring.svc.cluster.local:8080;job=kube-state-metrics;namespace=online-boutique;pod=frontend-76c94f7cfb-jkmgk;uid=9e4174b2-637d-464e-877b-9bed13b96eaf"
"2026-06-11 19:09:27","2026-06-12 03:09:27","1","__name__=kube_pod_status_ready;condition=true;instance=kube-state-metrics.monitoring.svc.cluster.local:8080;job=kube-state-metrics;namespace=online-boutique;pod=frontend-76c94f7cfb-jkmgk;uid=9e4174b2-637d-464e-877b-9bed13b96eaf"
"2026-06-11 19:09:42","2026-06-12 03:09:42","1","__name__=kube_pod_status_ready;condition=true;instance=kube-state-metrics.monitoring.svc.cluster.local:8080;job=kube-state-metrics;namespace=online-boutique;pod=frontend-76c94f7cfb-jkmgk;uid=9e4174b2-637d-464e-877b-9bed13b96eaf"
"2026-06-11 19:09:57","2026-06-12 03:09:57","1","__name__=kube_pod_status_ready;condition=true;instance=kube-state-metrics.monitoring.svc.cluster.local:8080;job=kube-state-metrics;namespace=online-boutique;pod=frontend-76c94f7cfb-jkmgk;uid=9e4174b2-637d-464e-877b-9bed13b96eaf"
"2026-06-11 19:10:12","2026-06-12 03:10:12","1","__name__=kube_pod_status_ready;condition=true;instance=kube-state-metrics.monitoring.svc.cluster.local:8080;job=kube-state-metrics;namespace=online-boutique;pod=frontend-76c94f7cfb-jkmgk;uid=9e4174b2-637d-464e-877b-9bed13b96eaf"
"2026-06-11 19:10:27","2026-06-12 03:10:27","1","__name__=kube_pod_status_ready;condition=true;instance=kube-state-metrics.monitoring.svc.cluster.local:8080;job=kube-state-metrics;namespace=online-boutique;pod=frontend-76c94f7cfb-jkmgk;uid=9e4174b2-637d-464e-877b-9bed13b96eaf"
"2026-06-11 19:10:42","2026-06-12 03:10:42","1","__name__=kube_pod_status_ready;condition=true;instance=kube-state-metrics.monitoring.svc.cluster.local:8080;job=kube-state-metrics;namespace=online-boutique;pod=frontend-76c94f7cfb-jkmgk;uid=9e4174b2-637d-464e-877b-9bed13b96eaf"
"2026-06-11 19:10:57","2026-06-12 03:10:57","1","__name__=kube_pod_status_ready;condition=true;instance=kube-state-metrics.monitoring.svc.cluster.local:8080;job=kube-state-metrics;namespace=online-boutique;pod=frontend-76c94f7cfb-jkmgk;uid=9e4174b2-637d-464e-877b-9bed13b96eaf"
"2026-06-11 19:11:12","2026-06-12 03:11:12","1","__name__=kube_pod_status_ready;condition=true;instance=kube-state-metrics.monitoring.svc.cluster.local:8080;job=kube-state-metrics;namespace=online-boutique;pod=frontend-76c94f7cfb-jkmgk;uid=9e4174b2-637d-464e-877b-9bed13b96eaf"
"2026-06-11 19:11:27","2026-06-12 03:11:27","1","__name__=kube_pod_status_ready;condition=true;instance=kube-state-metrics.monitoring.svc.cluster.local:8080;job=kube-state-metrics;namespace=online-boutique;pod=frontend-76c94f7cfb-jkmgk;uid=9e4174b2-637d-464e-877b-9bed13b96eaf"
"2026-06-11 19:11:42","2026-06-12 03:11:42","1","__name__=kube_pod_status_ready;condition=true;instance=kube-state-metrics.monitoring.svc.cluster.local:8080;job=kube-state-metrics;namespace=online-boutique;pod=frontend-76c94f7cfb-jkmgk;uid=9e4174b2-637d-464e-877b-9bed13b96eaf"
"2026-06-11 19:11:57","2026-06-12 03:11:57","1","__name__=kube_pod_status_ready;condition=true;instance=kube-state-metrics.monitoring.svc.cluster.local:8080;job=kube-state-metrics;namespace=online-boutique;pod=frontend-76c94f7cfb-jkmgk;uid=9e4174b2-637d-464e-877b-9bed13b96eaf"
"2026-06-11 19:12:12","2026-06-12 03:12:12","1","__name__=kube_pod_status_ready;condition=true;instance=kube-state-metrics.monitoring.svc.cluster.local:8080;job=kube-state-metrics;namespace=online-boutique;pod=frontend-76c94f7cfb-jkmgk;uid=9e4174b2-637d-464e-877b-9bed13b96eaf"
"2026-06-11 19:12:27","2026-06-12 03:12:27","1","__name__=kube_pod_status_ready;condition=true;instance=kube-state-metrics.monitoring.svc.cluster.local:8080;job=kube-state-metrics;namespace=online-boutique;pod=frontend-76c94f7cfb-jkmgk;uid=9e4174b2-637d-464e-877b-9bed13b96eaf"
"2026-06-11 19:12:42","2026-06-12 03:12:42","1","__name__=kube_pod_status_ready;condition=true;instance=kube-state-metrics.monitoring.svc.cluster.local:8080;job=kube-state-metrics;namespace=online-boutique;pod=frontend-76c94f7cfb-jkmgk;uid=9e4174b2-637d-464e-877b-9bed13b96eaf"
"2026-06-11 19:12:57","2026-06-12 03:12:57","1","__name__=kube_pod_status_ready;condition=true;instance=kube-state-metrics.monitoring.svc.cluster.local:8080;job=kube-state-metrics;namespace=online-boutique;pod=frontend-76c94f7cfb-jkmgk;uid=9e4174b2-637d-464e-877b-9bed13b96eaf"
"2026-06-11 19:13:12","2026-06-12 03:13:12","1","__name__=kube_pod_status_ready;condition=true;instance=kube-state-metrics.monitoring.svc.cluster.local:8080;job=kube-state-metrics;namespace=online-boutique;pod=frontend-76c94f7cfb-jkmgk;uid=9e4174b2-637d-464e-877b-9bed13b96eaf"
"2026-06-11 19:13:27","2026-06-12 03:13:27","1","__name__=kube_pod_status_ready;condition=true;instance=kube-state-metrics.monitoring.svc.cluster.local:8080;job=kube-state-metrics;namespace=online-boutique;pod=frontend-76c94f7cfb-jkmgk;uid=9e4174b2-637d-464e-877b-9bed13b96eaf"
"2026-06-11 19:13:42","2026-06-12 03:13:42","1","__name__=kube_pod_status_ready;condition=true;instance=kube-state-metrics.monitoring.svc.cluster.local:8080;job=kube-state-metrics;namespace=online-boutique;pod=frontend-76c94f7cfb-jkmgk;uid=9e4174b2-637d-464e-877b-9bed13b96eaf"
"2026-06-11 19:13:57","2026-06-12 03:13:57","1","__name__=kube_pod_status_ready;condition=true;instance=kube-state-metrics.monitoring.svc.cluster.local:8080;job=kube-state-metrics;namespace=online-boutique;pod=frontend-76c94f7cfb-jkmgk;uid=9e4174b2-637d-464e-877b-9bed13b96eaf"
"2026-06-11 19:14:12","2026-06-12 03:14:12","1","__name__=kube_pod_status_ready;condition=true;instance=kube-state-metrics.monitoring.svc.cluster.local:8080;job=kube-state-metrics;namespace=online-boutique;pod=frontend-76c94f7cfb-jkmgk;uid=9e4174b2-637d-464e-877b-9bed13b96eaf"
"2026-06-11 19:14:27","2026-06-12 03:14:27","1","__name__=kube_pod_status_ready;condition=true;instance=kube-state-metrics.monitoring.svc.cluster.local:8080;job=kube-state-metrics;namespace=online-boutique;pod=frontend-76c94f7cfb-jkmgk;uid=9e4174b2-637d-464e-877b-9bed13b96eaf"
"2026-06-11 19:14:42","2026-06-12 03:14:42","1","__name__=kube_pod_status_ready;condition=true;instance=kube-state-metrics.monitoring.svc.cluster.local:8080;job=kube-state-metrics;namespace=online-boutique;pod=frontend-76c94f7cfb-jkmgk;uid=9e4174b2-637d-464e-877b-9bed13b96eaf"
"2026-06-11 19:14:57","2026-06-12 03:14:57","1","__name__=kube_pod_status_ready;condition=true;instance=kube-state-metrics.monitoring.svc.cluster.local:8080;job=kube-state-metrics;namespace=online-boutique;pod=frontend-76c94f7cfb-jkmgk;uid=9e4174b2-637d-464e-877b-9bed13b96eaf"
"2026-06-11 19:15:12","2026-06-12 03:15:12","1","__name__=kube_pod_status_ready;condition=true;instance=kube-state-metrics.monitoring.svc.cluster.local:8080;job=kube-state-metrics;namespace=online-boutique;pod=frontend-76c94f7cfb-jkmgk;uid=9e4174b2-637d-464e-877b-9bed13b96eaf"
"2026-06-11 19:15:27","2026-06-12 03:15:27","1","__name__=kube_pod_status_ready;condition=true;instance=kube-state-metrics.monitoring.svc.cluster.local:8080;job=kube-state-metrics;namespace=online-boutique;pod=frontend-76c94f7cfb-jkmgk;uid=9e4174b2-637d-464e-877b-9bed13b96eaf"
"2026-06-11 19:15:42","2026-06-12 03:15:42","1","__name__=kube_pod_status_ready;condition=true;instance=kube-state-metrics.monitoring.svc.cluster.local:8080;job=kube-state-metrics;namespace=online-boutique;pod=frontend-76c94f7cfb-jkmgk;uid=9e4174b2-637d-464e-877b-9bed13b96eaf"
"2026-06-11 19:15:57","2026-06-12 03:15:57","1","__name__=kube_pod_status_ready;condition=true;instance=kube-state-metrics.monitoring.svc.cluster.local:8080;job=kube-state-metrics;namespace=online-boutique;pod=frontend-76c94f7cfb-jkmgk;uid=9e4174b2-637d-464e-877b-9bed13b96eaf"
"2026-06-11 19:16:12","2026-06-12 03:16:12","1","__name__=kube_pod_status_ready;condition=true;instance=kube-state-metrics.monitoring.svc.cluster.local:8080;job=kube-state-metrics;namespace=online-boutique;pod=frontend-76c94f7cfb-jkmgk;uid=9e4174b2-637d-464e-877b-9bed13b96eaf"
"2026-06-11 19:16:27","2026-06-12 03:16:27","1","__name__=kube_pod_status_ready;condition=true;instance=kube-state-metrics.monitoring.svc.cluster.local:8080;job=kube-state-metrics;namespace=online-boutique;pod=frontend-76c94f7cfb-jkmgk;uid=9e4174b2-637d-464e-877b-9bed13b96eaf"
"2026-06-11 19:16:42","2026-06-12 03:16:42","1","__name__=kube_pod_status_ready;condition=true;instance=kube-state-metrics.monitoring.svc.cluster.local:8080;job=kube-state-metrics;namespace=online-boutique;pod=frontend-76c94f7cfb-jkmgk;uid=9e4174b2-637d-464e-877b-9bed13b96eaf"
"2026-06-11 19:16:57","2026-06-12 03:16:57","1","__name__=kube_pod_status_ready;condition=true;instance=kube-state-metrics.monitoring.svc.cluster.local:8080;job=kube-state-metrics;namespace=online-boutique;pod=frontend-76c94f7cfb-jkmgk;uid=9e4174b2-637d-464e-877b-9bed13b96eaf"
"2026-06-11 19:17:12","2026-06-12 03:17:12","1","__name__=kube_pod_status_ready;condition=true;instance=kube-state-metrics.monitoring.svc.cluster.local:8080;job=kube-state-metrics;namespace=online-boutique;pod=frontend-76c94f7cfb-jkmgk;uid=9e4174b2-637d-464e-877b-9bed13b96eaf"
"2026-06-11 19:17:27","2026-06-12 03:17:27","1","__name__=kube_pod_status_ready;condition=true;instance=kube-state-metrics.monitoring.svc.cluster.local:8080;job=kube-state-metrics;namespace=online-boutique;pod=frontend-76c94f7cfb-jkmgk;uid=9e4174b2-637d-464e-877b-9bed13b96eaf"
"2026-06-11 19:17:42","2026-06-12 03:17:42","1","__name__=kube_pod_status_ready;condition=true;instance=kube-state-metrics.monitoring.svc.cluster.local:8080;job=kube-state-metrics;namespace=online-boutique;pod=frontend-76c94f7cfb-jkmgk;uid=9e4174b2-637d-464e-877b-9bed13b96eaf"
"2026-06-11 19:17:57","2026-06-12 03:17:57","1","__name__=kube_pod_status_ready;condition=true;instance=kube-state-metrics.monitoring.svc.cluster.local:8080;job=kube-state-metrics;namespace=online-boutique;pod=frontend-76c94f7cfb-jkmgk;uid=9e4174b2-637d-464e-877b-9bed13b96eaf"
"2026-06-11 19:18:12","2026-06-12 03:18:12","1","__name__=kube_pod_status_ready;condition=true;instance=kube-state-metrics.monitoring.svc.cluster.local:8080;job=kube-state-metrics;namespace=online-boutique;pod=frontend-76c94f7cfb-jkmgk;uid=9e4174b2-637d-464e-877b-9bed13b96eaf"
"2026-06-11 19:18:27","2026-06-12 03:18:27","1","__name__=kube_pod_status_ready;condition=true;instance=kube-state-metrics.monitoring.svc.cluster.local:8080;job=kube-state-metrics;namespace=online-boutique;pod=frontend-76c94f7cfb-jkmgk;uid=9e4174b2-637d-464e-877b-9bed13b96eaf"
"2026-06-11 19:18:42","2026-06-12 03:18:42","1","__name__=kube_pod_status_ready;condition=true;instance=kube-state-metrics.monitoring.svc.cluster.local:8080;job=kube-state-metrics;namespace=online-boutique;pod=frontend-76c94f7cfb-jkmgk;uid=9e4174b2-637d-464e-877b-9bed13b96eaf"
"2026-06-11 19:18:57","2026-06-12 03:18:57","1","__name__=kube_pod_status_ready;condition=true;instance=kube-state-metrics.monitoring.svc.cluster.local:8080;job=kube-state-metrics;namespace=online-boutique;pod=frontend-76c94f7cfb-jkmgk;uid=9e4174b2-637d-464e-877b-9bed13b96eaf"
"2026-06-11 19:19:12","2026-06-12 03:19:12","1","__name__=kube_pod_status_ready;condition=true;instance=kube-state-metrics.monitoring.svc.cluster.local:8080;job=kube-state-metrics;namespace=online-boutique;pod=frontend-76c94f7cfb-jkmgk;uid=9e4174b2-637d-464e-877b-9bed13b96eaf"
"2026-06-11 19:19:27","2026-06-12 03:19:27","1","__name__=kube_pod_status_ready;condition=true;instance=kube-state-metrics.monitoring.svc.cluster.local:8080;job=kube-state-metrics;namespace=online-boutique;pod=frontend-76c94f7cfb-jkmgk;uid=9e4174b2-637d-464e-877b-9bed13b96eaf"
"2026-06-11 19:19:42","2026-06-12 03:19:42","1","__name__=kube_pod_status_ready;condition=true;instance=kube-state-metrics.monitoring.svc.cluster.local:8080;job=kube-state-metrics;namespace=online-boutique;pod=frontend-76c94f7cfb-jkmgk;uid=9e4174b2-637d-464e-877b-9bed13b96eaf"
"2026-06-11 19:19:57","2026-06-12 03:19:57","1","__name__=kube_pod_status_ready;condition=true;instance=kube-state-metrics.monitoring.svc.cluster.local:8080;job=kube-state-metrics;namespace=online-boutique;pod=frontend-76c94f7cfb-jkmgk;uid=9e4174b2-637d-464e-877b-9bed13b96eaf"
"2026-06-11 19:20:12","2026-06-12 03:20:12","1","__name__=kube_pod_status_ready;condition=true;instance=kube-state-metrics.monitoring.svc.cluster.local:8080;job=kube-state-metrics;namespace=online-boutique;pod=frontend-76c94f7cfb-jkmgk;uid=9e4174b2-637d-464e-877b-9bed13b96eaf"
"2026-06-11 19:20:27","2026-06-12 03:20:27","1","__name__=kube_pod_status_ready;condition=true;instance=kube-state-metrics.monitoring.svc.cluster.local:8080;job=kube-state-metrics;namespace=online-boutique;pod=frontend-76c94f7cfb-jkmgk;uid=9e4174b2-637d-464e-877b-9bed13b96eaf"
"2026-06-11 19:20:42","2026-06-12 03:20:42","1","__name__=kube_pod_status_ready;condition=true;instance=kube-state-metrics.monitoring.svc.cluster.local:8080;job=kube-state-metrics;namespace=online-boutique;pod=frontend-76c94f7cfb-jkmgk;uid=9e4174b2-637d-464e-877b-9bed13b96eaf"
"2026-06-11 19:20:57","2026-06-12 03:20:57","1","__name__=kube_pod_status_ready;condition=true;instance=kube-state-metrics.monitoring.svc.cluster.local:8080;job=kube-state-metrics;namespace=online-boutique;pod=frontend-76c94f7cfb-jkmgk;uid=9e4174b2-637d-464e-877b-9bed13b96eaf"
"2026-06-11 19:21:12","2026-06-12 03:21:12","1","__name__=kube_pod_status_ready;condition=true;instance=kube-state-metrics.monitoring.svc.cluster.local:8080;job=kube-state-metrics;namespace=online-boutique;pod=frontend-76c94f7cfb-jkmgk;uid=9e4174b2-637d-464e-877b-9bed13b96eaf"
"2026-06-11 19:21:27","2026-06-12 03:21:27","1","__name__=kube_pod_status_ready;condition=true;instance=kube-state-metrics.monitoring.svc.cluster.local:8080;job=kube-state-metrics;namespace=online-boutique;pod=frontend-76c94f7cfb-jkmgk;uid=9e4174b2-637d-464e-877b-9bed13b96eaf"
"2026-06-11 19:21:42","2026-06-12 03:21:42","1","__name__=kube_pod_status_ready;condition=true;instance=kube-state-metrics.monitoring.svc.cluster.local:8080;job=kube-state-metrics;namespace=online-boutique;pod=frontend-76c94f7cfb-jkmgk;uid=9e4174b2-637d-464e-877b-9bed13b96eaf"
"2026-06-11 19:21:57","2026-06-12 03:21:57","1","__name__=kube_pod_status_ready;condition=true;instance=kube-state-metrics.monitoring.svc.cluster.local:8080;job=kube-state-metrics;namespace=online-boutique;pod=frontend-76c94f7cfb-jkmgk;uid=9e4174b2-637d-464e-877b-9bed13b96eaf"
"2026-06-11 19:22:12","2026-06-12 03:22:12","1","__name__=kube_pod_status_ready;condition=true;instance=kube-state-metrics.monitoring.svc.cluster.local:8080;job=kube-state-metrics;namespace=online-boutique;pod=frontend-76c94f7cfb-jkmgk;uid=9e4174b2-637d-464e-877b-9bed13b96eaf"
"2026-06-11 19:22:27","2026-06-12 03:22:27","1","__name__=kube_pod_status_ready;condition=true;instance=kube-state-metrics.monitoring.svc.cluster.local:8080;job=kube-state-metrics;namespace=online-boutique;pod=frontend-76c94f7cfb-jkmgk;uid=9e4174b2-637d-464e-877b-9bed13b96eaf"
"2026-06-11 19:22:42","2026-06-12 03:22:42","1","__name__=kube_pod_status_ready;condition=true;instance=kube-state-metrics.monitoring.svc.cluster.local:8080;job=kube-state-metrics;namespace=online-boutique;pod=frontend-76c94f7cfb-jkmgk;uid=9e4174b2-637d-464e-877b-9bed13b96eaf"
"2026-06-11 19:22:57","2026-06-12 03:22:57","1","__name__=kube_pod_status_ready;condition=true;instance=kube-state-metrics.monitoring.svc.cluster.local:8080;job=kube-state-metrics;namespace=online-boutique;pod=frontend-76c94f7cfb-jkmgk;uid=9e4174b2-637d-464e-877b-9bed13b96eaf"
"2026-06-11 19:23:12","2026-06-12 03:23:12","1","__name__=kube_pod_status_ready;condition=true;instance=kube-state-metrics.monitoring.svc.cluster.local:8080;job=kube-state-metrics;namespace=online-boutique;pod=frontend-76c94f7cfb-jkmgk;uid=9e4174b2-637d-464e-877b-9bed13b96eaf"
"2026-06-11 19:23:27","2026-06-12 03:23:27","1","__name__=kube_pod_status_ready;condition=true;instance=kube-state-metrics.monitoring.svc.cluster.local:8080;job=kube-state-metrics;namespace=online-boutique;pod=frontend-76c94f7cfb-jkmgk;uid=9e4174b2-637d-464e-877b-9bed13b96eaf"
"2026-06-11 19:23:42","2026-06-12 03:23:42","1","__name__=kube_pod_status_ready;condition=true;instance=kube-state-metrics.monitoring.svc.cluster.local:8080;job=kube-state-metrics;namespace=online-boutique;pod=frontend-76c94f7cfb-jkmgk;uid=9e4174b2-637d-464e-877b-9bed13b96eaf"
"2026-06-11 19:23:57","2026-06-12 03:23:57","1","__name__=kube_pod_status_ready;condition=true;instance=kube-state-metrics.monitoring.svc.cluster.local:8080;job=kube-state-metrics;namespace=online-boutique;pod=frontend-76c94f7cfb-jkmgk;uid=9e4174b2-637d-464e-877b-9bed13b96eaf"
"2026-06-11 19:24:12","2026-06-12 03:24:12","1","__name__=kube_pod_status_ready;condition=true;instance=kube-state-metrics.monitoring.svc.cluster.local:8080;job=kube-state-metrics;namespace=online-boutique;pod=frontend-76c94f7cfb-jkmgk;uid=9e4174b2-637d-464e-877b-9bed13b96eaf"
"2026-06-11 19:24:27","2026-06-12 03:24:27","1","__name__=kube_pod_status_ready;condition=true;instance=kube-state-metrics.monitoring.svc.cluster.local:8080;job=kube-state-metrics;namespace=online-boutique;pod=frontend-76c94f7cfb-jkmgk;uid=9e4174b2-637d-464e-877b-9bed13b96eaf"
"2026-06-11 19:24:42","2026-06-12 03:24:42","1","__name__=kube_pod_status_ready;condition=true;instance=kube-state-metrics.monitoring.svc.cluster.local:8080;job=kube-state-metrics;namespace=online-boutique;pod=frontend-76c94f7cfb-jkmgk;uid=9e4174b2-637d-464e-877b-9bed13b96eaf"
"2026-06-11 19:24:57","2026-06-12 03:24:57","1","__name__=kube_pod_status_ready;condition=true;instance=kube-state-metrics.monitoring.svc.cluster.local:8080;job=kube-state-metrics;namespace=online-boutique;pod=frontend-76c94f7cfb-jkmgk;uid=9e4174b2-637d-464e-877b-9bed13b96eaf"
"2026-06-11 19:25:12","2026-06-12 03:25:12","1","__name__=kube_pod_status_ready;condition=true;instance=kube-state-metrics.monitoring.svc.cluster.local:8080;job=kube-state-metrics;namespace=online-boutique;pod=frontend-76c94f7cfb-jkmgk;uid=9e4174b2-637d-464e-877b-9bed13b96eaf"
"2026-06-11 19:25:27","2026-06-12 03:25:27","1","__name__=kube_pod_status_ready;condition=true;instance=kube-state-metrics.monitoring.svc.cluster.local:8080;job=kube-state-metrics;namespace=online-boutique;pod=frontend-76c94f7cfb-jkmgk;uid=9e4174b2-637d-464e-877b-9bed13b96eaf"
"2026-06-11 19:25:42","2026-06-12 03:25:42","1","__name__=kube_pod_status_ready;condition=true;instance=kube-state-metrics.monitoring.svc.cluster.local:8080;job=kube-state-metrics;namespace=online-boutique;pod=frontend-76c94f7cfb-jkmgk;uid=9e4174b2-637d-464e-877b-9bed13b96eaf"
"2026-06-11 19:25:57","2026-06-12 03:25:57","1","__name__=kube_pod_status_ready;condition=true;instance=kube-state-metrics.monitoring.svc.cluster.local:8080;job=kube-state-metrics;namespace=online-boutique;pod=frontend-76c94f7cfb-jkmgk;uid=9e4174b2-637d-464e-877b-9bed13b96eaf"
"2026-06-11 19:26:12","2026-06-12 03:26:12","1","__name__=kube_pod_status_ready;condition=true;instance=kube-state-metrics.monitoring.svc.cluster.local:8080;job=kube-state-metrics;namespace=online-boutique;pod=frontend-76c94f7cfb-jkmgk;uid=9e4174b2-637d-464e-877b-9bed13b96eaf"
"2026-06-11 19:26:27","2026-06-12 03:26:27","1","__name__=kube_pod_status_ready;condition=true;instance=kube-state-metrics.monitoring.svc.cluster.local:8080;job=kube-state-metrics;namespace=online-boutique;pod=frontend-76c94f7cfb-jkmgk;uid=9e4174b2-637d-464e-877b-9bed13b96eaf"
"2026-06-11 19:26:42","2026-06-12 03:26:42","1","__name__=kube_pod_status_ready;condition=true;instance=kube-state-metrics.monitoring.svc.cluster.local:8080;job=kube-state-metrics;namespace=online-boutique;pod=frontend-76c94f7cfb-jkmgk;uid=9e4174b2-637d-464e-877b-9bed13b96eaf"
"2026-06-11 19:26:57","2026-06-12 03:26:57","1","__name__=kube_pod_status_ready;condition=true;instance=kube-state-metrics.monitoring.svc.cluster.local:8080;job=kube-state-metrics;namespace=online-boutique;pod=frontend-76c94f7cfb-jkmgk;uid=9e4174b2-637d-464e-877b-9bed13b96eaf"
